Date,Time,Time Zone,Category,Item,Qty,Price Point Name,Modifiers Applied,Gross Sales,Discounts,Net Sales,Tax,Transaction ID,Device Name,Notes,Event Type,Dining Option,Customer ID,Customer Name
2026-05-28,12:30:00,Europe/London,Mains,Burger,1,Regular,,16.50,0.00,16.50,2.75,T12013861,Bar iPad,,Payment,Eat in,,
2026-05-28,12:30:00,Europe/London,Mains,Fish & Chips,2,Regular,,35.00,0.00,35.00,5.83,T12013861,Bar iPad,,Payment,Eat in,,
2026-05-28,12:30:00,Europe/London,Starters,Salt & Pepper Squid,1,Regular,,9.50,0.00,9.50,1.58,T12013861,Bar iPad,,Payment,Eat in,,
2026-05-28,12:30:00,Europe/London,Mains,Chicken Supreme,1,Regular,,19.00,0.00,19.00,3.17,T12013861,Bar iPad,,Payment,Eat in,,
2026-05-28,12:30:00,Europe/London,Sides,Fries,1,Regular,,4.50,0.00,4.50,0.75,T12013861,Bar iPad,,Payment,Eat in,,
2026-05-28,12:30:00,Europe/London,Starters,Soup of the Day,1,Regular,,7.00,0.00,7.00,1.17,T12013861,Bar iPad,,Payment,Eat in,,
2026-05-28,12:30:00,Europe/London,Set Menu,Set Lunch - 2 Courses,1,Regular,"Mackerel Pate, Mushroom Risotto",20.00,0.00,20.00,3.33,T12013861,Bar iPad,,Payment,Eat in,,
2026-05-28,12:30:00,Europe/London,Drinks,Lager Pint,3,Regular,,18.60,0.00,18.60,3.10,T12013861,Bar iPad,,Payment,Eat in,,
2026-05-28,12:30:00,Europe/London,Drinks,House White 175ml,2,Regular,,14.00,0.00,14.00,2.33,T12013861,Bar iPad,,Payment,Eat in,,
2026-05-28,12:30:00,Europe/London,Drinks,House Red 175ml,2,Regular,,14.00,0.00,14.00,2.33,T12013861,Bar iPad,,Payment,Eat in,,
2026-05-28,12:30:00,Europe/London,Drinks,Coke,1,Regular,,3.00,0.00,3.00,0.50,T12013861,Bar iPad,,Payment,Eat in,,
2026-05-28,12:30:00,Europe/London,Drinks,Sparkling Water 750ml,1,Regular,,4.00,0.00,4.00,0.67,T12013861,Bar iPad,,Payment,Takeaway,,
2026-05-28,12:30:00,Europe/London,Drinks,Espresso,1,Regular,,2.80,0.00,2.80,0.47,T12013861,Bar iPad,,Payment,Takeaway,,
2026-05-28,16:30:00,Europe/London,Other,Staff Meal,1,Regular,Risotto,10.00,-10.00,0.00,0.00,T20764659,Counter iPad,,Payment,Eat in,,
2026-05-28,12:44:00,Europe/London,Mains,Fish & Chips,1,Regular,,17.50,0.00,17.50,2.92,T54533709,Counter iPad,,Payment,Eat in,,
2026-05-28,12:44:00,Europe/London,Drinks,Lager Pint,1,Regular,,6.20,0.00,6.20,1.03,T54533709,Counter iPad,,Payment,Takeaway,,
2026-05-28,12:44:00,Europe/London,Drinks,House White 175ml,1,Regular,,7.00,0.00,7.00,1.17,T54533709,Counter iPad,,Payment,Eat in,,
2026-05-28,12:44:00,Europe/London,Drinks,Coke,1,Regular,,3.00,0.00,3.00,0.50,T54533709,Counter iPad,,Payment,Eat in,,
2026-05-28,12:44:00,Europe/London,Drinks,Sparkling Water 750ml,1,Regular,,4.00,0.00,4.00,0.67,T54533709,Counter iPad,,Payment,Eat in,,
2026-05-28,13:57:00,Europe/London,Starters,Salt & Pepper Squid,1,Regular,,9.50,0.00,9.50,1.58,T85164091,Counter iPad,,Payment,Eat in,,
2026-05-28,13:57:00,Europe/London,Mains,Steak Frites,1,Regular,,24.00,0.00,24.00,4.00,T85164091,Counter iPad,,Payment,Eat in,,
2026-05-28,13:57:00,Europe/London,Desserts,Sticky Toffee Pudding,1,Regular,,8.00,0.00,8.00,1.33,T85164091,Counter iPad,,Payment,Takeaway,,
2026-05-28,13:57:00,Europe/London,Mains,SPECIAL - Crab Linguine,1,Regular,,18.00,0.00,18.00,3.00,T85164091,Counter iPad,,Payment,Eat in,,
2026-05-28,13:57:00,Europe/London,Sides,House Salad,1,Regular,,4.50,0.00,4.50,0.75,T85164091,Counter iPad,,Payment,Eat in,,
2026-05-28,13:57:00,Europe/London,Desserts,Crème Brûlée,1,Regular,,7.50,0.00,7.50,1.25,T85164091,Counter iPad,,Payment,Eat in,,
2026-05-28,13:57:00,Europe/London,Drinks,House Red 175ml,1,Regular,,7.00,0.00,7.00,1.17,T85164091,Counter iPad,,Payment,Eat in,,
2026-05-28,13:57:00,Europe/London,Drinks,Coke,1,Regular,,3.00,0.00,3.00,0.50,T85164091,Counter iPad,,Payment,Eat in,,
2026-05-28,13:57:00,Europe/London,Drinks,Sparkling Water 750ml,1,Regular,,4.00,0.00,4.00,0.67,T85164091,Counter iPad,,Payment,Eat in,,
2026-05-28,14:12:00,Europe/London,Starters,Soup of the Day,1,Regular,,7.00,0.00,7.00,1.17,T19730044,Counter iPad,,Payment,Eat in,,
2026-05-28,14:12:00,Europe/London,Mains,Fish & Chips,1,Regular,,17.50,0.00,17.50,2.92,T19730044,Counter iPad,,Payment,Takeaway,,
2026-05-28,14:12:00,Europe/London,Drinks,Lager Pint,1,Regular,,6.20,0.00,6.20,1.03,T19730044,Counter iPad,,Payment,Eat in,,
2026-05-28,14:12:00,Europe/London,Drinks,Espresso,1,Regular,,2.80,0.00,2.80,0.47,T19730044,Counter iPad,,Payment,Eat in,,
2026-05-28,19:59:00,Europe/London,Starters,Soup of the Day,1,Regular,,7.00,0.00,7.00,1.17,T11790000,Counter iPad,,Payment,Eat in,,
2026-05-28,19:59:00,Europe/London,Mains,Steak Frites,1,Regular,,24.00,0.00,24.00,4.00,T11790000,Counter iPad,,Payment,Takeaway,,
2026-05-28,19:59:00,Europe/London,Starters,Salt & Pepper Squid,1,Regular,,9.50,0.00,9.50,1.58,T11790000,Counter iPad,,Payment,Eat in,,
2026-05-28,19:59:00,Europe/London,Mains,SPECIAL - Crab Linguine,1,Regular,,18.00,0.00,18.00,3.00,T11790000,Counter iPad,,Payment,Takeaway,,
2026-05-28,19:59:00,Europe/London,Drinks,House White 175ml,1,Regular,,7.00,0.00,7.00,1.17,T11790000,Counter iPad,,Payment,Eat in,,
2026-05-28,19:59:00,Europe/London,Drinks,House Red 175ml,1,Regular,,7.00,0.00,7.00,1.17,T11790000,Counter iPad,,Payment,Takeaway,,
2026-05-28,19:59:00,Europe/London,Drinks,Sparkling Water 750ml,1,Regular,,4.00,0.00,4.00,0.67,T11790000,Counter iPad,,Payment,Eat in,,
2026-05-28,21:02:00,Europe/London,Starters,Soup of the Day,2,Regular,,14.00,0.00,14.00,2.33,T96726316,Counter iPad,,Payment,Eat in,,
2026-05-28,21:02:00,Europe/London,Mains,SPECIAL - Crab Linguine,2,Regular,,36.00,0.00,36.00,6.00,T96726316,Counter iPad,,Payment,Eat in,,
2026-05-28,21:02:00,Europe/London,Desserts,Choc Tart,1,Regular,,8.00,0.00,8.00,1.33,T96726316,Counter iPad,,Payment,Eat in,,
2026-05-28,21:02:00,Europe/London,Starters,Pork Belly Bites,1,Regular,,8.00,0.00,8.00,1.33,T96726316,Counter iPad,,Payment,Eat in,,
2026-05-28,21:02:00,Europe/London,Mains,Steak Frites,2,Regular,,48.00,0.00,48.00,8.00,T96726316,Counter iPad,,Payment,Takeaway,,
2026-05-28,21:02:00,Europe/London,Sides,Truffle Fries,1,Regular,,6.00,0.00,6.00,1.00,T96726316,Counter iPad,,Payment,Eat in,,
2026-05-28,21:02:00,Europe/London,Desserts,Sticky Toffee Pudding,1,Regular,,8.00,0.00,8.00,1.33,T96726316,Counter iPad,,Payment,Eat in,,
2026-05-28,21:02:00,Europe/London,Starters,Salt & Pepper Squid,1,Regular,,9.50,0.00,9.50,1.58,T96726316,Counter iPad,,Payment,Eat in,,
2026-05-28,21:02:00,Europe/London,Sides,Peppercorn Sauce,1,Regular,,3.00,0.00,3.00,0.50,T96726316,Counter iPad,,Payment,Eat in,,
2026-05-28,21:02:00,Europe/London,Desserts,Crème Brûlée,1,Regular,,7.50,0.00,7.50,1.25,T96726316,Counter iPad,,Payment,Eat in,,
2026-05-28,21:02:00,Europe/London,Sides,Bread & Butter,1,Regular,,4.00,0.00,4.00,0.67,T96726316,Counter iPad,,Payment,Eat in,,
2026-05-28,21:02:00,Europe/London,Drinks,Lager Pint,4,Regular,,24.80,0.00,24.80,4.13,T96726316,Counter iPad,,Payment,Eat in,,
2026-05-28,21:02:00,Europe/London,Drinks,House White 175ml,1,Regular,,7.00,0.00,7.00,1.17,T96726316,Counter iPad,,Payment,Eat in,,
2026-05-28,21:02:00,Europe/London,Drinks,Sparkling Water 750ml,1,Regular,,4.00,0.00,4.00,0.67,T96726316,Counter iPad,,Payment,Eat in,,
2026-05-28,21:14:00,Europe/London,Mains,Burger,1,Regular,,16.50,0.00,16.50,2.75,T74216214,Bar iPad,,Payment,Eat in,,
2026-05-28,21:14:00,Europe/London,Desserts,Choc Tart,1,Regular,,8.00,0.00,8.00,1.33,T74216214,Bar iPad,,Payment,Takeaway,,
2026-05-28,21:14:00,Europe/London,Drinks,Lager Pint,1,Regular,,6.20,0.00,6.20,1.03,T74216214,Bar iPad,,Payment,Eat in,,
2026-05-28,21:24:00,Europe/London,Starters,Salt & Pepper Squid,1,Regular,,9.50,0.00,9.50,1.58,T59937414,Counter iPad,,Payment,Takeaway,,
2026-05-28,21:24:00,Europe/London,Mains,Hake,1,Regular,,22.00,0.00,22.00,3.67,T59937414,Counter iPad,,Payment,Eat in,,
2026-05-28,21:24:00,Europe/London,Drinks,House Red 175ml,1,Regular,,7.00,0.00,7.00,1.17,T59937414,Counter iPad,,Payment,Eat in,,
2026-05-28,21:24:00,Europe/London,Drinks,Coke,1,Regular,,3.00,0.00,3.00,0.50,T59937414,Counter iPad,,Payment,Eat in,,
2026-05-28,21:24:00,Europe/London,Drinks,Sparkling Water 750ml,1,Regular,,4.00,0.00,4.00,0.67,T59937414,Counter iPad,,Payment,Eat in,,
2026-05-28,22:35:00,Europe/London,Kids,Kids Burger,1,Regular,,7.50,0.00,7.50,1.25,T44238926,Bar iPad,,Payment,Eat in,,
2026-05-28,22:35:00,Europe/London,Kids,Kids Ice Cream,2,Regular,,7.00,0.00,7.00,1.17,T44238926,Bar iPad,,Payment,Eat in,,
2026-05-28,22:35:00,Europe/London,Kids,Kids Fish & Chips,1,Regular,,8.00,0.00,8.00,1.33,T44238926,Bar iPad,,Payment,Takeaway,,
2026-05-28,22:35:00,Europe/London,Starters,Salt & Pepper Squid,1,Regular,,9.50,0.00,9.50,1.58,T44238926,Bar iPad,,Payment,Eat in,,
2026-05-28,22:35:00,Europe/London,Mains,SPECIAL - Crab Linguine,1,Regular,,18.00,0.00,18.00,3.00,T44238926,Bar iPad,,Payment,Takeaway,,
2026-05-28,22:35:00,Europe/London,Sides,Truffle Fries,1,Regular,,6.00,0.00,6.00,1.00,T44238926,Bar iPad,,Payment,Eat in,,
2026-05-28,22:35:00,Europe/London,Mains,Steak Frites,1,Regular,,24.00,0.00,24.00,4.00,T44238926,Bar iPad,,Payment,Eat in,,
2026-05-28,22:35:00,Europe/London,Sides,Peppercorn Sauce,1,Regular,,3.00,0.00,3.00,0.50,T44238926,Bar iPad,,Payment,Eat in,,
2026-05-28,22:35:00,Europe/London,Desserts,Sticky Toffee Pudding,1,Regular,,8.00,0.00,8.00,1.33,T44238926,Bar iPad,,Payment,Eat in,,
2026-05-28,22:35:00,Europe/London,Sides,Bread & Butter,1,Regular,,4.00,0.00,4.00,0.67,T44238926,Bar iPad,,Payment,Eat in,,
2026-05-28,22:35:00,Europe/London,Drinks,Lager Pint,2,Regular,,12.40,0.00,12.40,2.07,T44238926,Bar iPad,,Payment,Takeaway,,
2026-05-28,22:35:00,Europe/London,Drinks,House White 175ml,3,Regular,,21.00,0.00,21.00,3.50,T44238926,Bar iPad,,Payment,Eat in,,
2026-05-28,22:35:00,Europe/London,Drinks,House Red 175ml,1,Regular,,7.00,0.00,7.00,1.17,T44238926,Bar iPad,,Payment,Takeaway,,
2026-05-28,23:02:00,Europe/London,Starters,Salt & Pepper Squid,2,Regular,,19.00,0.00,19.00,3.17,T80426715,Counter iPad,,Payment,Takeaway,,
2026-05-28,23:02:00,Europe/London,Mains,Tidewater Burger,1,Regular,Add Cheese,16.50,0.00,16.50,2.75,T80426715,Counter iPad,,Payment,Takeaway,,
2026-05-28,23:02:00,Europe/London,Sides,Chips,1,Regular,,4.50,0.00,4.50,0.75,T80426715,Counter iPad,,Payment,Eat in,,
2026-05-28,23:02:00,Europe/London,Desserts,Affogato,1,Regular,,6.00,0.00,6.00,1.00,T80426715,Counter iPad,,Payment,Eat in,,
2026-05-28,23:02:00,Europe/London,Mains,Fish & Chips,1,Regular,,17.50,0.00,17.50,2.92,T80426715,Counter iPad,,Payment,Eat in,,
2026-05-28,23:02:00,Europe/London,Sides,Truffle Fries,1,Regular,,6.00,0.00,6.00,1.00,T80426715,Counter iPad,,Payment,Eat in,,
2026-05-28,23:02:00,Europe/London,Sides,Bread & Butter,1,Regular,,4.00,0.00,4.00,0.67,T80426715,Counter iPad,,Payment,Eat in,,
2026-05-28,23:02:00,Europe/London,Drinks,Lager Pint,1,Regular,,6.20,0.00,6.20,1.03,T80426715,Counter iPad,,Payment,Takeaway,,
2026-05-28,23:02:00,Europe/London,Drinks,House White 175ml,1,Regular,,7.00,0.00,7.00,1.17,T80426715,Counter iPad,,Payment,Takeaway,,
2026-05-28,23:02:00,Europe/London,Drinks,Flat White,1,Regular,,3.40,0.00,3.40,0.57,T80426715,Counter iPad,,Payment,Takeaway,,
2026-05-28,23:22:00,Europe/London,Mains,Lemon Sole (MP),1,Regular,,24.00,0.00,24.00,4.00,T95726936,Bar iPad,,Payment,Eat in,C796,Sample Customer 796
2026-05-28,23:22:00,Europe/London,Mains,Burger,1,Regular,,16.50,0.00,16.50,2.75,T95726936,Bar iPad,,Payment,Eat in,C796,Sample Customer 796
2026-05-28,23:22:00,Europe/London,Sides,Fries,2,Regular,,9.00,0.00,9.00,1.50,T95726936,Bar iPad,,Payment,Eat in,C796,Sample Customer 796
2026-05-28,23:22:00,Europe/London,Desserts,Choc Tart,1,Regular,,8.00,0.00,8.00,1.33,T95726936,Bar iPad,,Payment,Eat in,C796,Sample Customer 796
2026-05-28,23:22:00,Europe/London,Mains,Fish & Chips,1,Regular,,17.50,0.00,17.50,2.92,T95726936,Bar iPad,,Payment,Eat in,C796,Sample Customer 796
2026-05-28,23:22:00,Europe/London,Starters,Soup of the Day,1,Regular,,7.00,0.00,7.00,1.17,T95726936,Bar iPad,,Payment,Eat in,C796,Sample Customer 796
2026-05-28,23:22:00,Europe/London,Mains,Chicken Supreme,1,Regular,,19.00,0.00,19.00,3.17,T95726936,Bar iPad,,Payment,Eat in,C796,Sample Customer 796
2026-05-28,23:22:00,Europe/London,Desserts,Sticky Toffee Pudding,1,Regular,,8.00,0.00,8.00,1.33,T95726936,Bar iPad,,Payment,Eat in,C796,Sample Customer 796
2026-05-28,23:22:00,Europe/London,Drinks,Lager Pint,3,Regular,,18.60,0.00,18.60,3.10,T95726936,Bar iPad,,Payment,Eat in,C796,Sample Customer 796
2026-05-28,23:22:00,Europe/London,Drinks,House White 175ml,1,Regular,,7.00,0.00,7.00,1.17,T95726936,Bar iPad,,Payment,Eat in,C796,Sample Customer 796
2026-05-28,23:22:00,Europe/London,Drinks,Coke,1,Regular,,3.00,0.00,3.00,0.50,T95726936,Bar iPad,,Payment,Takeaway,C796,Sample Customer 796
2026-05-29,12:20:00,Europe/London,Starters,Soup of the Day,1,Regular,,7.00,0.00,7.00,1.17,T94474353,Counter iPad,,Payment,Eat in,,
2026-05-29,12:20:00,Europe/London,Mains,Tidewater Burger,1,Regular,,16.50,0.00,16.50,2.75,T94474353,Counter iPad,,Payment,Eat in,,
2026-05-29,12:20:00,Europe/London,Desserts,Sticky Toffee Pudding,1,Regular,,8.00,0.00,8.00,1.33,T94474353,Counter iPad,,Payment,Takeaway,,
2026-05-29,12:20:00,Europe/London,Mains,Fish & Chips,1,Regular,,17.50,0.00,17.50,2.92,T94474353,Counter iPad,,Payment,Eat in,,
2026-05-29,12:20:00,Europe/London,Desserts,Choc Tart,1,Regular,,8.00,0.00,8.00,1.33,T94474353,Counter iPad,,Payment,Eat in,,
2026-05-29,12:20:00,Europe/London,Drinks,Sparkling Water 750ml,1,Regular,,4.00,0.00,4.00,0.67,T94474353,Counter iPad,,Payment,Takeaway,,
2026-05-29,12:20:00,Europe/London,Drinks,Espresso,1,Regular,,2.80,0.00,2.80,0.47,T94474353,Counter iPad,,Payment,Eat in,,
2026-05-29,12:54:00,Europe/London,Starters,Salt & Pepper Squid,1,Regular,,9.50,0.00,9.50,1.58,T22930039,Counter iPad,,Payment,Eat in,,
2026-05-29,12:54:00,Europe/London,Mains,Lamb Rump,1,Regular,,26.00,0.00,26.00,4.33,T22930039,Counter iPad,,Payment,Eat in,,
2026-05-29,12:54:00,Europe/London,Sides,Tenderstem,1,Regular,,5.00,0.00,5.00,0.83,T22930039,Counter iPad,,Payment,Eat in,,
2026-05-29,12:54:00,Europe/London,Drinks,Lager Pint,1,Regular,,6.20,0.00,6.20,1.03,T22930039,Counter iPad,,Payment,Eat in,,
2026-05-29,12:54:00,Europe/London,Drinks,House Red 175ml,1,Regular,,7.00,0.00,7.00,1.17,T22930039,Counter iPad,,Payment,Eat in,,
2026-05-29,12:54:00,Europe/London,Drinks,Coke,1,Regular,,3.00,0.00,3.00,0.50,T22930039,Counter iPad,,Payment,Takeaway,,
2026-05-29,12:54:00,Europe/London,Drinks,Sparkling Water 750ml,1,Regular,,4.00,0.00,4.00,0.67,T22930039,Counter iPad,,Payment,Eat in,,
2026-05-29,13:59:00,Europe/London,Mains,Steak Frites,1,Regular,,24.00,0.00,24.00,4.00,T49018978,Bar iPad,,Payment,Eat in,,
2026-05-29,13:59:00,Europe/London,Mains,SPECIAL - Crab Linguine,1,Regular,,18.00,0.00,18.00,3.00,T49018978,Bar iPad,,Payment,Takeaway,,
2026-05-29,13:59:00,Europe/London,Drinks,Lager Pint,1,Regular,,6.20,0.00,6.20,1.03,T49018978,Bar iPad,,Payment,Takeaway,,
2026-05-29,13:59:00,Europe/London,Drinks,House Red 175ml,1,Regular,,7.00,0.00,7.00,1.17,T49018978,Bar iPad,,Payment,Takeaway,,
2026-05-29,14:18:00,Europe/London,Kids,Kids Fish & Chips,1,Regular,,8.00,0.00,8.00,1.33,T41452939,Counter iPad,,Payment,Eat in,,
2026-05-29,14:18:00,Europe/London,Kids,Kids Ice Cream,1,Regular,,3.50,0.00,3.50,0.58,T41452939,Counter iPad,,Payment,Eat in,,
2026-05-29,14:18:00,Europe/London,Set Menu,Set Lunch - 3 Courses,1,Regular,"Mackerel Pate, Fish & Chips (Small), Kids Ice Cream",25.00,0.00,25.00,4.17,T41452939,Counter iPad,,Payment,Eat in,,
2026-05-29,14:18:00,Europe/London,Set Menu,Set Lunch - 2 Courses,1,Regular,"Soup of the Day, Mushroom Risotto",20.00,0.00,20.00,3.33,T41452939,Counter iPad,,Payment,Eat in,,
2026-05-29,14:18:00,Europe/London,Drinks,Lager Pint,2,Regular,,12.40,0.00,12.40,2.07,T41452939,Counter iPad,,Payment,Takeaway,,
2026-05-29,14:18:00,Europe/London,Drinks,House White 175ml,1,Regular,,7.00,0.00,7.00,1.17,T41452939,Counter iPad,,Payment,Eat in,,
2026-05-29,14:18:00,Europe/London,Drinks,Coke,1,Regular,,3.00,0.00,3.00,0.50,T41452939,Counter iPad,,Payment,Takeaway,,
2026-05-29,14:18:00,Europe/London,Drinks,Sparkling Water 750ml,1,Regular,,4.00,0.00,4.00,0.67,T41452939,Counter iPad,,Payment,Eat in,,
2026-05-29,18:10:00,Europe/London,Mains,Tidewater Burger,2,Regular,,33.00,0.00,33.00,5.50,T47577839,Counter iPad,,Payment,Takeaway,C571,Sample Customer 571
2026-05-29,18:10:00,Europe/London,Starters,Salt & Pepper Squid,1,Regular,,9.50,0.00,9.50,1.58,T47577839,Counter iPad,,Payment,Takeaway,C571,Sample Customer 571
2026-05-29,18:10:00,Europe/London,Starters,Rock Oysters,1,x3,,9.00,0.00,9.00,1.50,T47577839,Counter iPad,,Payment,Eat in,C571,Sample Customer 571
2026-05-29,18:10:00,Europe/London,Desserts,Affogato,1,Regular,,6.00,0.00,6.00,1.00,T47577839,Counter iPad,,Payment,Eat in,C571,Sample Customer 571
2026-05-29,18:10:00,Europe/London,Mains,Lamb Rump,1,Regular,,26.00,0.00,26.00,4.33,T47577839,Counter iPad,,Payment,Takeaway,C571,Sample Customer 571
2026-05-29,18:10:00,Europe/London,Starters,Burrata,1,Regular,,10.00,0.00,10.00,1.67,T47577839,Counter iPad,,Payment,Eat in,C571,Sample Customer 571
2026-05-29,18:10:00,Europe/London,Mains,Steak Frites,1,Regular,,24.00,0.00,24.00,4.00,T47577839,Counter iPad,,Payment,Takeaway,C571,Sample Customer 571
2026-05-29,18:10:00,Europe/London,Sides,Tenderstem,1,Regular,,5.00,0.00,5.00,0.83,T47577839,Counter iPad,,Payment,Takeaway,C571,Sample Customer 571
2026-05-29,18:10:00,Europe/London,Sides,Bread & Butter,1,Regular,,4.00,0.00,4.00,0.67,T47577839,Counter iPad,,Payment,Eat in,C571,Sample Customer 571
2026-05-29,18:10:00,Europe/London,Drinks,Lager Pint,2,Regular,,12.40,0.00,12.40,2.07,T47577839,Counter iPad,,Payment,Eat in,C571,Sample Customer 571
2026-05-29,18:10:00,Europe/London,Drinks,House White 175ml,1,Regular,,7.00,0.00,7.00,1.17,T47577839,Counter iPad,,Payment,Eat in,C571,Sample Customer 571
2026-05-29,18:44:00,Europe/London,Starters,Salt & Pepper Squid,1,Regular,,9.50,0.00,9.50,1.58,T52594104,Counter iPad,,Payment,Takeaway,,
2026-05-29,18:44:00,Europe/London,Mains,Hake,1,Regular,,22.00,0.00,22.00,3.67,T52594104,Counter iPad,,Payment,Eat in,,
2026-05-29,18:44:00,Europe/London,Sides,Chips,1,Regular,,4.50,0.00,4.50,0.75,T52594104,Counter iPad,,Payment,Eat in,,
2026-05-29,18:44:00,Europe/London,Desserts,Choc Tart,1,Regular,,8.00,0.00,8.00,1.33,T52594104,Counter iPad,,Payment,Eat in,,
2026-05-29,18:44:00,Europe/London,Starters,Pork Belly Bites,1,Regular,,8.00,0.00,8.00,1.33,T52594104,Counter iPad,,Payment,Eat in,,
2026-05-29,18:44:00,Europe/London,Mains,Fish & Chips,1,Small,,13.00,0.00,13.00,2.17,T52594104,Counter iPad,,Payment,Eat in,,
2026-05-29,18:44:00,Europe/London,Drinks,Lager Pint,1,Regular,,6.20,0.00,6.20,1.03,T52594104,Counter iPad,,Payment,Takeaway,,
2026-05-29,18:44:00,Europe/London,Drinks,House Red 175ml,1,Regular,,7.00,0.00,7.00,1.17,T52594104,Counter iPad,,Payment,Takeaway,,
2026-05-29,18:44:00,Europe/London,Drinks,Coke,1,Regular,,3.00,0.00,3.00,0.50,T52594104,Counter iPad,,Payment,Takeaway,,
2026-05-29,18:44:00,Europe/London,Drinks,Espresso,1,Regular,,2.80,0.00,2.80,0.47,T52594104,Counter iPad,,Payment,Eat in,,
2026-05-29,19:57:00,Europe/London,Starters,Mackerel Pate,1,Regular,,8.50,0.00,8.50,1.42,T38926849,Counter iPad,,Payment,Eat in,,
2026-05-29,19:57:00,Europe/London,Mains,Steak Frites,1,Regular,,24.00,0.00,24.00,4.00,T38926849,Counter iPad,,Payment,Eat in,,
2026-05-29,19:57:00,Europe/London,Starters,Pork Belly Bites,1,Regular,,8.00,0.00,8.00,1.33,T38926849,Counter iPad,,Payment,Eat in,,
2026-05-29,19:57:00,Europe/London,Mains,Tidewater Burger,1,Regular,,16.50,0.00,16.50,2.75,T38926849,Counter iPad,,Payment,Eat in,,
2026-05-29,19:57:00,Europe/London,Sides,Bread & Butter,1,Regular,,4.00,0.00,4.00,0.67,T38926849,Counter iPad,,Payment,Takeaway,,
2026-05-29,19:57:00,Europe/London,Drinks,House White 175ml,1,Regular,,7.00,0.00,7.00,1.17,T38926849,Counter iPad,,Payment,Eat in,,
2026-05-29,20:53:00,Europe/London,Starters,Salt & Pepper Squid,1,Regular,,9.50,0.00,9.50,1.58,T74399515,Bar iPad,,Payment,Eat in,,
2026-05-29,20:53:00,Europe/London,Starters,Rock Oysters,1,x6,,16.00,0.00,16.00,2.67,T74399515,Bar iPad,,Payment,Eat in,,
2026-05-29,20:53:00,Europe/London,Mains,Chicken Supreme,1,Regular,,19.00,0.00,19.00,3.17,T74399515,Bar iPad,,Payment,Takeaway,,
2026-05-29,20:53:00,Europe/London,Mains,Mushroom Risotto,1,Regular,,15.00,0.00,15.00,2.50,T74399515,Bar iPad,,Payment,Eat in,,
2026-05-29,20:53:00,Europe/London,Sides,Fries,1,Regular,,4.50,0.00,4.50,0.75,T74399515,Bar iPad,,Payment,Eat in,,
2026-05-29,20:53:00,Europe/London,Sides,Bread & Butter,1,Regular,,4.00,0.00,4.00,0.67,T74399515,Bar iPad,,Payment,Eat in,,
2026-05-29,20:53:00,Europe/London,Drinks,Lager Pint,2,Regular,,12.40,0.00,12.40,2.07,T74399515,Bar iPad,,Payment,Eat in,,
2026-05-29,20:53:00,Europe/London,Drinks,House Red 175ml,1,Regular,,7.00,0.00,7.00,1.17,T74399515,Bar iPad,,Payment,Eat in,,
2026-05-29,20:53:00,Europe/London,Drinks,Sparkling Water 750ml,2,Regular,,8.00,0.00,8.00,1.33,T74399515,Bar iPad,,Payment,Takeaway,,
2026-05-29,20:53:00,Europe/London,Drinks,Espresso,1,Regular,,2.80,0.00,2.80,0.47,T74399515,Bar iPad,,Payment,Eat in,,
2026-05-29,20:53:00,Europe/London,Drinks,Flat White,1,Regular,,3.40,0.00,3.40,0.57,T74399515,Bar iPad,,Payment,Eat in,,
2026-05-29,21:41:00,Europe/London,Mains,Steak Frites,1,Regular,,24.00,0.00,24.00,4.00,T23395667,Counter iPad,,Payment,Eat in,C909,Sample Customer 909
2026-05-29,21:41:00,Europe/London,Mains,Lamb Rump,1,Regular,,26.00,0.00,26.00,4.33,T23395667,Counter iPad,,Payment,Eat in,C909,Sample Customer 909
2026-05-29,21:41:00,Europe/London,Starters,Soup of the Day,1,Regular,,7.00,0.00,7.00,1.17,T23395667,Counter iPad,,Payment,Eat in,C909,Sample Customer 909
2026-05-29,21:41:00,Europe/London,Mains,Fish & Chips,1,Regular,,17.50,0.00,17.50,2.92,T23395667,Counter iPad,,Payment,Takeaway,C909,Sample Customer 909
2026-05-29,21:41:00,Europe/London,Sides,House Salad,1,Regular,,4.50,0.00,4.50,0.75,T23395667,Counter iPad,,Payment,Eat in,C909,Sample Customer 909
2026-05-29,21:41:00,Europe/London,Desserts,Choc Tart,1,Regular,,8.00,0.00,8.00,1.33,T23395667,Counter iPad,,Payment,Eat in,C909,Sample Customer 909
2026-05-29,21:41:00,Europe/London,Mains,Tidewater Burger,1,Regular,,16.50,0.00,16.50,2.75,T23395667,Counter iPad,,Payment,Eat in,C909,Sample Customer 909
2026-05-29,21:41:00,Europe/London,Drinks,Lager Pint,1,Regular,,6.20,0.00,6.20,1.03,T23395667,Counter iPad,,Payment,Eat in,C909,Sample Customer 909
2026-05-29,21:41:00,Europe/London,Drinks,House White 175ml,2,Regular,,14.00,0.00,14.00,2.33,T23395667,Counter iPad,,Payment,Eat in,C909,Sample Customer 909
2026-05-29,21:41:00,Europe/London,Drinks,House Red 175ml,1,Regular,,7.00,0.00,7.00,1.17,T23395667,Counter iPad,,Payment,Eat in,C909,Sample Customer 909
2026-05-29,21:41:00,Europe/London,Drinks,Coke,2,Regular,,6.00,0.00,6.00,1.00,T23395667,Counter iPad,,Payment,Eat in,C909,Sample Customer 909
2026-05-29,22:33:00,Europe/London,Mains,SPECIAL - Crab Linguine,2,Regular,,36.00,0.00,36.00,6.00,T18765220,Bar iPad,,Payment,Eat in,,
2026-05-29,22:33:00,Europe/London,Starters,Salt & Pepper Squid,2,Regular,,19.00,0.00,19.00,3.17,T18765220,Bar iPad,,Payment,Eat in,,
2026-05-29,22:33:00,Europe/London,Mains,Burger,1,Regular,,16.50,0.00,16.50,2.75,T18765220,Bar iPad,,Payment,Takeaway,,
2026-05-29,22:33:00,Europe/London,Desserts,Creme Brulee,1,Regular,,7.50,0.00,7.50,1.25,T18765220,Bar iPad,,Payment,Eat in,,
2026-05-29,22:33:00,Europe/London,Starters,Burrata,1,Regular,,10.00,0.00,10.00,1.67,T18765220,Bar iPad,,Payment,Takeaway,,
2026-05-29,22:33:00,Europe/London,Mains,Fish & Chips,1,Regular,,17.50,0.00,17.50,2.92,T18765220,Bar iPad,,Payment,Eat in,,
2026-05-29,22:33:00,Europe/London,Sides,Fries,1,Regular,,4.50,0.00,4.50,0.75,T18765220,Bar iPad,,Payment,Eat in,,
2026-05-29,22:33:00,Europe/London,Sides,Bread & Butter,1,Regular,,4.00,0.00,4.00,0.67,T18765220,Bar iPad,,Payment,Takeaway,,
2026-05-29,22:33:00,Europe/London,Drinks,Lager Pint,2,Regular,,12.40,0.00,12.40,2.07,T18765220,Bar iPad,,Payment,Eat in,,
2026-05-29,22:33:00,Europe/London,Drinks,House White 175ml,1,Regular,,7.00,0.00,7.00,1.17,T18765220,Bar iPad,,Payment,Eat in,,
2026-05-29,22:33:00,Europe/London,Drinks,Coke,1,Regular,,3.00,0.00,3.00,0.50,T18765220,Bar iPad,,Payment,Takeaway,,
2026-05-29,22:33:00,Europe/London,Drinks,Sparkling Water 750ml,1,Regular,,4.00,0.00,4.00,0.67,T18765220,Bar iPad,,Payment,Eat in,,
2026-05-29,22:46:00,Europe/London,Starters,Pork Belly Bites,1,Regular,,8.00,0.00,8.00,1.33,T25538054,Bar iPad,,Payment,Takeaway,,
2026-05-29,22:46:00,Europe/London,Mains,Fish & Chips,1,Regular,,17.50,0.00,17.50,2.92,T25538054,Bar iPad,,Payment,Eat in,,
2026-05-29,22:46:00,Europe/London,Desserts,Sticky Toffee Pudding,1,Regular,,8.00,0.00,8.00,1.33,T25538054,Bar iPad,,Payment,Eat in,,
2026-05-29,22:46:00,Europe/London,Desserts,Cheeseboard,1,5,,16.00,0.00,16.00,2.67,T25538054,Bar iPad,,Payment,Eat in,,
2026-05-29,22:46:00,Europe/London,Drinks,House Red 175ml,1,Regular,,7.00,0.00,7.00,1.17,T25538054,Bar iPad,,Payment,Eat in,,
2026-05-29,23:11:00,Europe/London,Mains,Hake,1,Regular,,22.00,0.00,22.00,3.67,T86512298,Counter iPad,,Payment,Takeaway,,
2026-05-29,23:11:00,Europe/London,Mains,Fish & Chips,2,Regular,,35.00,0.00,35.00,5.83,T86512298,Counter iPad,,Payment,Eat in,,
2026-05-29,23:11:00,Europe/London,Sides,Truffle Fries,1,Regular,,6.00,0.00,6.00,1.00,T86512298,Counter iPad,,Payment,Eat in,,
2026-05-29,23:11:00,Europe/London,Desserts,Cheeseboard,2,3,,22.00,0.00,22.00,3.67,T86512298,Counter iPad,,Payment,Eat in,,
2026-05-29,23:11:00,Europe/London,Mains,Steak Frites,1,Regular,,24.00,0.00,24.00,4.00,T86512298,Counter iPad,,Payment,Eat in,,
2026-05-29,23:11:00,Europe/London,Starters,Soup of the Day,1,Regular,,7.00,0.00,7.00,1.17,T86512298,Counter iPad,,Payment,Eat in,,
2026-05-29,23:11:00,Europe/London,Desserts,Choc Tart,1,Regular,,8.00,0.00,8.00,1.33,T86512298,Counter iPad,,Payment,Eat in,,
2026-05-29,23:11:00,Europe/London,Sides,Bread & Butter,1,Regular,,4.00,0.00,4.00,0.67,T86512298,Counter iPad,,Payment,Eat in,,
2026-05-29,23:11:00,Europe/London,Drinks,Lager Pint,1,Regular,,6.20,0.00,6.20,1.03,T86512298,Counter iPad,,Payment,Eat in,,
2026-05-29,23:11:00,Europe/London,Drinks,Sparkling Water 750ml,1,Regular,,4.00,0.00,4.00,0.67,T86512298,Counter iPad,,Payment,Eat in,,
2026-05-29,23:11:00,Europe/London,Drinks,Espresso,1,Regular,,2.80,0.00,2.80,0.47,T86512298,Counter iPad,,Payment,Eat in,,
2026-05-29,23:11:00,Europe/London,Mains,Tidewater Burger,2,Regular,"Add Bacon, Add Cheese",33.00,0.00,33.00,5.50,T56105396,Counter iPad,,Payment,Eat in,,
2026-05-29,23:11:00,Europe/London,Sides,Chips,1,Regular,,4.50,0.00,4.50,0.75,T56105396,Counter iPad,,Payment,Eat in,,
2026-05-29,23:11:00,Europe/London,Desserts,Affogato,1,Regular,,6.00,0.00,6.00,1.00,T56105396,Counter iPad,,Payment,Eat in,,
2026-05-29,23:11:00,Europe/London,Desserts,Crème Brûlée,1,Regular,,7.50,0.00,7.50,1.25,T56105396,Counter iPad,,Payment,Eat in,,
2026-05-29,23:11:00,Europe/London,Drinks,Lager Pint,1,Regular,,6.20,0.00,6.20,1.03,T56105396,Counter iPad,,Payment,Eat in,,
2026-05-29,23:11:00,Europe/London,Drinks,House White 175ml,1,Regular,,7.00,0.00,7.00,1.17,T56105396,Counter iPad,,Payment,Eat in,,
2026-05-30,12:35:00,Europe/London,Starters,Salt & Pepper Squid,1,Regular,,9.50,0.00,9.50,1.58,T50660146,Counter iPad,,Payment,Takeaway,,
2026-05-30,12:35:00,Europe/London,Mains,Steak Frites,1,Regular,,24.00,0.00,24.00,4.00,T50660146,Counter iPad,,Payment,Eat in,,
2026-05-30,12:35:00,Europe/London,Sides,Tenderstem,1,Regular,,5.00,0.00,5.00,0.83,T50660146,Counter iPad,,Payment,Eat in,,
2026-05-30,12:35:00,Europe/London,Mains,Hake,1,Regular,,22.00,0.00,22.00,3.67,T50660146,Counter iPad,,Payment,Eat in,,
2026-05-30,12:35:00,Europe/London,Sides,House Salad,1,Regular,,4.50,0.00,4.50,0.75,T50660146,Counter iPad,,Payment,Eat in,,
2026-05-30,12:35:00,Europe/London,Drinks,Lager Pint,1,Regular,,6.20,0.00,6.20,1.03,T50660146,Counter iPad,,Payment,Takeaway,,
2026-05-30,12:35:00,Europe/London,Drinks,Coke,1,Regular,,3.00,0.00,3.00,0.50,T50660146,Counter iPad,,Payment,Eat in,,
2026-05-30,12:56:00,Europe/London,Mains,Tidewater Burger,1,Regular,,16.50,0.00,16.50,2.75,T96956161,Counter iPad,,Payment,Eat in,,
2026-05-30,13:46:00,Europe/London,Starters,Soup of the Day,1,Regular,,7.00,0.00,7.00,1.17,T90132122,Counter iPad,,Payment,Eat in,,
2026-05-30,13:46:00,Europe/London,Mains,Fish & Chips,1,Small,,13.00,0.00,13.00,2.17,T90132122,Counter iPad,,Payment,Eat in,,
2026-05-30,13:46:00,Europe/London,Desserts,Sticky Toffee Pudding,1,Regular,,8.00,-8.00,0.00,0.00,T90132122,Counter iPad,comp - long wait,Payment,Eat in,,
2026-05-30,13:46:00,Europe/London,Starters,Salt & Pepper Squid,1,Regular,,9.50,0.00,9.50,1.58,T90132122,Counter iPad,,Payment,Eat in,,
2026-05-30,13:46:00,Europe/London,Starters,Rock Oysters,1,x6,,16.00,0.00,16.00,2.67,T90132122,Counter iPad,,Payment,Eat in,,
2026-05-30,13:46:00,Europe/London,Mains,Chicken Supreme,1,Regular,,19.00,0.00,19.00,3.17,T90132122,Counter iPad,,Payment,Takeaway,,
2026-05-30,13:46:00,Europe/London,Sides,Truffle Fries,1,Regular,,6.00,0.00,6.00,1.00,T90132122,Counter iPad,,Payment,Eat in,,
2026-05-30,13:46:00,Europe/London,Starters,Mackerel Pate,1,Regular,,8.50,0.00,8.50,1.42,T90132122,Counter iPad,,Payment,Takeaway,,
2026-05-30,13:46:00,Europe/London,Mains,Tidewater Burger,1,Regular,,16.50,0.00,16.50,2.75,T90132122,Counter iPad,,Payment,Eat in,,
2026-05-30,13:46:00,Europe/London,Mains,Hake,1,Regular,,22.00,0.00,22.00,3.67,T90132122,Counter iPad,,Payment,Eat in,,
2026-05-30,13:46:00,Europe/London,Sides,Chips,1,Regular,,4.50,0.00,4.50,0.75,T90132122,Counter iPad,,Payment,Takeaway,,
2026-05-30,13:46:00,Europe/London,Sides,Bread & Butter,1,Regular,,4.00,0.00,4.00,0.67,T90132122,Counter iPad,,Payment,Eat in,,
2026-05-30,13:46:00,Europe/London,Drinks,Lager Pint,2,Regular,,12.40,0.00,12.40,2.07,T90132122,Counter iPad,,Payment,Eat in,,
2026-05-30,13:46:00,Europe/London,Drinks,House White 175ml,2,Regular,,14.00,0.00,14.00,2.33,T90132122,Counter iPad,,Payment,Eat in,,
2026-05-30,13:46:00,Europe/London,Drinks,House Red 175ml,1,Regular,,7.00,0.00,7.00,1.17,T90132122,Counter iPad,,Payment,Takeaway,,
2026-05-30,13:46:00,Europe/London,Drinks,Coke,1,Regular,,3.00,0.00,3.00,0.50,T90132122,Counter iPad,,Payment,Eat in,,
2026-05-30,13:46:00,Europe/London,Drinks,Sparkling Water 750ml,2,Regular,,8.00,0.00,8.00,1.33,T90132122,Counter iPad,,Payment,Takeaway,,
2026-05-30,13:46:00,Europe/London,Drinks,Flat White,2,Regular,,6.80,0.00,6.80,1.13,T90132122,Counter iPad,,Payment,Eat in,,
2026-05-30,14:01:00,Europe/London,Starters,Pork Belly Bites,1,Regular,,8.00,0.00,8.00,1.33,T88762454,Counter iPad,,Payment,Eat in,C765,Sample Customer 765
2026-05-30,14:01:00,Europe/London,Mains,Fish & Chips,1,Regular,,17.50,0.00,17.50,2.92,T88762454,Counter iPad,,Payment,Takeaway,C765,Sample Customer 765
2026-05-30,14:01:00,Europe/London,Sides,Tenderstem,1,Regular,,5.00,0.00,5.00,0.83,T88762454,Counter iPad,,Payment,Takeaway,C765,Sample Customer 765
2026-05-30,14:01:00,Europe/London,Desserts,Affogato,1,Regular,,6.00,0.00,6.00,1.00,T88762454,Counter iPad,,Payment,Eat in,C765,Sample Customer 765
2026-05-30,14:01:00,Europe/London,Mains,Chicken Supreme,1,Regular,,19.00,0.00,19.00,3.17,T88762454,Counter iPad,,Payment,Eat in,C765,Sample Customer 765
2026-05-30,14:02:00,Europe/London,Mains,Lemon Sole (MP),1,Regular,,26.00,0.00,26.00,4.33,T39949183,Counter iPad,,Payment,Eat in,,
2026-05-30,14:02:00,Europe/London,Sides,Chips,1,Regular,,4.50,0.00,4.50,0.75,T39949183,Counter iPad,,Payment,Eat in,,
2026-05-30,14:02:00,Europe/London,Desserts,Cheeseboard,1,5,,16.00,0.00,16.00,2.67,T39949183,Counter iPad,,Payment,Eat in,,
2026-05-30,14:02:00,Europe/London,Mains,Fish & Chips,1,Regular,,17.50,0.00,17.50,2.92,T39949183,Counter iPad,,Payment,Eat in,,
2026-05-30,14:02:00,Europe/London,Sides,Tenderstem,1,Regular,,5.00,0.00,5.00,0.83,T39949183,Counter iPad,,Payment,Takeaway,,
2026-05-30,14:02:00,Europe/London,Desserts,Crème Brûlée,1,Regular,,7.50,0.00,7.50,1.25,T39949183,Counter iPad,,Payment,Eat in,,
2026-05-30,14:02:00,Europe/London,Sides,Bread & Butter,1,Regular,,4.00,0.00,4.00,0.67,T39949183,Counter iPad,,Payment,Takeaway,,
2026-05-30,14:02:00,Europe/London,Drinks,House White 175ml,1,Regular,,7.00,0.00,7.00,1.17,T39949183,Counter iPad,,Payment,Eat in,,
2026-05-30,14:02:00,Europe/London,Drinks,House Red 175ml,1,Regular,,7.00,0.00,7.00,1.17,T39949183,Counter iPad,,Payment,Eat in,,
2026-05-30,14:02:00,Europe/London,Drinks,Coke,1,Regular,,3.00,0.00,3.00,0.50,T39949183,Counter iPad,,Payment,Eat in,,
2026-05-30,14:02:00,Europe/London,Drinks,Espresso,1,Regular,,2.80,0.00,2.80,0.47,T39949183,Counter iPad,,Payment,Eat in,,
2026-05-30,14:29:00,Europe/London,Mains,Tidewater Burger,2,Regular,,33.00,0.00,33.00,5.50,T89421641,Counter iPad,,Payment,Takeaway,,
2026-05-30,14:29:00,Europe/London,Desserts,Crème Brûlée,1,Regular,,7.50,0.00,7.50,1.25,T89421641,Counter iPad,,Payment,Eat in,,
2026-05-30,14:29:00,Europe/London,Starters,Salt & Pepper Squid,1,Regular,,9.50,0.00,9.50,1.58,T89421641,Counter iPad,,Payment,Eat in,,
2026-05-30,14:29:00,Europe/London,Sides,Bread & Butter,1,Regular,,4.00,0.00,4.00,0.67,T89421641,Counter iPad,,Payment,Takeaway,,
2026-05-30,14:29:00,Europe/London,Drinks,Lager Pint,2,Regular,,12.40,0.00,12.40,2.07,T89421641,Counter iPad,,Payment,Takeaway,,
2026-05-30,14:29:00,Europe/London,Drinks,House Red 175ml,1,Regular,,7.00,0.00,7.00,1.17,T89421641,Counter iPad,,Payment,Eat in,,
2026-05-30,14:29:00,Europe/London,Drinks,Coke,2,Regular,,6.00,0.00,6.00,1.00,T89421641,Counter iPad,,Payment,Takeaway,,
2026-05-30,14:29:00,Europe/London,Drinks,Flat White,1,Regular,,3.40,0.00,3.40,0.57,T89421641,Counter iPad,,Payment,Takeaway,,
2026-05-30,14:36:00,Europe/London,Starters,Soup of the Day,1,Regular,,7.00,0.00,7.00,1.17,T46925110,Counter iPad,,Payment,Eat in,C311,Sample Customer 311
2026-05-30,14:36:00,Europe/London,Mains,SPECIAL - Crab Linguine,1,Regular,,18.00,0.00,18.00,3.00,T46925110,Counter iPad,,Payment,Eat in,C311,Sample Customer 311
2026-05-30,14:36:00,Europe/London,Starters,Salt & Pepper Squid,1,Regular,,9.50,0.00,9.50,1.58,T46925110,Counter iPad,,Payment,Eat in,C311,Sample Customer 311
2026-05-30,14:36:00,Europe/London,Mains,Fish & Chips,1,Regular,,17.50,0.00,17.50,2.92,T46925110,Counter iPad,,Payment,Eat in,C311,Sample Customer 311
2026-05-30,14:36:00,Europe/London,Desserts,Choc Tart,1,Regular,,8.00,0.00,8.00,1.33,T46925110,Counter iPad,,Payment,Takeaway,C311,Sample Customer 311
2026-05-30,14:36:00,Europe/London,Sides,Bread & Butter,1,Regular,,4.00,0.00,4.00,0.67,T46925110,Counter iPad,,Payment,Eat in,C311,Sample Customer 311
2026-05-30,14:36:00,Europe/London,Drinks,Coke,1,Regular,,3.00,0.00,3.00,0.50,T46925110,Counter iPad,,Payment,Eat in,C311,Sample Customer 311
2026-05-30,14:36:00,Europe/London,Drinks,Espresso,1,Regular,,2.80,0.00,2.80,0.47,T46925110,Counter iPad,,Payment,Eat in,C311,Sample Customer 311
2026-05-30,18:05:00,Europe/London,Starters,Mackerel Pate,1,Regular,,8.50,0.00,8.50,1.42,T51211246,Counter iPad,,Payment,Takeaway,,
2026-05-30,18:05:00,Europe/London,Mains,Tidewater Burger,1,Regular,Add Cheese,16.50,0.00,16.50,2.75,T51211246,Counter iPad,,Payment,Eat in,,
2026-05-30,18:05:00,Europe/London,Starters,Salt & Pepper Squid,1,Regular,,9.50,0.00,9.50,1.58,T51211246,Counter iPad,,Payment,Takeaway,,
2026-05-30,18:05:00,Europe/London,Mains,Hake,1,Regular,,22.00,0.00,22.00,3.67,T51211246,Counter iPad,,Payment,Eat in,,
2026-05-30,18:05:00,Europe/London,Sides,Bread & Butter,1,Regular,,4.00,0.00,4.00,0.67,T51211246,Counter iPad,,Payment,Eat in,,
2026-05-30,18:05:00,Europe/London,Drinks,Lager Pint,1,Regular,,6.20,0.00,6.20,1.03,T51211246,Counter iPad,,Payment,Eat in,,
2026-05-30,18:05:00,Europe/London,Drinks,House White 175ml,1,Regular,,7.00,0.00,7.00,1.17,T51211246,Counter iPad,,Payment,Eat in,,
2026-05-30,18:05:00,Europe/London,Drinks,House Red 175ml,1,Regular,,7.00,0.00,7.00,1.17,T51211246,Counter iPad,,Payment,Eat in,,
2026-05-30,18:05:00,Europe/London,Drinks,Flat White,1,Regular,,3.40,0.00,3.40,0.57,T51211246,Counter iPad,,Payment,Eat in,,
2026-05-30,18:55:00,Europe/London,Starters,Burrata,1,Regular,,10.00,0.00,10.00,1.67,T82253187,Counter iPad,,Payment,Eat in,,
2026-05-30,18:55:00,Europe/London,Mains,Fish & Chips,1,Regular,,17.50,0.00,17.50,2.92,T82253187,Counter iPad,,Payment,Eat in,,
2026-05-30,18:55:00,Europe/London,Sides,Chips,1,Regular,,4.50,0.00,4.50,0.75,T82253187,Counter iPad,,Payment,Eat in,,
2026-05-30,18:55:00,Europe/London,Mains,Lemon Sole (MP),1,Regular,,26.00,0.00,26.00,4.33,T82253187,Counter iPad,,Payment,Takeaway,,
2026-05-30,18:55:00,Europe/London,Sides,Bread & Butter,1,Regular,,4.00,0.00,4.00,0.67,T82253187,Counter iPad,,Payment,Eat in,,
2026-05-30,18:55:00,Europe/London,Drinks,Lager Pint,2,Regular,,12.40,0.00,12.40,2.07,T82253187,Counter iPad,,Payment,Eat in,,
2026-05-30,18:55:00,Europe/London,Drinks,House Red 175ml,2,Regular,,14.00,0.00,14.00,2.33,T82253187,Counter iPad,,Payment,Eat in,,
2026-05-30,18:55:00,Europe/London,Drinks,Sparkling Water 750ml,1,Regular,,4.00,0.00,4.00,0.67,T82253187,Counter iPad,,Payment,Eat in,,
2026-05-30,19:35:00,Europe/London,Drinks,Sparkling Water 750ml,1,Regular,,-4.00,0.00,-4.00,-0.67,T82253187,Counter iPad,sent back,Refund,Eat in,,
2026-05-30,18:55:00,Europe/London,Drinks,Espresso,1,Regular,,2.80,0.00,2.80,0.47,T82253187,Counter iPad,,Payment,Eat in,,
2026-05-30,18:59:00,Europe/London,Kids,Kids Burger,1,Regular,,7.50,0.00,7.50,1.25,T48044318,Counter iPad,,Payment,Eat in,,
2026-05-30,18:59:00,Europe/London,Kids,Kids Ice Cream,1,Regular,,3.50,0.00,3.50,0.58,T48044318,Counter iPad,,Payment,Eat in,,
2026-05-30,18:59:00,Europe/London,Starters,Salt & Pepper Squid,1,Regular,,9.50,0.00,9.50,1.58,T48044318,Counter iPad,,Payment,Eat in,,
2026-05-30,18:59:00,Europe/London,Mains,Fish & Chips,1,Regular,,17.50,0.00,17.50,2.92,T48044318,Counter iPad,,Payment,Takeaway,,
2026-05-30,18:59:00,Europe/London,Starters,Soup of the Day,1,Regular,,7.00,0.00,7.00,1.17,T48044318,Counter iPad,,Payment,Eat in,,
2026-05-30,18:59:00,Europe/London,Mains,Steak Frites,1,Regular,,24.00,0.00,24.00,4.00,T48044318,Counter iPad,,Payment,Eat in,,
2026-05-30,18:59:00,Europe/London,Mains,Tidewater Burger,1,Regular,Add Bacon,16.50,0.00,16.50,2.75,T48044318,Counter iPad,,Payment,Eat in,,
2026-05-30,18:59:00,Europe/London,Sides,Chips,1,Regular,,4.50,0.00,4.50,0.75,T48044318,Counter iPad,,Payment,Takeaway,,
2026-05-30,18:59:00,Europe/London,Desserts,Sticky Toffee Pudding,1,Regular,,8.00,0.00,8.00,1.33,T48044318,Counter iPad,,Payment,Takeaway,,
2026-05-30,18:59:00,Europe/London,Drinks,Lager Pint,2,Regular,,12.40,0.00,12.40,2.07,T48044318,Counter iPad,,Payment,Eat in,,
2026-05-30,18:59:00,Europe/London,Drinks,House White 175ml,1,Regular,,7.00,0.00,7.00,1.17,T48044318,Counter iPad,,Payment,Takeaway,,
2026-05-30,18:59:00,Europe/London,Drinks,Sparkling Water 750ml,1,Regular,,4.00,0.00,4.00,0.67,T48044318,Counter iPad,,Payment,Eat in,,
2026-05-30,19:00:00,Europe/London,Starters,Soup of the Day,1,Regular,,7.00,0.00,7.00,1.17,T69917555,Counter iPad,,Payment,Takeaway,,
2026-05-30,19:00:00,Europe/London,Desserts,Affogato,1,Regular,,6.00,0.00,6.00,1.00,T69917555,Counter iPad,,Payment,Eat in,,
2026-05-30,19:00:00,Europe/London,Mains,Lamb Rump,1,Regular,,26.00,0.00,26.00,4.33,T69917555,Counter iPad,,Payment,Eat in,,
2026-05-30,19:00:00,Europe/London,Sides,Truffle Fries,1,Regular,,6.00,0.00,6.00,1.00,T69917555,Counter iPad,,Payment,Eat in,,
2026-05-30,19:00:00,Europe/London,Drinks,Lager Pint,1,Regular,,6.20,0.00,6.20,1.03,T69917555,Counter iPad,,Payment,Eat in,,
2026-05-30,19:00:00,Europe/London,Drinks,House White 175ml,1,Regular,,7.00,0.00,7.00,1.17,T69917555,Counter iPad,,Payment,Eat in,,
2026-05-30,19:00:00,Europe/London,Drinks,Sparkling Water 750ml,1,Regular,,4.00,0.00,4.00,0.67,T69917555,Counter iPad,,Payment,Eat in,,
2026-05-30,19:05:00,Europe/London,Mains,Fish & Chips,1,Regular,,17.50,0.00,17.50,2.92,T44241574,Counter iPad,,Payment,Eat in,,
2026-05-30,19:05:00,Europe/London,Starters,Mackerel Pate,1,Regular,,8.50,0.00,8.50,1.42,T44241574,Counter iPad,,Payment,Takeaway,,
2026-05-30,19:05:00,Europe/London,Mains,Tidewater Burger,1,Regular,,16.50,0.00,16.50,2.75,T44241574,Counter iPad,,Payment,Eat in,,
2026-05-30,19:05:00,Europe/London,Desserts,Crème Brûlée,1,Regular,,7.50,0.00,7.50,1.25,T44241574,Counter iPad,,Payment,Eat in,,
2026-05-30,19:05:00,Europe/London,Sides,Bread & Butter,1,Regular,,4.00,0.00,4.00,0.67,T44241574,Counter iPad,,Payment,Eat in,,
2026-05-30,19:05:00,Europe/London,Drinks,Lager Pint,1,Regular,,6.20,0.00,6.20,1.03,T44241574,Counter iPad,,Payment,Eat in,,
2026-05-30,19:05:00,Europe/London,Drinks,House White 175ml,1,Regular,,7.00,0.00,7.00,1.17,T44241574,Counter iPad,,Payment,Takeaway,,
2026-05-30,19:05:00,Europe/London,Drinks,Coke,1,Regular,,3.00,0.00,3.00,0.50,T44241574,Counter iPad,,Payment,Eat in,,
2026-05-30,20:53:00,Europe/London,Starters,Salt & Pepper Squid,1,Regular,,9.50,0.00,9.50,1.58,T52822088,Counter iPad,,Payment,Takeaway,,
2026-05-30,20:53:00,Europe/London,Mains,Steak Frites,2,Regular,,48.00,0.00,48.00,8.00,T52822088,Counter iPad,,Payment,Eat in,,
2026-05-30,20:53:00,Europe/London,Sides,Peppercorn Sauce,1,Regular,,3.00,0.00,3.00,0.50,T52822088,Counter iPad,,Payment,Eat in,,
2026-05-30,20:53:00,Europe/London,Sides,Bread & Butter,1,Regular,,4.00,0.00,4.00,0.67,T52822088,Counter iPad,,Payment,Eat in,,
2026-05-30,20:53:00,Europe/London,Drinks,House White 175ml,1,Regular,,7.00,0.00,7.00,1.17,T52822088,Counter iPad,,Payment,Takeaway,,
2026-05-30,20:53:00,Europe/London,Drinks,House Red 175ml,1,Regular,,7.00,0.00,7.00,1.17,T52822088,Counter iPad,,Payment,Takeaway,,
2026-05-30,20:53:00,Europe/London,Drinks,Sparkling Water 750ml,1,Regular,,4.00,0.00,4.00,0.67,T52822088,Counter iPad,,Payment,Eat in,,
2026-05-30,20:53:00,Europe/London,Drinks,Flat White,1,Regular,,3.40,0.00,3.40,0.57,T52822088,Counter iPad,,Payment,Eat in,,
2026-05-30,21:15:00,Europe/London,Mains,Tidewater Burger,1,Regular,Add Cheese,16.50,0.00,16.50,2.75,T86432021,Counter iPad,,Payment,Eat in,,
2026-05-30,21:15:00,Europe/London,Sides,Chips,1,Regular,,4.50,0.00,4.50,0.75,T86432021,Counter iPad,,Payment,Eat in,,
2026-05-30,21:15:00,Europe/London,Mains,Fish & Chips,2,Regular,,35.00,0.00,35.00,5.83,T86432021,Counter iPad,,Payment,Eat in,,
2026-05-30,21:15:00,Europe/London,Mains,Hake,1,Regular,,22.00,0.00,22.00,3.67,T86432021,Counter iPad,,Payment,Eat in,,
2026-05-30,21:15:00,Europe/London,Starters,Salt & Pepper Squid,1,Regular,,9.50,0.00,9.50,1.58,T86432021,Counter iPad,,Payment,Eat in,,
2026-05-30,21:15:00,Europe/London,Sides,Bread & Butter,1,Regular,,4.00,0.00,4.00,0.67,T86432021,Counter iPad,,Payment,Eat in,,
2026-05-30,21:15:00,Europe/London,Drinks,Lager Pint,3,Regular,,18.60,0.00,18.60,3.10,T86432021,Counter iPad,,Payment,Eat in,,
2026-05-30,21:15:00,Europe/London,Drinks,House White 175ml,2,Regular,,14.00,0.00,14.00,2.33,T86432021,Counter iPad,,Payment,Eat in,,
2026-05-30,21:15:00,Europe/London,Drinks,Coke,1,Regular,,3.00,0.00,3.00,0.50,T86432021,Counter iPad,,Payment,Eat in,,
2026-05-30,21:15:00,Europe/London,Drinks,Sparkling Water 750ml,1,Regular,,4.00,0.00,4.00,0.67,T86432021,Counter iPad,,Payment,Eat in,,
2026-05-30,21:15:00,Europe/London,Drinks,Espresso,1,Regular,,2.80,0.00,2.80,0.47,T86432021,Counter iPad,,Payment,Eat in,,
2026-05-30,16:30:00,Europe/London,Other,Staff Meal,1,Regular,Risotto,10.00,-10.00,0.00,0.00,T50134854,Counter iPad,,Payment,Eat in,,
2026-05-30,21:19:00,Europe/London,Mains,Tidewater Burger,2,Regular,,33.00,0.00,33.00,5.50,T84501450,Counter iPad,,Payment,Eat in,,
2026-05-30,21:19:00,Europe/London,Starters,Soup of the Day,1,Regular,,7.00,0.00,7.00,1.17,T84501450,Counter iPad,,Payment,Eat in,,
2026-05-30,21:19:00,Europe/London,Desserts,Sticky Toffee Pudding,1,Regular,,8.00,0.00,8.00,1.33,T84501450,Counter iPad,,Payment,Eat in,,
2026-05-30,21:19:00,Europe/London,Drinks,Lager Pint,1,Regular,,6.20,0.00,6.20,1.03,T84501450,Counter iPad,,Payment,Takeaway,,
2026-05-30,21:19:00,Europe/London,Drinks,House Red 175ml,1,Regular,,7.00,0.00,7.00,1.17,T84501450,Counter iPad,,Payment,Eat in,,
2026-05-30,21:19:00,Europe/London,Drinks,Coke,1,Regular,,3.00,0.00,3.00,0.50,T84501450,Counter iPad,,Payment,Eat in,,
2026-05-30,21:19:00,Europe/London,Drinks,Flat White,1,Regular,,3.40,0.00,3.40,0.57,T84501450,Counter iPad,,Payment,Takeaway,,
2026-05-30,22:02:00,Europe/London,Starters,Pork Belly Bites,2,Regular,,16.00,0.00,16.00,2.67,T73622964,Counter iPad,,Payment,Eat in,,
2026-05-30,22:02:00,Europe/London,Mains,Tidewater Burger,1,Regular,"Add Bacon, Add Cheese",16.50,0.00,16.50,2.75,T73622964,Counter iPad,,Payment,Eat in,,
2026-05-30,22:02:00,Europe/London,Sides,Chips,1,Regular,,4.50,0.00,4.50,0.75,T73622964,Counter iPad,,Payment,Eat in,,
2026-05-30,22:02:00,Europe/London,Desserts,Sticky Toffee Pudding,1,Regular,,8.00,0.00,8.00,1.33,T73622964,Counter iPad,,Payment,Eat in,,
2026-05-30,22:02:00,Europe/London,Sides,Bread & Butter,1,Regular,,4.00,0.00,4.00,0.67,T73622964,Counter iPad,,Payment,Eat in,,
2026-05-30,22:02:00,Europe/London,Drinks,Lager Pint,1,Regular,,6.20,0.00,6.20,1.03,T73622964,Counter iPad,,Payment,Eat in,,
2026-05-30,22:02:00,Europe/London,Drinks,House White 175ml,2,Regular,,14.00,0.00,14.00,2.33,T73622964,Counter iPad,,Payment,Takeaway,,
2026-05-30,22:02:00,Europe/London,Drinks,House Red 175ml,2,Regular,,14.00,0.00,14.00,2.33,T73622964,Counter iPad,,Payment,Eat in,,
2026-05-30,22:02:00,Europe/London,Drinks,Coke,1,Regular,,3.00,0.00,3.00,0.50,T73622964,Counter iPad,,Payment,Eat in,,
2026-05-30,22:02:00,Europe/London,Drinks,Sparkling Water 750ml,1,Regular,,4.00,0.00,4.00,0.67,T73622964,Counter iPad,,Payment,Eat in,,
2026-05-30,22:55:00,Europe/London,Starters,Salt & Pepper Squid,1,Regular,,9.50,0.00,9.50,1.58,T97086041,Bar iPad,,Payment,Eat in,,
2026-05-30,22:55:00,Europe/London,Starters,Rock Oysters,1,x6,,16.00,0.00,16.00,2.67,T97086041,Bar iPad,,Payment,Eat in,,
2026-05-30,22:55:00,Europe/London,Mains,Chicken Supreme,1,Regular,,19.00,0.00,19.00,3.17,T97086041,Bar iPad,,Payment,Eat in,,
2026-05-30,22:55:00,Europe/London,Desserts,Cheeseboard,1,5,,16.00,0.00,16.00,2.67,T97086041,Bar iPad,,Payment,Eat in,,
2026-05-30,22:55:00,Europe/London,Mains,Steak Frites,1,Regular,,24.00,0.00,24.00,4.00,T97086041,Bar iPad,,Payment,Eat in,,
2026-05-30,22:55:00,Europe/London,Sides,Peppercorn Sauce,1,Regular,,3.00,0.00,3.00,0.50,T97086041,Bar iPad,,Payment,Eat in,,
2026-05-30,22:55:00,Europe/London,Sides,Fries,1,Regular,,4.50,0.00,4.50,0.75,T97086041,Bar iPad,,Payment,Eat in,,
2026-05-30,22:55:00,Europe/London,Sides,Bread & Butter,1,Regular,,4.00,0.00,4.00,0.67,T97086041,Bar iPad,,Payment,Eat in,,
2026-05-30,22:55:00,Europe/London,Drinks,Lager Pint,1,Regular,,6.20,0.00,6.20,1.03,T97086041,Bar iPad,,Payment,Eat in,,
2026-05-30,22:55:00,Europe/London,Drinks,House Red 175ml,2,Regular,,14.00,0.00,14.00,2.33,T97086041,Bar iPad,,Payment,Eat in,,
2026-05-30,22:55:00,Europe/London,Drinks,Coke,1,Regular,,3.00,0.00,3.00,0.50,T97086041,Bar iPad,,Payment,Eat in,,
2026-05-30,22:55:00,Europe/London,Drinks,Espresso,1,Regular,,2.80,0.00,2.80,0.47,T97086041,Bar iPad,,Payment,Eat in,,
2026-05-31,00:05:00,Europe/London,Mains,Fish & Chips,1,Small,,13.00,0.00,13.00,2.17,T85197945,Counter iPad,,Payment,Eat in,,
2026-05-31,00:05:00,Europe/London,Desserts,Choc Tart,1,Regular,,8.00,0.00,8.00,1.33,T85197945,Counter iPad,,Payment,Eat in,,
2026-05-31,00:05:00,Europe/London,Drinks,Coke,1,Regular,,3.00,0.00,3.00,0.50,T85197945,Counter iPad,,Payment,Eat in,,
2026-05-31,12:08:00,Europe/London,Kids,Kids Fish & Chips,1,Regular,,8.00,0.00,8.00,1.33,T75643123,Counter iPad,,Payment,Eat in,C155,Sample Customer 155
2026-05-31,12:08:00,Europe/London,Starters,Burrata,1,Regular,,10.00,0.00,10.00,1.67,T75643123,Counter iPad,,Payment,Takeaway,C155,Sample Customer 155
2026-05-31,12:08:00,Europe/London,Mains,Sunday Roast,2,Regular,,48.00,0.00,48.00,8.00,T75643123,Counter iPad,,Payment,Takeaway,C155,Sample Customer 155
2026-05-31,12:08:00,Europe/London,Desserts,Affogato,1,Regular,,6.00,0.00,6.00,1.00,T75643123,Counter iPad,,Payment,Eat in,C155,Sample Customer 155
2026-05-31,12:08:00,Europe/London,Starters,Soup of the Day,1,Regular,,7.00,0.00,7.00,1.17,T75643123,Counter iPad,,Payment,Eat in,C155,Sample Customer 155
2026-05-31,12:08:00,Europe/London,Sides,Truffle Fries,1,Regular,,6.00,0.00,6.00,1.00,T75643123,Counter iPad,,Payment,Takeaway,C155,Sample Customer 155
2026-05-31,12:08:00,Europe/London,Desserts,Sticky Toffee Pudding,1,Regular,,8.00,0.00,8.00,1.33,T75643123,Counter iPad,,Payment,Eat in,C155,Sample Customer 155
2026-05-31,12:08:00,Europe/London,Drinks,Lager Pint,1,Regular,,6.20,0.00,6.20,1.03,T75643123,Counter iPad,,Payment,Eat in,C155,Sample Customer 155
2026-05-31,12:08:00,Europe/London,Drinks,Flat White,1,Regular,,3.40,0.00,3.40,0.57,T75643123,Counter iPad,,Payment,Eat in,C155,Sample Customer 155
2026-05-31,12:11:00,Europe/London,Mains,Sunday Roast,1,Regular,,24.00,0.00,24.00,4.00,T97304532,Counter iPad,,Payment,Takeaway,,
2026-05-31,12:11:00,Europe/London,Sides,Chips,2,Regular,,9.00,0.00,9.00,1.50,T97304532,Counter iPad,,Payment,Eat in,,
2026-05-31,12:11:00,Europe/London,Desserts,Sticky Toffee Pudding,1,Regular,,8.00,0.00,8.00,1.33,T97304532,Counter iPad,,Payment,Eat in,,
2026-05-31,12:11:00,Europe/London,Starters,Burrata,1,Regular,,10.00,0.00,10.00,1.67,T97304532,Counter iPad,,Payment,Eat in,,
2026-05-31,12:11:00,Europe/London,Mains,Fish & Chips,1,Regular,,17.50,0.00,17.50,2.92,T97304532,Counter iPad,,Payment,Eat in,,
2026-05-31,12:11:00,Europe/London,Sides,Bread & Butter,1,Regular,,4.00,0.00,4.00,0.67,T97304532,Counter iPad,,Payment,Eat in,,
2026-05-31,12:11:00,Europe/London,Drinks,Lager Pint,1,Regular,,6.20,0.00,6.20,1.03,T97304532,Counter iPad,,Payment,Takeaway,,
2026-05-31,12:11:00,Europe/London,Drinks,House Red 175ml,1,Regular,,7.00,0.00,7.00,1.17,T97304532,Counter iPad,,Payment,Eat in,,
2026-05-31,12:11:00,Europe/London,Drinks,Coke,2,Regular,,6.00,0.00,6.00,1.00,T97304532,Counter iPad,,Payment,Eat in,,
2026-05-31,12:24:00,Europe/London,Mains,Sunday Roast,2,Regular,,48.00,0.00,48.00,8.00,T12803518,Counter iPad,,Payment,Eat in,,
2026-05-31,13:04:00,Europe/London,Mains,Sunday Roast,1,Regular,,-24.00,0.00,-24.00,-4.00,T12803518,Counter iPad,sent back,Refund,Eat in,,
2026-05-31,12:24:00,Europe/London,Sides,House Salad,1,Regular,,4.50,0.00,4.50,0.75,T12803518,Counter iPad,,Payment,Eat in,,
2026-05-31,12:24:00,Europe/London,Starters,Mackerel Pate,1,Regular,,8.50,0.00,8.50,1.42,T12803518,Counter iPad,,Payment,Eat in,,
2026-05-31,12:24:00,Europe/London,Drinks,House White 175ml,1,Regular,,7.00,0.00,7.00,1.17,T12803518,Counter iPad,,Payment,Eat in,,
2026-05-31,12:24:00,Europe/London,Drinks,Espresso,1,Regular,,2.80,0.00,2.80,0.47,T12803518,Counter iPad,,Payment,Eat in,,
2026-05-31,12:24:00,Europe/London,Drinks,Flat White,1,Regular,,3.40,0.00,3.40,0.57,T12803518,Counter iPad,,Payment,Takeaway,,
2026-05-31,12:32:00,Europe/London,Starters,Soup of the Day,1,Regular,,7.00,0.00,7.00,1.17,T49026927,Counter iPad,,Payment,Eat in,,
2026-05-31,12:32:00,Europe/London,Mains,Sunday Roast,2,Regular,,48.00,0.00,48.00,8.00,T49026927,Counter iPad,,Payment,Eat in,,
2026-05-31,12:32:00,Europe/London,Sides,Truffle Fries,1,Regular,,6.00,0.00,6.00,1.00,T49026927,Counter iPad,,Payment,Eat in,,
2026-05-31,12:32:00,Europe/London,Desserts,Sticky Toffee Pudding,1,Regular,,8.00,0.00,8.00,1.33,T49026927,Counter iPad,,Payment,Eat in,,
2026-05-31,12:32:00,Europe/London,Drinks,Lager Pint,2,Regular,,12.40,0.00,12.40,2.07,T49026927,Counter iPad,,Payment,Eat in,,
2026-05-31,12:32:00,Europe/London,Drinks,House White 175ml,1,Regular,,7.00,0.00,7.00,1.17,T49026927,Counter iPad,,Payment,Eat in,,
2026-05-31,12:32:00,Europe/London,Drinks,Coke,1,Regular,,3.00,0.00,3.00,0.50,T49026927,Counter iPad,,Payment,Takeaway,,
2026-05-31,12:48:00,Europe/London,Starters,Soup of the Day,2,Regular,,14.00,0.00,14.00,2.33,T38886854,Counter iPad,,Payment,Eat in,,
2026-05-31,12:48:00,Europe/London,Mains,Tidewater Burger,1,Regular,Add Bacon,16.50,0.00,16.50,2.75,T38886854,Counter iPad,,Payment,Eat in,,
2026-05-31,12:48:00,Europe/London,Sides,House Salad,1,Regular,,4.50,0.00,4.50,0.75,T38886854,Counter iPad,,Payment,Eat in,,
2026-05-31,12:48:00,Europe/London,Desserts,Choc Tart,1,Regular,,8.00,0.00,8.00,1.33,T38886854,Counter iPad,,Payment,Eat in,,
2026-05-31,12:48:00,Europe/London,Starters,Rock Oysters,1,x3,,9.00,0.00,9.00,1.50,T38886854,Counter iPad,,Payment,Eat in,,
2026-05-31,12:48:00,Europe/London,Mains,Steak Frites,1,Regular,,24.00,0.00,24.00,4.00,T38886854,Counter iPad,,Payment,Eat in,,
2026-05-31,12:48:00,Europe/London,Sides,Peppercorn Sauce,1,Regular,,3.00,0.00,3.00,0.50,T38886854,Counter iPad,,Payment,Eat in,,
2026-05-31,12:48:00,Europe/London,Sides,Chips,1,Regular,,4.50,0.00,4.50,0.75,T38886854,Counter iPad,,Payment,Eat in,,
2026-05-31,12:48:00,Europe/London,Desserts,Sticky Toffee Pudding,1,Regular,,8.00,0.00,8.00,1.33,T38886854,Counter iPad,,Payment,Eat in,,
2026-05-31,12:48:00,Europe/London,Drinks,Lager Pint,1,Regular,,6.20,0.00,6.20,1.03,T38886854,Counter iPad,,Payment,Eat in,,
2026-05-31,12:48:00,Europe/London,Drinks,Coke,1,Regular,,3.00,0.00,3.00,0.50,T38886854,Counter iPad,,Payment,Eat in,,
2026-05-31,12:57:00,Europe/London,Starters,Pork Belly Bites,1,Regular,,8.00,0.00,8.00,1.33,T64928756,Counter iPad,,Payment,Eat in,C905,Sample Customer 905
2026-05-31,12:57:00,Europe/London,Mains,Steak Frites,1,Regular,,24.00,0.00,24.00,4.00,T64928756,Counter iPad,,Payment,Eat in,C905,Sample Customer 905
2026-05-31,12:57:00,Europe/London,Sides,Chips,2,Regular,,9.00,0.00,9.00,1.50,T64928756,Counter iPad,,Payment,Eat in,C905,Sample Customer 905
2026-05-31,12:57:00,Europe/London,Mains,Sunday Roast,3,Regular,,72.00,0.00,72.00,12.00,T64928756,Counter iPad,,Payment,Eat in,C905,Sample Customer 905
2026-05-31,12:57:00,Europe/London,Desserts,Affogato,1,Regular,,6.00,0.00,6.00,1.00,T64928756,Counter iPad,,Payment,Eat in,C905,Sample Customer 905
2026-05-31,12:57:00,Europe/London,Mains,Hake,1,Regular,,22.00,0.00,22.00,3.67,T64928756,Counter iPad,,Payment,Eat in,C905,Sample Customer 905
2026-05-31,12:57:00,Europe/London,Starters,Burrata,2,Regular,,20.00,0.00,20.00,3.33,T64928756,Counter iPad,,Payment,Takeaway,C905,Sample Customer 905
2026-05-31,12:57:00,Europe/London,Sides,Tenderstem,1,Regular,,5.00,0.00,5.00,0.83,T64928756,Counter iPad,,Payment,Eat in,C905,Sample Customer 905
2026-05-31,12:57:00,Europe/London,Drinks,Lager Pint,4,Regular,,24.80,0.00,24.80,4.13,T64928756,Counter iPad,,Payment,Takeaway,C905,Sample Customer 905
2026-05-31,12:57:00,Europe/London,Drinks,House White 175ml,2,Regular,,14.00,0.00,14.00,2.33,T64928756,Counter iPad,,Payment,Eat in,C905,Sample Customer 905
2026-05-31,12:57:00,Europe/London,Drinks,House Red 175ml,1,Regular,,7.00,0.00,7.00,1.17,T64928756,Counter iPad,,Payment,Takeaway,C905,Sample Customer 905
2026-05-31,12:57:00,Europe/London,Drinks,Coke,3,Regular,,9.00,0.00,9.00,1.50,T64928756,Counter iPad,,Payment,Eat in,C905,Sample Customer 905
2026-05-31,12:57:00,Europe/London,Drinks,Sparkling Water 750ml,2,Regular,,8.00,0.00,8.00,1.33,T64928756,Counter iPad,,Payment,Takeaway,C905,Sample Customer 905
2026-05-31,12:57:00,Europe/London,Drinks,Flat White,1,Regular,,3.40,0.00,3.40,0.57,T64928756,Counter iPad,,Payment,Eat in,C905,Sample Customer 905
2026-05-31,13:09:00,Europe/London,Mains,Fish & Chips,1,Regular,,17.50,0.00,17.50,2.92,T88347245,Counter iPad,,Payment,Takeaway,,
2026-05-31,13:09:00,Europe/London,Starters,Pork Belly Bites,1,Regular,,8.00,0.00,8.00,1.33,T88347245,Counter iPad,,Payment,Eat in,,
2026-05-31,13:09:00,Europe/London,Mains,Hake,1,Regular,,22.00,0.00,22.00,3.67,T88347245,Counter iPad,,Payment,Eat in,,
2026-05-31,13:09:00,Europe/London,Mains,Sunday Roast,1,Regular,,24.00,0.00,24.00,4.00,T88347245,Counter iPad,,Payment,Eat in,,
2026-05-31,13:09:00,Europe/London,Sides,Bread & Butter,1,Regular,,4.00,0.00,4.00,0.67,T88347245,Counter iPad,,Payment,Eat in,,
2026-05-31,13:09:00,Europe/London,Drinks,Lager Pint,1,Regular,,6.20,0.00,6.20,1.03,T88347245,Counter iPad,,Payment,Eat in,,
2026-05-31,13:09:00,Europe/London,Drinks,House Red 175ml,1,Regular,,7.00,0.00,7.00,1.17,T88347245,Counter iPad,,Payment,Eat in,,
2026-05-31,13:09:00,Europe/London,Drinks,Coke,1,Regular,,3.00,0.00,3.00,0.50,T88347245,Counter iPad,,Payment,Eat in,,
2026-05-31,13:14:00,Europe/London,Starters,Burrata,1,Regular,,10.00,0.00,10.00,1.67,T95398466,Counter iPad,,Payment,Eat in,,
2026-05-31,13:14:00,Europe/London,Mains,Sunday Roast,2,Regular,,48.00,0.00,48.00,8.00,T95398466,Counter iPad,,Payment,Eat in,,
2026-05-31,13:14:00,Europe/London,Desserts,Crème Brûlée,1,Regular,,7.50,0.00,7.50,1.25,T95398466,Counter iPad,,Payment,Takeaway,,
2026-05-31,13:14:00,Europe/London,Starters,Rock Oysters,1,x6,,16.00,0.00,16.00,2.67,T95398466,Counter iPad,,Payment,Takeaway,,
2026-05-31,13:14:00,Europe/London,Drinks,House White 175ml,1,Regular,,7.00,0.00,7.00,1.17,T95398466,Counter iPad,,Payment,Takeaway,,
2026-05-31,13:14:00,Europe/London,Drinks,House Red 175ml,1,Regular,,7.00,0.00,7.00,1.17,T95398466,Counter iPad,,Payment,Takeaway,,
2026-05-31,13:14:00,Europe/London,Drinks,Coke,1,Regular,,3.00,0.00,3.00,0.50,T95398466,Counter iPad,,Payment,Eat in,,
2026-05-31,13:14:00,Europe/London,Drinks,Flat White,1,Regular,,3.40,0.00,3.40,0.57,T95398466,Counter iPad,,Payment,Takeaway,,
2026-05-31,13:35:00,Europe/London,Starters,Rock Oysters,1,x3,,9.00,0.00,9.00,1.50,T24209421,Counter iPad,,Payment,Eat in,,
2026-05-31,13:35:00,Europe/London,Mains,Sunday Roast,2,Regular,,48.00,0.00,48.00,8.00,T24209421,Counter iPad,,Payment,Eat in,,
2026-05-31,13:35:00,Europe/London,Sides,Bread & Butter,1,Regular,,4.00,0.00,4.00,0.67,T24209421,Counter iPad,,Payment,Eat in,,
2026-05-31,13:35:00,Europe/London,Drinks,Lager Pint,1,Regular,,6.20,0.00,6.20,1.03,T24209421,Counter iPad,,Payment,Eat in,,
2026-05-31,13:35:00,Europe/London,Drinks,House Red 175ml,1,Regular,,7.00,0.00,7.00,1.17,T24209421,Counter iPad,,Payment,Eat in,,
2026-05-31,13:35:00,Europe/London,Drinks,Espresso,2,Regular,,5.60,0.00,5.60,0.93,T24209421,Counter iPad,,Payment,Eat in,,
2026-05-31,13:36:00,Europe/London,Starters,Pork Belly Bites,2,Regular,,16.00,0.00,16.00,2.67,T67719876,Counter iPad,,Payment,Eat in,,
2026-05-31,13:36:00,Europe/London,Mains,Steak Frites,1,Regular,,24.00,0.00,24.00,4.00,T67719876,Counter iPad,,Payment,Eat in,,
2026-05-31,13:36:00,Europe/London,Desserts,Sticky Toffee Pudding,1,Regular,,8.00,0.00,8.00,1.33,T67719876,Counter iPad,,Payment,Eat in,,
2026-05-31,13:36:00,Europe/London,Starters,Rock Oysters,1,x3,,9.00,0.00,9.00,1.50,T67719876,Counter iPad,,Payment,Takeaway,,
2026-05-31,13:36:00,Europe/London,Mains,Sunday Roast,1,Regular,,24.00,0.00,24.00,4.00,T67719876,Counter iPad,,Payment,Eat in,,
2026-05-31,13:36:00,Europe/London,Desserts,Choc Tart,1,Regular,,8.00,0.00,8.00,1.33,T67719876,Counter iPad,,Payment,Eat in,,
2026-05-31,13:36:00,Europe/London,Drinks,Lager Pint,1,Regular,,6.20,0.00,6.20,1.03,T67719876,Counter iPad,,Payment,Takeaway,,
2026-05-31,13:36:00,Europe/London,Drinks,Coke,1,Regular,,3.00,0.00,3.00,0.50,T67719876,Counter iPad,,Payment,Eat in,,
2026-05-31,14:15:00,Europe/London,Starters,Soup of the Day,1,Regular,,7.00,0.00,7.00,1.17,T96078932,Bar iPad,,Payment,Eat in,,
2026-05-31,14:15:00,Europe/London,Mains,Sunday Roast,2,Regular,,48.00,0.00,48.00,8.00,T96078932,Bar iPad,,Payment,Takeaway,,
2026-05-31,14:15:00,Europe/London,Sides,Truffle Fries,1,Regular,,6.00,0.00,6.00,1.00,T96078932,Bar iPad,,Payment,Eat in,,
2026-05-31,14:15:00,Europe/London,Desserts,Affogato,1,Regular,,6.00,0.00,6.00,1.00,T96078932,Bar iPad,,Payment,Eat in,,
2026-05-31,14:15:00,Europe/London,Starters,Salt & Pepper Squid,1,Regular,,9.50,0.00,9.50,1.58,T96078932,Bar iPad,,Payment,Eat in,,
2026-05-31,14:15:00,Europe/London,Drinks,Lager Pint,1,Regular,,6.20,0.00,6.20,1.03,T96078932,Bar iPad,,Payment,Eat in,,
2026-05-31,14:15:00,Europe/London,Drinks,House Red 175ml,2,Regular,,14.00,0.00,14.00,2.33,T96078932,Bar iPad,,Payment,Eat in,,
2026-05-31,14:37:00,Europe/London,Mains,Tidewater Burger,1,Regular,,16.50,0.00,16.50,2.75,T75881783,Counter iPad,,Payment,Eat in,,
2026-05-31,14:37:00,Europe/London,Starters,Salt & Pepper Squid,1,Regular,,9.50,0.00,9.50,1.58,T75881783,Counter iPad,,Payment,Eat in,,
2026-05-31,14:37:00,Europe/London,Mains,Hake,1,Regular,,22.00,0.00,22.00,3.67,T75881783,Counter iPad,,Payment,Takeaway,,
2026-05-31,14:37:00,Europe/London,Sides,Chips,1,Regular,,4.50,0.00,4.50,0.75,T75881783,Counter iPad,,Payment,Eat in,,
2026-05-31,14:37:00,Europe/London,Drinks,Lager Pint,1,Regular,,6.20,0.00,6.20,1.03,T75881783,Counter iPad,,Payment,Takeaway,,
2026-05-31,14:37:00,Europe/London,Drinks,House White 175ml,1,Regular,,7.00,0.00,7.00,1.17,T75881783,Counter iPad,,Payment,Takeaway,,
2026-05-31,18:43:00,Europe/London,Starters,Burrata,1,Regular,,10.00,0.00,10.00,1.67,T43729730,Bar iPad,,Payment,Eat in,C351,Sample Customer 351
2026-05-31,18:43:00,Europe/London,Mains,Chicken Supreme,1,Regular,,19.00,0.00,19.00,3.17,T43729730,Bar iPad,,Payment,Eat in,C351,Sample Customer 351
2026-05-31,18:43:00,Europe/London,Drinks,Espresso,1,Regular,,2.80,0.00,2.80,0.47,T43729730,Bar iPad,,Payment,Eat in,C351,Sample Customer 351
2026-05-31,18:58:00,Europe/London,Mains,Sunday Roast,2,Regular,,48.00,0.00,48.00,8.00,T71485458,Bar iPad,,Payment,Eat in,,
2026-05-31,18:58:00,Europe/London,Sides,Truffle Fries,1,Regular,,6.00,0.00,6.00,1.00,T71485458,Bar iPad,,Payment,Eat in,,
2026-05-31,18:58:00,Europe/London,Sides,Fries,1,Regular,,4.50,0.00,4.50,0.75,T71485458,Bar iPad,,Payment,Eat in,,
2026-05-31,18:58:00,Europe/London,Sides,Bread & Butter,1,Regular,,4.00,0.00,4.00,0.67,T71485458,Bar iPad,,Payment,Eat in,,
2026-05-31,18:58:00,Europe/London,Drinks,Flat White,1,Regular,,3.40,0.00,3.40,0.57,T71485458,Bar iPad,,Payment,Takeaway,,
2026-05-31,19:45:00,Europe/London,Starters,Burrata,1,Regular,,10.00,0.00,10.00,1.67,T53116023,Bar iPad,,Payment,Eat in,,
2026-05-31,19:45:00,Europe/London,Mains,Sunday Roast,1,Regular,,24.00,0.00,24.00,4.00,T53116023,Bar iPad,,Payment,Eat in,,
2026-05-31,19:45:00,Europe/London,Desserts,Sticky Toffee Pudding,1,Regular,,8.00,0.00,8.00,1.33,T53116023,Bar iPad,,Payment,Eat in,,
2026-05-31,19:45:00,Europe/London,Drinks,House White 175ml,1,Regular,,7.00,0.00,7.00,1.17,T53116023,Bar iPad,,Payment,Eat in,,
2026-05-31,19:45:00,Europe/London,Drinks,House Red 175ml,1,Regular,,7.00,0.00,7.00,1.17,T53116023,Bar iPad,,Payment,Takeaway,,
2026-05-31,21:03:00,Europe/London,Starters,Rock Oysters,1,x3,,9.00,0.00,9.00,1.50,T63243156,Counter iPad,,Payment,Eat in,,
2026-05-31,21:03:00,Europe/London,Mains,Sunday Roast,2,Regular,,48.00,0.00,48.00,8.00,T63243156,Counter iPad,,Payment,Eat in,,
2026-05-31,21:03:00,Europe/London,Sides,Truffle Fries,1,Regular,,6.00,0.00,6.00,1.00,T63243156,Counter iPad,,Payment,Takeaway,,
2026-05-31,21:03:00,Europe/London,Desserts,Cheeseboard,1,3,,11.00,0.00,11.00,1.83,T63243156,Counter iPad,,Payment,Eat in,,
2026-05-31,21:03:00,Europe/London,Drinks,Lager Pint,1,Regular,,6.20,0.00,6.20,1.03,T63243156,Counter iPad,,Payment,Eat in,,
2026-05-31,21:03:00,Europe/London,Drinks,House White 175ml,1,Regular,,7.00,0.00,7.00,1.17,T63243156,Counter iPad,,Payment,Takeaway,,
2026-05-31,21:03:00,Europe/London,Drinks,House Red 175ml,1,Regular,,7.00,0.00,7.00,1.17,T63243156,Counter iPad,,Payment,Eat in,,
2026-05-31,21:03:00,Europe/London,Drinks,Coke,1,Regular,,3.00,0.00,3.00,0.50,T63243156,Counter iPad,,Payment,Eat in,,
2026-05-31,21:51:00,Europe/London,Mains,Tidewater Burger,2,Regular,,33.00,0.00,33.00,5.50,T61154168,Counter iPad,Table 8 - call 07700 900854 when ready,Payment,Eat in,,
2026-05-31,21:51:00,Europe/London,Desserts,Cheeseboard,1,3,,11.00,0.00,11.00,1.83,T61154168,Counter iPad,Table 8 - call 07700 900854 when ready,Payment,Eat in,,
2026-05-31,21:51:00,Europe/London,Desserts,Crème Brûlée,1,Regular,,7.50,0.00,7.50,1.25,T61154168,Counter iPad,Table 8 - call 07700 900854 when ready,Payment,Takeaway,,
2026-05-31,21:51:00,Europe/London,Mains,Fish & Chips,1,Regular,,17.50,0.00,17.50,2.92,T61154168,Counter iPad,Table 8 - call 07700 900854 when ready,Payment,Eat in,,
2026-05-31,21:51:00,Europe/London,Sides,Truffle Fries,1,Regular,,6.00,0.00,6.00,1.00,T61154168,Counter iPad,Table 8 - call 07700 900854 when ready,Payment,Eat in,,
2026-05-31,21:51:00,Europe/London,Desserts,Choc Tart,1,Regular,,8.00,0.00,8.00,1.33,T61154168,Counter iPad,Table 8 - call 07700 900854 when ready,Payment,Eat in,,
2026-05-31,21:51:00,Europe/London,Mains,Sunday Roast,1,Regular,,24.00,0.00,24.00,4.00,T61154168,Counter iPad,Table 8 - call 07700 900854 when ready,Payment,Eat in,,
2026-05-31,21:51:00,Europe/London,Sides,Bread & Butter,1,Regular,,4.00,0.00,4.00,0.67,T61154168,Counter iPad,Table 8 - call 07700 900854 when ready,Payment,Takeaway,,
2026-05-31,21:51:00,Europe/London,Drinks,Lager Pint,2,Regular,,12.40,0.00,12.40,2.07,T61154168,Counter iPad,Table 8 - call 07700 900854 when ready,Payment,Eat in,,
2026-05-31,21:51:00,Europe/London,Drinks,House White 175ml,1,Regular,,7.00,0.00,7.00,1.17,T61154168,Counter iPad,Table 8 - call 07700 900854 when ready,Payment,Eat in,,
2026-05-31,21:51:00,Europe/London,Drinks,House Red 175ml,2,Regular,,14.00,0.00,14.00,2.33,T61154168,Counter iPad,Table 8 - call 07700 900854 when ready,Payment,Takeaway,,
2026-05-31,21:51:00,Europe/London,Drinks,Sparkling Water 750ml,2,Regular,,8.00,0.00,8.00,1.33,T61154168,Counter iPad,Table 8 - call 07700 900854 when ready,Payment,Takeaway,,
2026-06-02,12:44:00,Europe/London,Set Menu,Set Lunch - 2 Courses,1,Regular,"Soup of the Day, Mushroom Risotto",20.00,0.00,20.00,3.33,T31339439,Counter iPad,,Payment,Eat in,,
2026-06-02,12:44:00,Europe/London,Starters,Pork Belly Bites,1,Regular,,8.00,0.00,8.00,1.33,T31339439,Counter iPad,,Payment,Takeaway,,
2026-06-02,12:44:00,Europe/London,Mains,Tidewater Burger,1,Regular,Add Bacon,16.50,0.00,16.50,2.75,T31339439,Counter iPad,,Payment,Eat in,,
2026-06-02,12:44:00,Europe/London,Set Menu,Set Lunch - 3 Courses,1,Regular,"Soup of the Day, Mushroom Risotto, Sticky Toffee Pudding",25.00,0.00,25.00,4.17,T31339439,Counter iPad,,Payment,Takeaway,,
2026-06-02,12:44:00,Europe/London,Mains,Fish & Chips,1,Regular,,17.50,0.00,17.50,2.92,T31339439,Counter iPad,,Payment,Eat in,,
2026-06-02,12:44:00,Europe/London,Desserts,Sticky Toffee Pudding,1,Regular,,8.00,0.00,8.00,1.33,T31339439,Counter iPad,,Payment,Takeaway,,
2026-06-02,12:44:00,Europe/London,Sides,Bread & Butter,1,Regular,,4.00,0.00,4.00,0.67,T31339439,Counter iPad,,Payment,Eat in,,
2026-06-02,12:44:00,Europe/London,Drinks,Lager Pint,2,Regular,,12.40,0.00,12.40,2.07,T31339439,Counter iPad,,Payment,Eat in,,
2026-06-02,12:44:00,Europe/London,Drinks,House White 175ml,1,Regular,,7.00,0.00,7.00,1.17,T31339439,Counter iPad,,Payment,Eat in,,
2026-06-02,12:44:00,Europe/London,Drinks,Coke,1,Regular,,3.00,0.00,3.00,0.50,T31339439,Counter iPad,,Payment,Eat in,,
2026-06-02,12:44:00,Europe/London,Drinks,Espresso,2,Regular,,5.60,0.00,5.60,0.93,T31339439,Counter iPad,,Payment,Eat in,,
2026-06-02,13:27:00,Europe/London,Mains,Lamb Rump,1,Regular,,26.00,0.00,26.00,4.33,T16565446,Counter iPad,,Payment,Eat in,,
2026-06-02,13:27:00,Europe/London,Sides,Bread & Butter,1,Regular,,4.00,0.00,4.00,0.67,T16565446,Counter iPad,,Payment,Eat in,,
2026-06-02,13:27:00,Europe/London,Drinks,Lager Pint,1,Regular,,6.20,0.00,6.20,1.03,T16565446,Counter iPad,,Payment,Takeaway,,
2026-06-02,13:27:00,Europe/London,Drinks,Coke,1,Regular,,3.00,0.00,3.00,0.50,T16565446,Counter iPad,,Payment,Takeaway,,
2026-06-02,13:27:00,Europe/London,Drinks,Sparkling Water 750ml,1,Regular,,4.00,0.00,4.00,0.67,T16565446,Counter iPad,,Payment,Eat in,,
2026-06-02,14:03:00,Europe/London,Set Menu,Set Lunch - 2 Courses,1,Regular,"Mackerel Pate, Fish & Chips (Small)",20.00,0.00,20.00,3.33,T47654816,Counter iPad,,Payment,Takeaway,,
2026-06-02,14:03:00,Europe/London,Mains,Fish & Chips,1,Regular,,17.50,0.00,17.50,2.92,T47654816,Counter iPad,,Payment,Eat in,,
2026-06-02,14:03:00,Europe/London,Sides,Chips,1,Regular,,4.50,0.00,4.50,0.75,T47654816,Counter iPad,,Payment,Takeaway,,
2026-06-02,18:25:00,Europe/London,Starters,Soup of the Day,1,Regular,,7.00,0.00,7.00,1.17,T99644247,Counter iPad,,Payment,Eat in,,
2026-06-02,18:25:00,Europe/London,Starters,Rock Oysters,1,x6,,16.00,0.00,16.00,2.67,T99644247,Counter iPad,,Payment,Takeaway,,
2026-06-02,18:25:00,Europe/London,Mains,Steak Frites,1,Regular,,24.00,0.00,24.00,4.00,T99644247,Counter iPad,,Payment,Eat in,,
2026-06-02,18:25:00,Europe/London,Sides,Chips,1,Regular,,4.50,0.00,4.50,0.75,T99644247,Counter iPad,,Payment,Eat in,,
2026-06-02,18:25:00,Europe/London,Desserts,Cheeseboard,2,5,,32.00,0.00,32.00,5.33,T99644247,Counter iPad,,Payment,Eat in,,
2026-06-02,18:25:00,Europe/London,Starters,Salt & Pepper Squid,1,Regular,,9.50,0.00,9.50,1.58,T99644247,Counter iPad,,Payment,Eat in,,
2026-06-02,18:25:00,Europe/London,Mains,Tidewater Burger,1,Regular,,16.50,0.00,16.50,2.75,T99644247,Counter iPad,,Payment,Eat in,,
2026-06-02,18:25:00,Europe/London,Starters,Burrata,1,Regular,,10.00,0.00,10.00,1.67,T99644247,Counter iPad,,Payment,Eat in,,
2026-06-02,18:25:00,Europe/London,Mains,Hake,1,Regular,,22.00,0.00,22.00,3.67,T99644247,Counter iPad,,Payment,Eat in,,
2026-06-02,18:25:00,Europe/London,Desserts,Choc Tart,1,Regular,,8.00,0.00,8.00,1.33,T99644247,Counter iPad,,Payment,Eat in,,
2026-06-02,18:25:00,Europe/London,Mains,Fish & Chips,1,Regular,,17.50,0.00,17.50,2.92,T99644247,Counter iPad,,Payment,Eat in,,
2026-06-02,18:25:00,Europe/London,Drinks,Lager Pint,1,Regular,,6.20,0.00,6.20,1.03,T99644247,Counter iPad,,Payment,Eat in,,
2026-06-02,18:25:00,Europe/London,Drinks,House White 175ml,1,Regular,,7.00,0.00,7.00,1.17,T99644247,Counter iPad,,Payment,Eat in,,
2026-06-02,18:25:00,Europe/London,Drinks,House Red 175ml,1,Regular,,7.00,0.00,7.00,1.17,T99644247,Counter iPad,,Payment,Eat in,,
2026-06-02,18:25:00,Europe/London,Drinks,Coke,1,Regular,,3.00,0.00,3.00,0.50,T99644247,Counter iPad,,Payment,Eat in,,
2026-06-02,18:25:00,Europe/London,Drinks,Flat White,1,Regular,,3.40,0.00,3.40,0.57,T99644247,Counter iPad,,Payment,Eat in,,
2026-06-02,18:39:00,Europe/London,Starters,Soup of the Day,1,Regular,,7.00,0.00,7.00,1.17,T40126175,Counter iPad,,Payment,Eat in,,
2026-06-02,18:39:00,Europe/London,Mains,Fish & Chips,1,Regular,,17.50,0.00,17.50,2.92,T40126175,Counter iPad,,Payment,Eat in,,
2026-06-02,18:39:00,Europe/London,Desserts,Sticky Toffee Pudding,1,Regular,,8.00,0.00,8.00,1.33,T40126175,Counter iPad,,Payment,Eat in,,
2026-06-02,18:39:00,Europe/London,Starters,Pork Belly Bites,1,Regular,,8.00,0.00,8.00,1.33,T40126175,Counter iPad,,Payment,Eat in,,
2026-06-02,18:39:00,Europe/London,Mains,Chicken Supreme,1,Regular,,19.00,0.00,19.00,3.17,T40126175,Counter iPad,,Payment,Takeaway,,
2026-06-02,18:39:00,Europe/London,Sides,Bread & Butter,1,Regular,,4.00,0.00,4.00,0.67,T40126175,Counter iPad,,Payment,Eat in,,
2026-06-02,18:39:00,Europe/London,Drinks,Lager Pint,1,Regular,,6.20,0.00,6.20,1.03,T40126175,Counter iPad,,Payment,Takeaway,,
2026-06-02,18:39:00,Europe/London,Drinks,House White 175ml,1,Regular,,7.00,0.00,7.00,1.17,T40126175,Counter iPad,,Payment,Takeaway,,
2026-06-02,18:39:00,Europe/London,Drinks,House Red 175ml,1,Regular,,7.00,0.00,7.00,1.17,T40126175,Counter iPad,,Payment,Takeaway,,
2026-06-02,18:39:00,Europe/London,Drinks,Coke,1,Regular,,3.00,0.00,3.00,0.50,T40126175,Counter iPad,,Payment,Eat in,,
2026-06-02,18:39:00,Europe/London,Drinks,Espresso,1,Regular,,2.80,0.00,2.80,0.47,T40126175,Counter iPad,,Payment,Eat in,,
2026-06-02,20:16:00,Europe/London,Mains,Hake,1,Regular,,22.00,0.00,22.00,3.67,T89225104,Counter iPad,,Payment,Eat in,,
2026-06-02,20:16:00,Europe/London,Starters,Salt & Pepper Squid,2,Regular,,19.00,0.00,19.00,3.17,T89225104,Counter iPad,,Payment,Eat in,,
2026-06-02,20:16:00,Europe/London,Mains,Fish & Chips,2,Regular,,35.00,0.00,35.00,5.83,T89225104,Counter iPad,,Payment,Eat in,,
2026-06-02,20:16:00,Europe/London,Mains,Tidewater Burger,1,Regular,,16.50,0.00,16.50,2.75,T89225104,Counter iPad,,Payment,Eat in,,
2026-06-02,20:16:00,Europe/London,Starters,Soup of the Day,1,Regular,,7.00,0.00,7.00,1.17,T89225104,Counter iPad,,Payment,Eat in,,
2026-06-02,20:16:00,Europe/London,Sides,Chips,1,Regular,,4.50,0.00,4.50,0.75,T89225104,Counter iPad,,Payment,Eat in,,
2026-06-02,20:16:00,Europe/London,Desserts,Crème Brûlée,1,Regular,,7.50,0.00,7.50,1.25,T89225104,Counter iPad,,Payment,Eat in,,
2026-06-02,20:16:00,Europe/London,Sides,Bread & Butter,1,Regular,,4.00,0.00,4.00,0.67,T89225104,Counter iPad,,Payment,Eat in,,
2026-06-02,20:16:00,Europe/London,Drinks,Lager Pint,3,Regular,,18.60,0.00,18.60,3.10,T89225104,Counter iPad,,Payment,Eat in,,
2026-06-02,20:16:00,Europe/London,Drinks,House White 175ml,1,Regular,,7.00,0.00,7.00,1.17,T89225104,Counter iPad,,Payment,Takeaway,,
2026-06-02,20:16:00,Europe/London,Drinks,House Red 175ml,2,Regular,,14.00,0.00,14.00,2.33,T89225104,Counter iPad,,Payment,Eat in,,
2026-06-02,20:16:00,Europe/London,Drinks,Coke,1,Regular,,3.00,0.00,3.00,0.50,T89225104,Counter iPad,,Payment,Eat in,,
2026-06-02,20:16:00,Europe/London,Drinks,Flat White,1,Regular,,3.40,0.00,3.40,0.57,T89225104,Counter iPad,,Payment,Eat in,,
2026-06-02,20:50:00,Europe/London,Mains,Tidewater Burger,2,Regular,,33.00,0.00,33.00,5.50,T20214814,Counter iPad,,Payment,Eat in,,
2026-06-02,20:50:00,Europe/London,Starters,Soup of the Day,1,Regular,,7.00,0.00,7.00,1.17,T20214814,Counter iPad,,Payment,Eat in,,
2026-06-02,20:50:00,Europe/London,Mains,Chicken Supreme,2,Regular,,38.00,0.00,38.00,6.33,T20214814,Counter iPad,,Payment,Eat in,,
2026-06-02,20:50:00,Europe/London,Desserts,Sticky Toffee Pudding,1,Regular,,8.00,0.00,8.00,1.33,T20214814,Counter iPad,,Payment,Eat in,,
2026-06-02,20:50:00,Europe/London,Starters,Salt & Pepper Squid,1,Regular,,9.50,0.00,9.50,1.58,T20214814,Counter iPad,,Payment,Eat in,,
2026-06-02,20:50:00,Europe/London,Sides,Truffle Fries,1,Regular,,6.00,0.00,6.00,1.00,T20214814,Counter iPad,,Payment,Eat in,,
2026-06-02,20:50:00,Europe/London,Sides,Chips,1,Regular,,4.50,0.00,4.50,0.75,T20214814,Counter iPad,,Payment,Eat in,,
2026-06-02,20:50:00,Europe/London,Desserts,Choc Tart,1,Regular,,8.00,0.00,8.00,1.33,T20214814,Counter iPad,,Payment,Eat in,,
2026-06-02,20:50:00,Europe/London,Sides,Bread & Butter,1,Regular,,4.00,0.00,4.00,0.67,T20214814,Counter iPad,,Payment,Takeaway,,
2026-06-02,20:50:00,Europe/London,Drinks,Lager Pint,3,Regular,,18.60,0.00,18.60,3.10,T20214814,Counter iPad,,Payment,Eat in,,
2026-06-02,20:50:00,Europe/London,Drinks,House Red 175ml,1,Regular,,7.00,0.00,7.00,1.17,T20214814,Counter iPad,,Payment,Takeaway,,
2026-06-02,20:50:00,Europe/London,Drinks,Coke,1,Regular,,3.00,0.00,3.00,0.50,T20214814,Counter iPad,,Payment,Eat in,,
2026-06-02,20:50:00,Europe/London,Drinks,Flat White,1,Regular,,3.40,0.00,3.40,0.57,T20214814,Counter iPad,,Payment,Eat in,,
2026-06-02,22:15:00,Europe/London,Starters,Pork Belly Bites,1,Regular,,8.00,0.00,8.00,1.33,T87085439,Counter iPad,,Payment,Eat in,,
2026-06-02,22:15:00,Europe/London,Mains,Lamb Rump,1,Regular,,26.00,0.00,26.00,4.33,T87085439,Counter iPad,,Payment,Takeaway,,
2026-06-02,22:15:00,Europe/London,Mains,Hake,1,Regular,,22.00,0.00,22.00,3.67,T87085439,Counter iPad,,Payment,Eat in,,
2026-06-02,22:15:00,Europe/London,Sides,Bread & Butter,1,Regular,,4.00,0.00,4.00,0.67,T87085439,Counter iPad,,Payment,Eat in,,
2026-06-02,22:15:00,Europe/London,Drinks,Lager Pint,1,Regular,,6.20,0.00,6.20,1.03,T87085439,Counter iPad,,Payment,Eat in,,
2026-06-02,22:15:00,Europe/London,Drinks,House White 175ml,1,Regular,,7.00,0.00,7.00,1.17,T87085439,Counter iPad,,Payment,Eat in,,
2026-06-02,22:15:00,Europe/London,Drinks,Coke,1,Regular,,3.00,0.00,3.00,0.50,T87085439,Counter iPad,,Payment,Eat in,,
2026-06-02,22:15:00,Europe/London,Drinks,Sparkling Water 750ml,1,Regular,,4.00,0.00,4.00,0.67,T87085439,Counter iPad,,Payment,Eat in,,
2026-06-02,22:15:00,Europe/London,Drinks,Flat White,1,Regular,,3.40,0.00,3.40,0.57,T87085439,Counter iPad,,Payment,Takeaway,,
2026-06-02,22:39:00,Europe/London,Sides,Fries,3,Regular,,13.50,0.00,13.50,2.25,T78499058,Bar iPad,,Payment,Eat in,C476,Sample Customer 476
2026-06-02,22:39:00,Europe/London,Sides,Truffle Fries,1,Regular,,6.00,0.00,6.00,1.00,T78499058,Bar iPad,,Payment,Eat in,C476,Sample Customer 476
2026-06-02,22:39:00,Europe/London,Desserts,Affogato,1,Regular,,6.00,0.00,6.00,1.00,T78499058,Bar iPad,,Payment,Takeaway,C476,Sample Customer 476
2026-06-02,22:39:00,Europe/London,Starters,Salt & Pepper Squid,1,Regular,,9.50,0.00,9.50,1.58,T78499058,Bar iPad,,Payment,Eat in,C476,Sample Customer 476
2026-06-02,22:39:00,Europe/London,Mains,Burger,4,Regular,,66.00,0.00,66.00,11.00,T78499058,Bar iPad,,Payment,Takeaway,C476,Sample Customer 476
2026-06-02,22:39:00,Europe/London,Desserts,Creme Brulee,1,Regular,,7.50,0.00,7.50,1.25,T78499058,Bar iPad,,Payment,Eat in,C476,Sample Customer 476
2026-06-02,22:39:00,Europe/London,Starters,Pork Belly Bites,1,Regular,,8.00,0.00,8.00,1.33,T78499058,Bar iPad,,Payment,Takeaway,C476,Sample Customer 476
2026-06-02,22:39:00,Europe/London,Starters,Rock Oysters,1,x6,,16.00,0.00,16.00,2.67,T78499058,Bar iPad,,Payment,Eat in,C476,Sample Customer 476
2026-06-02,22:39:00,Europe/London,Starters,Soup of the Day,1,Regular,,7.00,0.00,7.00,1.17,T78499058,Bar iPad,,Payment,Takeaway,C476,Sample Customer 476
2026-06-02,22:39:00,Europe/London,Desserts,Cheeseboard,1,3,,11.00,0.00,11.00,1.83,T78499058,Bar iPad,,Payment,Eat in,C476,Sample Customer 476
2026-06-02,22:39:00,Europe/London,Drinks,Lager Pint,2,Regular,,12.40,0.00,12.40,2.07,T78499058,Bar iPad,,Payment,Takeaway,C476,Sample Customer 476
2026-06-02,22:39:00,Europe/London,Drinks,House White 175ml,3,Regular,,21.00,0.00,21.00,3.50,T78499058,Bar iPad,,Payment,Eat in,C476,Sample Customer 476
2026-06-02,22:39:00,Europe/London,Drinks,House Red 175ml,1,Regular,,7.00,0.00,7.00,1.17,T78499058,Bar iPad,,Payment,Eat in,C476,Sample Customer 476
2026-06-02,22:39:00,Europe/London,Drinks,Coke,1,Regular,,3.00,0.00,3.00,0.50,T78499058,Bar iPad,,Payment,Eat in,C476,Sample Customer 476
2026-06-02,22:39:00,Europe/London,Drinks,Sparkling Water 750ml,2,Regular,,8.00,0.00,8.00,1.33,T78499058,Bar iPad,,Payment,Eat in,C476,Sample Customer 476
2026-06-02,22:39:00,Europe/London,Drinks,Espresso,1,Regular,,2.80,0.00,2.80,0.47,T78499058,Bar iPad,,Payment,Eat in,C476,Sample Customer 476
2026-06-03,12:40:00,Europe/London,Set Menu,Set Lunch - 2 Courses,2,Regular,"Mackerel Pate, Fish & Chips (Small), Mackerel Pate, Mushroom Risotto",40.00,0.00,40.00,6.67,T70022632,Counter iPad,,Payment,Eat in,,
2026-06-03,12:40:00,Europe/London,Set Menu,Set Lunch - 3 Courses,1,Regular,"Mackerel Pate, Fish & Chips (Small), Kids Ice Cream",25.00,0.00,25.00,4.17,T70022632,Counter iPad,,Payment,Eat in,,
2026-06-03,12:40:00,Europe/London,Mains,Tidewater Burger,1,Regular,Add Bacon,16.50,0.00,16.50,2.75,T70022632,Counter iPad,,Payment,Eat in,,
2026-06-03,12:40:00,Europe/London,Sides,Tenderstem,1,Regular,,5.00,0.00,5.00,0.83,T70022632,Counter iPad,,Payment,Takeaway,,
2026-06-03,12:40:00,Europe/London,Drinks,Lager Pint,1,Regular,,6.20,0.00,6.20,1.03,T70022632,Counter iPad,,Payment,Eat in,,
2026-06-03,12:40:00,Europe/London,Drinks,House Red 175ml,1,Regular,,7.00,0.00,7.00,1.17,T70022632,Counter iPad,,Payment,Eat in,,
2026-06-03,12:40:00,Europe/London,Drinks,Coke,1,Regular,,3.00,0.00,3.00,0.50,T70022632,Counter iPad,,Payment,Eat in,,
2026-06-03,12:40:00,Europe/London,Drinks,Sparkling Water 750ml,1,Regular,,4.00,0.00,4.00,0.67,T70022632,Counter iPad,,Payment,Eat in,,
2026-06-03,12:40:00,Europe/London,Drinks,Espresso,1,Regular,,2.80,0.00,2.80,0.47,T70022632,Counter iPad,,Payment,Eat in,,
2026-06-03,12:59:00,Europe/London,Set Menu,Set Lunch - 2 Courses,1,Regular,"Mackerel Pate, Mushroom Risotto",20.00,0.00,20.00,3.33,T12668332,Bar iPad,regulars,Payment,Eat in,,
2026-06-03,12:59:00,Europe/London,Set Menu,Set Lunch - 3 Courses,1,Regular,"Mackerel Pate, Fish & Chips (Small), Sticky Toffee Pudding",25.00,0.00,25.00,4.17,T12668332,Bar iPad,regulars,Payment,Eat in,,
2026-06-03,12:59:00,Europe/London,Mains,Mushroom Risotto,1,Regular,,15.00,-15.00,0.00,0.00,T12668332,Bar iPad,comp - long wait,Payment,Takeaway,,
2026-06-03,12:59:00,Europe/London,Sides,Bread & Butter,1,Regular,,4.00,0.00,4.00,0.67,T12668332,Bar iPad,regulars,Payment,Takeaway,,
2026-06-03,12:59:00,Europe/London,Drinks,Lager Pint,1,Regular,,6.20,0.00,6.20,1.03,T12668332,Bar iPad,regulars,Payment,Eat in,,
2026-06-03,12:59:00,Europe/London,Drinks,House White 175ml,1,Regular,,7.00,0.00,7.00,1.17,T12668332,Bar iPad,regulars,Payment,Takeaway,,
2026-06-03,12:59:00,Europe/London,Drinks,Coke,1,Regular,,3.00,0.00,3.00,0.50,T12668332,Bar iPad,regulars,Payment,Eat in,,
2026-06-03,12:59:00,Europe/London,Drinks,Sparkling Water 750ml,1,Regular,,4.00,0.00,4.00,0.67,T12668332,Bar iPad,regulars,Payment,Takeaway,,
2026-06-03,12:59:00,Europe/London,Mains,Fish & Chips,1,Regular,,17.50,0.00,17.50,2.92,T70846646,Bar iPad,,Payment,Eat in,,
2026-06-03,12:59:00,Europe/London,Sides,Bread & Butter,1,Regular,,4.00,0.00,4.00,0.67,T70846646,Bar iPad,,Payment,Eat in,,
2026-06-03,12:59:00,Europe/London,Drinks,Lager Pint,1,Regular,,6.20,0.00,6.20,1.03,T70846646,Bar iPad,,Payment,Takeaway,,
2026-06-03,12:59:00,Europe/London,Drinks,House Red 175ml,1,Regular,,7.00,0.00,7.00,1.17,T70846646,Bar iPad,,Payment,Eat in,,
2026-06-03,13:57:00,Europe/London,Starters,Burrata,1,Regular,,10.00,0.00,10.00,1.67,T81057849,Counter iPad,,Payment,Takeaway,C749,Sample Customer 749
2026-06-03,13:57:00,Europe/London,Mains,Mushroom Risotto,1,Regular,,15.00,0.00,15.00,2.50,T81057849,Counter iPad,,Payment,Eat in,C749,Sample Customer 749
2026-06-03,13:57:00,Europe/London,Sides,Chips,1,Regular,,4.50,0.00,4.50,0.75,T81057849,Counter iPad,,Payment,Eat in,C749,Sample Customer 749
2026-06-03,13:57:00,Europe/London,Mains,Tidewater Burger,1,Regular,,16.50,0.00,16.50,2.75,T81057849,Counter iPad,,Payment,Eat in,C749,Sample Customer 749
2026-06-03,13:57:00,Europe/London,Desserts,Cheeseboard,1,3,,11.00,0.00,11.00,1.83,T81057849,Counter iPad,,Payment,Eat in,C749,Sample Customer 749
2026-06-03,13:57:00,Europe/London,Drinks,House White 175ml,1,Regular,,7.00,0.00,7.00,1.17,T81057849,Counter iPad,,Payment,Eat in,C749,Sample Customer 749
2026-06-03,18:09:00,Europe/London,Mains,Fish & Chips,1,Regular,,17.50,0.00,17.50,2.92,T71486151,Counter iPad,Table 16 - call 07700 900669 when ready,Payment,Eat in,,
2026-06-03,18:09:00,Europe/London,Starters,Pork Belly Bites,1,Regular,,8.00,0.00,8.00,1.33,T71486151,Counter iPad,Table 16 - call 07700 900669 when ready,Payment,Takeaway,,
2026-06-03,18:09:00,Europe/London,Mains,Hake,1,Regular,,22.00,0.00,22.00,3.67,T71486151,Counter iPad,Table 16 - call 07700 900669 when ready,Payment,Eat in,,
2026-06-03,18:09:00,Europe/London,Sides,Chips,1,Regular,,4.50,0.00,4.50,0.75,T71486151,Counter iPad,Table 16 - call 07700 900669 when ready,Payment,Eat in,,
2026-06-03,18:09:00,Europe/London,Sides,Bread & Butter,1,Regular,,4.00,0.00,4.00,0.67,T71486151,Counter iPad,Table 16 - call 07700 900669 when ready,Payment,Takeaway,,
2026-06-03,18:09:00,Europe/London,Drinks,Lager Pint,2,Regular,,12.40,0.00,12.40,2.07,T71486151,Counter iPad,Table 16 - call 07700 900669 when ready,Payment,Eat in,,
2026-06-03,18:09:00,Europe/London,Drinks,House White 175ml,1,Regular,,7.00,0.00,7.00,1.17,T71486151,Counter iPad,Table 16 - call 07700 900669 when ready,Payment,Takeaway,,
2026-06-03,18:09:00,Europe/London,Drinks,Coke,1,Regular,,3.00,0.00,3.00,0.50,T71486151,Counter iPad,Table 16 - call 07700 900669 when ready,Payment,Takeaway,,
2026-06-03,19:13:00,Europe/London,Mains,Chicken Supreme,1,Regular,,19.00,0.00,19.00,3.17,T10916547,Counter iPad,,Payment,Takeaway,,
2026-06-03,19:13:00,Europe/London,Sides,Truffle Fries,1,Regular,,6.00,0.00,6.00,1.00,T10916547,Counter iPad,,Payment,Eat in,,
2026-06-03,19:13:00,Europe/London,Drinks,Lager Pint,1,Regular,,6.20,0.00,6.20,1.03,T10916547,Counter iPad,,Payment,Eat in,,
2026-06-03,19:13:00,Europe/London,Drinks,House White 175ml,1,Regular,,7.00,0.00,7.00,1.17,T10916547,Counter iPad,,Payment,Eat in,,
2026-06-03,19:13:00,Europe/London,Drinks,House Red 175ml,1,Regular,,7.00,0.00,7.00,1.17,T10916547,Counter iPad,,Payment,Eat in,,
2026-06-03,19:13:00,Europe/London,Drinks,Coke,1,Regular,,3.00,0.00,3.00,0.50,T10916547,Counter iPad,,Payment,Takeaway,,
2026-06-03,19:56:00,Europe/London,Starters,Salt & Pepper Squid,1,Regular,,9.50,0.00,9.50,1.58,T70663398,Counter iPad,,Payment,Eat in,C244,Sample Customer 244
2026-06-03,19:56:00,Europe/London,Mains,Tidewater Burger,1,Regular,,16.50,0.00,16.50,2.75,T70663398,Counter iPad,,Payment,Takeaway,C244,Sample Customer 244
2026-06-03,19:56:00,Europe/London,Sides,Truffle Fries,2,Regular,,12.00,0.00,12.00,2.00,T70663398,Counter iPad,,Payment,Eat in,C244,Sample Customer 244
2026-06-03,19:56:00,Europe/London,Desserts,Sticky Toffee Pudding,1,Regular,,8.00,0.00,8.00,1.33,T70663398,Counter iPad,,Payment,Eat in,C244,Sample Customer 244
2026-06-03,19:56:00,Europe/London,Mains,Chicken Supreme,1,Regular,,19.00,0.00,19.00,3.17,T70663398,Counter iPad,,Payment,Eat in,C244,Sample Customer 244
2026-06-03,19:56:00,Europe/London,Mains,Steak Frites,1,Regular,,24.00,0.00,24.00,4.00,T70663398,Counter iPad,,Payment,Eat in,C244,Sample Customer 244
2026-06-03,19:56:00,Europe/London,Sides,Peppercorn Sauce,1,Regular,,3.00,0.00,3.00,0.50,T70663398,Counter iPad,,Payment,Eat in,C244,Sample Customer 244
2026-06-03,19:56:00,Europe/London,Sides,Bread & Butter,1,Regular,,4.00,-4.00,0.00,0.00,T70663398,Counter iPad,comp - long wait,Payment,Eat in,C244,Sample Customer 244
2026-06-03,19:56:00,Europe/London,Drinks,Lager Pint,3,Regular,,18.60,0.00,18.60,3.10,T70663398,Counter iPad,,Payment,Eat in,C244,Sample Customer 244
2026-06-03,19:56:00,Europe/London,Drinks,House White 175ml,1,Regular,,7.00,0.00,7.00,1.17,T70663398,Counter iPad,,Payment,Eat in,C244,Sample Customer 244
2026-06-03,19:56:00,Europe/London,Drinks,House Red 175ml,2,Regular,,14.00,0.00,14.00,2.33,T70663398,Counter iPad,,Payment,Eat in,C244,Sample Customer 244
2026-06-03,19:56:00,Europe/London,Drinks,Espresso,1,Regular,,2.80,0.00,2.80,0.47,T70663398,Counter iPad,,Payment,Takeaway,C244,Sample Customer 244
2026-06-03,19:56:00,Europe/London,Drinks,Flat White,1,Regular,,3.40,0.00,3.40,0.57,T70663398,Counter iPad,,Payment,Takeaway,C244,Sample Customer 244
2026-06-03,16:30:00,Europe/London,Other,Staff Meal,1,Regular,Risotto,10.00,-10.00,0.00,0.00,T46290942,Counter iPad,,Payment,Eat in,,
2026-06-03,20:18:00,Europe/London,Starters,Mackerel Pate,1,Regular,,8.50,0.00,8.50,1.42,T25001831,Counter iPad,,Payment,Takeaway,,
2026-06-03,20:18:00,Europe/London,Mains,Fish & Chips,1,Regular,,17.50,0.00,17.50,2.92,T25001831,Counter iPad,,Payment,Eat in,,
2026-06-03,20:18:00,Europe/London,Desserts,Sticky Toffee Pudding,1,Regular,,8.00,-8.00,0.00,0.00,T25001831,Counter iPad,comp - long wait,Payment,Takeaway,,
2026-06-03,20:18:00,Europe/London,Sides,Bread & Butter,1,Regular,,4.00,0.00,4.00,0.67,T25001831,Counter iPad,,Payment,Eat in,,
2026-06-03,20:18:00,Europe/London,Drinks,Lager Pint,1,Regular,,6.20,0.00,6.20,1.03,T25001831,Counter iPad,,Payment,Eat in,,
2026-06-03,20:18:00,Europe/London,Drinks,House White 175ml,1,Regular,,7.00,0.00,7.00,1.17,T25001831,Counter iPad,,Payment,Takeaway,,
2026-06-03,21:18:00,Europe/London,Kids,Kids Fish & Chips,3,Regular,,24.00,0.00,24.00,4.00,T72799891,Counter iPad,,Payment,Eat in,,
2026-06-03,21:18:00,Europe/London,Kids,Kids Ice Cream,2,Regular,,7.00,0.00,7.00,1.17,T72799891,Counter iPad,,Payment,Takeaway,,
2026-06-03,21:18:00,Europe/London,Kids,Kids Burger,1,Regular,,7.50,0.00,7.50,1.25,T72799891,Counter iPad,,Payment,Eat in,,
2026-06-03,21:18:00,Europe/London,Mains,Fish & Chips,1,Regular,,17.50,0.00,17.50,2.92,T72799891,Counter iPad,,Payment,Takeaway,,
2026-06-03,21:18:00,Europe/London,Sides,Truffle Fries,1,Regular,,6.00,0.00,6.00,1.00,T72799891,Counter iPad,,Payment,Eat in,,
2026-06-03,21:18:00,Europe/London,Desserts,Cheeseboard,1,3,,11.00,0.00,11.00,1.83,T72799891,Counter iPad,,Payment,Takeaway,,
2026-06-03,21:18:00,Europe/London,Starters,Rock Oysters,1,x3,,9.00,0.00,9.00,1.50,T72799891,Counter iPad,,Payment,Eat in,,
2026-06-03,21:18:00,Europe/London,Mains,Hake,1,Regular,,22.00,0.00,22.00,3.67,T72799891,Counter iPad,,Payment,Takeaway,,
2026-06-03,21:18:00,Europe/London,Drinks,Lager Pint,6,Regular,,37.20,0.00,37.20,6.20,T72799891,Counter iPad,,Payment,Eat in,,
2026-06-03,21:18:00,Europe/London,Drinks,House White 175ml,2,Regular,,14.00,0.00,14.00,2.33,T72799891,Counter iPad,,Payment,Eat in,,
2026-06-03,21:18:00,Europe/London,Drinks,House Red 175ml,3,Regular,,21.00,0.00,21.00,3.50,T72799891,Counter iPad,,Payment,Eat in,,
2026-06-03,21:18:00,Europe/London,Drinks,Coke,2,Regular,,6.00,0.00,6.00,1.00,T72799891,Counter iPad,,Payment,Eat in,,
2026-06-03,21:18:00,Europe/London,Drinks,Espresso,1,Regular,,2.80,0.00,2.80,0.47,T72799891,Counter iPad,,Payment,Takeaway,,
2026-06-03,21:18:00,Europe/London,Drinks,Flat White,1,Regular,,3.40,0.00,3.40,0.57,T72799891,Counter iPad,,Payment,Eat in,,
2026-06-03,21:58:00,Europe/London,Starters,Salt & Pepper Squid,1,Regular,,9.50,0.00,9.50,1.58,T97463135,Bar iPad,,Payment,Eat in,C591,Sample Customer 591
2026-06-03,21:58:00,Europe/London,Mains,Fish & Chips,1,Small,,13.00,0.00,13.00,2.17,T97463135,Bar iPad,,Payment,Eat in,C591,Sample Customer 591
2026-06-03,21:58:00,Europe/London,Desserts,Choc Tart,1,Regular,,8.00,0.00,8.00,1.33,T97463135,Bar iPad,,Payment,Eat in,C591,Sample Customer 591
2026-06-03,21:58:00,Europe/London,Starters,Burrata,1,Regular,,10.00,0.00,10.00,1.67,T97463135,Bar iPad,,Payment,Eat in,C591,Sample Customer 591
2026-06-03,21:58:00,Europe/London,Mains,Lamb Rump,1,Regular,,26.00,0.00,26.00,4.33,T97463135,Bar iPad,,Payment,Eat in,C591,Sample Customer 591
2026-06-03,21:58:00,Europe/London,Sides,House Salad,1,Regular,,4.50,0.00,4.50,0.75,T97463135,Bar iPad,,Payment,Eat in,C591,Sample Customer 591
2026-06-03,21:58:00,Europe/London,Drinks,Lager Pint,1,Regular,,6.20,0.00,6.20,1.03,T97463135,Bar iPad,,Payment,Eat in,C591,Sample Customer 591
2026-06-03,21:58:00,Europe/London,Drinks,House White 175ml,1,Regular,,7.00,0.00,7.00,1.17,T97463135,Bar iPad,,Payment,Eat in,C591,Sample Customer 591
2026-06-03,21:58:00,Europe/London,Drinks,Flat White,1,Regular,,3.40,0.00,3.40,0.57,T97463135,Bar iPad,,Payment,Takeaway,C591,Sample Customer 591
2026-06-03,22:10:00,Europe/London,Mains,Fish & Chips,1,Regular,,17.50,0.00,17.50,2.92,T84344682,Counter iPad,,Payment,Eat in,,
2026-06-03,22:10:00,Europe/London,Drinks,Espresso,1,Regular,,2.80,0.00,2.80,0.47,T84344682,Counter iPad,,Payment,Eat in,,
2026-06-03,22:33:00,Europe/London,Mains,Fish & Chips,1,Regular,,17.50,0.00,17.50,2.92,T98541047,Counter iPad,nut allergy table,Payment,Eat in,,
2026-06-03,22:33:00,Europe/London,Mains,Hake,1,Regular,,22.00,0.00,22.00,3.67,T98541047,Counter iPad,nut allergy table,Payment,Eat in,,
2026-06-03,22:33:00,Europe/London,Desserts,Sticky Toffee Pudding,1,Regular,,8.00,0.00,8.00,1.33,T98541047,Counter iPad,nut allergy table,Payment,Takeaway,,
2026-06-03,22:33:00,Europe/London,Sides,Bread & Butter,1,Regular,,4.00,0.00,4.00,0.67,T98541047,Counter iPad,nut allergy table,Payment,Eat in,,
2026-06-03,22:33:00,Europe/London,Drinks,Lager Pint,2,Regular,,12.40,0.00,12.40,2.07,T98541047,Counter iPad,nut allergy table,Payment,Eat in,,
2026-06-03,22:33:00,Europe/London,Drinks,House White 175ml,1,Regular,,7.00,0.00,7.00,1.17,T98541047,Counter iPad,nut allergy table,Payment,Eat in,,
2026-06-03,22:33:00,Europe/London,Drinks,Coke,1,Regular,,3.00,0.00,3.00,0.50,T98541047,Counter iPad,nut allergy table,Payment,Takeaway,,
2026-06-03,23:32:00,Europe/London,Mains,Steak Frites,1,Regular,,24.00,0.00,24.00,4.00,T99842847,Counter iPad,,Payment,Eat in,,
2026-06-03,23:32:00,Europe/London,Sides,Peppercorn Sauce,1,Regular,,3.00,0.00,3.00,0.50,T99842847,Counter iPad,,Payment,Eat in,,
2026-06-03,23:32:00,Europe/London,Desserts,Affogato,1,Regular,,6.00,0.00,6.00,1.00,T99842847,Counter iPad,,Payment,Eat in,,
2026-06-03,23:32:00,Europe/London,Starters,Soup of the Day,1,Regular,,7.00,0.00,7.00,1.17,T99842847,Counter iPad,,Payment,Eat in,,
2026-06-03,23:32:00,Europe/London,Mains,Tidewater Burger,1,Regular,Add Cheese,16.50,0.00,16.50,2.75,T99842847,Counter iPad,,Payment,Eat in,,
2026-06-03,23:32:00,Europe/London,Sides,Chips,1,Regular,,4.50,0.00,4.50,0.75,T99842847,Counter iPad,,Payment,Eat in,,
2026-06-03,23:32:00,Europe/London,Sides,Bread & Butter,1,Regular,,4.00,0.00,4.00,0.67,T99842847,Counter iPad,,Payment,Eat in,,
2026-06-03,23:32:00,Europe/London,Drinks,House White 175ml,1,Regular,,7.00,0.00,7.00,1.17,T99842847,Counter iPad,,Payment,Takeaway,,
2026-06-04,12:18:00,Europe/London,Starters,Soup of the Day,1,Regular,,7.00,0.00,7.00,1.17,T37968959,Counter iPad,,Payment,Takeaway,,
2026-06-04,12:18:00,Europe/London,Mains,Fish & Chips,1,Small,,13.00,0.00,13.00,2.17,T37968959,Counter iPad,,Payment,Eat in,,
2026-06-04,12:18:00,Europe/London,Mains,Tidewater Burger,1,Regular,Add Bacon,16.50,0.00,16.50,2.75,T37968959,Counter iPad,,Payment,Eat in,,
2026-06-04,12:18:00,Europe/London,Sides,Bread & Butter,1,Regular,,4.00,0.00,4.00,0.67,T37968959,Counter iPad,,Payment,Takeaway,,
2026-06-04,12:18:00,Europe/London,Drinks,House White 175ml,1,Regular,,7.00,0.00,7.00,1.17,T37968959,Counter iPad,,Payment,Eat in,,
2026-06-04,12:18:00,Europe/London,Drinks,House Red 175ml,1,Regular,,7.00,0.00,7.00,1.17,T37968959,Counter iPad,,Payment,Eat in,,
2026-06-04,12:41:00,Europe/London,Starters,Soup of the Day,1,Regular,,7.00,0.00,7.00,1.17,T27639683,Bar iPad,,Payment,Eat in,,
2026-06-04,12:41:00,Europe/London,Mains,Burger,2,Regular,,33.00,0.00,33.00,5.50,T27639683,Bar iPad,,Payment,Eat in,,
2026-06-04,12:41:00,Europe/London,Set Menu,Set Lunch - 3 Courses,1,Regular,"Soup of the Day, Fish & Chips (Small), Sticky Toffee Pudding",25.00,0.00,25.00,4.17,T27639683,Bar iPad,,Payment,Takeaway,,
2026-06-04,12:41:00,Europe/London,Starters,Pork Belly Bites,1,Regular,,8.00,0.00,8.00,1.33,T27639683,Bar iPad,,Payment,Eat in,,
2026-06-04,12:41:00,Europe/London,Mains,Chicken Supreme,1,Regular,,19.00,0.00,19.00,3.17,T27639683,Bar iPad,,Payment,Eat in,,
2026-06-04,12:41:00,Europe/London,Sides,Fries,1,Regular,,4.50,0.00,4.50,0.75,T27639683,Bar iPad,,Payment,Eat in,,
2026-06-04,12:41:00,Europe/London,Desserts,Creme Brulee,1,Regular,,7.50,0.00,7.50,1.25,T27639683,Bar iPad,,Payment,Takeaway,,
2026-06-04,12:41:00,Europe/London,Starters,Mackerel Pate,1,Regular,,8.50,0.00,8.50,1.42,T27639683,Bar iPad,,Payment,Eat in,,
2026-06-04,12:41:00,Europe/London,Starters,Rock Oysters,1,x3,,9.00,0.00,9.00,1.50,T27639683,Bar iPad,,Payment,Eat in,,
2026-06-04,12:41:00,Europe/London,Drinks,Lager Pint,1,Regular,,6.20,0.00,6.20,1.03,T27639683,Bar iPad,,Payment,Eat in,,
2026-06-04,12:41:00,Europe/London,Drinks,House White 175ml,1,Regular,,7.00,0.00,7.00,1.17,T27639683,Bar iPad,,Payment,Eat in,,
2026-06-04,12:41:00,Europe/London,Drinks,House Red 175ml,1,Regular,,7.00,0.00,7.00,1.17,T27639683,Bar iPad,,Payment,Eat in,,
2026-06-04,12:41:00,Europe/London,Drinks,Coke,2,Regular,,6.00,0.00,6.00,1.00,T27639683,Bar iPad,,Payment,Eat in,,
2026-06-04,12:41:00,Europe/London,Drinks,Sparkling Water 750ml,1,Regular,,4.00,0.00,4.00,0.67,T27639683,Bar iPad,,Payment,Eat in,,
2026-06-04,12:41:00,Europe/London,Drinks,Espresso,3,Regular,,8.40,0.00,8.40,1.40,T27639683,Bar iPad,,Payment,Takeaway,,
2026-06-04,12:41:00,Europe/London,Drinks,Flat White,2,Regular,,6.80,0.00,6.80,1.13,T27639683,Bar iPad,,Payment,Takeaway,,
2026-06-04,13:02:00,Europe/London,Set Menu,Set Lunch - 2 Courses,1,Regular,"Mackerel Pate, Fish & Chips (Small)",20.00,0.00,20.00,3.33,T59791413,Counter iPad,,Payment,Eat in,,
2026-06-04,13:02:00,Europe/London,Mains,Steak Frites,1,Regular,,24.00,0.00,24.00,4.00,T59791413,Counter iPad,,Payment,Eat in,,
2026-06-04,13:02:00,Europe/London,Sides,House Salad,1,Regular,,4.50,0.00,4.50,0.75,T59791413,Counter iPad,,Payment,Eat in,,
2026-06-04,13:02:00,Europe/London,Desserts,Sticky Toffee Pudding,1,Regular,,8.00,0.00,8.00,1.33,T59791413,Counter iPad,,Payment,Eat in,,
2026-06-04,13:02:00,Europe/London,Drinks,Lager Pint,1,Regular,,6.20,0.00,6.20,1.03,T59791413,Counter iPad,,Payment,Eat in,,
2026-06-04,13:06:00,Europe/London,Mains,Fish & Chips,1,Small,,13.00,0.00,13.00,2.17,T44659055,Counter iPad,,Payment,Takeaway,,
2026-06-04,13:06:00,Europe/London,Sides,House Salad,1,Regular,,4.50,0.00,4.50,0.75,T44659055,Counter iPad,,Payment,Eat in,,
2026-06-04,13:06:00,Europe/London,Desserts,Affogato,1,Regular,,6.00,0.00,6.00,1.00,T44659055,Counter iPad,,Payment,Takeaway,,
2026-06-04,13:06:00,Europe/London,Mains,Steak Frites,1,Regular,,24.00,0.00,24.00,4.00,T44659055,Counter iPad,,Payment,Eat in,,
2026-06-04,13:06:00,Europe/London,Sides,Peppercorn Sauce,1,Regular,,3.00,0.00,3.00,0.50,T44659055,Counter iPad,,Payment,Takeaway,,
2026-06-04,13:06:00,Europe/London,Sides,Bread & Butter,1,Regular,,4.00,0.00,4.00,0.67,T44659055,Counter iPad,,Payment,Eat in,,
2026-06-04,13:06:00,Europe/London,Drinks,Lager Pint,2,Regular,,12.40,0.00,12.40,2.07,T44659055,Counter iPad,,Payment,Eat in,,
2026-06-04,13:06:00,Europe/London,Drinks,House Red 175ml,1,Regular,,7.00,0.00,7.00,1.17,T44659055,Counter iPad,,Payment,Eat in,,
2026-06-04,13:06:00,Europe/London,Drinks,Coke,1,Regular,,3.00,0.00,3.00,0.50,T44659055,Counter iPad,,Payment,Eat in,,
2026-06-04,13:06:00,Europe/London,Drinks,Espresso,1,Regular,,2.80,0.00,2.80,0.47,T44659055,Counter iPad,,Payment,Takeaway,,
2026-06-04,14:09:00,Europe/London,Mains,Steak Frites,1,Regular,,24.00,0.00,24.00,4.00,T58954422,Counter iPad,,Payment,Takeaway,,
2026-06-04,14:09:00,Europe/London,Sides,Peppercorn Sauce,1,Regular,,3.00,0.00,3.00,0.50,T58954422,Counter iPad,,Payment,Eat in,,
2026-06-04,14:09:00,Europe/London,Sides,House Salad,1,Regular,,4.50,0.00,4.50,0.75,T58954422,Counter iPad,,Payment,Eat in,,
2026-06-04,14:09:00,Europe/London,Desserts,Crème Brûlée,1,Regular,,7.50,0.00,7.50,1.25,T58954422,Counter iPad,,Payment,Eat in,,
2026-06-04,14:09:00,Europe/London,Set Menu,Set Lunch - 2 Courses,1,Regular,"Soup of the Day, Mushroom Risotto",20.00,0.00,20.00,3.33,T58954422,Counter iPad,,Payment,Eat in,,
2026-06-04,18:16:00,Europe/London,Mains,Tidewater Burger,1,Regular,,16.50,0.00,16.50,2.75,T85192363,Counter iPad,,Payment,Eat in,,
2026-06-04,18:16:00,Europe/London,Sides,Truffle Fries,3,Regular,,18.00,0.00,18.00,3.00,T85192363,Counter iPad,,Payment,Takeaway,,
2026-06-04,18:16:00,Europe/London,Starters,Burrata,2,Regular,,20.00,0.00,20.00,3.33,T85192363,Counter iPad,,Payment,Takeaway,,
2026-06-04,18:16:00,Europe/London,Mains,Fish & Chips,1,Regular,,17.50,0.00,17.50,2.92,T85192363,Counter iPad,,Payment,Eat in,,
2026-06-04,18:16:00,Europe/London,Sides,Chips,1,Regular,,4.50,0.00,4.50,0.75,T85192363,Counter iPad,,Payment,Takeaway,,
2026-06-04,18:16:00,Europe/London,Mains,Lamb Rump,2,Regular,,52.00,0.00,52.00,8.67,T85192363,Counter iPad,,Payment,Eat in,,
2026-06-04,18:16:00,Europe/London,Desserts,Sticky Toffee Pudding,1,Regular,,8.00,0.00,8.00,1.33,T85192363,Counter iPad,,Payment,Eat in,,
2026-06-04,18:16:00,Europe/London,Desserts,Crème Brûlée,1,Regular,,7.50,0.00,7.50,1.25,T85192363,Counter iPad,,Payment,Eat in,,
2026-06-04,18:16:00,Europe/London,Drinks,Lager Pint,1,Regular,,6.20,0.00,6.20,1.03,T85192363,Counter iPad,,Payment,Eat in,,
2026-06-04,18:16:00,Europe/London,Drinks,House Red 175ml,1,Regular,,7.00,0.00,7.00,1.17,T85192363,Counter iPad,,Payment,Eat in,,
2026-06-04,18:16:00,Europe/London,Drinks,Coke,1,Regular,,3.00,0.00,3.00,0.50,T85192363,Counter iPad,,Payment,Eat in,,
2026-06-04,19:42:00,Europe/London,Starters,Mackerel Pate,1,Regular,,8.50,0.00,8.50,1.42,T27409183,Counter iPad,,Payment,Takeaway,,
2026-06-04,19:42:00,Europe/London,Mains,Fish & Chips,1,Small,,13.00,0.00,13.00,2.17,T27409183,Counter iPad,,Payment,Takeaway,,
2026-06-04,19:42:00,Europe/London,Mains,Mushroom Risotto,1,Regular,,15.00,0.00,15.00,2.50,T27409183,Counter iPad,,Payment,Takeaway,,
2026-06-04,19:42:00,Europe/London,Starters,Pork Belly Bites,1,Regular,,8.00,0.00,8.00,1.33,T27409183,Counter iPad,,Payment,Eat in,,
2026-06-04,19:42:00,Europe/London,Sides,House Salad,1,Regular,,4.50,0.00,4.50,0.75,T27409183,Counter iPad,,Payment,Eat in,,
2026-06-04,19:42:00,Europe/London,Drinks,Lager Pint,2,Regular,,12.40,0.00,12.40,2.07,T27409183,Counter iPad,,Payment,Takeaway,,
2026-06-04,19:42:00,Europe/London,Drinks,House White 175ml,1,Regular,,7.00,0.00,7.00,1.17,T27409183,Counter iPad,,Payment,Eat in,,
2026-06-04,19:42:00,Europe/London,Drinks,Coke,1,Regular,,3.00,0.00,3.00,0.50,T27409183,Counter iPad,,Payment,Takeaway,,
2026-06-04,20:30:00,Europe/London,Starters,Rock Oysters,1,x3,,9.00,0.00,9.00,1.50,T65790741,Counter iPad,,Payment,Eat in,,
2026-06-04,20:30:00,Europe/London,Mains,Fish & Chips,1,Small,,13.00,0.00,13.00,2.17,T65790741,Counter iPad,,Payment,Eat in,,
2026-06-04,20:30:00,Europe/London,Sides,Tenderstem,1,Regular,,5.00,0.00,5.00,0.83,T65790741,Counter iPad,,Payment,Takeaway,,
2026-06-04,20:30:00,Europe/London,Desserts,Affogato,2,Regular,,12.00,0.00,12.00,2.00,T65790741,Counter iPad,,Payment,Eat in,,
2026-06-04,20:30:00,Europe/London,Starters,Salt & Pepper Squid,1,Regular,,9.50,0.00,9.50,1.58,T65790741,Counter iPad,,Payment,Eat in,,
2026-06-04,20:30:00,Europe/London,Mains,Hake,1,Regular,,22.00,0.00,22.00,3.67,T65790741,Counter iPad,,Payment,Eat in,,
2026-06-04,20:30:00,Europe/London,Desserts,Crème Brûlée,1,Regular,,7.50,0.00,7.50,1.25,T65790741,Counter iPad,,Payment,Eat in,,
2026-06-04,20:30:00,Europe/London,Mains,Lamb Rump,1,Regular,,26.00,0.00,26.00,4.33,T65790741,Counter iPad,,Payment,Eat in,,
2026-06-04,20:30:00,Europe/London,Starters,Mackerel Pate,1,Regular,,8.50,0.00,8.50,1.42,T65790741,Counter iPad,,Payment,Eat in,,
2026-06-04,20:30:00,Europe/London,Mains,Tidewater Burger,1,Regular,,16.50,0.00,16.50,2.75,T65790741,Counter iPad,,Payment,Takeaway,,
2026-06-04,20:30:00,Europe/London,Sides,Chips,1,Regular,,4.50,0.00,4.50,0.75,T65790741,Counter iPad,,Payment,Eat in,,
2026-06-04,20:30:00,Europe/London,Sides,Bread & Butter,1,Regular,,4.00,0.00,4.00,0.67,T65790741,Counter iPad,,Payment,Takeaway,,
2026-06-04,20:30:00,Europe/London,Drinks,Lager Pint,2,Regular,,12.40,0.00,12.40,2.07,T65790741,Counter iPad,,Payment,Eat in,,
2026-06-04,20:30:00,Europe/London,Drinks,House White 175ml,1,Regular,,7.00,0.00,7.00,1.17,T65790741,Counter iPad,,Payment,Eat in,,
2026-06-04,20:30:00,Europe/London,Drinks,Espresso,1,Regular,,2.80,0.00,2.80,0.47,T65790741,Counter iPad,,Payment,Eat in,,
2026-06-04,20:38:00,Europe/London,Mains,Tidewater Burger,1,Regular,,16.50,0.00,16.50,2.75,T29168867,Counter iPad,,Payment,Eat in,,
2026-06-04,20:38:00,Europe/London,Starters,Soup of the Day,3,Regular,,21.00,0.00,21.00,3.50,T29168867,Counter iPad,,Payment,Eat in,,
2026-06-04,20:38:00,Europe/London,Mains,Chicken Supreme,1,Regular,,19.00,0.00,19.00,3.17,T29168867,Counter iPad,,Payment,Eat in,,
2026-06-04,20:38:00,Europe/London,Sides,Chips,1,Regular,,4.50,0.00,4.50,0.75,T29168867,Counter iPad,,Payment,Eat in,,
2026-06-04,20:38:00,Europe/London,Mains,Fish & Chips,1,Regular,,17.50,0.00,17.50,2.92,T29168867,Counter iPad,,Payment,Eat in,,
2026-06-04,20:40:00,Europe/London,Mains,Fish & Chips,1,Regular,,0.00,0.00,0.00,0.00,T29168867,Counter iPad,wrong table,Void,Eat in,,
2026-06-04,20:38:00,Europe/London,Desserts,Sticky Toffee Pudding,1,Regular,,8.00,0.00,8.00,1.33,T29168867,Counter iPad,,Payment,Eat in,,
2026-06-04,20:38:00,Europe/London,Mains,Steak Frites,1,Regular,,24.00,0.00,24.00,4.00,T29168867,Counter iPad,,Payment,Eat in,,
2026-06-04,20:38:00,Europe/London,Sides,Bread & Butter,1,Regular,,4.00,0.00,4.00,0.67,T29168867,Counter iPad,,Payment,Eat in,,
2026-06-04,20:38:00,Europe/London,Drinks,Lager Pint,2,Regular,,12.40,0.00,12.40,2.07,T29168867,Counter iPad,,Payment,Eat in,,
2026-06-04,20:38:00,Europe/London,Drinks,House White 175ml,1,Regular,,7.00,0.00,7.00,1.17,T29168867,Counter iPad,,Payment,Eat in,,
2026-06-04,20:38:00,Europe/London,Drinks,Sparkling Water 750ml,1,Regular,,4.00,0.00,4.00,0.67,T29168867,Counter iPad,,Payment,Eat in,,
2026-06-04,20:38:00,Europe/London,Drinks,Espresso,3,Regular,,8.40,0.00,8.40,1.40,T29168867,Counter iPad,,Payment,Takeaway,,
2026-06-04,21:15:00,Europe/London,Kids,Kids Fish & Chips,1,Regular,,8.00,0.00,8.00,1.33,T33932183,Counter iPad,,Payment,Takeaway,,
2026-06-04,21:15:00,Europe/London,Kids,Kids Ice Cream,1,Regular,,3.50,0.00,3.50,0.58,T33932183,Counter iPad,,Payment,Eat in,,
2026-06-04,21:15:00,Europe/London,Mains,Fish & Chips,1,Regular,,17.50,-17.50,0.00,0.00,T33932183,Counter iPad,comp - long wait,Payment,Takeaway,,
2026-06-04,21:15:00,Europe/London,Sides,Truffle Fries,1,Regular,,6.00,0.00,6.00,1.00,T33932183,Counter iPad,,Payment,Eat in,,
2026-06-04,21:15:00,Europe/London,Desserts,Crème Brûlée,1,Regular,,7.50,0.00,7.50,1.25,T33932183,Counter iPad,,Payment,Eat in,,
2026-06-04,21:15:00,Europe/London,Mains,Hake,1,Regular,,22.00,0.00,22.00,3.67,T33932183,Counter iPad,,Payment,Eat in,,
2026-06-04,21:15:00,Europe/London,Desserts,Sticky Toffee Pudding,1,Regular,,8.00,0.00,8.00,1.33,T33932183,Counter iPad,,Payment,Takeaway,,
2026-06-04,21:15:00,Europe/London,Mains,Tidewater Burger,1,Regular,"Add Bacon, Add Cheese",16.50,0.00,16.50,2.75,T33932183,Counter iPad,,Payment,Takeaway,,
2026-06-04,21:15:00,Europe/London,Sides,Chips,1,Regular,,4.50,0.00,4.50,0.75,T33932183,Counter iPad,,Payment,Eat in,,
2026-06-04,21:15:00,Europe/London,Sides,Bread & Butter,1,Regular,,4.00,0.00,4.00,0.67,T33932183,Counter iPad,,Payment,Eat in,,
2026-06-04,21:15:00,Europe/London,Drinks,House Red 175ml,1,Regular,,7.00,0.00,7.00,1.17,T33932183,Counter iPad,,Payment,Takeaway,,
2026-06-04,21:15:00,Europe/London,Drinks,Coke,2,Regular,,6.00,0.00,6.00,1.00,T33932183,Counter iPad,,Payment,Eat in,,
2026-06-04,21:15:00,Europe/London,Drinks,Sparkling Water 750ml,1,Regular,,4.00,0.00,4.00,0.67,T33932183,Counter iPad,,Payment,Eat in,,
2026-06-04,22:11:00,Europe/London,Kids,Kids Fish & Chips,1,Regular,,8.00,0.00,8.00,1.33,T66409593,Counter iPad,,Payment,Eat in,,
2026-06-04,22:11:00,Europe/London,Kids,Kids Burger,1,Regular,,7.50,0.00,7.50,1.25,T66409593,Counter iPad,,Payment,Takeaway,,
2026-06-04,22:11:00,Europe/London,Mains,Fish & Chips,1,Small,,13.00,0.00,13.00,2.17,T66409593,Counter iPad,,Payment,Eat in,,
2026-06-04,22:11:00,Europe/London,Starters,Pork Belly Bites,1,Regular,,8.00,0.00,8.00,1.33,T66409593,Counter iPad,,Payment,Eat in,,
2026-06-04,22:11:00,Europe/London,Mains,Hake,1,Regular,,22.00,0.00,22.00,3.67,T66409593,Counter iPad,,Payment,Takeaway,,
2026-06-04,22:11:00,Europe/London,Sides,Bread & Butter,1,Regular,,4.00,0.00,4.00,0.67,T66409593,Counter iPad,,Payment,Takeaway,,
2026-06-04,22:11:00,Europe/London,Drinks,Lager Pint,2,Regular,,12.40,0.00,12.40,2.07,T66409593,Counter iPad,,Payment,Eat in,,
2026-06-04,22:11:00,Europe/London,Drinks,House White 175ml,2,Regular,,14.00,0.00,14.00,2.33,T66409593,Counter iPad,,Payment,Eat in,,
2026-06-04,22:11:00,Europe/London,Drinks,House Red 175ml,1,Regular,,7.00,0.00,7.00,1.17,T66409593,Counter iPad,,Payment,Eat in,,
2026-06-04,22:11:00,Europe/London,Drinks,Espresso,1,Regular,,2.80,0.00,2.80,0.47,T66409593,Counter iPad,,Payment,Takeaway,,
2026-06-04,22:14:00,Europe/London,Starters,Salt & Pepper Squid,2,Regular,,19.00,0.00,19.00,3.17,T34138770,Counter iPad,,Payment,Eat in,,
2026-06-04,22:14:00,Europe/London,Mains,Tidewater Burger,1,Regular,"Add Bacon, Add Cheese",16.50,0.00,16.50,2.75,T34138770,Counter iPad,,Payment,Eat in,,
2026-06-04,22:14:00,Europe/London,Mains,Fish & Chips,1,Regular,,17.50,0.00,17.50,2.92,T34138770,Counter iPad,,Payment,Eat in,,
2026-06-04,22:14:00,Europe/London,Starters,Rock Oysters,1,x6,,16.00,0.00,16.00,2.67,T34138770,Counter iPad,,Payment,Eat in,,
2026-06-04,22:14:00,Europe/London,Mains,Fish & Chips,1,Small,,13.00,0.00,13.00,2.17,T34138770,Counter iPad,,Payment,Eat in,,
2026-06-04,22:14:00,Europe/London,Desserts,Choc Tart,1,Regular,,8.00,0.00,8.00,1.33,T34138770,Counter iPad,,Payment,Eat in,,
2026-06-04,22:14:00,Europe/London,Starters,Pork Belly Bites,1,Regular,,8.00,0.00,8.00,1.33,T34138770,Counter iPad,,Payment,Eat in,,
2026-06-04,22:14:00,Europe/London,Mains,Steak Frites,1,Regular,,24.00,0.00,24.00,4.00,T34138770,Counter iPad,,Payment,Takeaway,,
2026-06-04,22:14:00,Europe/London,Sides,Peppercorn Sauce,1,Regular,,3.00,0.00,3.00,0.50,T34138770,Counter iPad,,Payment,Eat in,,
2026-06-04,22:14:00,Europe/London,Drinks,Lager Pint,2,Regular,,12.40,0.00,12.40,2.07,T34138770,Counter iPad,,Payment,Takeaway,,
2026-06-04,22:14:00,Europe/London,Drinks,House White 175ml,1,Regular,,7.00,0.00,7.00,1.17,T34138770,Counter iPad,,Payment,Takeaway,,
2026-06-04,22:14:00,Europe/London,Drinks,House Red 175ml,1,Regular,,7.00,0.00,7.00,1.17,T34138770,Counter iPad,,Payment,Takeaway,,
2026-06-04,22:14:00,Europe/London,Drinks,Coke,2,Regular,,6.00,0.00,6.00,1.00,T34138770,Counter iPad,,Payment,Eat in,,
2026-06-04,22:14:00,Europe/London,Drinks,Flat White,2,Regular,,6.80,0.00,6.80,1.13,T34138770,Counter iPad,,Payment,Eat in,,
2026-06-05,12:31:00,Europe/London,Mains,Mushroom Risotto,1,Regular,,15.00,0.00,15.00,2.50,T23197403,Counter iPad,,Payment,Takeaway,,
2026-06-05,12:31:00,Europe/London,Desserts,Crème Brûlée,1,Regular,,7.50,0.00,7.50,1.25,T23197403,Counter iPad,,Payment,Takeaway,,
2026-06-05,12:31:00,Europe/London,Starters,Soup of the Day,1,Regular,,7.00,0.00,7.00,1.17,T23197403,Counter iPad,,Payment,Eat in,,
2026-06-05,12:31:00,Europe/London,Mains,Fish & Chips,1,Small,,13.00,0.00,13.00,2.17,T23197403,Counter iPad,,Payment,Eat in,,
2026-06-05,12:31:00,Europe/London,Sides,Bread & Butter,1,Regular,,4.00,0.00,4.00,0.67,T23197403,Counter iPad,,Payment,Eat in,,
2026-06-05,12:31:00,Europe/London,Drinks,House White 175ml,1,Regular,,7.00,0.00,7.00,1.17,T23197403,Counter iPad,,Payment,Eat in,,
2026-06-05,12:31:00,Europe/London,Starters,Salt & Pepper Squid,1,Regular,,9.50,0.00,9.50,1.58,T20110191,Counter iPad,,Payment,Eat in,,
2026-06-05,12:31:00,Europe/London,Mains,SPECIAL - Crab Linguine,1,Regular,,18.00,0.00,18.00,3.00,T20110191,Counter iPad,,Payment,Takeaway,,
2026-06-05,12:31:00,Europe/London,Set Menu,Set Lunch - 2 Courses,1,Regular,"Soup of the Day, Mushroom Risotto",20.00,0.00,20.00,3.33,T20110191,Counter iPad,,Payment,Takeaway,,
2026-06-05,12:31:00,Europe/London,Drinks,House Red 175ml,1,Regular,,7.00,0.00,7.00,1.17,T20110191,Counter iPad,,Payment,Eat in,,
2026-06-05,12:31:00,Europe/London,Drinks,Flat White,2,Regular,,6.80,0.00,6.80,1.13,T20110191,Counter iPad,,Payment,Eat in,,
2026-06-05,12:40:00,Europe/London,Kids,Kids Fish & Chips,1,Regular,,8.00,0.00,8.00,1.33,T54477575,Bar iPad,,Payment,Eat in,,
2026-06-05,12:40:00,Europe/London,Kids,Kids Ice Cream,1,Regular,,3.50,0.00,3.50,0.58,T54477575,Bar iPad,,Payment,Eat in,,
2026-06-05,12:40:00,Europe/London,Mains,Burger,3,Regular,Add Bacon,49.50,0.00,49.50,8.25,T54477575,Bar iPad,,Payment,Eat in,,
2026-06-05,12:40:00,Europe/London,Desserts,Creme Brulee,1,Regular,,7.50,0.00,7.50,1.25,T54477575,Bar iPad,,Payment,Eat in,,
2026-06-05,12:40:00,Europe/London,Starters,Soup of the Day,1,Regular,,7.00,0.00,7.00,1.17,T54477575,Bar iPad,,Payment,Eat in,,
2026-06-05,12:40:00,Europe/London,Sides,Truffle Fries,1,Regular,,6.00,0.00,6.00,1.00,T54477575,Bar iPad,,Payment,Takeaway,,
2026-06-05,12:40:00,Europe/London,Desserts,Sticky Toffee Pudding,1,Regular,,8.00,0.00,8.00,1.33,T54477575,Bar iPad,,Payment,Eat in,,
2026-06-05,12:40:00,Europe/London,Sides,Bread & Butter,1,Regular,,4.00,0.00,4.00,0.67,T54477575,Bar iPad,,Payment,Eat in,,
2026-06-05,12:40:00,Europe/London,Drinks,Lager Pint,2,Regular,,12.40,0.00,12.40,2.07,T54477575,Bar iPad,,Payment,Takeaway,,
2026-06-05,12:40:00,Europe/London,Drinks,House Red 175ml,2,Regular,,14.00,0.00,14.00,2.33,T54477575,Bar iPad,,Payment,Takeaway,,
2026-06-05,12:40:00,Europe/London,Drinks,Coke,1,Regular,,3.00,0.00,3.00,0.50,T54477575,Bar iPad,,Payment,Eat in,,
2026-06-05,12:40:00,Europe/London,Drinks,Espresso,1,Regular,,2.80,0.00,2.80,0.47,T54477575,Bar iPad,,Payment,Takeaway,,
2026-06-05,13:06:00,Europe/London,Starters,Salt & Pepper Squid,2,Regular,,19.00,0.00,19.00,3.17,T48678474,Counter iPad,,Payment,Takeaway,,
2026-06-05,13:06:00,Europe/London,Mains,Lamb Rump,1,Regular,,26.00,0.00,26.00,4.33,T48678474,Counter iPad,,Payment,Eat in,,
2026-06-05,13:06:00,Europe/London,Desserts,Sticky Toffee Pudding,1,Regular,,8.00,0.00,8.00,1.33,T48678474,Counter iPad,,Payment,Eat in,,
2026-06-05,13:06:00,Europe/London,Mains,Tidewater Burger,1,Regular,,16.50,0.00,16.50,2.75,T48678474,Counter iPad,,Payment,Eat in,,
2026-06-05,13:06:00,Europe/London,Sides,Tenderstem,1,Regular,,5.00,0.00,5.00,0.83,T48678474,Counter iPad,,Payment,Takeaway,,
2026-06-05,13:06:00,Europe/London,Desserts,Crème Brûlée,1,Regular,,7.50,0.00,7.50,1.25,T48678474,Counter iPad,,Payment,Takeaway,,
2026-06-05,13:06:00,Europe/London,Sides,Bread & Butter,1,Regular,,4.00,0.00,4.00,0.67,T48678474,Counter iPad,,Payment,Eat in,,
2026-06-05,13:06:00,Europe/London,Drinks,Espresso,2,Regular,,5.60,0.00,5.60,0.93,T48678474,Counter iPad,,Payment,Eat in,,
2026-06-05,14:15:00,Europe/London,Mains,Fish & Chips,1,Small,,13.00,0.00,13.00,2.17,T55565815,Counter iPad,,Payment,Eat in,,
2026-06-05,14:15:00,Europe/London,Set Menu,Set Lunch - 2 Courses,1,Regular,"Mackerel Pate, Fish & Chips (Small)",20.00,0.00,20.00,3.33,T55565815,Counter iPad,,Payment,Eat in,,
2026-06-05,14:15:00,Europe/London,Drinks,Sparkling Water 750ml,1,Regular,,4.00,0.00,4.00,0.67,T55565815,Counter iPad,,Payment,Takeaway,,
2026-06-05,14:48:00,Europe/London,Kids,Kids Fish & Chips,1,Regular,,8.00,0.00,8.00,1.33,T76114069,Counter iPad,,Payment,Eat in,,
2026-06-05,14:48:00,Europe/London,Kids,Kids Ice Cream,1,Regular,,3.50,0.00,3.50,0.58,T76114069,Counter iPad,,Payment,Eat in,,
2026-06-05,14:48:00,Europe/London,Starters,Soup of the Day,1,Regular,,7.00,0.00,7.00,1.17,T76114069,Counter iPad,,Payment,Eat in,,
2026-06-05,14:48:00,Europe/London,Set Menu,Set Lunch - 2 Courses,1,Regular,"Mackerel Pate, Fish & Chips (Small)",20.00,0.00,20.00,3.33,T76114069,Counter iPad,,Payment,Eat in,,
2026-06-05,14:48:00,Europe/London,Mains,Fish & Chips,1,Regular,,17.50,0.00,17.50,2.92,T76114069,Counter iPad,,Payment,Eat in,,
2026-06-05,14:48:00,Europe/London,Drinks,Lager Pint,2,Regular,,12.40,0.00,12.40,2.07,T76114069,Counter iPad,,Payment,Takeaway,,
2026-06-05,14:48:00,Europe/London,Drinks,House Red 175ml,2,Regular,,14.00,0.00,14.00,2.33,T76114069,Counter iPad,,Payment,Eat in,,
2026-06-05,14:48:00,Europe/London,Drinks,Sparkling Water 750ml,2,Regular,,8.00,0.00,8.00,1.33,T76114069,Counter iPad,,Payment,Eat in,,
2026-06-05,14:48:00,Europe/London,Drinks,Espresso,1,Regular,,2.80,0.00,2.80,0.47,T76114069,Counter iPad,,Payment,Takeaway,,
2026-06-05,18:28:00,Europe/London,Starters,Pork Belly Bites,1,Regular,,8.00,0.00,8.00,1.33,T38362138,Counter iPad,,Payment,Eat in,,
2026-06-05,19:08:00,Europe/London,Starters,Pork Belly Bites,1,Regular,,-8.00,0.00,-8.00,-1.33,T38362138,Counter iPad,sent back,Refund,Eat in,,
2026-06-05,18:28:00,Europe/London,Starters,Rock Oysters,1,x6,,16.00,0.00,16.00,2.67,T38362138,Counter iPad,,Payment,Eat in,,
2026-06-05,18:28:00,Europe/London,Mains,Chicken Supreme,2,Regular,,38.00,0.00,38.00,6.33,T38362138,Counter iPad,,Payment,Eat in,,
2026-06-05,18:28:00,Europe/London,Mains,Fish & Chips,1,Regular,,17.50,0.00,17.50,2.92,T38362138,Counter iPad,,Payment,Takeaway,,
2026-06-05,18:28:00,Europe/London,Mains,Tidewater Burger,1,Regular,,16.50,0.00,16.50,2.75,T38362138,Counter iPad,,Payment,Eat in,,
2026-06-05,18:28:00,Europe/London,Starters,Soup of the Day,1,Regular,,7.00,0.00,7.00,1.17,T38362138,Counter iPad,,Payment,Eat in,,
2026-06-05,18:28:00,Europe/London,Mains,Mushroom Risotto,1,Regular,,15.00,0.00,15.00,2.50,T38362138,Counter iPad,,Payment,Takeaway,,
2026-06-05,18:28:00,Europe/London,Sides,Chips,1,Regular,,4.50,0.00,4.50,0.75,T38362138,Counter iPad,,Payment,Eat in,,
2026-06-05,18:28:00,Europe/London,Drinks,Lager Pint,4,Regular,,24.80,0.00,24.80,4.13,T38362138,Counter iPad,,Payment,Eat in,,
2026-06-05,18:28:00,Europe/London,Drinks,House White 175ml,1,Regular,,7.00,0.00,7.00,1.17,T38362138,Counter iPad,,Payment,Eat in,,
2026-06-05,18:28:00,Europe/London,Drinks,House Red 175ml,1,Regular,,7.00,0.00,7.00,1.17,T38362138,Counter iPad,,Payment,Takeaway,,
2026-06-05,18:28:00,Europe/London,Drinks,Coke,1,Regular,,3.00,0.00,3.00,0.50,T38362138,Counter iPad,,Payment,Eat in,,
2026-06-05,18:28:00,Europe/London,Drinks,Espresso,1,Regular,,2.80,0.00,2.80,0.47,T38362138,Counter iPad,,Payment,Takeaway,,
2026-06-05,18:28:00,Europe/London,Drinks,Flat White,1,Regular,,3.40,0.00,3.40,0.57,T38362138,Counter iPad,,Payment,Eat in,,
2026-06-05,18:57:00,Europe/London,Mains,Lamb Rump,1,Regular,,26.00,0.00,26.00,4.33,T42786181,Counter iPad,,Payment,Eat in,,
2026-06-05,18:57:00,Europe/London,Sides,House Salad,1,Regular,,4.50,0.00,4.50,0.75,T42786181,Counter iPad,,Payment,Eat in,,
2026-06-05,19:47:00,Europe/London,Mains,Steak Frites,1,Regular,,24.00,0.00,24.00,4.00,T39446660,Counter iPad,,Payment,Eat in,,
2026-06-05,19:47:00,Europe/London,Mains,Fish & Chips,1,Regular,,17.50,0.00,17.50,2.92,T39446660,Counter iPad,,Payment,Eat in,,
2026-06-05,19:47:00,Europe/London,Sides,Chips,1,Regular,,4.50,0.00,4.50,0.75,T39446660,Counter iPad,,Payment,Eat in,,
2026-06-05,19:47:00,Europe/London,Desserts,Affogato,1,Regular,,6.00,0.00,6.00,1.00,T39446660,Counter iPad,,Payment,Takeaway,,
2026-06-05,19:47:00,Europe/London,Drinks,Coke,1,Regular,,3.00,0.00,3.00,0.50,T39446660,Counter iPad,,Payment,Eat in,,
2026-06-05,20:27:00,Europe/London,Drinks,Coke,1,Regular,,-3.00,0.00,-3.00,-0.50,T39446660,Counter iPad,sent back,Refund,Eat in,,
2026-06-05,19:56:00,Europe/London,Mains,Mushroom Risotto,1,Regular,,15.00,0.00,15.00,2.50,T30156363,Counter iPad,,Payment,Eat in,,
2026-06-05,19:56:00,Europe/London,Sides,Tenderstem,2,Regular,,10.00,0.00,10.00,1.67,T30156363,Counter iPad,,Payment,Eat in,,
2026-06-05,19:56:00,Europe/London,Mains,Chicken Supreme,1,Regular,,19.00,0.00,19.00,3.17,T30156363,Counter iPad,,Payment,Eat in,,
2026-06-05,19:56:00,Europe/London,Starters,Pork Belly Bites,1,Regular,,8.00,0.00,8.00,1.33,T30156363,Counter iPad,,Payment,Eat in,,
2026-06-05,19:56:00,Europe/London,Mains,Fish & Chips,1,Regular,,17.50,0.00,17.50,2.92,T30156363,Counter iPad,,Payment,Eat in,,
2026-06-05,19:56:00,Europe/London,Desserts,Choc Tart,1,Regular,,8.00,0.00,8.00,1.33,T30156363,Counter iPad,,Payment,Eat in,,
2026-06-05,19:56:00,Europe/London,Starters,Soup of the Day,1,Regular,,7.00,-7.00,0.00,0.00,T30156363,Counter iPad,comp - long wait,Payment,Eat in,,
2026-06-05,19:56:00,Europe/London,Desserts,Sticky Toffee Pudding,2,Regular,,16.00,0.00,16.00,2.67,T30156363,Counter iPad,,Payment,Takeaway,,
2026-06-05,19:56:00,Europe/London,Mains,Steak Frites,1,Regular,,24.00,0.00,24.00,4.00,T30156363,Counter iPad,,Payment,Eat in,,
2026-06-05,19:56:00,Europe/London,Sides,Chips,1,Regular,,4.50,0.00,4.50,0.75,T30156363,Counter iPad,,Payment,Eat in,,
2026-06-05,19:56:00,Europe/London,Drinks,Lager Pint,3,Regular,,18.60,0.00,18.60,3.10,T30156363,Counter iPad,,Payment,Takeaway,,
2026-06-05,19:56:00,Europe/London,Drinks,House White 175ml,2,Regular,,14.00,0.00,14.00,2.33,T30156363,Counter iPad,,Payment,Eat in,,
2026-06-05,19:56:00,Europe/London,Drinks,Coke,2,Regular,,6.00,0.00,6.00,1.00,T30156363,Counter iPad,,Payment,Takeaway,,
2026-06-05,19:56:00,Europe/London,Drinks,Espresso,1,Regular,,2.80,0.00,2.80,0.47,T30156363,Counter iPad,,Payment,Eat in,,
2026-06-05,20:12:00,Europe/London,Starters,Salt & Pepper Squid,2,Regular,,19.00,0.00,19.00,3.17,T43795120,Counter iPad,,Payment,Eat in,,
2026-06-05,20:12:00,Europe/London,Mains,Tidewater Burger,1,Regular,,16.50,0.00,16.50,2.75,T43795120,Counter iPad,,Payment,Eat in,,
2026-06-05,20:12:00,Europe/London,Sides,Chips,1,Regular,,4.50,0.00,4.50,0.75,T43795120,Counter iPad,,Payment,Eat in,,
2026-06-05,20:12:00,Europe/London,Desserts,Sticky Toffee Pudding,1,Regular,,8.00,0.00,8.00,1.33,T43795120,Counter iPad,,Payment,Eat in,,
2026-06-05,20:12:00,Europe/London,Mains,Lemon Sole (MP),1,Regular,,26.00,0.00,26.00,4.33,T43795120,Counter iPad,,Payment,Takeaway,,
2026-06-05,20:12:00,Europe/London,Desserts,Crème Brûlée,1,Regular,,7.50,0.00,7.50,1.25,T43795120,Counter iPad,,Payment,Eat in,,
2026-06-05,20:12:00,Europe/London,Drinks,Lager Pint,1,Regular,,6.20,0.00,6.20,1.03,T43795120,Counter iPad,,Payment,Eat in,,
2026-06-05,20:12:00,Europe/London,Drinks,House White 175ml,1,Regular,,7.00,0.00,7.00,1.17,T43795120,Counter iPad,,Payment,Eat in,,
2026-06-05,20:12:00,Europe/London,Drinks,Coke,1,Regular,,3.00,0.00,3.00,0.50,T43795120,Counter iPad,,Payment,Eat in,,
2026-06-05,20:12:00,Europe/London,Drinks,Espresso,1,Regular,,2.80,0.00,2.80,0.47,T43795120,Counter iPad,,Payment,Eat in,,
2026-06-05,20:12:00,Europe/London,Drinks,Flat White,1,Regular,,3.40,0.00,3.40,0.57,T43795120,Counter iPad,,Payment,Eat in,,
2026-06-05,20:13:00,Europe/London,Starters,Pork Belly Bites,1,Regular,,8.00,0.00,8.00,1.33,T44835749,Counter iPad,,Payment,Eat in,,
2026-06-05,20:13:00,Europe/London,Mains,SPECIAL - Crab Linguine,1,Regular,,18.00,0.00,18.00,3.00,T44835749,Counter iPad,,Payment,Eat in,,
2026-06-05,20:13:00,Europe/London,Desserts,Crème Brûlée,1,Regular,,7.50,0.00,7.50,1.25,T44835749,Counter iPad,,Payment,Eat in,,
2026-06-05,20:13:00,Europe/London,Mains,Mushroom Risotto,1,Regular,,15.00,0.00,15.00,2.50,T44835749,Counter iPad,,Payment,Eat in,,
2026-06-05,20:13:00,Europe/London,Sides,Chips,1,Regular,,4.50,0.00,4.50,0.75,T44835749,Counter iPad,,Payment,Eat in,,
2026-06-05,20:13:00,Europe/London,Sides,Bread & Butter,1,Regular,,4.00,0.00,4.00,0.67,T44835749,Counter iPad,,Payment,Takeaway,,
2026-06-05,20:13:00,Europe/London,Drinks,Lager Pint,1,Regular,,6.20,0.00,6.20,1.03,T44835749,Counter iPad,,Payment,Eat in,,
2026-06-05,20:13:00,Europe/London,Drinks,House White 175ml,1,Regular,,7.00,0.00,7.00,1.17,T44835749,Counter iPad,,Payment,Eat in,,
2026-06-05,20:13:00,Europe/London,Drinks,House Red 175ml,1,Regular,,7.00,0.00,7.00,1.17,T44835749,Counter iPad,,Payment,Takeaway,,
2026-06-05,20:13:00,Europe/London,Drinks,Sparkling Water 750ml,1,Regular,,4.00,0.00,4.00,0.67,T44835749,Counter iPad,,Payment,Eat in,,
2026-06-05,21:43:00,Europe/London,Mains,Steak Frites,1,Regular,,24.00,0.00,24.00,4.00,T33905524,Counter iPad,,Payment,Takeaway,,
2026-06-05,21:43:00,Europe/London,Starters,Soup of the Day,1,Regular,,7.00,0.00,7.00,1.17,T33905524,Counter iPad,,Payment,Eat in,,
2026-06-05,22:23:00,Europe/London,Starters,Soup of the Day,1,Regular,,-7.00,0.00,-7.00,-1.17,T33905524,Counter iPad,sent back,Refund,Eat in,,
2026-06-05,21:43:00,Europe/London,Mains,Fish & Chips,1,Regular,,17.50,0.00,17.50,2.92,T33905524,Counter iPad,,Payment,Eat in,,
2026-06-05,21:43:00,Europe/London,Mains,Tidewater Burger,1,Regular,Add Bacon,16.50,0.00,16.50,2.75,T33905524,Counter iPad,,Payment,Eat in,,
2026-06-05,21:43:00,Europe/London,Sides,Chips,1,Regular,,4.50,0.00,4.50,0.75,T33905524,Counter iPad,,Payment,Eat in,,
2026-06-05,21:43:00,Europe/London,Desserts,Sticky Toffee Pudding,1,Regular,,8.00,0.00,8.00,1.33,T33905524,Counter iPad,,Payment,Eat in,,
2026-06-05,21:43:00,Europe/London,Sides,Bread & Butter,1,Regular,,4.00,0.00,4.00,0.67,T33905524,Counter iPad,,Payment,Eat in,,
2026-06-05,21:43:00,Europe/London,Drinks,House White 175ml,2,Regular,,14.00,0.00,14.00,2.33,T33905524,Counter iPad,,Payment,Eat in,,
2026-06-05,21:43:00,Europe/London,Drinks,House Red 175ml,1,Regular,,7.00,0.00,7.00,1.17,T33905524,Counter iPad,,Payment,Eat in,,
2026-06-05,21:43:00,Europe/London,Drinks,Coke,1,Regular,,3.00,0.00,3.00,0.50,T33905524,Counter iPad,,Payment,Eat in,,
2026-06-05,21:58:00,Europe/London,Starters,Salt & Pepper Squid,2,Regular,,19.00,0.00,19.00,3.17,T21690810,Counter iPad,,Payment,Eat in,,
2026-06-05,21:58:00,Europe/London,Mains,Hake,2,Regular,,44.00,0.00,44.00,7.33,T21690810,Counter iPad,,Payment,Takeaway,,
2026-06-05,21:58:00,Europe/London,Sides,Tenderstem,1,Regular,,5.00,0.00,5.00,0.83,T21690810,Counter iPad,,Payment,Takeaway,,
2026-06-05,21:58:00,Europe/London,Desserts,Choc Tart,1,Regular,,8.00,0.00,8.00,1.33,T21690810,Counter iPad,,Payment,Eat in,,
2026-06-05,21:58:00,Europe/London,Starters,Burrata,2,Regular,,20.00,0.00,20.00,3.33,T21690810,Counter iPad,,Payment,Eat in,,
2026-06-05,21:58:00,Europe/London,Mains,Fish & Chips,2,Regular,,35.00,0.00,35.00,5.83,T21690810,Counter iPad,,Payment,Eat in,,
2026-06-05,21:58:00,Europe/London,Drinks,House White 175ml,2,Regular,,14.00,0.00,14.00,2.33,T21690810,Counter iPad,,Payment,Eat in,,
2026-06-05,21:58:00,Europe/London,Drinks,Coke,1,Regular,,3.00,0.00,3.00,0.50,T21690810,Counter iPad,,Payment,Eat in,,
2026-06-05,21:58:00,Europe/London,Drinks,Flat White,2,Regular,,6.80,0.00,6.80,1.13,T21690810,Counter iPad,,Payment,Eat in,,
2026-06-05,22:06:00,Europe/London,Starters,Rock Oysters,1,x6,,16.00,0.00,16.00,2.67,T81745057,Counter iPad,,Payment,Eat in,,
2026-06-05,22:06:00,Europe/London,Mains,Fish & Chips,1,Regular,,17.50,0.00,17.50,2.92,T81745057,Counter iPad,,Payment,Eat in,,
2026-06-05,22:06:00,Europe/London,Mains,Hake,1,Regular,,22.00,0.00,22.00,3.67,T81745057,Counter iPad,,Payment,Takeaway,,
2026-06-05,22:06:00,Europe/London,Sides,Chips,1,Regular,,4.50,0.00,4.50,0.75,T81745057,Counter iPad,,Payment,Eat in,,
2026-06-05,22:06:00,Europe/London,Sides,Bread & Butter,1,Regular,,4.00,0.00,4.00,0.67,T81745057,Counter iPad,,Payment,Eat in,,
2026-06-05,22:06:00,Europe/London,Drinks,Lager Pint,1,Regular,,6.20,0.00,6.20,1.03,T81745057,Counter iPad,,Payment,Eat in,,
2026-06-05,22:06:00,Europe/London,Drinks,House White 175ml,1,Regular,,7.00,0.00,7.00,1.17,T81745057,Counter iPad,,Payment,Eat in,,
2026-06-05,22:06:00,Europe/London,Drinks,House Red 175ml,1,Regular,,7.00,0.00,7.00,1.17,T81745057,Counter iPad,,Payment,Eat in,,
2026-06-05,22:06:00,Europe/London,Drinks,Espresso,1,Regular,,2.80,0.00,2.80,0.47,T81745057,Counter iPad,,Payment,Eat in,,
2026-06-05,22:14:00,Europe/London,Starters,Pork Belly Bites,1,Regular,,8.00,0.00,8.00,1.33,T13976882,Bar iPad,,Payment,Eat in,,
2026-06-05,22:14:00,Europe/London,Mains,Burger,2,Regular,Add Cheese,33.00,0.00,33.00,5.50,T13976882,Bar iPad,,Payment,Eat in,,
2026-06-05,22:14:00,Europe/London,Mains,Fish & Chips,2,Regular,,35.00,0.00,35.00,5.83,T13976882,Bar iPad,,Payment,Takeaway,,
2026-06-05,22:14:00,Europe/London,Sides,Tenderstem,1,Regular,,5.00,0.00,5.00,0.83,T13976882,Bar iPad,,Payment,Eat in,,
2026-06-05,22:14:00,Europe/London,Sides,Fries,1,Regular,,4.50,0.00,4.50,0.75,T13976882,Bar iPad,,Payment,Eat in,,
2026-06-05,22:14:00,Europe/London,Mains,Fish & Chips,1,Small,,13.00,0.00,13.00,2.17,T13976882,Bar iPad,,Payment,Eat in,,
2026-06-05,22:14:00,Europe/London,Desserts,Cheeseboard,1,3,,11.00,0.00,11.00,1.83,T13976882,Bar iPad,,Payment,Takeaway,,
2026-06-05,22:14:00,Europe/London,Sides,Bread & Butter,1,Regular,,4.00,0.00,4.00,0.67,T13976882,Bar iPad,,Payment,Eat in,,
2026-06-05,22:14:00,Europe/London,Drinks,House White 175ml,1,Regular,,7.00,0.00,7.00,1.17,T13976882,Bar iPad,,Payment,Eat in,,
2026-06-05,22:14:00,Europe/London,Drinks,House Red 175ml,3,Regular,,21.00,0.00,21.00,3.50,T13976882,Bar iPad,,Payment,Eat in,,
2026-06-05,22:14:00,Europe/London,Drinks,Coke,1,Regular,,3.00,0.00,3.00,0.50,T13976882,Bar iPad,,Payment,Eat in,,
2026-06-05,22:14:00,Europe/London,Drinks,Espresso,1,Regular,,2.80,0.00,2.80,0.47,T13976882,Bar iPad,,Payment,Takeaway,,
2026-06-05,23:29:00,Europe/London,Kids,Kids Burger,1,Regular,,7.50,0.00,7.50,1.25,T40138383,Counter iPad,Table 5 - call 07700 900548 when ready,Payment,Eat in,,
2026-06-05,23:29:00,Europe/London,Kids,Kids Ice Cream,1,Regular,,3.50,0.00,3.50,0.58,T40138383,Counter iPad,Table 5 - call 07700 900548 when ready,Payment,Eat in,,
2026-06-05,23:29:00,Europe/London,Mains,SPECIAL - Crab Linguine,1,Regular,,18.00,0.00,18.00,3.00,T40138383,Counter iPad,Table 5 - call 07700 900548 when ready,Payment,Eat in,,
2026-06-05,23:29:00,Europe/London,Desserts,Sticky Toffee Pudding,1,Regular,,8.00,0.00,8.00,1.33,T40138383,Counter iPad,Table 5 - call 07700 900548 when ready,Payment,Eat in,,
2026-06-05,23:29:00,Europe/London,Mains,Mushroom Risotto,1,Regular,,15.00,0.00,15.00,2.50,T40138383,Counter iPad,Table 5 - call 07700 900548 when ready,Payment,Eat in,,
2026-06-05,23:29:00,Europe/London,Sides,Tenderstem,1,Regular,,5.00,0.00,5.00,0.83,T40138383,Counter iPad,Table 5 - call 07700 900548 when ready,Payment,Takeaway,,
2026-06-05,23:29:00,Europe/London,Desserts,Choc Tart,1,Regular,,8.00,0.00,8.00,1.33,T40138383,Counter iPad,Table 5 - call 07700 900548 when ready,Payment,Eat in,,
2026-06-05,23:29:00,Europe/London,Sides,Bread & Butter,1,Regular,,4.00,0.00,4.00,0.67,T40138383,Counter iPad,Table 5 - call 07700 900548 when ready,Payment,Eat in,,
2026-06-05,23:29:00,Europe/London,Drinks,Lager Pint,2,Regular,,12.40,0.00,12.40,2.07,T40138383,Counter iPad,Table 5 - call 07700 900548 when ready,Payment,Takeaway,,
2026-06-05,23:29:00,Europe/London,Drinks,House White 175ml,1,Regular,,7.00,0.00,7.00,1.17,T40138383,Counter iPad,Table 5 - call 07700 900548 when ready,Payment,Eat in,,
2026-06-05,23:29:00,Europe/London,Drinks,House Red 175ml,1,Regular,,7.00,0.00,7.00,1.17,T40138383,Counter iPad,Table 5 - call 07700 900548 when ready,Payment,Eat in,,
2026-06-05,23:29:00,Europe/London,Drinks,Coke,1,Regular,,3.00,0.00,3.00,0.50,T40138383,Counter iPad,Table 5 - call 07700 900548 when ready,Payment,Eat in,,
2026-06-05,00:09:00,Europe/London,Drinks,Coke,1,Regular,,-3.00,0.00,-3.00,-0.50,T40138383,Counter iPad,sent back,Refund,Eat in,,
2026-06-05,23:29:00,Europe/London,Drinks,Espresso,1,Regular,,2.80,0.00,2.80,0.47,T40138383,Counter iPad,Table 5 - call 07700 900548 when ready,Payment,Eat in,,
2026-06-05,23:29:00,Europe/London,Drinks,Flat White,1,Regular,,3.40,0.00,3.40,0.57,T40138383,Counter iPad,Table 5 - call 07700 900548 when ready,Payment,Eat in,,
2026-06-05,23:39:00,Europe/London,Starters,Rock Oysters,1,x6,,16.00,0.00,16.00,2.67,T53926628,Counter iPad,,Payment,Takeaway,C103,Sample Customer 103
2026-06-05,23:39:00,Europe/London,Mains,Tidewater Burger,1,Regular,"Add Bacon, Add Cheese",16.50,0.00,16.50,2.75,T53926628,Counter iPad,,Payment,Takeaway,C103,Sample Customer 103
2026-06-05,23:39:00,Europe/London,Sides,Chips,2,Regular,,9.00,0.00,9.00,1.50,T53926628,Counter iPad,,Payment,Eat in,C103,Sample Customer 103
2026-06-05,23:39:00,Europe/London,Mains,Mushroom Risotto,1,Regular,,15.00,0.00,15.00,2.50,T53926628,Counter iPad,,Payment,Eat in,C103,Sample Customer 103
2026-06-05,23:39:00,Europe/London,Starters,Pork Belly Bites,1,Regular,,8.00,0.00,8.00,1.33,T53926628,Counter iPad,,Payment,Eat in,C103,Sample Customer 103
2026-06-05,23:39:00,Europe/London,Mains,Steak Frites,1,Regular,,24.00,0.00,24.00,4.00,T53926628,Counter iPad,,Payment,Eat in,C103,Sample Customer 103
2026-06-05,23:39:00,Europe/London,Sides,Bread & Butter,1,Regular,,4.00,0.00,4.00,0.67,T53926628,Counter iPad,,Payment,Eat in,C103,Sample Customer 103
2026-06-05,23:39:00,Europe/London,Drinks,Lager Pint,2,Regular,,12.40,0.00,12.40,2.07,T53926628,Counter iPad,,Payment,Eat in,C103,Sample Customer 103
2026-06-05,23:39:00,Europe/London,Drinks,House White 175ml,2,Regular,,14.00,0.00,14.00,2.33,T53926628,Counter iPad,,Payment,Eat in,C103,Sample Customer 103
2026-06-05,23:39:00,Europe/London,Drinks,Coke,1,Regular,,3.00,0.00,3.00,0.50,T53926628,Counter iPad,,Payment,Eat in,C103,Sample Customer 103
2026-06-05,23:39:00,Europe/London,Drinks,Sparkling Water 750ml,1,Regular,,4.00,0.00,4.00,0.67,T53926628,Counter iPad,,Payment,Eat in,C103,Sample Customer 103
2026-06-05,23:39:00,Europe/London,Drinks,Espresso,1,Regular,,2.80,0.00,2.80,0.47,T53926628,Counter iPad,,Payment,Eat in,C103,Sample Customer 103
2026-06-05,23:50:00,Europe/London,Starters,Salt & Pepper Squid,1,Regular,,9.50,0.00,9.50,1.58,T90561183,Bar iPad,,Payment,Eat in,,
2026-06-05,23:50:00,Europe/London,Mains,Fish & Chips,1,Regular,,17.50,0.00,17.50,2.92,T90561183,Bar iPad,,Payment,Takeaway,,
2026-06-05,23:50:00,Europe/London,Mains,Hake,1,Regular,,22.00,0.00,22.00,3.67,T90561183,Bar iPad,,Payment,Takeaway,,
2026-06-05,23:50:00,Europe/London,Sides,House Salad,1,Regular,,4.50,0.00,4.50,0.75,T90561183,Bar iPad,,Payment,Takeaway,,
2026-06-05,23:50:00,Europe/London,Desserts,Sticky Toffee Pudding,1,Regular,,8.00,0.00,8.00,1.33,T90561183,Bar iPad,,Payment,Eat in,,
2026-06-05,23:50:00,Europe/London,Drinks,Lager Pint,2,Regular,,12.40,0.00,12.40,2.07,T90561183,Bar iPad,,Payment,Eat in,,
2026-06-05,23:50:00,Europe/London,Drinks,Coke,1,Regular,,3.00,0.00,3.00,0.50,T90561183,Bar iPad,,Payment,Eat in,,
2026-06-05,23:50:00,Europe/London,Drinks,Espresso,1,Regular,,2.80,0.00,2.80,0.47,T90561183,Bar iPad,,Payment,Eat in,,
2026-06-05,16:30:00,Europe/London,Other,Staff Meal,1,Regular,Burger,10.00,-10.00,0.00,0.00,T58614965,Counter iPad,,Payment,Eat in,,
2026-06-06,12:04:00,Europe/London,Mains,SPECIAL - Crab Linguine,1,Regular,,18.00,0.00,18.00,3.00,T53565807,Counter iPad,,Payment,Eat in,,
2026-06-06,12:04:00,Europe/London,Mains,Lamb Rump,1,Regular,,26.00,0.00,26.00,4.33,T53565807,Counter iPad,,Payment,Eat in,,
2026-06-06,12:04:00,Europe/London,Sides,Chips,1,Regular,,4.50,0.00,4.50,0.75,T53565807,Counter iPad,,Payment,Takeaway,,
2026-06-06,12:04:00,Europe/London,Desserts,Sticky Toffee Pudding,1,Regular,,8.00,0.00,8.00,1.33,T53565807,Counter iPad,,Payment,Eat in,,
2026-06-06,12:04:00,Europe/London,Mains,Fish & Chips,1,Regular,,17.50,0.00,17.50,2.92,T53565807,Counter iPad,,Payment,Takeaway,,
2026-06-06,12:04:00,Europe/London,Sides,Truffle Fries,1,Regular,,6.00,0.00,6.00,1.00,T53565807,Counter iPad,,Payment,Eat in,,
2026-06-06,12:04:00,Europe/London,Sides,Bread & Butter,1,Regular,,4.00,0.00,4.00,0.67,T53565807,Counter iPad,,Payment,Takeaway,,
2026-06-06,12:04:00,Europe/London,Drinks,House White 175ml,2,Regular,,14.00,0.00,14.00,2.33,T53565807,Counter iPad,,Payment,Eat in,,
2026-06-06,12:04:00,Europe/London,Drinks,House Red 175ml,1,Regular,,7.00,0.00,7.00,1.17,T53565807,Counter iPad,,Payment,Eat in,,
2026-06-06,12:04:00,Europe/London,Drinks,Sparkling Water 750ml,2,Regular,,8.00,0.00,8.00,1.33,T53565807,Counter iPad,,Payment,Eat in,,
2026-06-06,12:26:00,Europe/London,Kids,Kids Fish & Chips,1,Regular,,8.00,0.00,8.00,1.33,T89986747,Counter iPad,,Payment,Takeaway,C760,Sample Customer 760
2026-06-06,12:26:00,Europe/London,Kids,Kids Ice Cream,1,Regular,,3.50,0.00,3.50,0.58,T89986747,Counter iPad,,Payment,Takeaway,C760,Sample Customer 760
2026-06-06,12:26:00,Europe/London,Mains,Lamb Rump,1,Regular,,26.00,0.00,26.00,4.33,T89986747,Counter iPad,,Payment,Takeaway,C760,Sample Customer 760
2026-06-06,12:28:00,Europe/London,Mains,Lamb Rump,1,Regular,,0.00,0.00,0.00,0.00,T89986747,Counter iPad,wrong table,Void,Eat in,C760,Sample Customer 760
2026-06-06,12:26:00,Europe/London,Desserts,Affogato,1,Regular,,6.00,0.00,6.00,1.00,T89986747,Counter iPad,,Payment,Eat in,C760,Sample Customer 760
2026-06-06,12:26:00,Europe/London,Starters,Soup of the Day,1,Regular,,7.00,0.00,7.00,1.17,T89986747,Counter iPad,,Payment,Eat in,C760,Sample Customer 760
2026-06-06,12:26:00,Europe/London,Mains,Fish & Chips,1,Regular,,17.50,0.00,17.50,2.92,T89986747,Counter iPad,,Payment,Eat in,C760,Sample Customer 760
2026-06-06,12:26:00,Europe/London,Sides,Chips,1,Regular,,4.50,0.00,4.50,0.75,T89986747,Counter iPad,,Payment,Eat in,C760,Sample Customer 760
2026-06-06,12:26:00,Europe/London,Sides,Bread & Butter,1,Regular,,4.00,0.00,4.00,0.67,T89986747,Counter iPad,,Payment,Eat in,C760,Sample Customer 760
2026-06-06,12:26:00,Europe/London,Drinks,Lager Pint,2,Regular,,12.40,0.00,12.40,2.07,T89986747,Counter iPad,,Payment,Takeaway,C760,Sample Customer 760
2026-06-06,12:26:00,Europe/London,Drinks,House White 175ml,1,Regular,,7.00,0.00,7.00,1.17,T89986747,Counter iPad,,Payment,Eat in,C760,Sample Customer 760
2026-06-06,12:26:00,Europe/London,Drinks,House Red 175ml,2,Regular,,14.00,0.00,14.00,2.33,T89986747,Counter iPad,,Payment,Eat in,C760,Sample Customer 760
2026-06-06,12:26:00,Europe/London,Drinks,Coke,1,Regular,,3.00,0.00,3.00,0.50,T89986747,Counter iPad,,Payment,Eat in,C760,Sample Customer 760
2026-06-06,12:26:00,Europe/London,Drinks,Sparkling Water 750ml,1,Regular,,4.00,0.00,4.00,0.67,T89986747,Counter iPad,,Payment,Eat in,C760,Sample Customer 760
2026-06-06,12:47:00,Europe/London,Mains,Fish & Chips,2,Small,,26.00,0.00,26.00,4.33,T39695132,Counter iPad,,Payment,Eat in,,
2026-06-06,12:47:00,Europe/London,Sides,Chips,1,Regular,,4.50,0.00,4.50,0.75,T39695132,Counter iPad,,Payment,Eat in,,
2026-06-06,12:47:00,Europe/London,Starters,Pork Belly Bites,1,Regular,,8.00,0.00,8.00,1.33,T39695132,Counter iPad,,Payment,Takeaway,,
2026-06-06,12:47:00,Europe/London,Mains,Steak Frites,1,Regular,,24.00,0.00,24.00,4.00,T39695132,Counter iPad,,Payment,Eat in,,
2026-06-06,12:47:00,Europe/London,Desserts,Sticky Toffee Pudding,1,Regular,,8.00,0.00,8.00,1.33,T39695132,Counter iPad,,Payment,Eat in,,
2026-06-06,12:47:00,Europe/London,Mains,Fish & Chips,1,Regular,,17.50,0.00,17.50,2.92,T39695132,Counter iPad,,Payment,Takeaway,,
2026-06-06,12:49:00,Europe/London,Mains,Fish & Chips,1,Regular,,0.00,0.00,0.00,0.00,T39695132,Counter iPad,wrong table,Void,Eat in,,
2026-06-06,12:47:00,Europe/London,Drinks,Lager Pint,2,Regular,,12.40,0.00,12.40,2.07,T39695132,Counter iPad,,Payment,Eat in,,
2026-06-06,12:47:00,Europe/London,Drinks,Coke,2,Regular,,6.00,0.00,6.00,1.00,T39695132,Counter iPad,,Payment,Eat in,,
2026-06-06,12:47:00,Europe/London,Drinks,Sparkling Water 750ml,3,Regular,,12.00,0.00,12.00,2.00,T39695132,Counter iPad,,Payment,Eat in,,
2026-06-06,12:47:00,Europe/London,Drinks,Flat White,1,Regular,,3.40,0.00,3.40,0.57,T39695132,Counter iPad,,Payment,Takeaway,,
2026-06-06,13:14:00,Europe/London,Mains,Steak Frites,1,Regular,,24.00,0.00,24.00,4.00,T20415608,Counter iPad,,Payment,Eat in,,
2026-06-06,13:14:00,Europe/London,Sides,Chips,2,Regular,,9.00,0.00,9.00,1.50,T20415608,Counter iPad,,Payment,Eat in,,
2026-06-06,13:14:00,Europe/London,Desserts,Affogato,1,Regular,,6.00,0.00,6.00,1.00,T20415608,Counter iPad,,Payment,Eat in,,
2026-06-06,13:14:00,Europe/London,Mains,Tidewater Burger,1,Regular,,16.50,0.00,16.50,2.75,T20415608,Counter iPad,,Payment,Takeaway,,
2026-06-06,13:14:00,Europe/London,Mains,Fish & Chips,1,Small,,13.00,0.00,13.00,2.17,T20415608,Counter iPad,,Payment,Takeaway,,
2026-06-06,13:14:00,Europe/London,Desserts,Sticky Toffee Pudding,1,Regular,,8.00,0.00,8.00,1.33,T20415608,Counter iPad,,Payment,Eat in,,
2026-06-06,13:14:00,Europe/London,Sides,Bread & Butter,1,Regular,,4.00,0.00,4.00,0.67,T20415608,Counter iPad,,Payment,Eat in,,
2026-06-06,13:14:00,Europe/London,Drinks,Lager Pint,1,Regular,,6.20,0.00,6.20,1.03,T20415608,Counter iPad,,Payment,Eat in,,
2026-06-06,13:14:00,Europe/London,Drinks,Coke,1,Regular,,3.00,0.00,3.00,0.50,T20415608,Counter iPad,,Payment,Eat in,,
2026-06-06,13:14:00,Europe/London,Drinks,Sparkling Water 750ml,1,Regular,,4.00,0.00,4.00,0.67,T20415608,Counter iPad,,Payment,Eat in,,
2026-06-06,13:14:00,Europe/London,Drinks,Espresso,1,Regular,,2.80,0.00,2.80,0.47,T20415608,Counter iPad,,Payment,Eat in,,
2026-06-06,13:30:00,Europe/London,Starters,Burrata,1,Regular,,10.00,0.00,10.00,1.67,T97169956,Counter iPad,,Payment,Eat in,,
2026-06-06,13:30:00,Europe/London,Mains,Chicken Supreme,1,Regular,,19.00,0.00,19.00,3.17,T97169956,Counter iPad,,Payment,Eat in,,
2026-06-06,13:30:00,Europe/London,Starters,Salt & Pepper Squid,1,Regular,,9.50,0.00,9.50,1.58,T97169956,Counter iPad,,Payment,Eat in,,
2026-06-06,13:30:00,Europe/London,Mains,Fish & Chips,1,Regular,,17.50,0.00,17.50,2.92,T97169956,Counter iPad,,Payment,Eat in,,
2026-06-06,13:30:00,Europe/London,Sides,Tenderstem,1,Regular,,5.00,0.00,5.00,0.83,T97169956,Counter iPad,,Payment,Eat in,,
2026-06-06,13:30:00,Europe/London,Sides,Bread & Butter,1,Regular,,4.00,0.00,4.00,0.67,T97169956,Counter iPad,,Payment,Eat in,,
2026-06-06,13:30:00,Europe/London,Drinks,Lager Pint,2,Regular,,12.40,0.00,12.40,2.07,T97169956,Counter iPad,,Payment,Eat in,,
2026-06-06,13:30:00,Europe/London,Drinks,House White 175ml,2,Regular,,14.00,0.00,14.00,2.33,T97169956,Counter iPad,,Payment,Takeaway,,
2026-06-06,13:30:00,Europe/London,Drinks,Coke,1,Regular,,3.00,0.00,3.00,0.50,T97169956,Counter iPad,,Payment,Eat in,,
2026-06-06,13:44:00,Europe/London,Kids,Kids Burger,2,Regular,,15.00,0.00,15.00,2.50,T45442146,Counter iPad,,Payment,Takeaway,,
2026-06-06,13:44:00,Europe/London,Kids,Kids Ice Cream,1,Regular,,3.50,0.00,3.50,0.58,T45442146,Counter iPad,,Payment,Eat in,,
2026-06-06,13:44:00,Europe/London,Mains,Tidewater Burger,1,Regular,,16.50,0.00,16.50,2.75,T45442146,Counter iPad,,Payment,Eat in,,
2026-06-06,13:44:00,Europe/London,Sides,House Salad,1,Regular,,4.50,0.00,4.50,0.75,T45442146,Counter iPad,,Payment,Eat in,,
2026-06-06,13:44:00,Europe/London,Starters,Pork Belly Bites,1,Regular,,8.00,0.00,8.00,1.33,T45442146,Counter iPad,,Payment,Takeaway,,
2026-06-06,13:44:00,Europe/London,Mains,SPECIAL - Crab Linguine,1,Regular,,18.00,0.00,18.00,3.00,T45442146,Counter iPad,,Payment,Eat in,,
2026-06-06,13:44:00,Europe/London,Drinks,Lager Pint,2,Regular,,12.40,0.00,12.40,2.07,T45442146,Counter iPad,,Payment,Eat in,,
2026-06-06,13:44:00,Europe/London,Drinks,House White 175ml,2,Regular,,14.00,0.00,14.00,2.33,T45442146,Counter iPad,,Payment,Eat in,,
2026-06-06,14:56:00,Europe/London,Mains,Chicken Supreme,1,Regular,,19.00,0.00,19.00,3.17,T77818218,Counter iPad,,Payment,Eat in,,
2026-06-06,14:56:00,Europe/London,Starters,Soup of the Day,1,Regular,,7.00,0.00,7.00,1.17,T77818218,Counter iPad,,Payment,Eat in,,
2026-06-06,14:56:00,Europe/London,Mains,Hake,1,Regular,,22.00,0.00,22.00,3.67,T77818218,Counter iPad,,Payment,Takeaway,,
2026-06-06,14:56:00,Europe/London,Sides,Bread & Butter,1,Regular,,4.00,0.00,4.00,0.67,T77818218,Counter iPad,,Payment,Eat in,,
2026-06-06,14:56:00,Europe/London,Drinks,Lager Pint,2,Regular,,12.40,0.00,12.40,2.07,T77818218,Counter iPad,,Payment,Eat in,,
2026-06-06,18:10:00,Europe/London,Starters,Soup of the Day,1,Regular,,7.00,0.00,7.00,1.17,T23088457,Bar iPad,,Payment,Eat in,,
2026-06-06,18:10:00,Europe/London,Mains,Chicken Supreme,1,Regular,,19.00,0.00,19.00,3.17,T23088457,Bar iPad,,Payment,Eat in,,
2026-06-06,18:10:00,Europe/London,Sides,Tenderstem,1,Regular,,5.00,0.00,5.00,0.83,T23088457,Bar iPad,,Payment,Takeaway,,
2026-06-06,18:10:00,Europe/London,Starters,Pork Belly Bites,1,Regular,,8.00,0.00,8.00,1.33,T23088457,Bar iPad,,Payment,Eat in,,
2026-06-06,18:10:00,Europe/London,Mains,Mushroom Risotto,1,Regular,,15.00,0.00,15.00,2.50,T23088457,Bar iPad,,Payment,Eat in,,
2026-06-06,18:10:00,Europe/London,Sides,Bread & Butter,1,Regular,,4.00,0.00,4.00,0.67,T23088457,Bar iPad,,Payment,Takeaway,,
2026-06-06,18:10:00,Europe/London,Drinks,Lager Pint,1,Regular,,6.20,0.00,6.20,1.03,T23088457,Bar iPad,,Payment,Eat in,,
2026-06-06,18:10:00,Europe/London,Drinks,House Red 175ml,1,Regular,,7.00,0.00,7.00,1.17,T23088457,Bar iPad,,Payment,Eat in,,
2026-06-06,18:10:00,Europe/London,Drinks,Espresso,1,Regular,,2.80,0.00,2.80,0.47,T23088457,Bar iPad,,Payment,Eat in,,
2026-06-06,18:16:00,Europe/London,Mains,Chicken Supreme,2,Regular,,38.00,0.00,38.00,6.33,T19947357,Bar iPad,,Payment,Eat in,,
2026-06-06,18:16:00,Europe/London,Desserts,Sticky Toffee Pudding,1,Regular,,8.00,0.00,8.00,1.33,T19947357,Bar iPad,,Payment,Takeaway,,
2026-06-06,18:16:00,Europe/London,Starters,Mackerel Pate,1,Regular,,8.50,0.00,8.50,1.42,T19947357,Bar iPad,,Payment,Eat in,,
2026-06-06,18:16:00,Europe/London,Drinks,Lager Pint,1,Regular,,6.20,0.00,6.20,1.03,T19947357,Bar iPad,,Payment,Eat in,,
2026-06-06,18:16:00,Europe/London,Drinks,House Red 175ml,1,Regular,,7.00,0.00,7.00,1.17,T19947357,Bar iPad,,Payment,Eat in,,
2026-06-06,18:16:00,Europe/London,Drinks,Espresso,1,Regular,,2.80,0.00,2.80,0.47,T19947357,Bar iPad,,Payment,Eat in,,
2026-06-06,18:16:00,Europe/London,Drinks,Flat White,1,Regular,,3.40,0.00,3.40,0.57,T19947357,Bar iPad,,Payment,Eat in,,
2026-06-06,18:33:00,Europe/London,Mains,Tidewater Burger,1,Regular,"Add Bacon, Add Cheese",16.50,0.00,16.50,2.75,T50608494,Counter iPad,,Payment,Takeaway,,
2026-06-06,18:33:00,Europe/London,Starters,Soup of the Day,1,Regular,,7.00,0.00,7.00,1.17,T50608494,Counter iPad,,Payment,Takeaway,,
2026-06-06,18:33:00,Europe/London,Mains,Steak Frites,1,Regular,,24.00,0.00,24.00,4.00,T50608494,Counter iPad,,Payment,Takeaway,,
2026-06-06,18:33:00,Europe/London,Sides,Peppercorn Sauce,1,Regular,,3.00,0.00,3.00,0.50,T50608494,Counter iPad,,Payment,Eat in,,
2026-06-06,18:33:00,Europe/London,Sides,Bread & Butter,1,Regular,,4.00,0.00,4.00,0.67,T50608494,Counter iPad,,Payment,Takeaway,,
2026-06-06,18:33:00,Europe/London,Drinks,Lager Pint,1,Regular,,6.20,0.00,6.20,1.03,T50608494,Counter iPad,,Payment,Eat in,,
2026-06-06,18:33:00,Europe/London,Drinks,House White 175ml,2,Regular,,14.00,0.00,14.00,2.33,T50608494,Counter iPad,,Payment,Eat in,,
2026-06-06,18:41:00,Europe/London,Mains,Fish & Chips,2,Regular,,35.00,0.00,35.00,5.83,T33535573,Counter iPad,,Payment,Eat in,,
2026-06-06,18:41:00,Europe/London,Desserts,Crème Brûlée,1,Regular,,7.50,0.00,7.50,1.25,T33535573,Counter iPad,,Payment,Eat in,,
2026-06-06,18:43:00,Europe/London,Desserts,Crème Brûlée,1,Regular,,0.00,0.00,0.00,0.00,T33535573,Counter iPad,wrong table,Void,Eat in,,
2026-06-06,18:41:00,Europe/London,Starters,Rock Oysters,1,x6,,16.00,0.00,16.00,2.67,T33535573,Counter iPad,,Payment,Eat in,,
2026-06-06,18:41:00,Europe/London,Sides,Tenderstem,1,Regular,,5.00,0.00,5.00,0.83,T33535573,Counter iPad,,Payment,Eat in,,
2026-06-06,18:41:00,Europe/London,Drinks,Lager Pint,1,Regular,,6.20,0.00,6.20,1.03,T33535573,Counter iPad,,Payment,Eat in,,
2026-06-06,18:41:00,Europe/London,Drinks,House Red 175ml,1,Regular,,7.00,0.00,7.00,1.17,T33535573,Counter iPad,,Payment,Takeaway,,
2026-06-06,18:50:00,Europe/London,Mains,Tidewater Burger,1,Regular,,16.50,0.00,16.50,2.75,T20249808,Counter iPad,,Payment,Eat in,,
2026-06-06,18:50:00,Europe/London,Starters,Salt & Pepper Squid,1,Regular,,9.50,0.00,9.50,1.58,T20249808,Counter iPad,,Payment,Eat in,,
2026-06-06,18:50:00,Europe/London,Mains,Chicken Supreme,1,Regular,,19.00,0.00,19.00,3.17,T20249808,Counter iPad,,Payment,Eat in,,
2026-06-06,18:50:00,Europe/London,Sides,House Salad,1,Regular,,4.50,0.00,4.50,0.75,T20249808,Counter iPad,,Payment,Eat in,,
2026-06-06,18:50:00,Europe/London,Drinks,Lager Pint,1,Regular,,6.20,0.00,6.20,1.03,T20249808,Counter iPad,,Payment,Eat in,,
2026-06-06,18:50:00,Europe/London,Drinks,House Red 175ml,1,Regular,,7.00,0.00,7.00,1.17,T20249808,Counter iPad,,Payment,Eat in,,
2026-06-06,18:54:00,Europe/London,Mains,Lamb Rump,1,Regular,,26.00,0.00,26.00,4.33,T81799588,Bar iPad,,Payment,Takeaway,,
2026-06-06,18:54:00,Europe/London,Desserts,Creme Brulee,1,Regular,,7.50,0.00,7.50,1.25,T81799588,Bar iPad,,Payment,Takeaway,,
2026-06-06,18:54:00,Europe/London,Starters,Salt & Pepper Squid,1,Regular,,9.50,0.00,9.50,1.58,T81799588,Bar iPad,,Payment,Eat in,,
2026-06-06,18:54:00,Europe/London,Mains,SPECIAL - Crab Linguine,1,Regular,,18.00,0.00,18.00,3.00,T81799588,Bar iPad,,Payment,Eat in,,
2026-06-06,18:54:00,Europe/London,Starters,Burrata,1,Regular,,10.00,0.00,10.00,1.67,T81799588,Bar iPad,,Payment,Eat in,,
2026-06-06,18:54:00,Europe/London,Mains,Burger,1,Regular,,16.50,0.00,16.50,2.75,T81799588,Bar iPad,,Payment,Eat in,,
2026-06-06,18:54:00,Europe/London,Sides,Truffle Fries,1,Regular,,6.00,0.00,6.00,1.00,T81799588,Bar iPad,,Payment,Eat in,,
2026-06-06,18:54:00,Europe/London,Drinks,Lager Pint,1,Regular,,6.20,0.00,6.20,1.03,T81799588,Bar iPad,,Payment,Eat in,,
2026-06-06,18:54:00,Europe/London,Drinks,House White 175ml,1,Regular,,7.00,0.00,7.00,1.17,T81799588,Bar iPad,,Payment,Eat in,,
2026-06-06,18:54:00,Europe/London,Drinks,Espresso,1,Regular,,2.80,0.00,2.80,0.47,T81799588,Bar iPad,,Payment,Eat in,,
2026-06-06,18:55:00,Europe/London,Mains,Mushroom Risotto,1,Regular,,15.00,0.00,15.00,2.50,T16485942,Counter iPad,,Payment,Takeaway,,
2026-06-06,18:55:00,Europe/London,Desserts,Crème Brûlée,1,Regular,,7.50,0.00,7.50,1.25,T16485942,Counter iPad,,Payment,Takeaway,,
2026-06-06,18:55:00,Europe/London,Mains,Fish & Chips,1,Regular,,17.50,0.00,17.50,2.92,T16485942,Counter iPad,,Payment,Takeaway,,
2026-06-06,18:55:00,Europe/London,Sides,Truffle Fries,1,Regular,,6.00,0.00,6.00,1.00,T16485942,Counter iPad,,Payment,Eat in,,
2026-06-06,18:55:00,Europe/London,Drinks,Lager Pint,1,Regular,,6.20,0.00,6.20,1.03,T16485942,Counter iPad,,Payment,Eat in,,
2026-06-06,18:55:00,Europe/London,Drinks,House White 175ml,1,Regular,,7.00,0.00,7.00,1.17,T16485942,Counter iPad,,Payment,Eat in,,
2026-06-06,18:55:00,Europe/London,Drinks,House Red 175ml,1,Regular,,7.00,0.00,7.00,1.17,T16485942,Counter iPad,,Payment,Eat in,,
2026-06-06,18:55:00,Europe/London,Drinks,Coke,1,Regular,,3.00,0.00,3.00,0.50,T16485942,Counter iPad,,Payment,Takeaway,,
2026-06-06,19:12:00,Europe/London,Mains,SPECIAL - Crab Linguine,1,Regular,,18.00,0.00,18.00,3.00,T37427596,Counter iPad,,Payment,Eat in,,
2026-06-06,19:12:00,Europe/London,Mains,Tidewater Burger,2,Regular,,33.00,0.00,33.00,5.50,T37427596,Counter iPad,,Payment,Eat in,,
2026-06-06,19:12:00,Europe/London,Desserts,Sticky Toffee Pudding,2,Regular,,16.00,0.00,16.00,2.67,T37427596,Counter iPad,,Payment,Takeaway,,
2026-06-06,19:12:00,Europe/London,Starters,Salt & Pepper Squid,1,Regular,,9.50,0.00,9.50,1.58,T37427596,Counter iPad,,Payment,Eat in,,
2026-06-06,19:12:00,Europe/London,Mains,Lemon Sole (MP),1,Regular,,24.00,0.00,24.00,4.00,T37427596,Counter iPad,,Payment,Eat in,,
2026-06-06,19:12:00,Europe/London,Sides,Bread & Butter,1,Regular,,4.00,0.00,4.00,0.67,T37427596,Counter iPad,,Payment,Eat in,,
2026-06-06,19:12:00,Europe/London,Drinks,Lager Pint,2,Regular,,12.40,0.00,12.40,2.07,T37427596,Counter iPad,,Payment,Eat in,,
2026-06-06,19:12:00,Europe/London,Drinks,House White 175ml,1,Regular,,7.00,0.00,7.00,1.17,T37427596,Counter iPad,,Payment,Takeaway,,
2026-06-06,19:12:00,Europe/London,Drinks,House Red 175ml,1,Regular,,7.00,0.00,7.00,1.17,T37427596,Counter iPad,,Payment,Takeaway,,
2026-06-06,19:12:00,Europe/London,Drinks,Espresso,2,Regular,,5.60,0.00,5.60,0.93,T37427596,Counter iPad,,Payment,Eat in,,
2026-06-06,19:21:00,Europe/London,Kids,Kids Burger,2,Regular,,15.00,0.00,15.00,2.50,T47574519,Counter iPad,,Payment,Eat in,,
2026-06-06,19:21:00,Europe/London,Kids,Kids Ice Cream,1,Regular,,3.50,0.00,3.50,0.58,T47574519,Counter iPad,,Payment,Takeaway,,
2026-06-06,19:21:00,Europe/London,Mains,Chicken Supreme,2,Regular,,38.00,0.00,38.00,6.33,T47574519,Counter iPad,,Payment,Eat in,,
2026-06-06,19:21:00,Europe/London,Starters,Soup of the Day,1,Regular,,7.00,0.00,7.00,1.17,T47574519,Counter iPad,,Payment,Takeaway,,
2026-06-06,19:21:00,Europe/London,Sides,Truffle Fries,1,Regular,,6.00,0.00,6.00,1.00,T47574519,Counter iPad,,Payment,Eat in,,
2026-06-06,19:21:00,Europe/London,Drinks,Lager Pint,2,Regular,,12.40,0.00,12.40,2.07,T47574519,Counter iPad,,Payment,Takeaway,,
2026-06-06,19:21:00,Europe/London,Drinks,House White 175ml,1,Regular,,7.00,0.00,7.00,1.17,T47574519,Counter iPad,,Payment,Eat in,,
2026-06-06,19:21:00,Europe/London,Drinks,House Red 175ml,3,Regular,,21.00,0.00,21.00,3.50,T47574519,Counter iPad,,Payment,Eat in,,
2026-06-06,19:21:00,Europe/London,Drinks,Sparkling Water 750ml,2,Regular,,8.00,0.00,8.00,1.33,T47574519,Counter iPad,,Payment,Eat in,,
2026-06-06,19:21:00,Europe/London,Drinks,Espresso,1,Regular,,2.80,0.00,2.80,0.47,T47574519,Counter iPad,,Payment,Eat in,,
2026-06-06,20:16:00,Europe/London,Starters,Pork Belly Bites,1,Regular,,8.00,0.00,8.00,1.33,T71322557,Counter iPad,,Payment,Takeaway,,
2026-06-06,20:16:00,Europe/London,Mains,Hake,1,Regular,,22.00,0.00,22.00,3.67,T71322557,Counter iPad,,Payment,Eat in,,
2026-06-06,20:16:00,Europe/London,Starters,Burrata,1,Regular,,10.00,0.00,10.00,1.67,T71322557,Counter iPad,,Payment,Eat in,,
2026-06-06,20:16:00,Europe/London,Mains,Fish & Chips,1,Small,,13.00,0.00,13.00,2.17,T71322557,Counter iPad,,Payment,Eat in,,
2026-06-06,20:16:00,Europe/London,Sides,Chips,1,Regular,,4.50,0.00,4.50,0.75,T71322557,Counter iPad,,Payment,Takeaway,,
2026-06-06,20:16:00,Europe/London,Desserts,Choc Tart,1,Regular,,8.00,0.00,8.00,1.33,T71322557,Counter iPad,,Payment,Eat in,,
2026-06-06,20:16:00,Europe/London,Sides,Bread & Butter,1,Regular,,4.00,0.00,4.00,0.67,T71322557,Counter iPad,,Payment,Takeaway,,
2026-06-06,20:16:00,Europe/London,Drinks,Coke,1,Regular,,3.00,0.00,3.00,0.50,T71322557,Counter iPad,,Payment,Eat in,,
2026-06-06,20:16:00,Europe/London,Drinks,Flat White,1,Regular,,3.40,0.00,3.40,0.57,T71322557,Counter iPad,,Payment,Eat in,,
2026-06-06,20:41:00,Europe/London,Starters,Salt & Pepper Squid,1,Regular,,9.50,0.00,9.50,1.58,T66693406,Counter iPad,,Payment,Takeaway,,
2026-06-06,20:41:00,Europe/London,Mains,Hake,1,Regular,,22.00,0.00,22.00,3.67,T66693406,Counter iPad,,Payment,Eat in,,
2026-06-06,20:41:00,Europe/London,Starters,Mackerel Pate,1,Regular,,8.50,0.00,8.50,1.42,T66693406,Counter iPad,,Payment,Takeaway,,
2026-06-06,20:41:00,Europe/London,Mains,Steak Frites,1,Regular,,24.00,0.00,24.00,4.00,T66693406,Counter iPad,,Payment,Eat in,,
2026-06-06,20:41:00,Europe/London,Sides,Peppercorn Sauce,1,Regular,,3.00,0.00,3.00,0.50,T66693406,Counter iPad,,Payment,Eat in,,
2026-06-06,20:41:00,Europe/London,Desserts,Crème Brûlée,2,Regular,,15.00,0.00,15.00,2.50,T66693406,Counter iPad,,Payment,Eat in,,
2026-06-06,20:41:00,Europe/London,Mains,Tidewater Burger,1,Regular,,16.50,0.00,16.50,2.75,T66693406,Counter iPad,,Payment,Eat in,,
2026-06-06,20:41:00,Europe/London,Sides,Truffle Fries,1,Regular,,6.00,0.00,6.00,1.00,T66693406,Counter iPad,,Payment,Eat in,,
2026-06-06,20:41:00,Europe/London,Starters,Pork Belly Bites,1,Regular,,8.00,0.00,8.00,1.33,T66693406,Counter iPad,,Payment,Eat in,,
2026-06-06,20:41:00,Europe/London,Mains,Mushroom Risotto,1,Regular,,15.00,0.00,15.00,2.50,T66693406,Counter iPad,,Payment,Eat in,,
2026-06-06,20:41:00,Europe/London,Sides,Bread & Butter,1,Regular,,4.00,0.00,4.00,0.67,T66693406,Counter iPad,,Payment,Takeaway,,
2026-06-06,20:41:00,Europe/London,Drinks,Lager Pint,3,Regular,,18.60,0.00,18.60,3.10,T66693406,Counter iPad,,Payment,Eat in,,
2026-06-06,20:41:00,Europe/London,Drinks,House Red 175ml,1,Regular,,7.00,0.00,7.00,1.17,T66693406,Counter iPad,,Payment,Takeaway,,
2026-06-06,20:56:00,Europe/London,Starters,Salt & Pepper Squid,1,Regular,,9.50,0.00,9.50,1.58,T68210117,Counter iPad,,Payment,Eat in,,
2026-06-06,20:56:00,Europe/London,Mains,SPECIAL - Crab Linguine,1,Regular,,18.00,0.00,18.00,3.00,T68210117,Counter iPad,,Payment,Eat in,,
2026-06-06,20:56:00,Europe/London,Sides,Chips,1,Regular,,4.50,0.00,4.50,0.75,T68210117,Counter iPad,,Payment,Eat in,,
2026-06-06,20:56:00,Europe/London,Desserts,Sticky Toffee Pudding,1,Regular,,8.00,0.00,8.00,1.33,T68210117,Counter iPad,,Payment,Takeaway,,
2026-06-06,20:56:00,Europe/London,Mains,Fish & Chips,1,Small,,13.00,0.00,13.00,2.17,T68210117,Counter iPad,,Payment,Eat in,,
2026-06-06,20:56:00,Europe/London,Mains,Tidewater Burger,1,Regular,,16.50,0.00,16.50,2.75,T68210117,Counter iPad,,Payment,Eat in,,
2026-06-06,20:56:00,Europe/London,Sides,Tenderstem,1,Regular,,5.00,0.00,5.00,0.83,T68210117,Counter iPad,,Payment,Eat in,,
2026-06-06,20:56:00,Europe/London,Desserts,Crème Brûlée,1,Regular,,7.50,0.00,7.50,1.25,T68210117,Counter iPad,,Payment,Eat in,,
2026-06-06,20:56:00,Europe/London,Drinks,Lager Pint,4,Regular,,24.80,0.00,24.80,4.13,T68210117,Counter iPad,,Payment,Eat in,,
2026-06-06,20:56:00,Europe/London,Drinks,House Red 175ml,2,Regular,,14.00,0.00,14.00,2.33,T68210117,Counter iPad,,Payment,Takeaway,,
2026-06-06,20:56:00,Europe/London,Drinks,Coke,1,Regular,,3.00,0.00,3.00,0.50,T68210117,Counter iPad,,Payment,Eat in,,
2026-06-06,20:56:00,Europe/London,Drinks,Espresso,1,Regular,,2.80,0.00,2.80,0.47,T68210117,Counter iPad,,Payment,Eat in,,
2026-06-06,20:56:00,Europe/London,Drinks,Flat White,1,Regular,,3.40,0.00,3.40,0.57,T68210117,Counter iPad,,Payment,Eat in,,
2026-06-06,21:22:00,Europe/London,Mains,Hake,1,Regular,,22.00,0.00,22.00,3.67,T69423134,Bar iPad,,Payment,Eat in,,
2026-06-06,21:22:00,Europe/London,Desserts,Sticky Toffee Pudding,1,Regular,,8.00,0.00,8.00,1.33,T69423134,Bar iPad,,Payment,Eat in,,
2026-06-06,21:22:00,Europe/London,Mains,Fish & Chips,1,Regular,,17.50,0.00,17.50,2.92,T69423134,Bar iPad,,Payment,Eat in,,
2026-06-06,21:22:00,Europe/London,Drinks,Lager Pint,1,Regular,,6.20,0.00,6.20,1.03,T69423134,Bar iPad,,Payment,Takeaway,,
2026-06-06,21:22:00,Europe/London,Drinks,Coke,1,Regular,,3.00,0.00,3.00,0.50,T69423134,Bar iPad,,Payment,Eat in,,
2026-06-06,21:37:00,Europe/London,Starters,Pork Belly Bites,1,Regular,,8.00,0.00,8.00,1.33,T35728643,Counter iPad,,Payment,Eat in,C456,Sample Customer 456
2026-06-06,21:37:00,Europe/London,Sides,Truffle Fries,1,Regular,,6.00,0.00,6.00,1.00,T35728643,Counter iPad,,Payment,Eat in,C456,Sample Customer 456
2026-06-06,21:37:00,Europe/London,Desserts,Choc Tart,2,Regular,,16.00,0.00,16.00,2.67,T35728643,Counter iPad,,Payment,Eat in,C456,Sample Customer 456
2026-06-06,21:37:00,Europe/London,Starters,Mackerel Pate,1,Regular,,8.50,0.00,8.50,1.42,T35728643,Counter iPad,,Payment,Eat in,C456,Sample Customer 456
2026-06-06,21:37:00,Europe/London,Starters,Salt & Pepper Squid,1,Regular,,9.50,0.00,9.50,1.58,T35728643,Counter iPad,,Payment,Eat in,C456,Sample Customer 456
2026-06-06,21:37:00,Europe/London,Mains,Hake,1,Regular,,22.00,0.00,22.00,3.67,T35728643,Counter iPad,,Payment,Eat in,C456,Sample Customer 456
2026-06-06,21:37:00,Europe/London,Sides,Chips,2,Regular,,9.00,0.00,9.00,1.50,T35728643,Counter iPad,,Payment,Takeaway,C456,Sample Customer 456
2026-06-06,21:37:00,Europe/London,Starters,Soup of the Day,1,Regular,,7.00,0.00,7.00,1.17,T35728643,Counter iPad,,Payment,Takeaway,C456,Sample Customer 456
2026-06-06,21:37:00,Europe/London,Mains,Steak Frites,1,Regular,,24.00,0.00,24.00,4.00,T35728643,Counter iPad,,Payment,Takeaway,C456,Sample Customer 456
2026-06-06,21:37:00,Europe/London,Sides,Peppercorn Sauce,1,Regular,,3.00,0.00,3.00,0.50,T35728643,Counter iPad,,Payment,Eat in,C456,Sample Customer 456
2026-06-06,21:37:00,Europe/London,Starters,Rock Oysters,1,x6,,16.00,0.00,16.00,2.67,T35728643,Counter iPad,,Payment,Eat in,C456,Sample Customer 456
2026-06-06,21:37:00,Europe/London,Mains,Tidewater Burger,1,Regular,,16.50,0.00,16.50,2.75,T35728643,Counter iPad,,Payment,Eat in,C456,Sample Customer 456
2026-06-06,21:37:00,Europe/London,Drinks,Lager Pint,1,Regular,,6.20,0.00,6.20,1.03,T35728643,Counter iPad,,Payment,Eat in,C456,Sample Customer 456
2026-06-06,21:37:00,Europe/London,Drinks,House Red 175ml,2,Regular,,14.00,0.00,14.00,2.33,T35728643,Counter iPad,,Payment,Eat in,C456,Sample Customer 456
2026-06-06,21:37:00,Europe/London,Drinks,Coke,2,Regular,,6.00,0.00,6.00,1.00,T35728643,Counter iPad,,Payment,Eat in,C456,Sample Customer 456
2026-06-06,21:59:00,Europe/London,Mains,Fish & Chips,1,Regular,,17.50,0.00,17.50,2.92,T18555689,Counter iPad,,Payment,Eat in,,
2026-06-06,21:59:00,Europe/London,Sides,Bread & Butter,1,Regular,,4.00,0.00,4.00,0.67,T18555689,Counter iPad,,Payment,Takeaway,,
2026-06-06,22:11:00,Europe/London,Mains,Tidewater Burger,1,Regular,,16.50,0.00,16.50,2.75,T87390637,Counter iPad,,Payment,Eat in,,
2026-06-06,22:11:00,Europe/London,Sides,Chips,1,Regular,,4.50,0.00,4.50,0.75,T87390637,Counter iPad,,Payment,Takeaway,,
2026-06-06,22:11:00,Europe/London,Starters,Soup of the Day,1,Regular,,7.00,0.00,7.00,1.17,T87390637,Counter iPad,,Payment,Eat in,,
2026-06-06,22:11:00,Europe/London,Mains,Steak Frites,1,Regular,,24.00,0.00,24.00,4.00,T87390637,Counter iPad,,Payment,Eat in,,
2026-06-06,22:11:00,Europe/London,Sides,Peppercorn Sauce,1,Regular,,3.00,0.00,3.00,0.50,T87390637,Counter iPad,,Payment,Eat in,,
2026-06-06,22:11:00,Europe/London,Sides,House Salad,1,Regular,,4.50,0.00,4.50,0.75,T87390637,Counter iPad,,Payment,Eat in,,
2026-06-06,22:11:00,Europe/London,Sides,Bread & Butter,1,Regular,,4.00,0.00,4.00,0.67,T87390637,Counter iPad,,Payment,Eat in,,
2026-06-06,22:11:00,Europe/London,Drinks,Lager Pint,1,Regular,,6.20,0.00,6.20,1.03,T87390637,Counter iPad,,Payment,Eat in,,
2026-06-06,22:11:00,Europe/London,Drinks,House White 175ml,1,Regular,,7.00,0.00,7.00,1.17,T87390637,Counter iPad,,Payment,Eat in,,
2026-06-06,22:11:00,Europe/London,Drinks,Coke,1,Regular,,3.00,0.00,3.00,0.50,T87390637,Counter iPad,,Payment,Eat in,,
2026-06-06,22:30:00,Europe/London,Mains,Tidewater Burger,2,Regular,Add Cheese,33.00,0.00,33.00,5.50,T41035806,Counter iPad,,Payment,Takeaway,C706,Sample Customer 706
2026-06-06,22:30:00,Europe/London,Desserts,Cheeseboard,1,3,,11.00,0.00,11.00,1.83,T41035806,Counter iPad,,Payment,Eat in,C706,Sample Customer 706
2026-06-06,22:30:00,Europe/London,Sides,Bread & Butter,1,Regular,,4.00,0.00,4.00,0.67,T41035806,Counter iPad,,Payment,Eat in,C706,Sample Customer 706
2026-06-06,22:30:00,Europe/London,Drinks,Lager Pint,1,Regular,,6.20,0.00,6.20,1.03,T41035806,Counter iPad,,Payment,Takeaway,C706,Sample Customer 706
2026-06-06,22:30:00,Europe/London,Drinks,House White 175ml,1,Regular,,7.00,0.00,7.00,1.17,T41035806,Counter iPad,,Payment,Takeaway,C706,Sample Customer 706
2026-06-06,22:30:00,Europe/London,Drinks,Coke,1,Regular,,3.00,0.00,3.00,0.50,T41035806,Counter iPad,,Payment,Eat in,C706,Sample Customer 706
2026-06-06,22:30:00,Europe/London,Drinks,Espresso,1,Regular,,2.80,0.00,2.80,0.47,T41035806,Counter iPad,,Payment,Eat in,C706,Sample Customer 706
2026-06-06,23:19:00,Europe/London,Mains,Burger,1,Regular,,16.50,0.00,16.50,2.75,T19379996,Bar iPad,,Payment,Eat in,,
2026-06-06,23:19:00,Europe/London,Desserts,Choc Tart,1,Regular,,8.00,0.00,8.00,1.33,T19379996,Bar iPad,,Payment,Eat in,,
2026-06-06,23:19:00,Europe/London,Mains,Lemon Sole (MP),1,Regular,,24.00,0.00,24.00,4.00,T19379996,Bar iPad,,Payment,Eat in,,
2026-06-06,23:19:00,Europe/London,Drinks,Lager Pint,1,Regular,,6.20,0.00,6.20,1.03,T19379996,Bar iPad,,Payment,Eat in,,
2026-06-06,23:19:00,Europe/London,Drinks,House White 175ml,2,Regular,,14.00,0.00,14.00,2.33,T19379996,Bar iPad,,Payment,Takeaway,,
2026-06-06,23:28:00,Europe/London,Kids,Kids Fish & Chips,1,Regular,,8.00,0.00,8.00,1.33,T90229772,Counter iPad,,Payment,Takeaway,C414,Sample Customer 414
2026-06-06,23:28:00,Europe/London,Starters,Pork Belly Bites,1,Regular,,8.00,0.00,8.00,1.33,T90229772,Counter iPad,,Payment,Eat in,C414,Sample Customer 414
2026-06-06,23:28:00,Europe/London,Mains,Fish & Chips,1,Regular,,17.50,0.00,17.50,2.92,T90229772,Counter iPad,,Payment,Takeaway,C414,Sample Customer 414
2026-06-06,23:28:00,Europe/London,Sides,Chips,1,Regular,,4.50,0.00,4.50,0.75,T90229772,Counter iPad,,Payment,Eat in,C414,Sample Customer 414
2026-06-06,23:28:00,Europe/London,Desserts,Sticky Toffee Pudding,1,Regular,,8.00,0.00,8.00,1.33,T90229772,Counter iPad,,Payment,Takeaway,C414,Sample Customer 414
2026-06-06,23:28:00,Europe/London,Starters,Salt & Pepper Squid,1,Regular,,9.50,0.00,9.50,1.58,T90229772,Counter iPad,,Payment,Takeaway,C414,Sample Customer 414
2026-06-06,23:28:00,Europe/London,Mains,Tidewater Burger,1,Regular,Add Bacon,16.50,0.00,16.50,2.75,T90229772,Counter iPad,,Payment,Eat in,C414,Sample Customer 414
2026-06-06,23:28:00,Europe/London,Drinks,Lager Pint,1,Regular,,6.20,0.00,6.20,1.03,T90229772,Counter iPad,,Payment,Eat in,C414,Sample Customer 414
2026-06-06,23:28:00,Europe/London,Drinks,House White 175ml,1,Regular,,7.00,0.00,7.00,1.17,T90229772,Counter iPad,,Payment,Eat in,C414,Sample Customer 414
2026-06-06,23:28:00,Europe/London,Drinks,Espresso,1,Regular,,2.80,0.00,2.80,0.47,T90229772,Counter iPad,,Payment,Eat in,C414,Sample Customer 414
2026-06-06,23:28:00,Europe/London,Drinks,Flat White,1,Regular,,3.40,0.00,3.40,0.57,T90229772,Counter iPad,,Payment,Takeaway,C414,Sample Customer 414
2026-06-07,12:10:00,Europe/London,Mains,Tidewater Burger,1,Regular,,16.50,0.00,16.50,2.75,T52437826,Counter iPad,,Payment,Eat in,,
2026-06-07,12:10:00,Europe/London,Sides,Chips,1,Regular,,4.50,0.00,4.50,0.75,T52437826,Counter iPad,,Payment,Eat in,,
2026-06-07,12:10:00,Europe/London,Drinks,Lager Pint,1,Regular,,6.20,0.00,6.20,1.03,T52437826,Counter iPad,,Payment,Takeaway,,
2026-06-07,12:22:00,Europe/London,Mains,Sunday Roast,1,Regular,,24.00,-24.00,0.00,0.00,T46952940,Counter iPad,comp - long wait,Payment,Eat in,,
2026-06-07,12:22:00,Europe/London,Mains,Tidewater Burger,1,Regular,"Add Bacon, Add Cheese",16.50,0.00,16.50,2.75,T46952940,Counter iPad,,Payment,Eat in,,
2026-06-07,12:22:00,Europe/London,Desserts,Sticky Toffee Pudding,1,Regular,,8.00,0.00,8.00,1.33,T46952940,Counter iPad,,Payment,Eat in,,
2026-06-07,12:22:00,Europe/London,Sides,Bread & Butter,1,Regular,,4.00,0.00,4.00,0.67,T46952940,Counter iPad,,Payment,Takeaway,,
2026-06-07,12:22:00,Europe/London,Drinks,Lager Pint,2,Regular,,12.40,0.00,12.40,2.07,T46952940,Counter iPad,,Payment,Eat in,,
2026-06-07,12:22:00,Europe/London,Drinks,House White 175ml,1,Regular,,7.00,0.00,7.00,1.17,T46952940,Counter iPad,,Payment,Eat in,,
2026-06-07,12:22:00,Europe/London,Drinks,Coke,1,Regular,,3.00,0.00,3.00,0.50,T46952940,Counter iPad,,Payment,Eat in,,
2026-06-07,13:02:00,Europe/London,Drinks,Coke,1,Regular,,-3.00,0.00,-3.00,-0.50,T46952940,Counter iPad,sent back,Refund,Eat in,,
2026-06-07,12:22:00,Europe/London,Drinks,Espresso,2,Regular,,5.60,0.00,5.60,0.93,T46952940,Counter iPad,,Payment,Eat in,,
2026-06-07,12:22:00,Europe/London,Mains,Steak Frites,1,Regular,,24.00,0.00,24.00,4.00,T90924722,Counter iPad,,Payment,Eat in,,
2026-06-07,12:22:00,Europe/London,Sides,Peppercorn Sauce,1,Regular,,3.00,0.00,3.00,0.50,T90924722,Counter iPad,,Payment,Eat in,,
2026-06-07,12:22:00,Europe/London,Sides,Chips,1,Regular,,4.50,0.00,4.50,0.75,T90924722,Counter iPad,,Payment,Eat in,,
2026-06-07,12:22:00,Europe/London,Mains,Mushroom Risotto,1,Regular,,15.00,0.00,15.00,2.50,T90924722,Counter iPad,,Payment,Takeaway,,
2026-06-07,12:22:00,Europe/London,Desserts,Choc Tart,1,Regular,,8.00,0.00,8.00,1.33,T90924722,Counter iPad,,Payment,Eat in,,
2026-06-07,12:22:00,Europe/London,Starters,Pork Belly Bites,1,Regular,,8.00,0.00,8.00,1.33,T90924722,Counter iPad,,Payment,Takeaway,,
2026-06-07,12:22:00,Europe/London,Mains,Fish & Chips,1,Regular,,17.50,0.00,17.50,2.92,T90924722,Counter iPad,,Payment,Eat in,,
2026-06-07,12:22:00,Europe/London,Mains,Lamb Rump,1,Regular,,26.00,0.00,26.00,4.33,T90924722,Counter iPad,,Payment,Eat in,,
2026-06-07,12:22:00,Europe/London,Sides,Truffle Fries,1,Regular,,6.00,0.00,6.00,1.00,T90924722,Counter iPad,,Payment,Eat in,,
2026-06-07,12:22:00,Europe/London,Sides,Bread & Butter,1,Regular,,4.00,0.00,4.00,0.67,T90924722,Counter iPad,,Payment,Eat in,,
2026-06-07,12:22:00,Europe/London,Drinks,Lager Pint,2,Regular,,12.40,0.00,12.40,2.07,T90924722,Counter iPad,,Payment,Takeaway,,
2026-06-07,12:22:00,Europe/London,Drinks,House White 175ml,1,Regular,,7.00,0.00,7.00,1.17,T90924722,Counter iPad,,Payment,Eat in,,
2026-06-07,12:22:00,Europe/London,Drinks,House Red 175ml,1,Regular,,7.00,0.00,7.00,1.17,T90924722,Counter iPad,,Payment,Eat in,,
2026-06-07,12:22:00,Europe/London,Drinks,Coke,1,Regular,,3.00,0.00,3.00,0.50,T90924722,Counter iPad,,Payment,Eat in,,
2026-06-07,12:22:00,Europe/London,Drinks,Espresso,1,Regular,,2.80,0.00,2.80,0.47,T90924722,Counter iPad,,Payment,Eat in,,
2026-06-07,13:02:00,Europe/London,Drinks,Espresso,1,Regular,,-2.80,0.00,-2.80,-0.47,T90924722,Counter iPad,sent back,Refund,Eat in,,
2026-06-07,12:22:00,Europe/London,Drinks,Flat White,1,Regular,,3.40,0.00,3.40,0.57,T90924722,Counter iPad,,Payment,Eat in,,
2026-06-07,12:29:00,Europe/London,Starters,Pork Belly Bites,1,Regular,,8.00,0.00,8.00,1.33,T27204773,Counter iPad,,Payment,Eat in,,
2026-06-07,12:29:00,Europe/London,Mains,Sunday Roast,1,Regular,,24.00,0.00,24.00,4.00,T27204773,Counter iPad,,Payment,Takeaway,,
2026-06-07,12:29:00,Europe/London,Desserts,Sticky Toffee Pudding,2,Regular,,16.00,0.00,16.00,2.67,T27204773,Counter iPad,,Payment,Eat in,,
2026-06-07,12:29:00,Europe/London,Mains,Tidewater Burger,1,Regular,,16.50,0.00,16.50,2.75,T27204773,Counter iPad,,Payment,Eat in,,
2026-06-07,12:29:00,Europe/London,Drinks,House White 175ml,1,Regular,,7.00,0.00,7.00,1.17,T27204773,Counter iPad,,Payment,Eat in,,
2026-06-07,12:29:00,Europe/London,Drinks,Coke,2,Regular,,6.00,0.00,6.00,1.00,T27204773,Counter iPad,,Payment,Eat in,,
2026-06-07,12:35:00,Europe/London,Kids,Kids Burger,1,Regular,,7.50,0.00,7.50,1.25,T25237617,Counter iPad,,Payment,Takeaway,,
2026-06-07,12:35:00,Europe/London,Kids,Kids Ice Cream,1,Regular,,3.50,0.00,3.50,0.58,T25237617,Counter iPad,,Payment,Eat in,,
2026-06-07,12:35:00,Europe/London,Mains,Sunday Roast,2,Regular,,48.00,0.00,48.00,8.00,T25237617,Counter iPad,,Payment,Eat in,,
2026-06-07,12:35:00,Europe/London,Desserts,Crème Brûlée,2,Regular,,15.00,0.00,15.00,2.50,T25237617,Counter iPad,,Payment,Takeaway,,
2026-06-07,12:35:00,Europe/London,Starters,Soup of the Day,1,Regular,,7.00,0.00,7.00,1.17,T25237617,Counter iPad,,Payment,Eat in,,
2026-06-07,12:35:00,Europe/London,Sides,Truffle Fries,1,Regular,,6.00,0.00,6.00,1.00,T25237617,Counter iPad,,Payment,Takeaway,,
2026-06-07,12:35:00,Europe/London,Desserts,Sticky Toffee Pudding,1,Regular,,8.00,0.00,8.00,1.33,T25237617,Counter iPad,,Payment,Eat in,,
2026-06-07,12:35:00,Europe/London,Starters,Pork Belly Bites,2,Regular,,16.00,0.00,16.00,2.67,T25237617,Counter iPad,,Payment,Eat in,,
2026-06-07,12:35:00,Europe/London,Mains,Fish & Chips,2,Regular,,35.00,0.00,35.00,5.83,T25237617,Counter iPad,,Payment,Eat in,,
2026-06-07,12:35:00,Europe/London,Mains,Lemon Sole (MP),1,Regular,,26.00,0.00,26.00,4.33,T25237617,Counter iPad,,Payment,Eat in,,
2026-06-07,12:35:00,Europe/London,Sides,Bread & Butter,1,Regular,,4.00,0.00,4.00,0.67,T25237617,Counter iPad,,Payment,Eat in,,
2026-06-07,12:35:00,Europe/London,Drinks,Lager Pint,3,Regular,,18.60,0.00,18.60,3.10,T25237617,Counter iPad,,Payment,Takeaway,,
2026-06-07,12:35:00,Europe/London,Drinks,House White 175ml,4,Regular,,28.00,0.00,28.00,4.67,T25237617,Counter iPad,,Payment,Takeaway,,
2026-06-07,12:35:00,Europe/London,Drinks,Coke,2,Regular,,6.00,0.00,6.00,1.00,T25237617,Counter iPad,,Payment,Eat in,,
2026-06-07,12:35:00,Europe/London,Drinks,Espresso,2,Regular,,5.60,0.00,5.60,0.93,T25237617,Counter iPad,,Payment,Takeaway,,
2026-06-07,12:42:00,Europe/London,Starters,Pork Belly Bites,1,Regular,,8.00,0.00,8.00,1.33,T20509563,Counter iPad,,Payment,Eat in,,
2026-06-07,12:42:00,Europe/London,Mains,Sunday Roast,1,Regular,,24.00,0.00,24.00,4.00,T20509563,Counter iPad,,Payment,Eat in,,
2026-06-07,12:42:00,Europe/London,Mains,Hake,1,Regular,,22.00,0.00,22.00,3.67,T20509563,Counter iPad,,Payment,Eat in,,
2026-06-07,12:42:00,Europe/London,Sides,Chips,1,Regular,,4.50,0.00,4.50,0.75,T20509563,Counter iPad,,Payment,Takeaway,,
2026-06-07,12:42:00,Europe/London,Desserts,Affogato,1,Regular,,6.00,0.00,6.00,1.00,T20509563,Counter iPad,,Payment,Eat in,,
2026-06-07,12:42:00,Europe/London,Sides,Bread & Butter,1,Regular,,4.00,0.00,4.00,0.67,T20509563,Counter iPad,,Payment,Eat in,,
2026-06-07,12:42:00,Europe/London,Drinks,Lager Pint,1,Regular,,6.20,0.00,6.20,1.03,T20509563,Counter iPad,,Payment,Eat in,,
2026-06-07,12:44:00,Europe/London,Drinks,Lager Pint,1,Regular,,0.00,0.00,0.00,0.00,T20509563,Counter iPad,wrong table,Void,Eat in,,
2026-06-07,12:42:00,Europe/London,Drinks,House White 175ml,1,Regular,,7.00,0.00,7.00,1.17,T20509563,Counter iPad,,Payment,Eat in,,
2026-06-07,12:45:00,Europe/London,Starters,Salt & Pepper Squid,3,Regular,,28.50,0.00,28.50,4.75,T48684389,Counter iPad,,Payment,Takeaway,,
2026-06-07,12:45:00,Europe/London,Mains,Fish & Chips,1,Regular,,17.50,0.00,17.50,2.92,T48684389,Counter iPad,,Payment,Eat in,,
2026-06-07,12:45:00,Europe/London,Desserts,Crème Brûlée,2,Regular,,15.00,0.00,15.00,2.50,T48684389,Counter iPad,,Payment,Takeaway,,
2026-06-07,12:45:00,Europe/London,Mains,Sunday Roast,2,Regular,,48.00,0.00,48.00,8.00,T48684389,Counter iPad,,Payment,Eat in,,
2026-06-07,12:45:00,Europe/London,Sides,Chips,1,Regular,,4.50,0.00,4.50,0.75,T48684389,Counter iPad,,Payment,Eat in,,
2026-06-07,12:45:00,Europe/London,Sides,Truffle Fries,1,Regular,,6.00,0.00,6.00,1.00,T48684389,Counter iPad,,Payment,Takeaway,,
2026-06-07,12:45:00,Europe/London,Drinks,Lager Pint,1,Regular,,6.20,0.00,6.20,1.03,T48684389,Counter iPad,,Payment,Eat in,,
2026-06-07,12:45:00,Europe/London,Drinks,Coke,2,Regular,,6.00,0.00,6.00,1.00,T48684389,Counter iPad,,Payment,Eat in,,
2026-06-07,12:45:00,Europe/London,Drinks,Sparkling Water 750ml,1,Regular,,4.00,0.00,4.00,0.67,T48684389,Counter iPad,,Payment,Eat in,,
2026-06-07,12:45:00,Europe/London,Drinks,Espresso,1,Regular,,2.80,0.00,2.80,0.47,T48684389,Counter iPad,,Payment,Eat in,,
2026-06-07,12:45:00,Europe/London,Drinks,Flat White,1,Regular,,3.40,0.00,3.40,0.57,T48684389,Counter iPad,,Payment,Eat in,,
2026-06-07,12:54:00,Europe/London,Kids,Kids Fish & Chips,1,Regular,,8.00,0.00,8.00,1.33,T25216271,Counter iPad,,Payment,Takeaway,,
2026-06-07,12:54:00,Europe/London,Kids,Kids Ice Cream,1,Regular,,3.50,0.00,3.50,0.58,T25216271,Counter iPad,,Payment,Eat in,,
2026-06-07,12:54:00,Europe/London,Mains,Mushroom Risotto,1,Regular,,15.00,0.00,15.00,2.50,T25216271,Counter iPad,,Payment,Eat in,,
2026-06-07,12:54:00,Europe/London,Sides,Chips,1,Regular,,4.50,0.00,4.50,0.75,T25216271,Counter iPad,,Payment,Takeaway,,
2026-06-07,12:54:00,Europe/London,Desserts,Affogato,1,Regular,,6.00,0.00,6.00,1.00,T25216271,Counter iPad,,Payment,Eat in,,
2026-06-07,12:54:00,Europe/London,Drinks,Lager Pint,3,Regular,,18.60,0.00,18.60,3.10,T25216271,Counter iPad,,Payment,Eat in,,
2026-06-07,12:54:00,Europe/London,Drinks,House White 175ml,2,Regular,,14.00,0.00,14.00,2.33,T25216271,Counter iPad,,Payment,Eat in,,
2026-06-07,12:54:00,Europe/London,Drinks,Coke,1,Regular,,3.00,0.00,3.00,0.50,T25216271,Counter iPad,,Payment,Eat in,,
2026-06-07,13:22:00,Europe/London,Mains,Sunday Roast,1,Regular,,24.00,0.00,24.00,4.00,T23515960,Bar iPad,,Payment,Eat in,,
2026-06-07,13:22:00,Europe/London,Sides,Truffle Fries,1,Regular,,6.00,0.00,6.00,1.00,T23515960,Bar iPad,,Payment,Takeaway,,
2026-06-07,13:22:00,Europe/London,Mains,Fish & Chips,1,Regular,,17.50,0.00,17.50,2.92,T23515960,Bar iPad,,Payment,Eat in,,
2026-06-07,13:22:00,Europe/London,Drinks,Lager Pint,1,Regular,,6.20,0.00,6.20,1.03,T23515960,Bar iPad,,Payment,Eat in,,
2026-06-07,13:22:00,Europe/London,Drinks,Coke,2,Regular,,6.00,0.00,6.00,1.00,T23515960,Bar iPad,,Payment,Eat in,,
2026-06-07,13:22:00,Europe/London,Drinks,Sparkling Water 750ml,1,Regular,,4.00,0.00,4.00,0.67,T23515960,Bar iPad,,Payment,Eat in,,
2026-06-07,13:34:00,Europe/London,Mains,Sunday Roast,2,Regular,,48.00,0.00,48.00,8.00,T66490277,Counter iPad,,Payment,Eat in,,
2026-06-07,13:34:00,Europe/London,Starters,Pork Belly Bites,1,Regular,,8.00,0.00,8.00,1.33,T66490277,Counter iPad,,Payment,Takeaway,,
2026-06-07,13:34:00,Europe/London,Sides,Truffle Fries,1,Regular,,6.00,0.00,6.00,1.00,T66490277,Counter iPad,,Payment,Eat in,,
2026-06-07,13:34:00,Europe/London,Sides,Bread & Butter,1,Regular,,4.00,0.00,4.00,0.67,T66490277,Counter iPad,,Payment,Eat in,,
2026-06-07,13:34:00,Europe/London,Drinks,Lager Pint,2,Regular,,12.40,0.00,12.40,2.07,T66490277,Counter iPad,,Payment,Eat in,,
2026-06-07,13:34:00,Europe/London,Drinks,House White 175ml,1,Regular,,7.00,0.00,7.00,1.17,T66490277,Counter iPad,,Payment,Eat in,,
2026-06-07,13:34:00,Europe/London,Drinks,Coke,1,Regular,,3.00,0.00,3.00,0.50,T66490277,Counter iPad,,Payment,Eat in,,
2026-06-07,13:34:00,Europe/London,Drinks,Flat White,1,Regular,,3.40,0.00,3.40,0.57,T66490277,Counter iPad,,Payment,Takeaway,,
2026-06-07,13:38:00,Europe/London,Mains,Sunday Roast,1,Regular,,24.00,0.00,24.00,4.00,T24444303,Counter iPad,,Payment,Takeaway,C729,Sample Customer 729
2026-06-07,13:38:00,Europe/London,Drinks,House White 175ml,1,Regular,,7.00,0.00,7.00,1.17,T24444303,Counter iPad,,Payment,Takeaway,C729,Sample Customer 729
2026-06-07,16:30:00,Europe/London,Other,Staff Meal,1,Regular,Burger,10.00,-10.00,0.00,0.00,T30064239,Counter iPad,,Payment,Eat in,,
2026-06-07,13:43:00,Europe/London,Mains,Chicken Supreme,1,Regular,,19.00,0.00,19.00,3.17,T88296273,Counter iPad,,Payment,Eat in,,
2026-06-07,13:43:00,Europe/London,Desserts,Crème Brûlée,1,Regular,,7.50,0.00,7.50,1.25,T88296273,Counter iPad,,Payment,Eat in,,
2026-06-07,13:43:00,Europe/London,Mains,Fish & Chips,1,Regular,,17.50,0.00,17.50,2.92,T88296273,Counter iPad,,Payment,Eat in,,
2026-06-07,13:43:00,Europe/London,Sides,Chips,1,Regular,,4.50,0.00,4.50,0.75,T88296273,Counter iPad,,Payment,Takeaway,,
2026-06-07,13:43:00,Europe/London,Mains,Tidewater Burger,1,Regular,,16.50,0.00,16.50,2.75,T88296273,Counter iPad,,Payment,Eat in,,
2026-06-07,13:43:00,Europe/London,Sides,Truffle Fries,1,Regular,,6.00,0.00,6.00,1.00,T88296273,Counter iPad,,Payment,Takeaway,,
2026-06-07,13:43:00,Europe/London,Drinks,Lager Pint,2,Regular,,12.40,0.00,12.40,2.07,T88296273,Counter iPad,,Payment,Takeaway,,
2026-06-07,13:43:00,Europe/London,Drinks,House White 175ml,1,Regular,,7.00,0.00,7.00,1.17,T88296273,Counter iPad,,Payment,Eat in,,
2026-06-07,13:43:00,Europe/London,Drinks,House Red 175ml,1,Regular,,7.00,0.00,7.00,1.17,T88296273,Counter iPad,,Payment,Takeaway,,
2026-06-07,13:43:00,Europe/London,Drinks,Sparkling Water 750ml,1,Regular,,4.00,0.00,4.00,0.67,T88296273,Counter iPad,,Payment,Eat in,,
2026-06-07,14:15:00,Europe/London,Starters,Pork Belly Bites,1,Regular,,8.00,0.00,8.00,1.33,T33305759,Counter iPad,,Payment,Takeaway,C794,Sample Customer 794
2026-06-07,14:15:00,Europe/London,Mains,Lamb Rump,1,Regular,,26.00,0.00,26.00,4.33,T33305759,Counter iPad,,Payment,Eat in,C794,Sample Customer 794
2026-06-07,14:15:00,Europe/London,Sides,Chips,1,Regular,,4.50,0.00,4.50,0.75,T33305759,Counter iPad,,Payment,Takeaway,C794,Sample Customer 794
2026-06-07,14:15:00,Europe/London,Mains,Fish & Chips,1,Regular,,17.50,0.00,17.50,2.92,T33305759,Counter iPad,,Payment,Eat in,C794,Sample Customer 794
2026-06-07,14:15:00,Europe/London,Starters,Salt & Pepper Squid,1,Regular,,9.50,0.00,9.50,1.58,T33305759,Counter iPad,,Payment,Eat in,C794,Sample Customer 794
2026-06-07,14:15:00,Europe/London,Starters,Rock Oysters,1,x3,,9.00,0.00,9.00,1.50,T33305759,Counter iPad,,Payment,Eat in,C794,Sample Customer 794
2026-06-07,14:15:00,Europe/London,Mains,Sunday Roast,1,Regular,,24.00,0.00,24.00,4.00,T33305759,Counter iPad,,Payment,Eat in,C794,Sample Customer 794
2026-06-07,14:15:00,Europe/London,Sides,Tenderstem,1,Regular,,5.00,0.00,5.00,0.83,T33305759,Counter iPad,,Payment,Eat in,C794,Sample Customer 794
2026-06-07,14:15:00,Europe/London,Mains,Tidewater Burger,1,Regular,,16.50,0.00,16.50,2.75,T33305759,Counter iPad,,Payment,Takeaway,C794,Sample Customer 794
2026-06-07,14:15:00,Europe/London,Sides,Truffle Fries,1,Regular,,6.00,0.00,6.00,1.00,T33305759,Counter iPad,,Payment,Eat in,C794,Sample Customer 794
2026-06-07,14:15:00,Europe/London,Drinks,Lager Pint,2,Regular,,12.40,0.00,12.40,2.07,T33305759,Counter iPad,,Payment,Takeaway,C794,Sample Customer 794
2026-06-07,14:15:00,Europe/London,Drinks,House White 175ml,2,Regular,,14.00,0.00,14.00,2.33,T33305759,Counter iPad,,Payment,Takeaway,C794,Sample Customer 794
2026-06-07,14:15:00,Europe/London,Drinks,House Red 175ml,1,Regular,,7.00,0.00,7.00,1.17,T33305759,Counter iPad,,Payment,Eat in,C794,Sample Customer 794
2026-06-07,14:15:00,Europe/London,Drinks,Sparkling Water 750ml,2,Regular,,8.00,0.00,8.00,1.33,T33305759,Counter iPad,,Payment,Takeaway,C794,Sample Customer 794
2026-06-07,14:55:00,Europe/London,Drinks,Sparkling Water 750ml,1,Regular,,-4.00,0.00,-4.00,-0.67,T33305759,Counter iPad,sent back,Refund,Eat in,C794,Sample Customer 794
2026-06-07,14:15:00,Europe/London,Drinks,Espresso,1,Regular,,2.80,0.00,2.80,0.47,T33305759,Counter iPad,,Payment,Eat in,C794,Sample Customer 794
2026-06-07,14:19:00,Europe/London,Starters,Rock Oysters,1,x3,,9.00,0.00,9.00,1.50,T57593352,Counter iPad,,Payment,Takeaway,,
2026-06-07,14:19:00,Europe/London,Mains,Sunday Roast,1,Regular,,24.00,0.00,24.00,4.00,T57593352,Counter iPad,,Payment,Takeaway,,
2026-06-07,14:19:00,Europe/London,Sides,Truffle Fries,1,Regular,,6.00,0.00,6.00,1.00,T57593352,Counter iPad,,Payment,Eat in,,
2026-06-07,14:19:00,Europe/London,Desserts,Choc Tart,1,Regular,,8.00,0.00,8.00,1.33,T57593352,Counter iPad,,Payment,Eat in,,
2026-06-07,14:19:00,Europe/London,Desserts,Crème Brûlée,1,Regular,,7.50,0.00,7.50,1.25,T57593352,Counter iPad,,Payment,Eat in,,
2026-06-07,14:19:00,Europe/London,Sides,Bread & Butter,1,Regular,,4.00,0.00,4.00,0.67,T57593352,Counter iPad,,Payment,Eat in,,
2026-06-07,14:19:00,Europe/London,Drinks,House Red 175ml,1,Regular,,7.00,0.00,7.00,1.17,T57593352,Counter iPad,,Payment,Eat in,,
2026-06-07,14:19:00,Europe/London,Drinks,Sparkling Water 750ml,2,Regular,,8.00,0.00,8.00,1.33,T57593352,Counter iPad,,Payment,Takeaway,,
2026-06-07,14:24:00,Europe/London,Kids,Kids Fish & Chips,1,Regular,,8.00,0.00,8.00,1.33,T21932038,Counter iPad,,Payment,Eat in,,
2026-06-07,14:24:00,Europe/London,Kids,Kids Ice Cream,1,Regular,,3.50,0.00,3.50,0.58,T21932038,Counter iPad,,Payment,Eat in,,
2026-06-07,14:24:00,Europe/London,Starters,Salt & Pepper Squid,1,Regular,,9.50,0.00,9.50,1.58,T21932038,Counter iPad,,Payment,Takeaway,,
2026-06-07,14:24:00,Europe/London,Mains,Fish & Chips,1,Regular,,17.50,0.00,17.50,2.92,T21932038,Counter iPad,,Payment,Eat in,,
2026-06-07,14:24:00,Europe/London,Mains,Tidewater Burger,1,Regular,,16.50,0.00,16.50,2.75,T21932038,Counter iPad,,Payment,Eat in,,
2026-06-07,14:24:00,Europe/London,Sides,Bread & Butter,1,Regular,,4.00,0.00,4.00,0.67,T21932038,Counter iPad,,Payment,Eat in,,
2026-06-07,14:24:00,Europe/London,Drinks,Lager Pint,3,Regular,,18.60,0.00,18.60,3.10,T21932038,Counter iPad,,Payment,Eat in,,
2026-06-07,14:24:00,Europe/London,Drinks,House Red 175ml,1,Regular,,7.00,0.00,7.00,1.17,T21932038,Counter iPad,,Payment,Takeaway,,
2026-06-07,14:24:00,Europe/London,Drinks,Coke,1,Regular,,3.00,0.00,3.00,0.50,T21932038,Counter iPad,,Payment,Takeaway,,
2026-06-07,14:24:00,Europe/London,Drinks,Espresso,1,Regular,,2.80,0.00,2.80,0.47,T21932038,Counter iPad,,Payment,Takeaway,,
2026-06-07,14:24:00,Europe/London,Drinks,Flat White,1,Regular,,3.40,0.00,3.40,0.57,T21932038,Counter iPad,,Payment,Eat in,,
2026-06-07,14:32:00,Europe/London,Starters,Salt & Pepper Squid,1,Regular,,9.50,0.00,9.50,1.58,T98037613,Counter iPad,,Payment,Eat in,,
2026-06-07,14:32:00,Europe/London,Mains,Sunday Roast,2,Regular,,48.00,0.00,48.00,8.00,T98037613,Counter iPad,,Payment,Eat in,,
2026-06-07,14:32:00,Europe/London,Sides,Chips,1,Regular,,4.50,0.00,4.50,0.75,T98037613,Counter iPad,,Payment,Takeaway,,
2026-06-07,14:32:00,Europe/London,Mains,Steak Frites,1,Regular,,24.00,0.00,24.00,4.00,T98037613,Counter iPad,,Payment,Eat in,,
2026-06-07,14:32:00,Europe/London,Sides,Peppercorn Sauce,1,Regular,,3.00,0.00,3.00,0.50,T98037613,Counter iPad,,Payment,Eat in,,
2026-06-07,14:32:00,Europe/London,Sides,Bread & Butter,1,Regular,,4.00,0.00,4.00,0.67,T98037613,Counter iPad,,Payment,Eat in,,
2026-06-07,14:32:00,Europe/London,Drinks,Lager Pint,2,Regular,,12.40,0.00,12.40,2.07,T98037613,Counter iPad,,Payment,Eat in,,
2026-06-07,14:32:00,Europe/London,Drinks,Sparkling Water 750ml,1,Regular,,4.00,0.00,4.00,0.67,T98037613,Counter iPad,,Payment,Takeaway,,
2026-06-07,14:32:00,Europe/London,Drinks,Espresso,1,Regular,,2.80,0.00,2.80,0.47,T98037613,Counter iPad,,Payment,Eat in,,
2026-06-07,14:38:00,Europe/London,Starters,Salt & Pepper Squid,1,Regular,,9.50,0.00,9.50,1.58,T26724602,Counter iPad,,Payment,Eat in,,
2026-06-07,14:38:00,Europe/London,Mains,Fish & Chips,1,Small,,13.00,0.00,13.00,2.17,T26724602,Counter iPad,,Payment,Takeaway,,
2026-06-07,14:38:00,Europe/London,Mains,Steak Frites,1,Regular,,24.00,0.00,24.00,4.00,T26724602,Counter iPad,,Payment,Takeaway,,
2026-06-07,14:38:00,Europe/London,Sides,Peppercorn Sauce,1,Regular,,3.00,0.00,3.00,0.50,T26724602,Counter iPad,,Payment,Eat in,,
2026-06-07,14:38:00,Europe/London,Drinks,Lager Pint,1,Regular,,6.20,0.00,6.20,1.03,T26724602,Counter iPad,,Payment,Takeaway,,
2026-06-07,14:38:00,Europe/London,Drinks,House Red 175ml,1,Regular,,7.00,0.00,7.00,1.17,T26724602,Counter iPad,,Payment,Eat in,,
2026-06-07,14:38:00,Europe/London,Drinks,Coke,1,Regular,,3.00,0.00,3.00,0.50,T26724602,Counter iPad,,Payment,Eat in,,
2026-06-07,14:39:00,Europe/London,Kids,Kids Fish & Chips,2,Regular,,16.00,0.00,16.00,2.67,T18824693,Counter iPad,,Payment,Takeaway,,
2026-06-07,14:39:00,Europe/London,Kids,Kids Ice Cream,2,Regular,,7.00,0.00,7.00,1.17,T18824693,Counter iPad,,Payment,Eat in,,
2026-06-07,14:39:00,Europe/London,Starters,Soup of the Day,1,Regular,,7.00,0.00,7.00,1.17,T18824693,Counter iPad,,Payment,Eat in,,
2026-06-07,14:39:00,Europe/London,Mains,Fish & Chips,1,Regular,,17.50,0.00,17.50,2.92,T18824693,Counter iPad,,Payment,Eat in,,
2026-06-07,14:39:00,Europe/London,Starters,Burrata,1,Regular,,10.00,0.00,10.00,1.67,T18824693,Counter iPad,,Payment,Eat in,,
2026-06-07,14:39:00,Europe/London,Mains,Mushroom Risotto,1,Regular,,15.00,0.00,15.00,2.50,T18824693,Counter iPad,,Payment,Takeaway,,
2026-06-07,14:39:00,Europe/London,Sides,Bread & Butter,1,Regular,,4.00,0.00,4.00,0.67,T18824693,Counter iPad,,Payment,Eat in,,
2026-06-07,14:39:00,Europe/London,Drinks,Lager Pint,2,Regular,,12.40,0.00,12.40,2.07,T18824693,Counter iPad,,Payment,Takeaway,,
2026-06-07,14:39:00,Europe/London,Drinks,Flat White,2,Regular,,6.80,0.00,6.80,1.13,T18824693,Counter iPad,,Payment,Takeaway,,
2026-06-07,18:25:00,Europe/London,Starters,Soup of the Day,1,Regular,,7.00,0.00,7.00,1.17,T36633292,Counter iPad,,Payment,Takeaway,,
2026-06-07,18:25:00,Europe/London,Mains,Steak Frites,1,Regular,,24.00,0.00,24.00,4.00,T36633292,Counter iPad,,Payment,Eat in,,
2026-06-07,18:25:00,Europe/London,Sides,Peppercorn Sauce,1,Regular,,3.00,0.00,3.00,0.50,T36633292,Counter iPad,,Payment,Eat in,,
2026-06-07,18:25:00,Europe/London,Drinks,Lager Pint,1,Regular,,6.20,0.00,6.20,1.03,T36633292,Counter iPad,,Payment,Eat in,,
2026-06-07,20:00:00,Europe/London,Mains,Sunday Roast,2,Regular,,48.00,0.00,48.00,8.00,T33106055,Counter iPad,,Payment,Eat in,,
2026-06-07,20:00:00,Europe/London,Sides,Chips,1,Regular,,4.50,0.00,4.50,0.75,T33106055,Counter iPad,,Payment,Takeaway,,
2026-06-07,20:00:00,Europe/London,Starters,Salt & Pepper Squid,1,Regular,,9.50,0.00,9.50,1.58,T33106055,Counter iPad,,Payment,Eat in,,
2026-06-07,20:00:00,Europe/London,Sides,Truffle Fries,1,Regular,,6.00,0.00,6.00,1.00,T33106055,Counter iPad,,Payment,Eat in,,
2026-06-07,20:00:00,Europe/London,Drinks,Lager Pint,2,Regular,,12.40,0.00,12.40,2.07,T33106055,Counter iPad,,Payment,Eat in,,
2026-06-07,20:00:00,Europe/London,Drinks,House Red 175ml,1,Regular,,7.00,0.00,7.00,1.17,T33106055,Counter iPad,,Payment,Takeaway,,
2026-06-07,20:00:00,Europe/London,Drinks,Coke,1,Regular,,3.00,0.00,3.00,0.50,T33106055,Counter iPad,,Payment,Eat in,,
2026-06-07,20:00:00,Europe/London,Drinks,Sparkling Water 750ml,1,Regular,,4.00,0.00,4.00,0.67,T33106055,Counter iPad,,Payment,Eat in,,
2026-06-07,20:06:00,Europe/London,Mains,Sunday Roast,2,Regular,,48.00,0.00,48.00,8.00,T26494249,Counter iPad,,Payment,Eat in,,
2026-06-07,20:06:00,Europe/London,Sides,Bread & Butter,1,Regular,,4.00,0.00,4.00,0.67,T26494249,Counter iPad,,Payment,Eat in,,
2026-06-07,20:06:00,Europe/London,Drinks,Lager Pint,2,Regular,,12.40,0.00,12.40,2.07,T26494249,Counter iPad,,Payment,Eat in,,
2026-06-07,20:06:00,Europe/London,Drinks,House White 175ml,1,Regular,,7.00,0.00,7.00,1.17,T26494249,Counter iPad,,Payment,Takeaway,,
2026-06-07,20:12:00,Europe/London,Starters,Salt & Pepper Squid,1,Regular,,9.50,0.00,9.50,1.58,T16065910,Counter iPad,,Payment,Takeaway,C714,Sample Customer 714
2026-06-07,20:12:00,Europe/London,Mains,Lemon Sole (MP),1,Regular,,24.00,0.00,24.00,4.00,T16065910,Counter iPad,,Payment,Eat in,C714,Sample Customer 714
2026-06-07,20:12:00,Europe/London,Desserts,Sticky Toffee Pudding,1,Regular,,8.00,0.00,8.00,1.33,T16065910,Counter iPad,,Payment,Eat in,C714,Sample Customer 714
2026-06-07,20:12:00,Europe/London,Starters,Mackerel Pate,1,Regular,,8.50,0.00,8.50,1.42,T16065910,Counter iPad,,Payment,Eat in,C714,Sample Customer 714
2026-06-07,20:12:00,Europe/London,Mains,Mushroom Risotto,1,Regular,,15.00,0.00,15.00,2.50,T16065910,Counter iPad,,Payment,Eat in,C714,Sample Customer 714
2026-06-07,20:12:00,Europe/London,Sides,Chips,1,Regular,,4.50,0.00,4.50,0.75,T16065910,Counter iPad,,Payment,Eat in,C714,Sample Customer 714
2026-06-07,20:12:00,Europe/London,Sides,Bread & Butter,1,Regular,,4.00,0.00,4.00,0.67,T16065910,Counter iPad,,Payment,Takeaway,C714,Sample Customer 714
2026-06-07,20:12:00,Europe/London,Drinks,Lager Pint,2,Regular,,12.40,0.00,12.40,2.07,T16065910,Counter iPad,,Payment,Takeaway,C714,Sample Customer 714
2026-06-07,20:12:00,Europe/London,Drinks,House White 175ml,1,Regular,,7.00,0.00,7.00,1.17,T16065910,Counter iPad,,Payment,Eat in,C714,Sample Customer 714
2026-06-07,20:12:00,Europe/London,Drinks,Coke,1,Regular,,3.00,0.00,3.00,0.50,T16065910,Counter iPad,,Payment,Eat in,C714,Sample Customer 714
2026-06-07,20:12:00,Europe/London,Drinks,Sparkling Water 750ml,2,Regular,,8.00,0.00,8.00,1.33,T16065910,Counter iPad,,Payment,Eat in,C714,Sample Customer 714
2026-06-07,20:12:00,Europe/London,Drinks,Flat White,1,Regular,,3.40,0.00,3.40,0.57,T16065910,Counter iPad,,Payment,Eat in,C714,Sample Customer 714
2026-06-07,22:36:00,Europe/London,Mains,Tidewater Burger,1,Regular,,16.50,0.00,16.50,2.75,T52388008,Counter iPad,,Payment,Takeaway,C797,Sample Customer 797
2026-06-07,22:36:00,Europe/London,Starters,Soup of the Day,1,Regular,,7.00,0.00,7.00,1.17,T52388008,Counter iPad,,Payment,Takeaway,C797,Sample Customer 797
2026-06-07,22:36:00,Europe/London,Mains,Sunday Roast,2,Regular,,48.00,0.00,48.00,8.00,T52388008,Counter iPad,,Payment,Eat in,C797,Sample Customer 797
2026-06-07,22:36:00,Europe/London,Sides,Truffle Fries,1,Regular,,6.00,0.00,6.00,1.00,T52388008,Counter iPad,,Payment,Eat in,C797,Sample Customer 797
2026-06-07,22:36:00,Europe/London,Mains,Fish & Chips,1,Small,,13.00,0.00,13.00,2.17,T52388008,Counter iPad,,Payment,Eat in,C797,Sample Customer 797
2026-06-07,22:36:00,Europe/London,Desserts,Sticky Toffee Pudding,2,Regular,,16.00,0.00,16.00,2.67,T52388008,Counter iPad,,Payment,Takeaway,C797,Sample Customer 797
2026-06-07,22:36:00,Europe/London,Starters,Pork Belly Bites,1,Regular,,8.00,0.00,8.00,1.33,T52388008,Counter iPad,,Payment,Eat in,C797,Sample Customer 797
2026-06-07,22:36:00,Europe/London,Mains,Fish & Chips,1,Regular,,17.50,0.00,17.50,2.92,T52388008,Counter iPad,,Payment,Takeaway,C797,Sample Customer 797
2026-06-07,22:36:00,Europe/London,Sides,Tenderstem,1,Regular,,5.00,0.00,5.00,0.83,T52388008,Counter iPad,,Payment,Eat in,C797,Sample Customer 797
2026-06-07,22:36:00,Europe/London,Starters,Salt & Pepper Squid,1,Regular,,9.50,0.00,9.50,1.58,T52388008,Counter iPad,,Payment,Takeaway,C797,Sample Customer 797
2026-06-07,22:36:00,Europe/London,Sides,Chips,1,Regular,,4.50,0.00,4.50,0.75,T52388008,Counter iPad,,Payment,Eat in,C797,Sample Customer 797
2026-06-07,22:36:00,Europe/London,Starters,Mackerel Pate,1,Regular,,8.50,0.00,8.50,1.42,T52388008,Counter iPad,,Payment,Eat in,C797,Sample Customer 797
2026-06-07,22:36:00,Europe/London,Desserts,Choc Tart,1,Regular,,8.00,0.00,8.00,1.33,T52388008,Counter iPad,,Payment,Eat in,C797,Sample Customer 797
2026-06-07,22:36:00,Europe/London,Drinks,Lager Pint,2,Regular,,12.40,0.00,12.40,2.07,T52388008,Counter iPad,,Payment,Eat in,C797,Sample Customer 797
2026-06-07,22:36:00,Europe/London,Drinks,Sparkling Water 750ml,1,Regular,,4.00,0.00,4.00,0.67,T52388008,Counter iPad,,Payment,Takeaway,C797,Sample Customer 797
2026-06-07,22:36:00,Europe/London,Drinks,Espresso,1,Regular,,2.80,0.00,2.80,0.47,T52388008,Counter iPad,,Payment,Eat in,C797,Sample Customer 797
2026-06-07,22:36:00,Europe/London,Drinks,Flat White,1,Regular,,3.40,0.00,3.40,0.57,T52388008,Counter iPad,,Payment,Eat in,C797,Sample Customer 797
2026-06-09,13:39:00,Europe/London,Starters,Pork Belly Bites,1,Regular,,8.00,0.00,8.00,1.33,T50037382,Counter iPad,,Payment,Takeaway,,
2026-06-09,13:39:00,Europe/London,Mains,Hake,1,Regular,,22.00,0.00,22.00,3.67,T50037382,Counter iPad,,Payment,Takeaway,,
2026-06-09,13:39:00,Europe/London,Desserts,Sticky Toffee Pudding,2,Regular,,16.00,0.00,16.00,2.67,T50037382,Counter iPad,,Payment,Eat in,,
2026-06-09,13:39:00,Europe/London,Mains,Steak Frites,1,Regular,,24.00,0.00,24.00,4.00,T50037382,Counter iPad,,Payment,Takeaway,,
2026-06-09,13:39:00,Europe/London,Mains,Tidewater Burger,1,Regular,,16.50,0.00,16.50,2.75,T50037382,Counter iPad,,Payment,Eat in,,
2026-06-09,13:39:00,Europe/London,Drinks,Lager Pint,1,Regular,,6.20,0.00,6.20,1.03,T50037382,Counter iPad,,Payment,Eat in,,
2026-06-09,13:39:00,Europe/London,Drinks,House Red 175ml,1,Regular,,7.00,0.00,7.00,1.17,T50037382,Counter iPad,,Payment,Eat in,,
2026-06-09,13:39:00,Europe/London,Drinks,Coke,1,Regular,,3.00,0.00,3.00,0.50,T50037382,Counter iPad,,Payment,Eat in,,
2026-06-09,13:39:00,Europe/London,Drinks,Espresso,1,Regular,,2.80,0.00,2.80,0.47,T50037382,Counter iPad,,Payment,Eat in,,
2026-06-09,13:39:00,Europe/London,Drinks,Flat White,1,Regular,,3.40,0.00,3.40,0.57,T50037382,Counter iPad,,Payment,Takeaway,,
2026-06-09,13:48:00,Europe/London,Mains,Fish & Chips,1,Regular,,17.50,0.00,17.50,2.92,T22148112,Counter iPad,,Payment,Takeaway,C456,Sample Customer 456
2026-06-09,13:48:00,Europe/London,Desserts,Sticky Toffee Pudding,1,Regular,,8.00,0.00,8.00,1.33,T22148112,Counter iPad,,Payment,Eat in,C456,Sample Customer 456
2026-06-09,13:48:00,Europe/London,Starters,Soup of the Day,1,Regular,,7.00,0.00,7.00,1.17,T22148112,Counter iPad,,Payment,Eat in,C456,Sample Customer 456
2026-06-09,13:48:00,Europe/London,Mains,Tidewater Burger,1,Regular,Add Bacon,16.50,0.00,16.50,2.75,T22148112,Counter iPad,,Payment,Eat in,C456,Sample Customer 456
2026-06-09,13:48:00,Europe/London,Desserts,Choc Tart,1,Regular,,8.00,0.00,8.00,1.33,T22148112,Counter iPad,,Payment,Eat in,C456,Sample Customer 456
2026-06-09,13:48:00,Europe/London,Sides,Bread & Butter,1,Regular,,4.00,0.00,4.00,0.67,T22148112,Counter iPad,,Payment,Takeaway,C456,Sample Customer 456
2026-06-09,13:48:00,Europe/London,Drinks,Lager Pint,1,Regular,,6.20,0.00,6.20,1.03,T22148112,Counter iPad,,Payment,Eat in,C456,Sample Customer 456
2026-06-09,13:48:00,Europe/London,Drinks,House White 175ml,1,Regular,,7.00,0.00,7.00,1.17,T22148112,Counter iPad,,Payment,Takeaway,C456,Sample Customer 456
2026-06-09,13:48:00,Europe/London,Drinks,Espresso,1,Regular,,2.80,0.00,2.80,0.47,T22148112,Counter iPad,,Payment,Eat in,C456,Sample Customer 456
2026-06-09,13:48:00,Europe/London,Drinks,Flat White,1,Regular,,3.40,0.00,3.40,0.57,T22148112,Counter iPad,,Payment,Eat in,C456,Sample Customer 456
2026-06-09,14:01:00,Europe/London,Starters,Salt & Pepper Squid,1,Regular,,9.50,0.00,9.50,1.58,T73573941,Counter iPad,,Payment,Eat in,,
2026-06-09,14:01:00,Europe/London,Mains,Lemon Sole (MP),1,Regular,,27.00,0.00,27.00,4.50,T73573941,Counter iPad,,Payment,Eat in,,
2026-06-09,14:01:00,Europe/London,Desserts,Choc Tart,1,Regular,,8.00,0.00,8.00,1.33,T73573941,Counter iPad,,Payment,Takeaway,,
2026-06-09,14:01:00,Europe/London,Set Menu,Set Lunch - 3 Courses,1,Regular,"Mackerel Pate, Fish & Chips (Small), Sticky Toffee Pudding",25.00,0.00,25.00,4.17,T73573941,Counter iPad,,Payment,Eat in,,
2026-06-09,14:01:00,Europe/London,Sides,Bread & Butter,1,Regular,,4.00,0.00,4.00,0.67,T73573941,Counter iPad,,Payment,Eat in,,
2026-06-09,14:01:00,Europe/London,Drinks,Lager Pint,1,Regular,,6.20,0.00,6.20,1.03,T73573941,Counter iPad,,Payment,Eat in,,
2026-06-09,14:01:00,Europe/London,Drinks,House Red 175ml,1,Regular,,7.00,0.00,7.00,1.17,T73573941,Counter iPad,,Payment,Eat in,,
2026-06-09,14:01:00,Europe/London,Drinks,Coke,1,Regular,,3.00,0.00,3.00,0.50,T73573941,Counter iPad,,Payment,Takeaway,,
2026-06-09,14:55:00,Europe/London,Mains,Fish & Chips,1,Regular,,17.50,0.00,17.50,2.92,T99492164,Bar iPad,,Payment,Eat in,,
2026-06-09,14:55:00,Europe/London,Set Menu,Set Lunch - 3 Courses,1,Regular,"Mackerel Pate, Fish & Chips (Small), Sticky Toffee Pudding",25.00,0.00,25.00,4.17,T99492164,Bar iPad,,Payment,Eat in,,
2026-06-09,14:55:00,Europe/London,Drinks,Lager Pint,1,Regular,,6.20,0.00,6.20,1.03,T99492164,Bar iPad,,Payment,Eat in,,
2026-06-09,14:55:00,Europe/London,Drinks,House White 175ml,1,Regular,,7.00,0.00,7.00,1.17,T99492164,Bar iPad,,Payment,Eat in,,
2026-06-09,14:55:00,Europe/London,Drinks,House Red 175ml,1,Regular,,7.00,0.00,7.00,1.17,T99492164,Bar iPad,,Payment,Eat in,,
2026-06-09,14:55:00,Europe/London,Drinks,Coke,1,Regular,,3.00,0.00,3.00,0.50,T99492164,Bar iPad,,Payment,Eat in,,
2026-06-09,15:35:00,Europe/London,Drinks,Coke,1,Regular,,-3.00,0.00,-3.00,-0.50,T99492164,Bar iPad,sent back,Refund,Eat in,,
2026-06-09,18:30:00,Europe/London,Mains,Tidewater Burger,1,Regular,,16.50,0.00,16.50,2.75,T48179818,Counter iPad,,Payment,Takeaway,,
2026-06-09,18:30:00,Europe/London,Mains,Fish & Chips,1,Regular,,17.50,0.00,17.50,2.92,T48179818,Counter iPad,,Payment,Eat in,,
2026-06-09,18:30:00,Europe/London,Sides,Bread & Butter,1,Regular,,4.00,0.00,4.00,0.67,T48179818,Counter iPad,,Payment,Eat in,,
2026-06-09,18:30:00,Europe/London,Drinks,Lager Pint,2,Regular,,12.40,0.00,12.40,2.07,T48179818,Counter iPad,,Payment,Eat in,,
2026-06-09,18:30:00,Europe/London,Drinks,Coke,1,Regular,,3.00,0.00,3.00,0.50,T48179818,Counter iPad,,Payment,Takeaway,,
2026-06-09,18:30:00,Europe/London,Drinks,Sparkling Water 750ml,1,Regular,,4.00,0.00,4.00,0.67,T48179818,Counter iPad,,Payment,Eat in,,
2026-06-09,18:30:00,Europe/London,Drinks,Espresso,1,Regular,,2.80,0.00,2.80,0.47,T48179818,Counter iPad,,Payment,Eat in,,
2026-06-09,18:58:00,Europe/London,Kids,Kids Fish & Chips,1,Regular,,8.00,0.00,8.00,1.33,T27226323,Counter iPad,Table 8 - call 07700 900263 when ready,Payment,Eat in,,
2026-06-09,18:58:00,Europe/London,Starters,Salt & Pepper Squid,1,Regular,,9.50,0.00,9.50,1.58,T27226323,Counter iPad,Table 8 - call 07700 900263 when ready,Payment,Eat in,,
2026-06-09,18:58:00,Europe/London,Mains,Tidewater Burger,1,Regular,,16.50,0.00,16.50,2.75,T27226323,Counter iPad,Table 8 - call 07700 900263 when ready,Payment,Eat in,,
2026-06-09,18:58:00,Europe/London,Desserts,Choc Tart,1,Regular,,8.00,0.00,8.00,1.33,T27226323,Counter iPad,Table 8 - call 07700 900263 when ready,Payment,Takeaway,,
2026-06-09,18:58:00,Europe/London,Mains,Fish & Chips,1,Regular,,17.50,0.00,17.50,2.92,T27226323,Counter iPad,Table 8 - call 07700 900263 when ready,Payment,Eat in,,
2026-06-09,18:58:00,Europe/London,Desserts,Crème Brûlée,1,Regular,,7.50,0.00,7.50,1.25,T27226323,Counter iPad,Table 8 - call 07700 900263 when ready,Payment,Eat in,,
2026-06-09,18:58:00,Europe/London,Drinks,Lager Pint,2,Regular,,12.40,0.00,12.40,2.07,T27226323,Counter iPad,Table 8 - call 07700 900263 when ready,Payment,Takeaway,,
2026-06-09,18:58:00,Europe/London,Drinks,Espresso,1,Regular,,2.80,0.00,2.80,0.47,T27226323,Counter iPad,Table 8 - call 07700 900263 when ready,Payment,Eat in,,
2026-06-09,18:58:00,Europe/London,Drinks,Flat White,2,Regular,,6.80,0.00,6.80,1.13,T27226323,Counter iPad,Table 8 - call 07700 900263 when ready,Payment,Takeaway,,
2026-06-09,19:20:00,Europe/London,Mains,Fish & Chips,2,Regular,,35.00,0.00,35.00,5.83,T55544323,Bar iPad,,Payment,Takeaway,,
2026-06-09,19:20:00,Europe/London,Sides,Fries,1,Regular,,4.50,0.00,4.50,0.75,T55544323,Bar iPad,,Payment,Eat in,,
2026-06-09,19:20:00,Europe/London,Starters,Salt & Pepper Squid,1,Regular,,9.50,0.00,9.50,1.58,T55544323,Bar iPad,,Payment,Eat in,,
2026-06-09,19:20:00,Europe/London,Mains,Hake,1,Regular,,22.00,0.00,22.00,3.67,T55544323,Bar iPad,,Payment,Eat in,,
2026-06-09,19:20:00,Europe/London,Sides,Truffle Fries,2,Regular,,12.00,0.00,12.00,2.00,T55544323,Bar iPad,,Payment,Eat in,,
2026-06-09,19:20:00,Europe/London,Desserts,Sticky Toffee Pudding,1,Regular,,8.00,0.00,8.00,1.33,T55544323,Bar iPad,,Payment,Eat in,,
2026-06-09,19:20:00,Europe/London,Drinks,Lager Pint,1,Regular,,6.20,0.00,6.20,1.03,T55544323,Bar iPad,,Payment,Eat in,,
2026-06-09,20:00:00,Europe/London,Starters,Salt & Pepper Squid,1,Regular,,9.50,0.00,9.50,1.58,T97344373,Counter iPad,,Payment,Eat in,,
2026-06-09,20:00:00,Europe/London,Mains,Hake,2,Regular,,44.00,0.00,44.00,7.33,T97344373,Counter iPad,,Payment,Eat in,,
2026-06-09,20:00:00,Europe/London,Starters,Rock Oysters,1,x3,,9.00,0.00,9.00,1.50,T97344373,Counter iPad,,Payment,Eat in,,
2026-06-09,20:00:00,Europe/London,Sides,Bread & Butter,1,Regular,,4.00,0.00,4.00,0.67,T97344373,Counter iPad,,Payment,Eat in,,
2026-06-09,20:00:00,Europe/London,Drinks,House Red 175ml,1,Regular,,7.00,0.00,7.00,1.17,T97344373,Counter iPad,,Payment,Eat in,,
2026-06-09,20:00:00,Europe/London,Drinks,Coke,1,Regular,,3.00,0.00,3.00,0.50,T97344373,Counter iPad,,Payment,Eat in,,
2026-06-09,20:00:00,Europe/London,Drinks,Espresso,1,Regular,,2.80,0.00,2.80,0.47,T97344373,Counter iPad,,Payment,Eat in,,
2026-06-09,20:24:00,Europe/London,Starters,Salt & Pepper Squid,1,Regular,,9.50,0.00,9.50,1.58,T95187504,Counter iPad,,Payment,Eat in,,
2026-06-09,20:24:00,Europe/London,Mains,Fish & Chips,1,Regular,,17.50,0.00,17.50,2.92,T95187504,Counter iPad,,Payment,Eat in,,
2026-06-09,20:24:00,Europe/London,Mains,Fish & Chips,1,Small,,13.00,0.00,13.00,2.17,T95187504,Counter iPad,,Payment,Eat in,,
2026-06-09,20:24:00,Europe/London,Drinks,Lager Pint,1,Regular,,6.20,0.00,6.20,1.03,T95187504,Counter iPad,,Payment,Eat in,,
2026-06-09,20:24:00,Europe/London,Drinks,House White 175ml,1,Regular,,7.00,0.00,7.00,1.17,T95187504,Counter iPad,,Payment,Eat in,,
2026-06-09,20:24:00,Europe/London,Drinks,Coke,1,Regular,,3.00,0.00,3.00,0.50,T95187504,Counter iPad,,Payment,Eat in,,
2026-06-09,21:37:00,Europe/London,Mains,Fish & Chips,3,Regular,,52.50,0.00,52.50,8.75,T33381308,Counter iPad,,Payment,Eat in,,
2026-06-09,21:37:00,Europe/London,Desserts,Choc Tart,1,Regular,,8.00,0.00,8.00,1.33,T33381308,Counter iPad,,Payment,Eat in,,
2026-06-09,21:37:00,Europe/London,Starters,Mackerel Pate,1,Regular,,8.50,0.00,8.50,1.42,T33381308,Counter iPad,,Payment,Eat in,,
2026-06-09,21:37:00,Europe/London,Starters,Salt & Pepper Squid,1,Regular,,9.50,0.00,9.50,1.58,T33381308,Counter iPad,,Payment,Eat in,,
2026-06-09,21:37:00,Europe/London,Sides,Truffle Fries,1,Regular,,6.00,0.00,6.00,1.00,T33381308,Counter iPad,,Payment,Eat in,,
2026-06-09,21:37:00,Europe/London,Desserts,Sticky Toffee Pudding,1,Regular,,8.00,0.00,8.00,1.33,T33381308,Counter iPad,,Payment,Takeaway,,
2026-06-09,21:37:00,Europe/London,Sides,Bread & Butter,1,Regular,,4.00,0.00,4.00,0.67,T33381308,Counter iPad,,Payment,Eat in,,
2026-06-09,21:37:00,Europe/London,Drinks,House White 175ml,2,Regular,,14.00,0.00,14.00,2.33,T33381308,Counter iPad,,Payment,Eat in,,
2026-06-09,21:37:00,Europe/London,Drinks,House Red 175ml,1,Regular,,7.00,0.00,7.00,1.17,T33381308,Counter iPad,,Payment,Eat in,,
2026-06-09,21:37:00,Europe/London,Drinks,Espresso,1,Regular,,2.80,0.00,2.80,0.47,T33381308,Counter iPad,,Payment,Eat in,,
2026-06-09,21:37:00,Europe/London,Drinks,Flat White,1,Regular,,3.40,0.00,3.40,0.57,T33381308,Counter iPad,,Payment,Takeaway,,
2026-06-09,22:34:00,Europe/London,Mains,Hake,1,Regular,,22.00,0.00,22.00,3.67,T51899689,Counter iPad,,Payment,Eat in,C153,Sample Customer 153
2026-06-09,22:34:00,Europe/London,Mains,Fish & Chips,1,Small,,13.00,0.00,13.00,2.17,T51899689,Counter iPad,,Payment,Takeaway,C153,Sample Customer 153
2026-06-09,22:34:00,Europe/London,Sides,Truffle Fries,1,Regular,,6.00,0.00,6.00,1.00,T51899689,Counter iPad,,Payment,Eat in,C153,Sample Customer 153
2026-06-09,22:34:00,Europe/London,Drinks,Lager Pint,2,Regular,,12.40,0.00,12.40,2.07,T51899689,Counter iPad,,Payment,Eat in,C153,Sample Customer 153
2026-06-09,23:14:00,Europe/London,Drinks,Lager Pint,1,Regular,,-6.20,0.00,-6.20,-1.03,T51899689,Counter iPad,sent back,Refund,Eat in,C153,Sample Customer 153
2026-06-09,22:34:00,Europe/London,Drinks,Espresso,1,Regular,,2.80,0.00,2.80,0.47,T51899689,Counter iPad,,Payment,Eat in,C153,Sample Customer 153
2026-06-09,22:34:00,Europe/London,Drinks,Flat White,1,Regular,,3.40,0.00,3.40,0.57,T51899689,Counter iPad,,Payment,Eat in,C153,Sample Customer 153
2026-06-09,23:26:00,Europe/London,Mains,Fish & Chips,1,Small,,13.00,0.00,13.00,2.17,T76611964,Counter iPad,,Payment,Eat in,,
2026-06-09,23:26:00,Europe/London,Starters,Burrata,1,Regular,,10.00,0.00,10.00,1.67,T76611964,Counter iPad,,Payment,Eat in,,
2026-06-09,23:26:00,Europe/London,Mains,Tidewater Burger,1,Regular,Add Cheese,16.50,0.00,16.50,2.75,T76611964,Counter iPad,,Payment,Takeaway,,
2026-06-09,23:26:00,Europe/London,Sides,Chips,1,Regular,,4.50,0.00,4.50,0.75,T76611964,Counter iPad,,Payment,Eat in,,
2026-06-09,23:26:00,Europe/London,Mains,Steak Frites,1,Regular,,24.00,0.00,24.00,4.00,T76611964,Counter iPad,,Payment,Takeaway,,
2026-06-09,23:26:00,Europe/London,Mains,Chicken Supreme,1,Regular,,19.00,0.00,19.00,3.17,T76611964,Counter iPad,,Payment,Eat in,,
2026-06-09,23:26:00,Europe/London,Sides,Truffle Fries,1,Regular,,6.00,0.00,6.00,1.00,T76611964,Counter iPad,,Payment,Eat in,,
2026-06-09,23:26:00,Europe/London,Drinks,Lager Pint,1,Regular,,6.20,0.00,6.20,1.03,T76611964,Counter iPad,,Payment,Eat in,,
2026-06-09,23:26:00,Europe/London,Drinks,House White 175ml,2,Regular,,14.00,0.00,14.00,2.33,T76611964,Counter iPad,,Payment,Eat in,,
2026-06-09,23:26:00,Europe/London,Drinks,Coke,2,Regular,,6.00,0.00,6.00,1.00,T76611964,Counter iPad,,Payment,Takeaway,,
2026-06-09,23:26:00,Europe/London,Drinks,Flat White,1,Regular,,3.40,0.00,3.40,0.57,T76611964,Counter iPad,,Payment,Eat in,,
2026-06-09,23:41:00,Europe/London,Starters,Salt & Pepper Squid,1,Regular,,9.50,0.00,9.50,1.58,T56333649,Counter iPad,,Payment,Takeaway,,
2026-06-09,23:41:00,Europe/London,Mains,Fish & Chips,1,Small,,13.00,0.00,13.00,2.17,T56333649,Counter iPad,,Payment,Eat in,,
2026-06-09,23:41:00,Europe/London,Mains,Lamb Rump,1,Regular,,26.00,0.00,26.00,4.33,T56333649,Counter iPad,,Payment,Takeaway,,
2026-06-09,23:41:00,Europe/London,Sides,House Salad,1,Regular,,4.50,0.00,4.50,0.75,T56333649,Counter iPad,,Payment,Eat in,,
2026-06-09,23:41:00,Europe/London,Drinks,Lager Pint,1,Regular,,6.20,0.00,6.20,1.03,T56333649,Counter iPad,,Payment,Eat in,,
2026-06-09,23:41:00,Europe/London,Drinks,House Red 175ml,1,Regular,,7.00,0.00,7.00,1.17,T56333649,Counter iPad,,Payment,Takeaway,,
2026-06-09,23:41:00,Europe/London,Drinks,Sparkling Water 750ml,1,Regular,,4.00,0.00,4.00,0.67,T56333649,Counter iPad,,Payment,Takeaway,,
2026-06-09,23:41:00,Europe/London,Drinks,Espresso,1,Regular,,2.80,0.00,2.80,0.47,T56333649,Counter iPad,,Payment,Eat in,,
2026-06-10,12:19:00,Europe/London,Mains,Tidewater Burger,1,Regular,Add Cheese,16.50,0.00,16.50,2.75,T26642799,Counter iPad,,Payment,Eat in,,
2026-06-10,12:19:00,Europe/London,Sides,House Salad,1,Regular,,4.50,0.00,4.50,0.75,T26642799,Counter iPad,,Payment,Takeaway,,
2026-06-10,12:19:00,Europe/London,Mains,Fish & Chips,1,Regular,,17.50,0.00,17.50,2.92,T26642799,Counter iPad,,Payment,Eat in,,
2026-06-10,12:19:00,Europe/London,Sides,Bread & Butter,1,Regular,,4.00,0.00,4.00,0.67,T26642799,Counter iPad,,Payment,Eat in,,
2026-06-10,12:19:00,Europe/London,Drinks,Lager Pint,1,Regular,,6.20,0.00,6.20,1.03,T26642799,Counter iPad,,Payment,Takeaway,,
2026-06-10,12:19:00,Europe/London,Drinks,Coke,1,Regular,,3.00,0.00,3.00,0.50,T26642799,Counter iPad,,Payment,Eat in,,
2026-06-10,12:19:00,Europe/London,Drinks,Sparkling Water 750ml,1,Regular,,4.00,0.00,4.00,0.67,T26642799,Counter iPad,,Payment,Eat in,,
2026-06-10,12:19:00,Europe/London,Drinks,Espresso,1,Regular,,2.80,0.00,2.80,0.47,T26642799,Counter iPad,,Payment,Eat in,,
2026-06-10,12:19:00,Europe/London,Drinks,Flat White,1,Regular,,3.40,0.00,3.40,0.57,T26642799,Counter iPad,,Payment,Eat in,,
2026-06-10,12:31:00,Europe/London,Starters,Burrata,1,Regular,,10.00,0.00,10.00,1.67,T75836440,Counter iPad,,Payment,Takeaway,,
2026-06-10,12:31:00,Europe/London,Mains,Fish & Chips,1,Regular,,17.50,0.00,17.50,2.92,T75836440,Counter iPad,,Payment,Eat in,,
2026-06-10,12:31:00,Europe/London,Desserts,Cheeseboard,1,3,,11.00,0.00,11.00,1.83,T75836440,Counter iPad,,Payment,Takeaway,,
2026-06-10,12:31:00,Europe/London,Starters,Soup of the Day,1,Regular,,7.00,0.00,7.00,1.17,T75836440,Counter iPad,,Payment,Eat in,,
2026-06-10,12:31:00,Europe/London,Mains,Chicken Supreme,1,Regular,,19.00,0.00,19.00,3.17,T75836440,Counter iPad,,Payment,Eat in,,
2026-06-10,12:31:00,Europe/London,Sides,Chips,1,Regular,,4.50,0.00,4.50,0.75,T75836440,Counter iPad,,Payment,Eat in,,
2026-06-10,12:31:00,Europe/London,Desserts,Choc Tart,1,Regular,,8.00,0.00,8.00,1.33,T75836440,Counter iPad,,Payment,Eat in,,
2026-06-10,12:31:00,Europe/London,Sides,Bread & Butter,1,Regular,,4.00,0.00,4.00,0.67,T75836440,Counter iPad,,Payment,Takeaway,,
2026-06-10,12:31:00,Europe/London,Drinks,Lager Pint,1,Regular,,6.20,0.00,6.20,1.03,T75836440,Counter iPad,,Payment,Eat in,,
2026-06-10,12:31:00,Europe/London,Drinks,Coke,1,Regular,,3.00,0.00,3.00,0.50,T75836440,Counter iPad,,Payment,Eat in,,
2026-06-10,13:05:00,Europe/London,Mains,Tidewater Burger,1,Regular,,16.50,0.00,16.50,2.75,T79087587,Counter iPad,,Payment,Eat in,,
2026-06-10,13:05:00,Europe/London,Set Menu,Set Lunch - 2 Courses,1,Regular,"Mackerel Pate, Mushroom Risotto",20.00,0.00,20.00,3.33,T79087587,Counter iPad,,Payment,Eat in,,
2026-06-10,13:05:00,Europe/London,Starters,Burrata,1,Regular,,10.00,0.00,10.00,1.67,T79087587,Counter iPad,,Payment,Eat in,,
2026-06-10,13:05:00,Europe/London,Mains,Hake,1,Regular,,22.00,0.00,22.00,3.67,T79087587,Counter iPad,,Payment,Eat in,,
2026-06-10,13:05:00,Europe/London,Desserts,Crème Brûlée,1,Regular,,7.50,0.00,7.50,1.25,T79087587,Counter iPad,,Payment,Eat in,,
2026-06-10,13:05:00,Europe/London,Drinks,Lager Pint,2,Regular,,12.40,0.00,12.40,2.07,T79087587,Counter iPad,,Payment,Eat in,,
2026-06-10,13:05:00,Europe/London,Drinks,House White 175ml,1,Regular,,7.00,0.00,7.00,1.17,T79087587,Counter iPad,,Payment,Takeaway,,
2026-06-10,13:05:00,Europe/London,Drinks,House Red 175ml,1,Regular,,7.00,0.00,7.00,1.17,T79087587,Counter iPad,,Payment,Eat in,,
2026-06-10,13:05:00,Europe/London,Drinks,Coke,1,Regular,,3.00,0.00,3.00,0.50,T79087587,Counter iPad,,Payment,Eat in,,
2026-06-10,13:05:00,Europe/London,Drinks,Sparkling Water 750ml,1,Regular,,4.00,0.00,4.00,0.67,T79087587,Counter iPad,,Payment,Eat in,,
2026-06-10,14:04:00,Europe/London,Mains,Chicken Supreme,1,Regular,,19.00,0.00,19.00,3.17,T48092411,Counter iPad,,Payment,Eat in,,
2026-06-10,14:04:00,Europe/London,Sides,Chips,1,Regular,,4.50,0.00,4.50,0.75,T48092411,Counter iPad,,Payment,Eat in,,
2026-06-10,14:04:00,Europe/London,Set Menu,Set Lunch - 3 Courses,2,Regular,"Soup of the Day, Fish & Chips (Small), Sticky Toffee Pudding, Mackerel Pate, Mushroom Risotto, Kids Ice Cream",50.00,0.00,50.00,8.33,T48092411,Counter iPad,,Payment,Eat in,,
2026-06-10,14:04:00,Europe/London,Starters,Soup of the Day,1,Regular,,7.00,0.00,7.00,1.17,T48092411,Counter iPad,,Payment,Eat in,,
2026-06-10,14:04:00,Europe/London,Mains,Steak Frites,1,Regular,,24.00,0.00,24.00,4.00,T48092411,Counter iPad,,Payment,Takeaway,,
2026-06-10,14:04:00,Europe/London,Sides,Truffle Fries,1,Regular,,6.00,0.00,6.00,1.00,T48092411,Counter iPad,,Payment,Eat in,,
2026-06-10,14:04:00,Europe/London,Desserts,Choc Tart,1,Regular,,8.00,0.00,8.00,1.33,T48092411,Counter iPad,,Payment,Eat in,,
2026-06-10,14:04:00,Europe/London,Sides,Bread & Butter,1,Regular,,4.00,0.00,4.00,0.67,T48092411,Counter iPad,,Payment,Eat in,,
2026-06-10,14:04:00,Europe/London,Drinks,Lager Pint,1,Regular,,6.20,0.00,6.20,1.03,T48092411,Counter iPad,,Payment,Eat in,,
2026-06-10,14:04:00,Europe/London,Drinks,House Red 175ml,1,Regular,,7.00,0.00,7.00,1.17,T48092411,Counter iPad,,Payment,Takeaway,,
2026-06-10,14:04:00,Europe/London,Drinks,Sparkling Water 750ml,1,Regular,,4.00,0.00,4.00,0.67,T48092411,Counter iPad,,Payment,Eat in,,
2026-06-10,14:04:00,Europe/London,Drinks,Espresso,1,Regular,,2.80,0.00,2.80,0.47,T48092411,Counter iPad,,Payment,Takeaway,,
2026-06-10,14:04:00,Europe/London,Drinks,Flat White,1,Regular,,3.40,0.00,3.40,0.57,T48092411,Counter iPad,,Payment,Eat in,,
2026-06-10,14:47:00,Europe/London,Mains,Hake,1,Regular,,22.00,0.00,22.00,3.67,T75935792,Bar iPad,,Payment,Eat in,,
2026-06-10,14:47:00,Europe/London,Set Menu,Set Lunch - 3 Courses,1,Regular,"Mackerel Pate, Mushroom Risotto, Kids Ice Cream",25.00,0.00,25.00,4.17,T75935792,Bar iPad,,Payment,Takeaway,,
2026-06-10,14:47:00,Europe/London,Set Menu,Set Lunch - 2 Courses,1,Regular,"Mackerel Pate, Fish & Chips (Small)",20.00,0.00,20.00,3.33,T75935792,Bar iPad,,Payment,Eat in,,
2026-06-10,14:47:00,Europe/London,Drinks,Lager Pint,1,Regular,,6.20,0.00,6.20,1.03,T75935792,Bar iPad,,Payment,Eat in,,
2026-06-10,14:47:00,Europe/London,Drinks,House Red 175ml,1,Regular,,7.00,0.00,7.00,1.17,T75935792,Bar iPad,,Payment,Eat in,,
2026-06-10,14:47:00,Europe/London,Drinks,Coke,1,Regular,,3.00,0.00,3.00,0.50,T75935792,Bar iPad,,Payment,Takeaway,,
2026-06-10,14:47:00,Europe/London,Drinks,Espresso,2,Regular,,5.60,0.00,5.60,0.93,T75935792,Bar iPad,,Payment,Eat in,,
2026-06-10,18:17:00,Europe/London,Starters,Pork Belly Bites,1,Regular,,8.00,0.00,8.00,1.33,T79973845,Counter iPad,,Payment,Eat in,,
2026-06-10,18:17:00,Europe/London,Starters,Rock Oysters,1,x3,,9.00,0.00,9.00,1.50,T79973845,Counter iPad,,Payment,Takeaway,,
2026-06-10,18:17:00,Europe/London,Sides,Chips,1,Regular,,4.50,0.00,4.50,0.75,T79973845,Counter iPad,,Payment,Eat in,,
2026-06-10,18:17:00,Europe/London,Desserts,Affogato,1,Regular,,6.00,0.00,6.00,1.00,T79973845,Counter iPad,,Payment,Eat in,,
2026-06-10,18:17:00,Europe/London,Starters,Soup of the Day,3,Regular,,21.00,0.00,21.00,3.50,T79973845,Counter iPad,,Payment,Eat in,,
2026-06-10,18:17:00,Europe/London,Mains,Tidewater Burger,2,Regular,,33.00,0.00,33.00,5.50,T79973845,Counter iPad,,Payment,Eat in,,
2026-06-10,18:17:00,Europe/London,Mains,Fish & Chips,1,Regular,,17.50,0.00,17.50,2.92,T79973845,Counter iPad,,Payment,Eat in,,
2026-06-10,18:17:00,Europe/London,Sides,Truffle Fries,1,Regular,,6.00,0.00,6.00,1.00,T79973845,Counter iPad,,Payment,Eat in,,
2026-06-10,18:17:00,Europe/London,Desserts,Choc Tart,1,Regular,,8.00,0.00,8.00,1.33,T79973845,Counter iPad,,Payment,Eat in,,
2026-06-10,18:17:00,Europe/London,Desserts,Crème Brûlée,1,Regular,,7.50,0.00,7.50,1.25,T79973845,Counter iPad,,Payment,Eat in,,
2026-06-10,18:17:00,Europe/London,Sides,Bread & Butter,1,Regular,,4.00,0.00,4.00,0.67,T79973845,Counter iPad,,Payment,Eat in,,
2026-06-10,18:17:00,Europe/London,Drinks,Lager Pint,2,Regular,,12.40,0.00,12.40,2.07,T79973845,Counter iPad,,Payment,Eat in,,
2026-06-10,18:17:00,Europe/London,Drinks,Coke,1,Regular,,3.00,0.00,3.00,0.50,T79973845,Counter iPad,,Payment,Eat in,,
2026-06-10,18:17:00,Europe/London,Drinks,Sparkling Water 750ml,1,Regular,,4.00,0.00,4.00,0.67,T79973845,Counter iPad,,Payment,Eat in,,
2026-06-10,19:16:00,Europe/London,Mains,Mushroom Risotto,1,Regular,,15.00,0.00,15.00,2.50,T44248099,Bar iPad,,Payment,Eat in,,
2026-06-10,19:16:00,Europe/London,Desserts,Choc Tart,1,Regular,,8.00,0.00,8.00,1.33,T44248099,Bar iPad,,Payment,Eat in,,
2026-06-10,19:16:00,Europe/London,Mains,Burger,1,Regular,,16.50,0.00,16.50,2.75,T44248099,Bar iPad,,Payment,Eat in,,
2026-06-10,19:16:00,Europe/London,Mains,Fish & Chips,1,Regular,,17.50,0.00,17.50,2.92,T44248099,Bar iPad,,Payment,Eat in,,
2026-06-10,19:16:00,Europe/London,Drinks,Lager Pint,2,Regular,,12.40,0.00,12.40,2.07,T44248099,Bar iPad,,Payment,Eat in,,
2026-06-10,19:16:00,Europe/London,Drinks,House White 175ml,3,Regular,,21.00,0.00,21.00,3.50,T44248099,Bar iPad,,Payment,Eat in,,
2026-06-10,19:16:00,Europe/London,Drinks,House Red 175ml,1,Regular,,7.00,0.00,7.00,1.17,T44248099,Bar iPad,,Payment,Eat in,,
2026-06-10,19:16:00,Europe/London,Drinks,Coke,1,Regular,,3.00,0.00,3.00,0.50,T44248099,Bar iPad,,Payment,Eat in,,
2026-06-10,19:22:00,Europe/London,Starters,Soup of the Day,1,Regular,,7.00,0.00,7.00,1.17,T78784039,Counter iPad,,Payment,Eat in,,
2026-06-10,19:22:00,Europe/London,Mains,Fish & Chips,2,Regular,,35.00,0.00,35.00,5.83,T78784039,Counter iPad,,Payment,Takeaway,,
2026-06-10,19:22:00,Europe/London,Drinks,Lager Pint,2,Regular,,12.40,0.00,12.40,2.07,T78784039,Counter iPad,,Payment,Eat in,,
2026-06-10,19:22:00,Europe/London,Drinks,Sparkling Water 750ml,1,Regular,,4.00,0.00,4.00,0.67,T78784039,Counter iPad,,Payment,Eat in,,
2026-06-10,19:27:00,Europe/London,Mains,Tidewater Burger,2,Regular,,33.00,0.00,33.00,5.50,T64754589,Counter iPad,,Payment,Eat in,,
2026-06-10,19:27:00,Europe/London,Sides,House Salad,1,Regular,,4.50,0.00,4.50,0.75,T64754589,Counter iPad,,Payment,Eat in,,
2026-06-10,19:27:00,Europe/London,Drinks,Lager Pint,1,Regular,,6.20,0.00,6.20,1.03,T64754589,Counter iPad,,Payment,Eat in,,
2026-06-10,19:27:00,Europe/London,Drinks,Coke,1,Regular,,3.00,0.00,3.00,0.50,T64754589,Counter iPad,,Payment,Takeaway,,
2026-06-10,20:10:00,Europe/London,Mains,Tidewater Burger,1,Regular,Add Cheese,16.50,0.00,16.50,2.75,T54189346,Counter iPad,,Payment,Takeaway,,
2026-06-10,20:10:00,Europe/London,Sides,Tenderstem,1,Regular,,5.00,0.00,5.00,0.83,T54189346,Counter iPad,,Payment,Eat in,,
2026-06-10,20:10:00,Europe/London,Starters,Salt & Pepper Squid,1,Regular,,9.50,0.00,9.50,1.58,T54189346,Counter iPad,,Payment,Eat in,,
2026-06-10,20:10:00,Europe/London,Mains,Mushroom Risotto,1,Regular,,15.00,0.00,15.00,2.50,T54189346,Counter iPad,,Payment,Eat in,,
2026-06-10,20:10:00,Europe/London,Sides,Chips,1,Regular,,4.50,0.00,4.50,0.75,T54189346,Counter iPad,,Payment,Eat in,,
2026-06-10,20:10:00,Europe/London,Desserts,Sticky Toffee Pudding,1,Regular,,8.00,0.00,8.00,1.33,T54189346,Counter iPad,,Payment,Eat in,,
2026-06-10,20:10:00,Europe/London,Drinks,Lager Pint,2,Regular,,12.40,0.00,12.40,2.07,T54189346,Counter iPad,,Payment,Eat in,,
2026-06-10,20:10:00,Europe/London,Drinks,House White 175ml,2,Regular,,14.00,0.00,14.00,2.33,T54189346,Counter iPad,,Payment,Takeaway,,
2026-06-10,20:12:00,Europe/London,Starters,Salt & Pepper Squid,2,Regular,,19.00,0.00,19.00,3.17,T48967594,Counter iPad,,Payment,Eat in,,
2026-06-10,20:12:00,Europe/London,Mains,Fish & Chips,1,Regular,,17.50,0.00,17.50,2.92,T48967594,Counter iPad,,Payment,Eat in,,
2026-06-10,20:12:00,Europe/London,Desserts,Cheeseboard,1,3,,11.00,0.00,11.00,1.83,T48967594,Counter iPad,,Payment,Takeaway,,
2026-06-10,20:12:00,Europe/London,Starters,Mackerel Pate,2,Regular,,17.00,0.00,17.00,2.83,T48967594,Counter iPad,,Payment,Eat in,,
2026-06-10,20:12:00,Europe/London,Mains,Tidewater Burger,3,Regular,,49.50,0.00,49.50,8.25,T48967594,Counter iPad,,Payment,Eat in,,
2026-06-10,20:12:00,Europe/London,Sides,Chips,1,Regular,,4.50,0.00,4.50,0.75,T48967594,Counter iPad,,Payment,Eat in,,
2026-06-10,20:12:00,Europe/London,Sides,Truffle Fries,1,Regular,,6.00,0.00,6.00,1.00,T48967594,Counter iPad,,Payment,Takeaway,,
2026-06-10,20:12:00,Europe/London,Sides,Bread & Butter,1,Regular,,4.00,0.00,4.00,0.67,T48967594,Counter iPad,,Payment,Eat in,,
2026-06-10,20:12:00,Europe/London,Drinks,House White 175ml,1,Regular,,7.00,0.00,7.00,1.17,T48967594,Counter iPad,,Payment,Takeaway,,
2026-06-10,20:12:00,Europe/London,Drinks,Sparkling Water 750ml,1,Regular,,4.00,0.00,4.00,0.67,T48967594,Counter iPad,,Payment,Eat in,,
2026-06-10,20:12:00,Europe/London,Drinks,Espresso,1,Regular,,2.80,0.00,2.80,0.47,T48967594,Counter iPad,,Payment,Takeaway,,
2026-06-10,22:07:00,Europe/London,Starters,Pork Belly Bites,1,Regular,,8.00,0.00,8.00,1.33,T44256408,Bar iPad,,Payment,Eat in,,
2026-06-10,22:07:00,Europe/London,Mains,Fish & Chips,2,Regular,,35.00,0.00,35.00,5.83,T44256408,Bar iPad,,Payment,Eat in,,
2026-06-10,22:07:00,Europe/London,Sides,Truffle Fries,1,Regular,,6.00,0.00,6.00,1.00,T44256408,Bar iPad,,Payment,Eat in,,
2026-06-10,22:07:00,Europe/London,Starters,Soup of the Day,1,Regular,,7.00,0.00,7.00,1.17,T44256408,Bar iPad,,Payment,Takeaway,,
2026-06-10,22:07:00,Europe/London,Desserts,Creme Brulee,1,Regular,,7.50,0.00,7.50,1.25,T44256408,Bar iPad,,Payment,Eat in,,
2026-06-10,22:07:00,Europe/London,Drinks,House White 175ml,1,Regular,,7.00,0.00,7.00,1.17,T44256408,Bar iPad,,Payment,Takeaway,,
2026-06-10,16:30:00,Europe/London,Other,Staff Meal,1,Regular,Fish & Chips,10.00,-10.00,0.00,0.00,T97037611,Counter iPad,,Payment,Eat in,,
2026-06-10,23:37:00,Europe/London,Starters,Salt & Pepper Squid,2,Regular,,19.00,0.00,19.00,3.17,T64735742,Counter iPad,,Payment,Eat in,C168,Sample Customer 168
2026-06-10,23:37:00,Europe/London,Mains,Tidewater Burger,1,Regular,Add Cheese,16.50,0.00,16.50,2.75,T64735742,Counter iPad,,Payment,Takeaway,C168,Sample Customer 168
2026-06-10,23:37:00,Europe/London,Desserts,Affogato,1,Regular,,6.00,0.00,6.00,1.00,T64735742,Counter iPad,,Payment,Eat in,C168,Sample Customer 168
2026-06-10,23:37:00,Europe/London,Mains,Fish & Chips,1,Small,,13.00,0.00,13.00,2.17,T64735742,Counter iPad,,Payment,Eat in,C168,Sample Customer 168
2026-06-10,23:37:00,Europe/London,Mains,Fish & Chips,1,Regular,,17.50,0.00,17.50,2.92,T64735742,Counter iPad,,Payment,Eat in,C168,Sample Customer 168
2026-06-10,23:37:00,Europe/London,Mains,Steak Frites,1,Regular,,24.00,0.00,24.00,4.00,T64735742,Counter iPad,,Payment,Eat in,C168,Sample Customer 168
2026-06-10,23:37:00,Europe/London,Sides,Peppercorn Sauce,1,Regular,,3.00,0.00,3.00,0.50,T64735742,Counter iPad,,Payment,Eat in,C168,Sample Customer 168
2026-06-10,23:37:00,Europe/London,Sides,Bread & Butter,1,Regular,,4.00,0.00,4.00,0.67,T64735742,Counter iPad,,Payment,Eat in,C168,Sample Customer 168
2026-06-10,23:37:00,Europe/London,Drinks,Lager Pint,3,Regular,,18.60,0.00,18.60,3.10,T64735742,Counter iPad,,Payment,Takeaway,C168,Sample Customer 168
2026-06-10,23:37:00,Europe/London,Drinks,House White 175ml,1,Regular,,7.00,0.00,7.00,1.17,T64735742,Counter iPad,,Payment,Eat in,C168,Sample Customer 168
2026-06-10,23:37:00,Europe/London,Drinks,Coke,1,Regular,,3.00,0.00,3.00,0.50,T64735742,Counter iPad,,Payment,Eat in,C168,Sample Customer 168
2026-06-10,23:37:00,Europe/London,Drinks,Sparkling Water 750ml,1,Regular,,4.00,0.00,4.00,0.67,T64735742,Counter iPad,,Payment,Takeaway,C168,Sample Customer 168
2026-06-10,23:37:00,Europe/London,Drinks,Espresso,1,Regular,,2.80,0.00,2.80,0.47,T64735742,Counter iPad,,Payment,Eat in,C168,Sample Customer 168
2026-06-11,12:07:00,Europe/London,Set Menu,Set Lunch - 2 Courses,2,Regular,"Soup of the Day, Fish & Chips (Small), Mackerel Pate, Fish & Chips (Small)",40.00,0.00,40.00,6.67,T90659402,Bar iPad,Table 6 - call 07700 900118 when ready,Payment,Eat in,,
2026-06-11,12:07:00,Europe/London,Sides,Bread & Butter,1,Regular,,4.00,0.00,4.00,0.67,T90659402,Bar iPad,Table 6 - call 07700 900118 when ready,Payment,Eat in,,
2026-06-11,12:07:00,Europe/London,Drinks,Lager Pint,1,Regular,,6.20,0.00,6.20,1.03,T90659402,Bar iPad,Table 6 - call 07700 900118 when ready,Payment,Takeaway,,
2026-06-11,12:07:00,Europe/London,Drinks,House White 175ml,2,Regular,,14.00,0.00,14.00,2.33,T90659402,Bar iPad,Table 6 - call 07700 900118 when ready,Payment,Takeaway,,
2026-06-11,12:07:00,Europe/London,Drinks,House Red 175ml,1,Regular,,7.00,0.00,7.00,1.17,T90659402,Bar iPad,Table 6 - call 07700 900118 when ready,Payment,Eat in,,
2026-06-11,12:07:00,Europe/London,Drinks,Coke,1,Regular,,3.00,0.00,3.00,0.50,T90659402,Bar iPad,Table 6 - call 07700 900118 when ready,Payment,Eat in,,
2026-06-11,12:20:00,Europe/London,Set Menu,Set Lunch - 2 Courses,2,Regular,"Soup of the Day, Mushroom Risotto, Mackerel Pate, Fish & Chips (Small)",40.00,0.00,40.00,6.67,T83708871,Counter iPad,,Payment,Takeaway,,
2026-06-11,12:20:00,Europe/London,Sides,Bread & Butter,1,Regular,,4.00,0.00,4.00,0.67,T83708871,Counter iPad,,Payment,Eat in,,
2026-06-11,12:20:00,Europe/London,Drinks,Lager Pint,1,Regular,,6.20,0.00,6.20,1.03,T83708871,Counter iPad,,Payment,Eat in,,
2026-06-11,12:20:00,Europe/London,Drinks,Flat White,1,Regular,,3.40,0.00,3.40,0.57,T83708871,Counter iPad,,Payment,Eat in,,
2026-06-11,12:22:00,Europe/London,Set Menu,Set Lunch - 3 Courses,1,Regular,"Mackerel Pate, Mushroom Risotto, Sticky Toffee Pudding",25.00,0.00,25.00,4.17,T39920132,Bar iPad,,Payment,Eat in,,
2026-06-11,12:22:00,Europe/London,Sides,Bread & Butter,1,Regular,,4.00,0.00,4.00,0.67,T39920132,Bar iPad,,Payment,Eat in,,
2026-06-11,12:28:00,Europe/London,Mains,Fish & Chips,2,Regular,,35.00,0.00,35.00,5.83,T29674680,Counter iPad,,Payment,Eat in,,
2026-06-11,12:28:00,Europe/London,Drinks,Lager Pint,2,Regular,,12.40,0.00,12.40,2.07,T29674680,Counter iPad,,Payment,Eat in,,
2026-06-11,12:28:00,Europe/London,Drinks,House White 175ml,1,Regular,,7.00,0.00,7.00,1.17,T29674680,Counter iPad,,Payment,Eat in,,
2026-06-11,12:28:00,Europe/London,Drinks,House Red 175ml,1,Regular,,7.00,0.00,7.00,1.17,T29674680,Counter iPad,,Payment,Takeaway,,
2026-06-11,12:28:00,Europe/London,Drinks,Coke,1,Regular,,3.00,0.00,3.00,0.50,T29674680,Counter iPad,,Payment,Eat in,,
2026-06-11,12:52:00,Europe/London,Set Menu,Set Lunch - 2 Courses,1,Regular,"Soup of the Day, Mushroom Risotto",20.00,0.00,20.00,3.33,T27121974,Counter iPad,,Payment,Eat in,,
2026-06-11,12:52:00,Europe/London,Starters,Mackerel Pate,1,Regular,,8.50,0.00,8.50,1.42,T27121974,Counter iPad,,Payment,Eat in,,
2026-06-11,12:52:00,Europe/London,Mains,Mushroom Risotto,1,Regular,,15.00,0.00,15.00,2.50,T27121974,Counter iPad,,Payment,Eat in,,
2026-06-11,12:52:00,Europe/London,Desserts,Sticky Toffee Pudding,1,Regular,,8.00,0.00,8.00,1.33,T27121974,Counter iPad,,Payment,Eat in,,
2026-06-11,12:52:00,Europe/London,Sides,Bread & Butter,1,Regular,,4.00,0.00,4.00,0.67,T27121974,Counter iPad,,Payment,Eat in,,
2026-06-11,12:52:00,Europe/London,Drinks,Lager Pint,1,Regular,,6.20,0.00,6.20,1.03,T27121974,Counter iPad,,Payment,Eat in,,
2026-06-11,14:03:00,Europe/London,Kids,Kids Fish & Chips,1,Regular,,8.00,0.00,8.00,1.33,T60836442,Counter iPad,,Payment,Takeaway,,
2026-06-11,14:03:00,Europe/London,Kids,Kids Ice Cream,1,Regular,,3.50,0.00,3.50,0.58,T60836442,Counter iPad,,Payment,Eat in,,
2026-06-11,14:03:00,Europe/London,Starters,Pork Belly Bites,1,Regular,,8.00,0.00,8.00,1.33,T60836442,Counter iPad,,Payment,Takeaway,,
2026-06-11,14:03:00,Europe/London,Mains,Fish & Chips,2,Regular,,35.00,0.00,35.00,5.83,T60836442,Counter iPad,,Payment,Eat in,,
2026-06-11,14:03:00,Europe/London,Set Menu,Set Lunch - 2 Courses,1,Regular,"Mackerel Pate, Mushroom Risotto",20.00,0.00,20.00,3.33,T60836442,Counter iPad,,Payment,Eat in,,
2026-06-11,14:03:00,Europe/London,Starters,Soup of the Day,1,Regular,,7.00,0.00,7.00,1.17,T60836442,Counter iPad,,Payment,Eat in,,
2026-06-11,14:03:00,Europe/London,Sides,Chips,1,Regular,,4.50,0.00,4.50,0.75,T60836442,Counter iPad,,Payment,Eat in,,
2026-06-11,14:03:00,Europe/London,Drinks,Lager Pint,3,Regular,,18.60,0.00,18.60,3.10,T60836442,Counter iPad,,Payment,Eat in,,
2026-06-11,14:03:00,Europe/London,Drinks,House White 175ml,2,Regular,,14.00,0.00,14.00,2.33,T60836442,Counter iPad,,Payment,Eat in,,
2026-06-11,14:03:00,Europe/London,Drinks,House Red 175ml,1,Regular,,7.00,0.00,7.00,1.17,T60836442,Counter iPad,,Payment,Takeaway,,
2026-06-11,14:03:00,Europe/London,Drinks,Sparkling Water 750ml,2,Regular,,8.00,0.00,8.00,1.33,T60836442,Counter iPad,,Payment,Eat in,,
2026-06-11,18:23:00,Europe/London,Starters,Pork Belly Bites,2,Regular,,16.00,0.00,16.00,2.67,T20891780,Bar iPad,,Payment,Eat in,C562,Sample Customer 562
2026-06-11,18:23:00,Europe/London,Desserts,Sticky Toffee Pudding,2,Regular,,16.00,0.00,16.00,2.67,T20891780,Bar iPad,,Payment,Eat in,C562,Sample Customer 562
2026-06-11,18:23:00,Europe/London,Starters,Salt & Pepper Squid,1,Regular,,9.50,0.00,9.50,1.58,T20891780,Bar iPad,,Payment,Takeaway,C562,Sample Customer 562
2026-06-11,18:23:00,Europe/London,Mains,Steak Frites,1,Regular,,24.00,0.00,24.00,4.00,T20891780,Bar iPad,,Payment,Takeaway,C562,Sample Customer 562
2026-06-11,18:23:00,Europe/London,Mains,SPECIAL - Crab Linguine,1,Regular,,18.00,0.00,18.00,3.00,T20891780,Bar iPad,,Payment,Eat in,C562,Sample Customer 562
2026-06-11,18:23:00,Europe/London,Sides,Fries,1,Regular,,4.50,0.00,4.50,0.75,T20891780,Bar iPad,,Payment,Eat in,C562,Sample Customer 562
2026-06-11,18:23:00,Europe/London,Starters,Burrata,1,Regular,,10.00,0.00,10.00,1.67,T20891780,Bar iPad,,Payment,Eat in,C562,Sample Customer 562
2026-06-11,18:23:00,Europe/London,Sides,Truffle Fries,1,Regular,,6.00,0.00,6.00,1.00,T20891780,Bar iPad,,Payment,Eat in,C562,Sample Customer 562
2026-06-11,18:23:00,Europe/London,Mains,Burger,1,Regular,,16.50,0.00,16.50,2.75,T20891780,Bar iPad,,Payment,Takeaway,C562,Sample Customer 562
2026-06-11,18:23:00,Europe/London,Sides,Bread & Butter,1,Regular,,4.00,0.00,4.00,0.67,T20891780,Bar iPad,,Payment,Takeaway,C562,Sample Customer 562
2026-06-11,18:23:00,Europe/London,Drinks,Lager Pint,2,Regular,,12.40,0.00,12.40,2.07,T20891780,Bar iPad,,Payment,Eat in,C562,Sample Customer 562
2026-06-11,18:23:00,Europe/London,Drinks,House White 175ml,3,Regular,,21.00,0.00,21.00,3.50,T20891780,Bar iPad,,Payment,Eat in,C562,Sample Customer 562
2026-06-11,18:23:00,Europe/London,Drinks,House Red 175ml,1,Regular,,7.00,0.00,7.00,1.17,T20891780,Bar iPad,,Payment,Eat in,C562,Sample Customer 562
2026-06-11,18:23:00,Europe/London,Drinks,Coke,1,Regular,,3.00,0.00,3.00,0.50,T20891780,Bar iPad,,Payment,Eat in,C562,Sample Customer 562
2026-06-11,18:23:00,Europe/London,Drinks,Espresso,1,Regular,,2.80,0.00,2.80,0.47,T20891780,Bar iPad,,Payment,Takeaway,C562,Sample Customer 562
2026-06-11,18:23:00,Europe/London,Drinks,Flat White,1,Regular,,3.40,0.00,3.40,0.57,T20891780,Bar iPad,,Payment,Eat in,C562,Sample Customer 562
2026-06-11,18:37:00,Europe/London,Mains,Fish & Chips,1,Regular,,17.50,0.00,17.50,2.92,T46013403,Counter iPad,,Payment,Eat in,,
2026-06-11,18:37:00,Europe/London,Sides,Truffle Fries,1,Regular,,6.00,0.00,6.00,1.00,T46013403,Counter iPad,,Payment,Eat in,,
2026-06-11,18:37:00,Europe/London,Desserts,Sticky Toffee Pudding,1,Regular,,8.00,0.00,8.00,1.33,T46013403,Counter iPad,,Payment,Eat in,,
2026-06-11,18:37:00,Europe/London,Mains,Mushroom Risotto,1,Regular,,15.00,0.00,15.00,2.50,T46013403,Counter iPad,,Payment,Eat in,,
2026-06-11,18:37:00,Europe/London,Drinks,Lager Pint,1,Regular,,6.20,0.00,6.20,1.03,T46013403,Counter iPad,,Payment,Eat in,,
2026-06-11,18:37:00,Europe/London,Drinks,House White 175ml,1,Regular,,7.00,0.00,7.00,1.17,T46013403,Counter iPad,,Payment,Eat in,,
2026-06-11,18:58:00,Europe/London,Sides,Fries,1,Regular,,4.50,0.00,4.50,0.75,T28893781,Bar iPad,,Payment,Eat in,,
2026-06-11,18:58:00,Europe/London,Starters,Pork Belly Bites,1,Regular,,8.00,0.00,8.00,1.33,T28893781,Bar iPad,,Payment,Eat in,,
2026-06-11,18:58:00,Europe/London,Mains,Burger,1,Regular,Add Cheese,16.50,0.00,16.50,2.75,T28893781,Bar iPad,,Payment,Eat in,,
2026-06-11,18:58:00,Europe/London,Sides,Bread & Butter,1,Regular,,4.00,0.00,4.00,0.67,T28893781,Bar iPad,,Payment,Takeaway,,
2026-06-11,18:58:00,Europe/London,Drinks,Lager Pint,1,Regular,,6.20,0.00,6.20,1.03,T28893781,Bar iPad,,Payment,Eat in,,
2026-06-11,18:58:00,Europe/London,Drinks,House White 175ml,1,Regular,,7.00,0.00,7.00,1.17,T28893781,Bar iPad,,Payment,Eat in,,
2026-06-11,18:58:00,Europe/London,Drinks,House Red 175ml,1,Regular,,7.00,0.00,7.00,1.17,T28893781,Bar iPad,,Payment,Eat in,,
2026-06-11,18:58:00,Europe/London,Drinks,Sparkling Water 750ml,1,Regular,,4.00,0.00,4.00,0.67,T28893781,Bar iPad,,Payment,Takeaway,,
2026-06-11,19:45:00,Europe/London,Mains,Lemon Sole (MP),1,Regular,,26.00,0.00,26.00,4.33,T45120992,Counter iPad,,Payment,Eat in,,
2026-06-11,19:45:00,Europe/London,Mains,Fish & Chips,2,Regular,,35.00,0.00,35.00,5.83,T45120992,Counter iPad,,Payment,Takeaway,,
2026-06-11,19:45:00,Europe/London,Mains,Steak Frites,1,Regular,,24.00,0.00,24.00,4.00,T45120992,Counter iPad,,Payment,Eat in,,
2026-06-11,19:45:00,Europe/London,Sides,Peppercorn Sauce,1,Regular,,3.00,0.00,3.00,0.50,T45120992,Counter iPad,,Payment,Eat in,,
2026-06-11,19:45:00,Europe/London,Sides,Bread & Butter,1,Regular,,4.00,0.00,4.00,0.67,T45120992,Counter iPad,,Payment,Eat in,,
2026-06-11,19:45:00,Europe/London,Drinks,Lager Pint,3,Regular,,18.60,0.00,18.60,3.10,T45120992,Counter iPad,,Payment,Eat in,,
2026-06-11,19:47:00,Europe/London,Drinks,Lager Pint,1,Regular,,0.00,0.00,0.00,0.00,T45120992,Counter iPad,wrong table,Void,Eat in,,
2026-06-11,19:45:00,Europe/London,Drinks,House White 175ml,1,Regular,,7.00,0.00,7.00,1.17,T45120992,Counter iPad,,Payment,Eat in,,
2026-06-11,19:45:00,Europe/London,Drinks,House Red 175ml,2,Regular,,14.00,0.00,14.00,2.33,T45120992,Counter iPad,,Payment,Eat in,,
2026-06-11,19:45:00,Europe/London,Drinks,Espresso,1,Regular,,2.80,0.00,2.80,0.47,T45120992,Counter iPad,,Payment,Eat in,,
2026-06-11,20:31:00,Europe/London,Mains,Steak Frites,1,Regular,,24.00,0.00,24.00,4.00,T23590885,Counter iPad,,Payment,Eat in,,
2026-06-11,20:31:00,Europe/London,Starters,Pork Belly Bites,1,Regular,,8.00,0.00,8.00,1.33,T23590885,Counter iPad,,Payment,Eat in,,
2026-06-11,20:31:00,Europe/London,Mains,Fish & Chips,1,Small,,13.00,0.00,13.00,2.17,T23590885,Counter iPad,,Payment,Eat in,,
2026-06-11,20:31:00,Europe/London,Drinks,Lager Pint,2,Regular,,12.40,0.00,12.40,2.07,T23590885,Counter iPad,,Payment,Eat in,,
2026-06-11,20:31:00,Europe/London,Drinks,House White 175ml,1,Regular,,7.00,0.00,7.00,1.17,T23590885,Counter iPad,,Payment,Eat in,,
2026-06-11,20:31:00,Europe/London,Drinks,Sparkling Water 750ml,1,Regular,,4.00,0.00,4.00,0.67,T23590885,Counter iPad,,Payment,Eat in,,
2026-06-11,20:55:00,Europe/London,Starters,Salt & Pepper Squid,1,Regular,,9.50,0.00,9.50,1.58,T91003306,Counter iPad,,Payment,Eat in,,
2026-06-11,20:55:00,Europe/London,Mains,Chicken Supreme,2,Regular,,38.00,0.00,38.00,6.33,T91003306,Counter iPad,,Payment,Takeaway,,
2026-06-11,20:55:00,Europe/London,Mains,Hake,1,Regular,,22.00,0.00,22.00,3.67,T91003306,Counter iPad,,Payment,Eat in,,
2026-06-11,20:55:00,Europe/London,Sides,Chips,1,Regular,,4.50,0.00,4.50,0.75,T91003306,Counter iPad,,Payment,Eat in,,
2026-06-11,20:55:00,Europe/London,Desserts,Sticky Toffee Pudding,1,Regular,,8.00,0.00,8.00,1.33,T91003306,Counter iPad,,Payment,Eat in,,
2026-06-11,20:55:00,Europe/London,Sides,Truffle Fries,2,Regular,,12.00,0.00,12.00,2.00,T91003306,Counter iPad,,Payment,Eat in,,
2026-06-11,20:55:00,Europe/London,Starters,Soup of the Day,2,Regular,,14.00,0.00,14.00,2.33,T91003306,Counter iPad,,Payment,Eat in,,
2026-06-11,20:55:00,Europe/London,Mains,Fish & Chips,2,Regular,,35.00,0.00,35.00,5.83,T91003306,Counter iPad,,Payment,Takeaway,,
2026-06-11,20:55:00,Europe/London,Sides,Bread & Butter,1,Regular,,4.00,0.00,4.00,0.67,T91003306,Counter iPad,,Payment,Eat in,,
2026-06-11,20:55:00,Europe/London,Drinks,Lager Pint,3,Regular,,18.60,0.00,18.60,3.10,T91003306,Counter iPad,,Payment,Eat in,,
2026-06-11,20:55:00,Europe/London,Drinks,House White 175ml,1,Regular,,7.00,0.00,7.00,1.17,T91003306,Counter iPad,,Payment,Eat in,,
2026-06-11,20:55:00,Europe/London,Drinks,Coke,2,Regular,,6.00,0.00,6.00,1.00,T91003306,Counter iPad,,Payment,Eat in,,
2026-06-11,20:55:00,Europe/London,Drinks,Sparkling Water 750ml,1,Regular,,4.00,0.00,4.00,0.67,T91003306,Counter iPad,,Payment,Eat in,,
2026-06-11,20:55:00,Europe/London,Drinks,Espresso,1,Regular,,2.80,0.00,2.80,0.47,T91003306,Counter iPad,,Payment,Eat in,,
2026-06-11,23:46:00,Europe/London,Starters,Pork Belly Bites,1,Regular,,8.00,0.00,8.00,1.33,T29728817,Counter iPad,,Payment,Takeaway,,
2026-06-11,23:46:00,Europe/London,Mains,Fish & Chips,1,Regular,,17.50,0.00,17.50,2.92,T29728817,Counter iPad,,Payment,Eat in,,
2026-06-11,23:46:00,Europe/London,Sides,Tenderstem,1,Regular,,5.00,0.00,5.00,0.83,T29728817,Counter iPad,,Payment,Eat in,,
2026-06-11,23:46:00,Europe/London,Mains,Steak Frites,1,Regular,,24.00,0.00,24.00,4.00,T29728817,Counter iPad,,Payment,Eat in,,
2026-06-11,23:46:00,Europe/London,Sides,House Salad,1,Regular,,4.50,0.00,4.50,0.75,T29728817,Counter iPad,,Payment,Eat in,,
2026-06-11,23:46:00,Europe/London,Sides,Bread & Butter,1,Regular,,4.00,0.00,4.00,0.67,T29728817,Counter iPad,,Payment,Takeaway,,
2026-06-11,23:46:00,Europe/London,Drinks,House Red 175ml,1,Regular,,7.00,0.00,7.00,1.17,T29728817,Counter iPad,,Payment,Eat in,,
2026-06-11,23:46:00,Europe/London,Drinks,Coke,1,Regular,,3.00,0.00,3.00,0.50,T29728817,Counter iPad,,Payment,Takeaway,,
2026-06-12,12:26:00,Europe/London,Kids,Kids Burger,1,Regular,,7.50,0.00,7.50,1.25,T64601205,Counter iPad,,Payment,Eat in,,
2026-06-12,12:26:00,Europe/London,Kids,Kids Ice Cream,1,Regular,,3.50,0.00,3.50,0.58,T64601205,Counter iPad,,Payment,Takeaway,,
2026-06-12,12:26:00,Europe/London,Starters,Soup of the Day,2,Regular,,14.00,0.00,14.00,2.33,T64601205,Counter iPad,,Payment,Eat in,,
2026-06-12,12:26:00,Europe/London,Mains,Tidewater Burger,1,Regular,,16.50,0.00,16.50,2.75,T64601205,Counter iPad,,Payment,Eat in,,
2026-06-12,12:26:00,Europe/London,Desserts,Sticky Toffee Pudding,2,Regular,,16.00,0.00,16.00,2.67,T64601205,Counter iPad,,Payment,Eat in,,
2026-06-12,12:26:00,Europe/London,Sides,Bread & Butter,1,Regular,,4.00,0.00,4.00,0.67,T64601205,Counter iPad,,Payment,Eat in,,
2026-06-12,13:06:00,Europe/London,Sides,Bread & Butter,1,Regular,,-4.00,0.00,-4.00,-0.67,T64601205,Counter iPad,sent back,Refund,Eat in,,
2026-06-12,12:26:00,Europe/London,Drinks,House White 175ml,2,Regular,,14.00,0.00,14.00,2.33,T64601205,Counter iPad,,Payment,Eat in,,
2026-06-12,12:26:00,Europe/London,Drinks,Coke,2,Regular,,6.00,0.00,6.00,1.00,T64601205,Counter iPad,,Payment,Takeaway,,
2026-06-12,12:26:00,Europe/London,Drinks,Sparkling Water 750ml,1,Regular,,4.00,0.00,4.00,0.67,T64601205,Counter iPad,,Payment,Takeaway,,
2026-06-12,12:26:00,Europe/London,Drinks,Espresso,2,Regular,,5.60,0.00,5.60,0.93,T64601205,Counter iPad,,Payment,Eat in,,
2026-06-12,12:58:00,Europe/London,Kids,Kids Burger,3,Regular,,22.50,0.00,22.50,3.75,T26843193,Bar iPad,,Payment,Eat in,,
2026-06-12,12:58:00,Europe/London,Kids,Kids Ice Cream,1,Regular,,3.50,0.00,3.50,0.58,T26843193,Bar iPad,,Payment,Eat in,,
2026-06-12,12:58:00,Europe/London,Starters,Salt & Pepper Squid,1,Regular,,9.50,0.00,9.50,1.58,T26843193,Bar iPad,,Payment,Eat in,,
2026-06-12,12:58:00,Europe/London,Mains,Hake,1,Regular,,22.00,0.00,22.00,3.67,T26843193,Bar iPad,,Payment,Eat in,,
2026-06-12,12:58:00,Europe/London,Mains,Chicken Supreme,1,Regular,,19.00,0.00,19.00,3.17,T26843193,Bar iPad,,Payment,Eat in,,
2026-06-12,12:58:00,Europe/London,Starters,Soup of the Day,1,Regular,,7.00,0.00,7.00,1.17,T26843193,Bar iPad,,Payment,Eat in,,
2026-06-12,12:58:00,Europe/London,Mains,Fish & Chips,1,Regular,,17.50,0.00,17.50,2.92,T26843193,Bar iPad,,Payment,Eat in,,
2026-06-12,12:58:00,Europe/London,Desserts,Sticky Toffee Pudding,1,Regular,,8.00,0.00,8.00,1.33,T26843193,Bar iPad,,Payment,Takeaway,,
2026-06-12,12:58:00,Europe/London,Drinks,Lager Pint,3,Regular,,18.60,0.00,18.60,3.10,T26843193,Bar iPad,,Payment,Eat in,,
2026-06-12,12:58:00,Europe/London,Drinks,House White 175ml,2,Regular,,14.00,0.00,14.00,2.33,T26843193,Bar iPad,,Payment,Eat in,,
2026-06-12,12:58:00,Europe/London,Drinks,Coke,1,Regular,,3.00,0.00,3.00,0.50,T26843193,Bar iPad,,Payment,Eat in,,
2026-06-12,12:58:00,Europe/London,Drinks,Sparkling Water 750ml,2,Regular,,8.00,0.00,8.00,1.33,T26843193,Bar iPad,,Payment,Eat in,,
2026-06-12,14:19:00,Europe/London,Mains,Fish & Chips,1,Regular,,17.50,0.00,17.50,2.92,T99281456,Bar iPad,,Payment,Takeaway,,
2026-06-12,14:19:00,Europe/London,Sides,Fries,1,Regular,,4.50,0.00,4.50,0.75,T99281456,Bar iPad,,Payment,Eat in,,
2026-06-12,14:19:00,Europe/London,Desserts,Creme Brulee,1,Regular,,7.50,0.00,7.50,1.25,T99281456,Bar iPad,,Payment,Eat in,,
2026-06-12,14:19:00,Europe/London,Mains,Lemon Sole (MP),1,Regular,,24.00,0.00,24.00,4.00,T99281456,Bar iPad,,Payment,Eat in,,
2026-06-12,14:19:00,Europe/London,Sides,Bread & Butter,1,Regular,,4.00,0.00,4.00,0.67,T99281456,Bar iPad,,Payment,Eat in,,
2026-06-12,14:19:00,Europe/London,Drinks,Lager Pint,2,Regular,,12.40,0.00,12.40,2.07,T99281456,Bar iPad,,Payment,Eat in,,
2026-06-12,14:19:00,Europe/London,Drinks,Sparkling Water 750ml,1,Regular,,4.00,0.00,4.00,0.67,T99281456,Bar iPad,,Payment,Eat in,,
2026-06-12,14:19:00,Europe/London,Drinks,Espresso,2,Regular,,5.60,0.00,5.60,0.93,T99281456,Bar iPad,,Payment,Eat in,,
2026-06-12,14:32:00,Europe/London,Kids,Kids Fish & Chips,1,Regular,,8.00,0.00,8.00,1.33,T32148560,Counter iPad,,Payment,Eat in,C573,Sample Customer 573
2026-06-12,14:32:00,Europe/London,Set Menu,Set Lunch - 3 Courses,1,Regular,"Soup of the Day, Mushroom Risotto, Sticky Toffee Pudding",25.00,0.00,25.00,4.17,T32148560,Counter iPad,,Payment,Eat in,C573,Sample Customer 573
2026-06-12,14:32:00,Europe/London,Starters,Salt & Pepper Squid,1,Regular,,9.50,0.00,9.50,1.58,T32148560,Counter iPad,,Payment,Eat in,C573,Sample Customer 573
2026-06-12,14:32:00,Europe/London,Mains,Hake,1,Regular,,22.00,0.00,22.00,3.67,T32148560,Counter iPad,,Payment,Eat in,C573,Sample Customer 573
2026-06-12,14:32:00,Europe/London,Drinks,Lager Pint,1,Regular,,6.20,0.00,6.20,1.03,T32148560,Counter iPad,,Payment,Eat in,C573,Sample Customer 573
2026-06-12,14:32:00,Europe/London,Drinks,House White 175ml,1,Regular,,7.00,0.00,7.00,1.17,T32148560,Counter iPad,,Payment,Eat in,C573,Sample Customer 573
2026-06-12,14:32:00,Europe/London,Drinks,House Red 175ml,1,Regular,,7.00,0.00,7.00,1.17,T32148560,Counter iPad,,Payment,Eat in,C573,Sample Customer 573
2026-06-12,14:32:00,Europe/London,Drinks,Coke,2,Regular,,6.00,0.00,6.00,1.00,T32148560,Counter iPad,,Payment,Eat in,C573,Sample Customer 573
2026-06-12,14:32:00,Europe/London,Drinks,Sparkling Water 750ml,2,Regular,,8.00,0.00,8.00,1.33,T32148560,Counter iPad,,Payment,Eat in,C573,Sample Customer 573
2026-06-12,14:32:00,Europe/London,Drinks,Espresso,2,Regular,,5.60,0.00,5.60,0.93,T32148560,Counter iPad,,Payment,Takeaway,C573,Sample Customer 573
2026-06-12,15:00:00,Europe/London,Mains,Chicken Supreme,1,Regular,,19.00,0.00,19.00,3.17,T54543790,Counter iPad,,Payment,Eat in,,
2026-06-12,15:00:00,Europe/London,Desserts,Crème Brûlée,1,Regular,,7.50,0.00,7.50,1.25,T54543790,Counter iPad,,Payment,Eat in,,
2026-06-12,15:00:00,Europe/London,Drinks,Coke,1,Regular,,3.00,0.00,3.00,0.50,T54543790,Counter iPad,,Payment,Eat in,,
2026-06-12,15:00:00,Europe/London,Drinks,Sparkling Water 750ml,1,Regular,,4.00,0.00,4.00,0.67,T54543790,Counter iPad,,Payment,Eat in,,
2026-06-12,18:21:00,Europe/London,Mains,Chicken Supreme,1,Regular,,19.00,0.00,19.00,3.17,T58366740,Counter iPad,,Payment,Takeaway,,
2026-06-12,18:21:00,Europe/London,Sides,Tenderstem,3,Regular,,15.00,0.00,15.00,2.50,T58366740,Counter iPad,,Payment,Eat in,,
2026-06-12,18:21:00,Europe/London,Starters,Salt & Pepper Squid,1,Regular,,9.50,0.00,9.50,1.58,T58366740,Counter iPad,,Payment,Eat in,,
2026-06-12,18:21:00,Europe/London,Mains,Tidewater Burger,2,Regular,,33.00,0.00,33.00,5.50,T58366740,Counter iPad,,Payment,Eat in,,
2026-06-12,18:21:00,Europe/London,Starters,Pork Belly Bites,1,Regular,,8.00,0.00,8.00,1.33,T58366740,Counter iPad,,Payment,Eat in,,
2026-06-12,18:21:00,Europe/London,Mains,Hake,1,Regular,,22.00,0.00,22.00,3.67,T58366740,Counter iPad,,Payment,Takeaway,,
2026-06-12,18:21:00,Europe/London,Sides,Chips,1,Regular,,4.50,0.00,4.50,0.75,T58366740,Counter iPad,,Payment,Takeaway,,
2026-06-12,18:21:00,Europe/London,Starters,Burrata,1,Regular,,10.00,0.00,10.00,1.67,T58366740,Counter iPad,,Payment,Takeaway,,
2026-06-12,18:21:00,Europe/London,Desserts,Affogato,1,Regular,,6.00,-6.00,0.00,0.00,T58366740,Counter iPad,comp - long wait,Payment,Takeaway,,
2026-06-12,18:21:00,Europe/London,Drinks,Lager Pint,1,Regular,,6.20,0.00,6.20,1.03,T58366740,Counter iPad,,Payment,Eat in,,
2026-06-12,19:01:00,Europe/London,Drinks,Lager Pint,1,Regular,,-6.20,0.00,-6.20,-1.03,T58366740,Counter iPad,sent back,Refund,Eat in,,
2026-06-12,18:21:00,Europe/London,Drinks,House White 175ml,1,Regular,,7.00,0.00,7.00,1.17,T58366740,Counter iPad,,Payment,Eat in,,
2026-06-12,18:21:00,Europe/London,Drinks,House Red 175ml,1,Regular,,7.00,0.00,7.00,1.17,T58366740,Counter iPad,,Payment,Eat in,,
2026-06-12,18:21:00,Europe/London,Drinks,Coke,2,Regular,,6.00,0.00,6.00,1.00,T58366740,Counter iPad,,Payment,Takeaway,,
2026-06-12,18:21:00,Europe/London,Drinks,Espresso,1,Regular,,2.80,0.00,2.80,0.47,T58366740,Counter iPad,,Payment,Eat in,,
2026-06-12,18:36:00,Europe/London,Starters,Burrata,2,Regular,,20.00,0.00,20.00,3.33,T34309088,Counter iPad,,Payment,Takeaway,,
2026-06-12,18:36:00,Europe/London,Mains,Tidewater Burger,1,Regular,Add Cheese,16.50,0.00,16.50,2.75,T34309088,Counter iPad,,Payment,Takeaway,,
2026-06-12,18:36:00,Europe/London,Sides,House Salad,1,Regular,,4.50,0.00,4.50,0.75,T34309088,Counter iPad,,Payment,Eat in,,
2026-06-12,19:16:00,Europe/London,Sides,House Salad,1,Regular,,-4.50,0.00,-4.50,-0.75,T34309088,Counter iPad,sent back,Refund,Eat in,,
2026-06-12,18:36:00,Europe/London,Mains,Hake,2,Regular,,44.00,0.00,44.00,7.33,T34309088,Counter iPad,,Payment,Eat in,,
2026-06-12,18:36:00,Europe/London,Mains,Fish & Chips,1,Regular,,17.50,0.00,17.50,2.92,T34309088,Counter iPad,,Payment,Eat in,,
2026-06-12,18:36:00,Europe/London,Sides,Chips,1,Regular,,4.50,0.00,4.50,0.75,T34309088,Counter iPad,,Payment,Eat in,,
2026-06-12,18:36:00,Europe/London,Starters,Mackerel Pate,1,Regular,,8.50,0.00,8.50,1.42,T34309088,Counter iPad,,Payment,Eat in,,
2026-06-12,18:36:00,Europe/London,Desserts,Affogato,1,Regular,,6.00,0.00,6.00,1.00,T34309088,Counter iPad,,Payment,Takeaway,,
2026-06-12,18:36:00,Europe/London,Drinks,Lager Pint,2,Regular,,12.40,0.00,12.40,2.07,T34309088,Counter iPad,,Payment,Eat in,,
2026-06-12,18:36:00,Europe/London,Drinks,House White 175ml,2,Regular,,14.00,0.00,14.00,2.33,T34309088,Counter iPad,,Payment,Eat in,,
2026-06-12,18:36:00,Europe/London,Drinks,House Red 175ml,1,Regular,,7.00,0.00,7.00,1.17,T34309088,Counter iPad,,Payment,Takeaway,,
2026-06-12,18:36:00,Europe/London,Drinks,Sparkling Water 750ml,3,Regular,,12.00,0.00,12.00,2.00,T34309088,Counter iPad,,Payment,Eat in,,
2026-06-12,18:36:00,Europe/London,Drinks,Espresso,1,Regular,,2.80,0.00,2.80,0.47,T34309088,Counter iPad,,Payment,Eat in,,
2026-06-12,19:34:00,Europe/London,Kids,Kids Burger,1,Regular,,7.50,0.00,7.50,1.25,T41248069,Counter iPad,,Payment,Eat in,,
2026-06-12,19:34:00,Europe/London,Kids,Kids Ice Cream,1,Regular,,3.50,0.00,3.50,0.58,T41248069,Counter iPad,,Payment,Eat in,,
2026-06-12,19:34:00,Europe/London,Mains,Chicken Supreme,1,Regular,,19.00,0.00,19.00,3.17,T41248069,Counter iPad,,Payment,Eat in,,
2026-06-12,19:34:00,Europe/London,Mains,Tidewater Burger,1,Regular,,16.50,0.00,16.50,2.75,T41248069,Counter iPad,,Payment,Eat in,,
2026-06-12,19:34:00,Europe/London,Mains,Steak Frites,1,Regular,,24.00,0.00,24.00,4.00,T41248069,Counter iPad,,Payment,Takeaway,,
2026-06-12,19:34:00,Europe/London,Drinks,Lager Pint,1,Regular,,6.20,0.00,6.20,1.03,T41248069,Counter iPad,,Payment,Eat in,,
2026-06-12,19:34:00,Europe/London,Drinks,Coke,1,Regular,,3.00,0.00,3.00,0.50,T41248069,Counter iPad,,Payment,Eat in,,
2026-06-12,19:54:00,Europe/London,Starters,Soup of the Day,1,Regular,,7.00,0.00,7.00,1.17,T38743054,Counter iPad,,Payment,Eat in,,
2026-06-12,19:54:00,Europe/London,Mains,Mushroom Risotto,1,Regular,,15.00,0.00,15.00,2.50,T38743054,Counter iPad,,Payment,Takeaway,,
2026-06-12,19:54:00,Europe/London,Starters,Burrata,1,Regular,,10.00,0.00,10.00,1.67,T38743054,Counter iPad,,Payment,Takeaway,,
2026-06-12,19:54:00,Europe/London,Mains,Fish & Chips,1,Small,,13.00,0.00,13.00,2.17,T38743054,Counter iPad,,Payment,Eat in,,
2026-06-12,19:54:00,Europe/London,Sides,Truffle Fries,1,Regular,,6.00,0.00,6.00,1.00,T38743054,Counter iPad,,Payment,Eat in,,
2026-06-12,19:54:00,Europe/London,Sides,Bread & Butter,1,Regular,,4.00,0.00,4.00,0.67,T38743054,Counter iPad,,Payment,Eat in,,
2026-06-12,19:54:00,Europe/London,Drinks,Lager Pint,1,Regular,,6.20,0.00,6.20,1.03,T38743054,Counter iPad,,Payment,Eat in,,
2026-06-12,19:54:00,Europe/London,Drinks,Coke,2,Regular,,6.00,0.00,6.00,1.00,T38743054,Counter iPad,,Payment,Eat in,,
2026-06-12,19:54:00,Europe/London,Drinks,Espresso,1,Regular,,2.80,0.00,2.80,0.47,T38743054,Counter iPad,,Payment,Eat in,,
2026-06-12,20:05:00,Europe/London,Starters,Soup of the Day,2,Regular,,14.00,-14.00,0.00,0.00,T52188103,Bar iPad,comp - long wait,Payment,Eat in,,
2026-06-12,20:05:00,Europe/London,Mains,Steak Frites,1,Regular,,24.00,0.00,24.00,4.00,T52188103,Bar iPad,,Payment,Eat in,,
2026-06-12,20:05:00,Europe/London,Desserts,Sticky Toffee Pudding,1,Regular,,8.00,0.00,8.00,1.33,T52188103,Bar iPad,,Payment,Eat in,,
2026-06-12,20:05:00,Europe/London,Mains,Hake,1,Regular,,22.00,0.00,22.00,3.67,T52188103,Bar iPad,,Payment,Eat in,,
2026-06-12,20:05:00,Europe/London,Desserts,Choc Tart,1,Regular,,8.00,0.00,8.00,1.33,T52188103,Bar iPad,,Payment,Eat in,,
2026-06-12,20:05:00,Europe/London,Mains,Chicken Supreme,1,Regular,,19.00,0.00,19.00,3.17,T52188103,Bar iPad,,Payment,Takeaway,,
2026-06-12,20:05:00,Europe/London,Drinks,Lager Pint,2,Regular,,12.40,0.00,12.40,2.07,T52188103,Bar iPad,,Payment,Eat in,,
2026-06-12,20:05:00,Europe/London,Drinks,House White 175ml,1,Regular,,7.00,0.00,7.00,1.17,T52188103,Bar iPad,,Payment,Takeaway,,
2026-06-12,20:05:00,Europe/London,Drinks,House Red 175ml,1,Regular,,7.00,0.00,7.00,1.17,T52188103,Bar iPad,,Payment,Eat in,,
2026-06-12,20:05:00,Europe/London,Drinks,Coke,1,Regular,,3.00,0.00,3.00,0.50,T52188103,Bar iPad,,Payment,Eat in,,
2026-06-12,20:05:00,Europe/London,Drinks,Espresso,2,Regular,,5.60,0.00,5.60,0.93,T52188103,Bar iPad,,Payment,Eat in,,
2026-06-12,21:11:00,Europe/London,Starters,Burrata,1,Regular,,10.00,0.00,10.00,1.67,T39930821,Counter iPad,,Payment,Eat in,,
2026-06-12,21:11:00,Europe/London,Mains,Steak Frites,1,Regular,,24.00,0.00,24.00,4.00,T39930821,Counter iPad,,Payment,Eat in,,
2026-06-12,21:11:00,Europe/London,Starters,Soup of the Day,2,Regular,,14.00,0.00,14.00,2.33,T39930821,Counter iPad,,Payment,Eat in,,
2026-06-12,21:11:00,Europe/London,Mains,Tidewater Burger,1,Regular,Add Bacon,16.50,0.00,16.50,2.75,T39930821,Counter iPad,,Payment,Eat in,,
2026-06-12,21:11:00,Europe/London,Desserts,Affogato,1,Regular,,6.00,0.00,6.00,1.00,T39930821,Counter iPad,,Payment,Eat in,,
2026-06-12,21:11:00,Europe/London,Mains,Lemon Sole (MP),1,Regular,,27.00,0.00,27.00,4.50,T39930821,Counter iPad,,Payment,Eat in,,
2026-06-12,21:11:00,Europe/London,Sides,Chips,2,Regular,,9.00,0.00,9.00,1.50,T39930821,Counter iPad,,Payment,Eat in,,
2026-06-12,21:11:00,Europe/London,Mains,Chicken Supreme,1,Regular,,19.00,0.00,19.00,3.17,T39930821,Counter iPad,,Payment,Takeaway,,
2026-06-12,21:11:00,Europe/London,Sides,Bread & Butter,1,Regular,,4.00,0.00,4.00,0.67,T39930821,Counter iPad,,Payment,Eat in,,
2026-06-12,21:11:00,Europe/London,Drinks,Lager Pint,4,Regular,,24.80,0.00,24.80,4.13,T39930821,Counter iPad,,Payment,Eat in,,
2026-06-12,21:11:00,Europe/London,Drinks,House White 175ml,3,Regular,,21.00,0.00,21.00,3.50,T39930821,Counter iPad,,Payment,Takeaway,,
2026-06-12,21:11:00,Europe/London,Drinks,Flat White,1,Regular,,3.40,0.00,3.40,0.57,T39930821,Counter iPad,,Payment,Eat in,,
2026-06-12,21:24:00,Europe/London,Mains,Tidewater Burger,1,Regular,,16.50,0.00,16.50,2.75,T44346909,Counter iPad,,Payment,Eat in,,
2026-06-12,21:24:00,Europe/London,Starters,Pork Belly Bites,1,Regular,,8.00,0.00,8.00,1.33,T44346909,Counter iPad,,Payment,Takeaway,,
2026-06-12,21:24:00,Europe/London,Mains,Fish & Chips,1,Regular,,17.50,0.00,17.50,2.92,T44346909,Counter iPad,,Payment,Takeaway,,
2026-06-12,21:24:00,Europe/London,Sides,Chips,1,Regular,,4.50,0.00,4.50,0.75,T44346909,Counter iPad,,Payment,Eat in,,
2026-06-12,21:24:00,Europe/London,Drinks,Lager Pint,1,Regular,,6.20,0.00,6.20,1.03,T44346909,Counter iPad,,Payment,Eat in,,
2026-06-12,21:24:00,Europe/London,Drinks,House White 175ml,1,Regular,,7.00,0.00,7.00,1.17,T44346909,Counter iPad,,Payment,Takeaway,,
2026-06-12,21:24:00,Europe/London,Drinks,Espresso,1,Regular,,2.80,0.00,2.80,0.47,T44346909,Counter iPad,,Payment,Eat in,,
2026-06-12,21:39:00,Europe/London,Starters,Salt & Pepper Squid,3,Regular,,28.50,0.00,28.50,4.75,T37282474,Counter iPad,,Payment,Eat in,,
2026-06-12,21:39:00,Europe/London,Mains,Tidewater Burger,1,Regular,,16.50,0.00,16.50,2.75,T37282474,Counter iPad,,Payment,Eat in,,
2026-06-12,21:39:00,Europe/London,Desserts,Sticky Toffee Pudding,3,Regular,,24.00,0.00,24.00,4.00,T37282474,Counter iPad,,Payment,Eat in,,
2026-06-12,21:39:00,Europe/London,Starters,Mackerel Pate,1,Regular,,8.50,0.00,8.50,1.42,T37282474,Counter iPad,,Payment,Eat in,,
2026-06-12,21:39:00,Europe/London,Mains,Fish & Chips,2,Regular,,35.00,0.00,35.00,5.83,T37282474,Counter iPad,,Payment,Eat in,,
2026-06-12,21:39:00,Europe/London,Sides,Chips,2,Regular,,9.00,0.00,9.00,1.50,T37282474,Counter iPad,,Payment,Eat in,,
2026-06-12,21:39:00,Europe/London,Sides,House Salad,1,Regular,,4.50,0.00,4.50,0.75,T37282474,Counter iPad,,Payment,Eat in,,
2026-06-12,21:39:00,Europe/London,Mains,Lamb Rump,1,Regular,,26.00,0.00,26.00,4.33,T37282474,Counter iPad,,Payment,Eat in,,
2026-06-12,21:39:00,Europe/London,Starters,Soup of the Day,1,Regular,,7.00,0.00,7.00,1.17,T37282474,Counter iPad,,Payment,Takeaway,,
2026-06-12,21:39:00,Europe/London,Mains,SPECIAL - Crab Linguine,1,Regular,,18.00,0.00,18.00,3.00,T37282474,Counter iPad,,Payment,Takeaway,,
2026-06-12,21:39:00,Europe/London,Sides,Tenderstem,1,Regular,,5.00,0.00,5.00,0.83,T37282474,Counter iPad,,Payment,Eat in,,
2026-06-12,21:39:00,Europe/London,Desserts,Cheeseboard,1,3,,11.00,0.00,11.00,1.83,T37282474,Counter iPad,,Payment,Takeaway,,
2026-06-12,21:39:00,Europe/London,Drinks,Lager Pint,3,Regular,,18.60,0.00,18.60,3.10,T37282474,Counter iPad,,Payment,Eat in,,
2026-06-12,21:39:00,Europe/London,Drinks,House White 175ml,1,Regular,,7.00,0.00,7.00,1.17,T37282474,Counter iPad,,Payment,Eat in,,
2026-06-12,21:39:00,Europe/London,Drinks,Coke,2,Regular,,6.00,0.00,6.00,1.00,T37282474,Counter iPad,,Payment,Takeaway,,
2026-06-12,22:14:00,Europe/London,Starters,Salt & Pepper Squid,1,Regular,,9.50,0.00,9.50,1.58,T42134631,Bar iPad,,Payment,Eat in,,
2026-06-12,22:14:00,Europe/London,Mains,Burger,2,Regular,,33.00,0.00,33.00,5.50,T42134631,Bar iPad,,Payment,Eat in,,
2026-06-12,22:14:00,Europe/London,Desserts,Sticky Toffee Pudding,2,Regular,,16.00,0.00,16.00,2.67,T42134631,Bar iPad,,Payment,Eat in,,
2026-06-12,22:14:00,Europe/London,Starters,Burrata,2,Regular,,20.00,0.00,20.00,3.33,T42134631,Bar iPad,,Payment,Eat in,,
2026-06-12,22:14:00,Europe/London,Starters,Soup of the Day,1,Regular,,7.00,0.00,7.00,1.17,T42134631,Bar iPad,,Payment,Eat in,,
2026-06-12,22:14:00,Europe/London,Mains,Chicken Supreme,1,Regular,,19.00,0.00,19.00,3.17,T42134631,Bar iPad,,Payment,Eat in,,
2026-06-12,22:14:00,Europe/London,Desserts,Affogato,1,Regular,,6.00,0.00,6.00,1.00,T42134631,Bar iPad,,Payment,Eat in,,
2026-06-12,22:14:00,Europe/London,Starters,Pork Belly Bites,1,Regular,,8.00,0.00,8.00,1.33,T42134631,Bar iPad,,Payment,Takeaway,,
2026-06-12,22:16:00,Europe/London,Starters,Pork Belly Bites,1,Regular,,0.00,0.00,0.00,0.00,T42134631,Bar iPad,wrong table,Void,Eat in,,
2026-06-12,22:14:00,Europe/London,Mains,Fish & Chips,1,Small,,13.00,0.00,13.00,2.17,T42134631,Bar iPad,,Payment,Takeaway,,
2026-06-12,22:14:00,Europe/London,Sides,Fries,1,Regular,,4.50,0.00,4.50,0.75,T42134631,Bar iPad,,Payment,Eat in,,
2026-06-12,22:14:00,Europe/London,Mains,Steak Frites,1,Regular,,24.00,0.00,24.00,4.00,T42134631,Bar iPad,,Payment,Takeaway,,
2026-06-12,22:14:00,Europe/London,Sides,Truffle Fries,1,Regular,,6.00,0.00,6.00,1.00,T42134631,Bar iPad,,Payment,Eat in,,
2026-06-12,22:14:00,Europe/London,Sides,Tenderstem,1,Regular,,5.00,0.00,5.00,0.83,T42134631,Bar iPad,,Payment,Eat in,,
2026-06-12,22:14:00,Europe/London,Drinks,Lager Pint,1,Regular,,6.20,0.00,6.20,1.03,T42134631,Bar iPad,,Payment,Eat in,,
2026-06-12,22:14:00,Europe/London,Drinks,House White 175ml,1,Regular,,7.00,0.00,7.00,1.17,T42134631,Bar iPad,,Payment,Eat in,,
2026-06-12,22:14:00,Europe/London,Drinks,House Red 175ml,1,Regular,,7.00,0.00,7.00,1.17,T42134631,Bar iPad,,Payment,Eat in,,
2026-06-12,22:14:00,Europe/London,Drinks,Coke,1,Regular,,3.00,0.00,3.00,0.50,T42134631,Bar iPad,,Payment,Eat in,,
2026-06-12,22:14:00,Europe/London,Drinks,Sparkling Water 750ml,1,Regular,,4.00,0.00,4.00,0.67,T42134631,Bar iPad,,Payment,Takeaway,,
2026-06-12,22:14:00,Europe/London,Other,Service Charge 12.5%,1,Regular,,0.00,0.00,0.00,0.00,T42134631,Bar iPad,,Payment,Eat in,,
2026-06-12,23:02:00,Europe/London,Mains,Tidewater Burger,1,Regular,Add Cheese,16.50,0.00,16.50,2.75,T16062014,Counter iPad,,Payment,Eat in,C173,Sample Customer 173
2026-06-12,23:02:00,Europe/London,Mains,Hake,1,Regular,,22.00,0.00,22.00,3.67,T16062014,Counter iPad,,Payment,Eat in,C173,Sample Customer 173
2026-06-12,23:02:00,Europe/London,Sides,Truffle Fries,1,Regular,,6.00,0.00,6.00,1.00,T16062014,Counter iPad,,Payment,Eat in,C173,Sample Customer 173
2026-06-12,23:02:00,Europe/London,Desserts,Sticky Toffee Pudding,1,Regular,,8.00,0.00,8.00,1.33,T16062014,Counter iPad,,Payment,Eat in,C173,Sample Customer 173
2026-06-12,23:02:00,Europe/London,Drinks,Lager Pint,1,Regular,,6.20,0.00,6.20,1.03,T16062014,Counter iPad,,Payment,Eat in,C173,Sample Customer 173
2026-06-12,23:02:00,Europe/London,Drinks,House White 175ml,1,Regular,,7.00,0.00,7.00,1.17,T16062014,Counter iPad,,Payment,Takeaway,C173,Sample Customer 173
2026-06-12,23:02:00,Europe/London,Drinks,Coke,1,Regular,,3.00,0.00,3.00,0.50,T16062014,Counter iPad,,Payment,Takeaway,C173,Sample Customer 173
2026-06-12,23:02:00,Europe/London,Drinks,Flat White,1,Regular,,3.40,0.00,3.40,0.57,T16062014,Counter iPad,,Payment,Takeaway,C173,Sample Customer 173
2026-06-12,23:09:00,Europe/London,Mains,SPECIAL - Crab Linguine,1,Regular,,18.00,0.00,18.00,3.00,T39278483,Counter iPad,,Payment,Takeaway,,
2026-06-12,23:09:00,Europe/London,Sides,Truffle Fries,1,Regular,,6.00,0.00,6.00,1.00,T39278483,Counter iPad,,Payment,Eat in,,
2026-06-12,23:09:00,Europe/London,Starters,Salt & Pepper Squid,1,Regular,,9.50,0.00,9.50,1.58,T39278483,Counter iPad,,Payment,Takeaway,,
2026-06-12,23:09:00,Europe/London,Mains,Chicken Supreme,1,Regular,,19.00,0.00,19.00,3.17,T39278483,Counter iPad,,Payment,Eat in,,
2026-06-12,23:09:00,Europe/London,Desserts,Sticky Toffee Pudding,1,Regular,,8.00,0.00,8.00,1.33,T39278483,Counter iPad,,Payment,Eat in,,
2026-06-12,23:09:00,Europe/London,Sides,Bread & Butter,1,Regular,,4.00,0.00,4.00,0.67,T39278483,Counter iPad,,Payment,Eat in,,
2026-06-12,23:09:00,Europe/London,Drinks,Lager Pint,1,Regular,,6.20,0.00,6.20,1.03,T39278483,Counter iPad,,Payment,Takeaway,,
2026-06-12,23:09:00,Europe/London,Drinks,House Red 175ml,2,Regular,,14.00,0.00,14.00,2.33,T39278483,Counter iPad,,Payment,Eat in,,
2026-06-12,23:09:00,Europe/London,Drinks,Espresso,1,Regular,,2.80,0.00,2.80,0.47,T39278483,Counter iPad,,Payment,Takeaway,,
2026-06-12,23:09:00,Europe/London,Drinks,Flat White,1,Regular,,3.40,0.00,3.40,0.57,T39278483,Counter iPad,,Payment,Eat in,,
2026-06-12,23:19:00,Europe/London,Mains,Steak Frites,1,Regular,,24.00,0.00,24.00,4.00,T99859469,Counter iPad,,Payment,Eat in,,
2026-06-12,23:19:00,Europe/London,Mains,Tidewater Burger,1,Regular,,16.50,0.00,16.50,2.75,T99859469,Counter iPad,,Payment,Eat in,,
2026-06-12,23:19:00,Europe/London,Desserts,Sticky Toffee Pudding,1,Regular,,8.00,0.00,8.00,1.33,T99859469,Counter iPad,,Payment,Takeaway,,
2026-06-12,23:19:00,Europe/London,Sides,Bread & Butter,1,Regular,,4.00,0.00,4.00,0.67,T99859469,Counter iPad,,Payment,Eat in,,
2026-06-12,23:19:00,Europe/London,Drinks,Lager Pint,1,Regular,,6.20,0.00,6.20,1.03,T99859469,Counter iPad,,Payment,Eat in,,
2026-06-12,23:19:00,Europe/London,Drinks,House Red 175ml,1,Regular,,7.00,0.00,7.00,1.17,T99859469,Counter iPad,,Payment,Takeaway,,
2026-06-12,23:19:00,Europe/London,Starters,Salt & Pepper Squid,1,Regular,,9.50,0.00,9.50,1.58,T53074376,Counter iPad,,Payment,Takeaway,,
2026-06-12,23:19:00,Europe/London,Mains,SPECIAL - Crab Linguine,2,Regular,,36.00,0.00,36.00,6.00,T53074376,Counter iPad,,Payment,Takeaway,,
2026-06-12,23:19:00,Europe/London,Sides,Tenderstem,1,Regular,,5.00,0.00,5.00,0.83,T53074376,Counter iPad,,Payment,Eat in,,
2026-06-12,23:19:00,Europe/London,Starters,Rock Oysters,1,x3,,9.00,0.00,9.00,1.50,T53074376,Counter iPad,,Payment,Eat in,,
2026-06-12,23:19:00,Europe/London,Sides,Truffle Fries,1,Regular,,6.00,0.00,6.00,1.00,T53074376,Counter iPad,,Payment,Eat in,,
2026-06-12,23:19:00,Europe/London,Sides,Bread & Butter,1,Regular,,4.00,0.00,4.00,0.67,T53074376,Counter iPad,,Payment,Eat in,,
2026-06-12,23:19:00,Europe/London,Drinks,Lager Pint,2,Regular,,12.40,0.00,12.40,2.07,T53074376,Counter iPad,,Payment,Takeaway,,
2026-06-12,23:24:00,Europe/London,Starters,Rock Oysters,1,x3,,9.00,0.00,9.00,1.50,T69193044,Counter iPad,,Payment,Eat in,,
2026-06-12,23:24:00,Europe/London,Mains,SPECIAL - Crab Linguine,1,Regular,,18.00,0.00,18.00,3.00,T69193044,Counter iPad,,Payment,Eat in,,
2026-06-12,23:24:00,Europe/London,Desserts,Sticky Toffee Pudding,1,Regular,,8.00,0.00,8.00,1.33,T69193044,Counter iPad,,Payment,Takeaway,,
2026-06-12,23:24:00,Europe/London,Starters,Burrata,1,Regular,,10.00,0.00,10.00,1.67,T69193044,Counter iPad,,Payment,Eat in,,
2026-06-12,23:24:00,Europe/London,Starters,Rock Oysters,1,x6,,16.00,0.00,16.00,2.67,T69193044,Counter iPad,,Payment,Takeaway,,
2026-06-12,23:24:00,Europe/London,Mains,Fish & Chips,1,Regular,,17.50,0.00,17.50,2.92,T69193044,Counter iPad,,Payment,Eat in,,
2026-06-12,23:24:00,Europe/London,Sides,Bread & Butter,1,Regular,,4.00,0.00,4.00,0.67,T69193044,Counter iPad,,Payment,Eat in,,
2026-06-12,23:24:00,Europe/London,Drinks,Lager Pint,2,Regular,,12.40,0.00,12.40,2.07,T69193044,Counter iPad,,Payment,Eat in,,
2026-06-12,23:24:00,Europe/London,Drinks,Sparkling Water 750ml,1,Regular,,4.00,0.00,4.00,0.67,T69193044,Counter iPad,,Payment,Takeaway,,
2026-06-12,23:24:00,Europe/London,Drinks,Espresso,1,Regular,,2.80,0.00,2.80,0.47,T69193044,Counter iPad,,Payment,Eat in,,
2026-06-12,23:46:00,Europe/London,Mains,Burger,1,Regular,,16.50,0.00,16.50,2.75,T56366664,Bar iPad,,Payment,Eat in,,
2026-06-12,23:46:00,Europe/London,Starters,Soup of the Day,1,Regular,,7.00,0.00,7.00,1.17,T56366664,Bar iPad,,Payment,Eat in,,
2026-06-12,23:46:00,Europe/London,Mains,Steak Frites,1,Regular,,24.00,0.00,24.00,4.00,T56366664,Bar iPad,,Payment,Eat in,,
2026-06-12,23:46:00,Europe/London,Sides,Peppercorn Sauce,1,Regular,,3.00,0.00,3.00,0.50,T56366664,Bar iPad,,Payment,Takeaway,,
2026-06-12,23:46:00,Europe/London,Mains,Lemon Sole (MP),1,Regular,,27.00,0.00,27.00,4.50,T56366664,Bar iPad,,Payment,Eat in,,
2026-06-12,23:46:00,Europe/London,Desserts,Sticky Toffee Pudding,1,Regular,,8.00,0.00,8.00,1.33,T56366664,Bar iPad,,Payment,Takeaway,,
2026-06-12,23:46:00,Europe/London,Drinks,Lager Pint,1,Regular,,6.20,0.00,6.20,1.03,T56366664,Bar iPad,,Payment,Eat in,,
2026-06-12,23:46:00,Europe/London,Drinks,House Red 175ml,1,Regular,,7.00,0.00,7.00,1.17,T56366664,Bar iPad,,Payment,Eat in,,
2026-06-12,23:46:00,Europe/London,Drinks,Coke,2,Regular,,6.00,0.00,6.00,1.00,T56366664,Bar iPad,,Payment,Takeaway,,
2026-06-12,23:46:00,Europe/London,Drinks,Sparkling Water 750ml,1,Regular,,4.00,0.00,4.00,0.67,T56366664,Bar iPad,,Payment,Eat in,,
2026-06-12,23:46:00,Europe/London,Drinks,Espresso,1,Regular,,2.80,0.00,2.80,0.47,T56366664,Bar iPad,,Payment,Takeaway,,
2026-06-13,12:58:00,Europe/London,Kids,Kids Fish & Chips,1,Regular,,8.00,0.00,8.00,1.33,T13612550,Counter iPad,,Payment,Eat in,,
2026-06-13,12:58:00,Europe/London,Starters,Pork Belly Bites,1,Regular,,8.00,0.00,8.00,1.33,T13612550,Counter iPad,,Payment,Takeaway,,
2026-06-13,12:58:00,Europe/London,Mains,Hake,1,Regular,,22.00,0.00,22.00,3.67,T13612550,Counter iPad,,Payment,Eat in,,
2026-06-13,12:58:00,Europe/London,Sides,Chips,1,Regular,,4.50,0.00,4.50,0.75,T13612550,Counter iPad,,Payment,Eat in,,
2026-06-13,12:58:00,Europe/London,Mains,Chicken Supreme,1,Regular,,19.00,0.00,19.00,3.17,T13612550,Counter iPad,,Payment,Eat in,,
2026-06-13,13:00:00,Europe/London,Mains,Chicken Supreme,1,Regular,,0.00,0.00,0.00,0.00,T13612550,Counter iPad,wrong table,Void,Eat in,,
2026-06-13,12:58:00,Europe/London,Sides,Bread & Butter,1,Regular,,4.00,0.00,4.00,0.67,T13612550,Counter iPad,,Payment,Takeaway,,
2026-06-13,12:58:00,Europe/London,Drinks,Lager Pint,2,Regular,,12.40,0.00,12.40,2.07,T13612550,Counter iPad,,Payment,Eat in,,
2026-06-13,12:58:00,Europe/London,Drinks,House Red 175ml,1,Regular,,7.00,0.00,7.00,1.17,T13612550,Counter iPad,,Payment,Takeaway,,
2026-06-13,12:58:00,Europe/London,Drinks,Espresso,1,Regular,,2.80,0.00,2.80,0.47,T13612550,Counter iPad,,Payment,Takeaway,,
2026-06-13,13:38:00,Europe/London,Starters,Salt & Pepper Squid,2,Regular,,19.00,0.00,19.00,3.17,T93730821,Counter iPad,,Payment,Takeaway,,
2026-06-13,13:38:00,Europe/London,Mains,Tidewater Burger,1,Regular,"Add Bacon, Add Cheese",16.50,0.00,16.50,2.75,T93730821,Counter iPad,,Payment,Eat in,,
2026-06-13,13:38:00,Europe/London,Mains,Steak Frites,1,Regular,,24.00,0.00,24.00,4.00,T93730821,Counter iPad,,Payment,Eat in,,
2026-06-13,13:38:00,Europe/London,Sides,Truffle Fries,1,Regular,,6.00,0.00,6.00,1.00,T93730821,Counter iPad,,Payment,Eat in,,
2026-06-13,13:38:00,Europe/London,Sides,Bread & Butter,1,Regular,,4.00,0.00,4.00,0.67,T93730821,Counter iPad,,Payment,Takeaway,,
2026-06-13,13:38:00,Europe/London,Drinks,House White 175ml,1,Regular,,7.00,0.00,7.00,1.17,T93730821,Counter iPad,,Payment,Eat in,,
2026-06-13,13:38:00,Europe/London,Drinks,Coke,1,Regular,,3.00,0.00,3.00,0.50,T93730821,Counter iPad,,Payment,Eat in,,
2026-06-13,13:38:00,Europe/London,Drinks,Sparkling Water 750ml,1,Regular,,4.00,0.00,4.00,0.67,T93730821,Counter iPad,,Payment,Eat in,,
2026-06-13,13:39:00,Europe/London,Mains,Fish & Chips,2,Regular,,35.00,0.00,35.00,5.83,T57649034,Counter iPad,,Payment,Eat in,,
2026-06-13,13:39:00,Europe/London,Sides,Chips,1,Regular,,4.50,0.00,4.50,0.75,T57649034,Counter iPad,,Payment,Takeaway,,
2026-06-13,13:39:00,Europe/London,Starters,Salt & Pepper Squid,1,Regular,,9.50,0.00,9.50,1.58,T57649034,Counter iPad,,Payment,Eat in,,
2026-06-13,13:39:00,Europe/London,Sides,Bread & Butter,1,Regular,,4.00,0.00,4.00,0.67,T57649034,Counter iPad,,Payment,Eat in,,
2026-06-13,13:39:00,Europe/London,Drinks,Sparkling Water 750ml,1,Regular,,4.00,0.00,4.00,0.67,T57649034,Counter iPad,,Payment,Eat in,,
2026-06-13,16:30:00,Europe/London,Other,Staff Meal,1,Regular,Burger,10.00,-10.00,0.00,0.00,T85999086,Counter iPad,,Payment,Eat in,,
2026-06-13,13:40:00,Europe/London,Kids,Kids Fish & Chips,1,Regular,,8.00,0.00,8.00,1.33,T92958821,Bar iPad,,Payment,Eat in,,
2026-06-13,13:40:00,Europe/London,Kids,Kids Ice Cream,1,Regular,,3.50,0.00,3.50,0.58,T92958821,Bar iPad,,Payment,Eat in,,
2026-06-13,13:40:00,Europe/London,Mains,Fish & Chips,2,Regular,,35.00,0.00,35.00,5.83,T92958821,Bar iPad,,Payment,Takeaway,,
2026-06-13,13:40:00,Europe/London,Sides,Fries,1,Regular,,4.50,0.00,4.50,0.75,T92958821,Bar iPad,,Payment,Eat in,,
2026-06-13,13:40:00,Europe/London,Starters,Salt & Pepper Squid,1,Regular,,9.50,0.00,9.50,1.58,T92958821,Bar iPad,,Payment,Eat in,,
2026-06-13,13:40:00,Europe/London,Mains,Chicken Supreme,1,Regular,,19.00,0.00,19.00,3.17,T92958821,Bar iPad,,Payment,Eat in,,
2026-06-13,13:40:00,Europe/London,Sides,Tenderstem,1,Regular,,5.00,0.00,5.00,0.83,T92958821,Bar iPad,,Payment,Eat in,,
2026-06-13,13:40:00,Europe/London,Drinks,Lager Pint,2,Regular,,12.40,0.00,12.40,2.07,T92958821,Bar iPad,,Payment,Eat in,,
2026-06-13,13:40:00,Europe/London,Drinks,House White 175ml,1,Regular,,7.00,0.00,7.00,1.17,T92958821,Bar iPad,,Payment,Eat in,,
2026-06-13,13:40:00,Europe/London,Drinks,House Red 175ml,2,Regular,,14.00,0.00,14.00,2.33,T92958821,Bar iPad,,Payment,Takeaway,,
2026-06-13,13:40:00,Europe/London,Drinks,Coke,1,Regular,,3.00,0.00,3.00,0.50,T92958821,Bar iPad,,Payment,Eat in,,
2026-06-13,13:43:00,Europe/London,Starters,Soup of the Day,1,Regular,,7.00,0.00,7.00,1.17,T94504658,Counter iPad,,Payment,Takeaway,,
2026-06-13,13:43:00,Europe/London,Mains,Chicken Supreme,1,Regular,,19.00,0.00,19.00,3.17,T94504658,Counter iPad,,Payment,Eat in,,
2026-06-13,13:43:00,Europe/London,Desserts,Crème Brûlée,1,Regular,,7.50,0.00,7.50,1.25,T94504658,Counter iPad,,Payment,Eat in,,
2026-06-13,13:43:00,Europe/London,Drinks,Lager Pint,1,Regular,,6.20,0.00,6.20,1.03,T94504658,Counter iPad,,Payment,Eat in,,
2026-06-13,13:43:00,Europe/London,Drinks,Espresso,1,Regular,,2.80,0.00,2.80,0.47,T94504658,Counter iPad,,Payment,Eat in,,
2026-06-13,14:17:00,Europe/London,Mains,Chicken Supreme,1,Regular,,19.00,0.00,19.00,3.17,T72872632,Counter iPad,,Payment,Eat in,,
2026-06-13,14:17:00,Europe/London,Starters,Salt & Pepper Squid,1,Regular,,9.50,0.00,9.50,1.58,T72872632,Counter iPad,,Payment,Eat in,,
2026-06-13,14:17:00,Europe/London,Mains,Tidewater Burger,1,Regular,Add Cheese,16.50,0.00,16.50,2.75,T72872632,Counter iPad,,Payment,Eat in,,
2026-06-13,14:17:00,Europe/London,Sides,Bread & Butter,1,Regular,,4.00,0.00,4.00,0.67,T72872632,Counter iPad,,Payment,Eat in,,
2026-06-13,14:17:00,Europe/London,Drinks,Lager Pint,1,Regular,,6.20,0.00,6.20,1.03,T72872632,Counter iPad,,Payment,Eat in,,
2026-06-13,14:17:00,Europe/London,Drinks,House White 175ml,1,Regular,,7.00,0.00,7.00,1.17,T72872632,Counter iPad,,Payment,Takeaway,,
2026-06-13,14:17:00,Europe/London,Drinks,House Red 175ml,1,Regular,,7.00,0.00,7.00,1.17,T72872632,Counter iPad,,Payment,Takeaway,,
2026-06-13,14:27:00,Europe/London,Mains,Fish & Chips,2,Regular,,35.00,0.00,35.00,5.83,T68266247,Counter iPad,,Payment,Eat in,,
2026-06-13,14:27:00,Europe/London,Sides,Chips,1,Regular,,4.50,0.00,4.50,0.75,T68266247,Counter iPad,,Payment,Eat in,,
2026-06-13,14:27:00,Europe/London,Starters,Soup of the Day,1,Regular,,7.00,0.00,7.00,1.17,T68266247,Counter iPad,,Payment,Takeaway,,
2026-06-13,14:27:00,Europe/London,Sides,House Salad,1,Regular,,4.50,0.00,4.50,0.75,T68266247,Counter iPad,,Payment,Eat in,,
2026-06-13,14:27:00,Europe/London,Sides,Bread & Butter,1,Regular,,4.00,0.00,4.00,0.67,T68266247,Counter iPad,,Payment,Takeaway,,
2026-06-13,14:27:00,Europe/London,Drinks,Lager Pint,2,Regular,,12.40,0.00,12.40,2.07,T68266247,Counter iPad,,Payment,Takeaway,,
2026-06-13,14:27:00,Europe/London,Drinks,House White 175ml,1,Regular,,7.00,0.00,7.00,1.17,T68266247,Counter iPad,,Payment,Eat in,,
2026-06-13,14:27:00,Europe/London,Drinks,House Red 175ml,1,Regular,,7.00,0.00,7.00,1.17,T68266247,Counter iPad,,Payment,Eat in,,
2026-06-13,14:45:00,Europe/London,Starters,Mackerel Pate,1,Regular,,8.50,0.00,8.50,1.42,T86726454,Counter iPad,,Payment,Eat in,,
2026-06-13,14:45:00,Europe/London,Mains,Steak Frites,1,Regular,,24.00,0.00,24.00,4.00,T86726454,Counter iPad,,Payment,Eat in,,
2026-06-13,14:45:00,Europe/London,Desserts,Sticky Toffee Pudding,1,Regular,,8.00,0.00,8.00,1.33,T86726454,Counter iPad,,Payment,Eat in,,
2026-06-13,14:45:00,Europe/London,Starters,Salt & Pepper Squid,1,Regular,,9.50,0.00,9.50,1.58,T86726454,Counter iPad,,Payment,Eat in,,
2026-06-13,14:45:00,Europe/London,Mains,Tidewater Burger,1,Regular,,16.50,0.00,16.50,2.75,T86726454,Counter iPad,,Payment,Takeaway,,
2026-06-13,14:45:00,Europe/London,Sides,Truffle Fries,1,Regular,,6.00,0.00,6.00,1.00,T86726454,Counter iPad,,Payment,Eat in,,
2026-06-13,14:45:00,Europe/London,Sides,Bread & Butter,1,Regular,,4.00,0.00,4.00,0.67,T86726454,Counter iPad,,Payment,Eat in,,
2026-06-13,14:45:00,Europe/London,Drinks,Lager Pint,2,Regular,,12.40,0.00,12.40,2.07,T86726454,Counter iPad,,Payment,Eat in,,
2026-06-13,14:45:00,Europe/London,Drinks,House White 175ml,1,Regular,,7.00,0.00,7.00,1.17,T86726454,Counter iPad,,Payment,Eat in,,
2026-06-13,14:45:00,Europe/London,Drinks,Coke,1,Regular,,3.00,0.00,3.00,0.50,T86726454,Counter iPad,,Payment,Eat in,,
2026-06-13,14:45:00,Europe/London,Drinks,Sparkling Water 750ml,1,Regular,,4.00,0.00,4.00,0.67,T86726454,Counter iPad,,Payment,Eat in,,
2026-06-13,14:49:00,Europe/London,Starters,Salt & Pepper Squid,2,Regular,,19.00,0.00,19.00,3.17,T82502459,Counter iPad,,Payment,Takeaway,,
2026-06-13,14:49:00,Europe/London,Mains,Fish & Chips,3,Regular,,52.50,0.00,52.50,8.75,T82502459,Counter iPad,,Payment,Eat in,,
2026-06-13,14:49:00,Europe/London,Starters,Mackerel Pate,1,Regular,,8.50,0.00,8.50,1.42,T82502459,Counter iPad,,Payment,Eat in,,
2026-06-13,14:49:00,Europe/London,Mains,Steak Frites,1,Regular,,24.00,0.00,24.00,4.00,T82502459,Counter iPad,,Payment,Eat in,,
2026-06-13,14:49:00,Europe/London,Desserts,Sticky Toffee Pudding,1,Regular,,8.00,0.00,8.00,1.33,T82502459,Counter iPad,,Payment,Takeaway,,
2026-06-13,14:49:00,Europe/London,Sides,Bread & Butter,1,Regular,,4.00,0.00,4.00,0.67,T82502459,Counter iPad,,Payment,Eat in,,
2026-06-13,14:49:00,Europe/London,Drinks,Lager Pint,3,Regular,,18.60,0.00,18.60,3.10,T82502459,Counter iPad,,Payment,Takeaway,,
2026-06-13,14:49:00,Europe/London,Drinks,House White 175ml,1,Regular,,7.00,0.00,7.00,1.17,T82502459,Counter iPad,,Payment,Eat in,,
2026-06-13,14:49:00,Europe/London,Drinks,Coke,1,Regular,,3.00,0.00,3.00,0.50,T82502459,Counter iPad,,Payment,Takeaway,,
2026-06-13,14:49:00,Europe/London,Drinks,Flat White,1,Regular,,3.40,0.00,3.40,0.57,T82502459,Counter iPad,,Payment,Eat in,,
2026-06-13,19:12:00,Europe/London,Starters,Salt & Pepper Squid,1,Regular,,9.50,0.00,9.50,1.58,T63526119,Bar iPad,,Payment,Eat in,,
2026-06-13,19:12:00,Europe/London,Mains,Hake,1,Regular,,22.00,0.00,22.00,3.67,T63526119,Bar iPad,,Payment,Eat in,,
2026-06-13,19:12:00,Europe/London,Sides,Fries,1,Regular,,4.50,0.00,4.50,0.75,T63526119,Bar iPad,,Payment,Takeaway,,
2026-06-13,19:12:00,Europe/London,Desserts,Affogato,1,Regular,,6.00,0.00,6.00,1.00,T63526119,Bar iPad,,Payment,Takeaway,,
2026-06-13,19:12:00,Europe/London,Mains,Fish & Chips,1,Regular,,17.50,0.00,17.50,2.92,T63526119,Bar iPad,,Payment,Eat in,,
2026-06-13,19:12:00,Europe/London,Sides,Bread & Butter,1,Regular,,4.00,0.00,4.00,0.67,T63526119,Bar iPad,,Payment,Takeaway,,
2026-06-13,19:12:00,Europe/London,Drinks,House Red 175ml,1,Regular,,7.00,0.00,7.00,1.17,T63526119,Bar iPad,,Payment,Eat in,,
2026-06-13,19:12:00,Europe/London,Drinks,Sparkling Water 750ml,1,Regular,,4.00,0.00,4.00,0.67,T63526119,Bar iPad,,Payment,Eat in,,
2026-06-13,19:43:00,Europe/London,Mains,Burger,1,Regular,Add Bacon,16.50,0.00,16.50,2.75,T33545121,Bar iPad,,Payment,Eat in,,
2026-06-13,19:43:00,Europe/London,Starters,Salt & Pepper Squid,1,Regular,,9.50,0.00,9.50,1.58,T33545121,Bar iPad,,Payment,Takeaway,,
2026-06-13,19:43:00,Europe/London,Mains,Hake,1,Regular,,22.00,0.00,22.00,3.67,T33545121,Bar iPad,,Payment,Eat in,,
2026-06-13,19:43:00,Europe/London,Sides,Fries,1,Regular,,4.50,0.00,4.50,0.75,T33545121,Bar iPad,,Payment,Eat in,,
2026-06-13,19:43:00,Europe/London,Drinks,Lager Pint,1,Regular,,6.20,0.00,6.20,1.03,T33545121,Bar iPad,,Payment,Eat in,,
2026-06-13,19:43:00,Europe/London,Drinks,House White 175ml,2,Regular,,14.00,0.00,14.00,2.33,T33545121,Bar iPad,,Payment,Eat in,,
2026-06-13,19:43:00,Europe/London,Drinks,House Red 175ml,1,Regular,,7.00,0.00,7.00,1.17,T33545121,Bar iPad,,Payment,Takeaway,,
2026-06-13,19:43:00,Europe/London,Drinks,Coke,1,Regular,,3.00,0.00,3.00,0.50,T33545121,Bar iPad,,Payment,Eat in,,
2026-06-13,19:43:00,Europe/London,Drinks,Flat White,2,Regular,,6.80,0.00,6.80,1.13,T33545121,Bar iPad,,Payment,Eat in,,
2026-06-13,19:44:00,Europe/London,Starters,Soup of the Day,1,Regular,,7.00,0.00,7.00,1.17,T48534739,Bar iPad,,Payment,Eat in,C143,Sample Customer 143
2026-06-13,19:44:00,Europe/London,Mains,Chicken Supreme,1,Regular,,19.00,0.00,19.00,3.17,T48534739,Bar iPad,,Payment,Eat in,C143,Sample Customer 143
2026-06-13,19:44:00,Europe/London,Desserts,Sticky Toffee Pudding,1,Regular,,8.00,0.00,8.00,1.33,T48534739,Bar iPad,,Payment,Eat in,C143,Sample Customer 143
2026-06-13,19:44:00,Europe/London,Mains,Hake,1,Regular,,22.00,0.00,22.00,3.67,T48534739,Bar iPad,,Payment,Eat in,C143,Sample Customer 143
2026-06-13,19:44:00,Europe/London,Desserts,Creme Brulee,1,Regular,,7.50,0.00,7.50,1.25,T48534739,Bar iPad,,Payment,Eat in,C143,Sample Customer 143
2026-06-13,19:44:00,Europe/London,Starters,Salt & Pepper Squid,1,Regular,,9.50,0.00,9.50,1.58,T48534739,Bar iPad,,Payment,Eat in,C143,Sample Customer 143
2026-06-13,19:44:00,Europe/London,Mains,Fish & Chips,1,Regular,,17.50,0.00,17.50,2.92,T48534739,Bar iPad,,Payment,Takeaway,C143,Sample Customer 143
2026-06-13,19:44:00,Europe/London,Sides,Fries,1,Regular,,4.50,0.00,4.50,0.75,T48534739,Bar iPad,,Payment,Eat in,C143,Sample Customer 143
2026-06-13,19:44:00,Europe/London,Sides,Bread & Butter,1,Regular,,4.00,0.00,4.00,0.67,T48534739,Bar iPad,,Payment,Eat in,C143,Sample Customer 143
2026-06-13,19:44:00,Europe/London,Drinks,Lager Pint,2,Regular,,12.40,0.00,12.40,2.07,T48534739,Bar iPad,,Payment,Eat in,C143,Sample Customer 143
2026-06-13,19:44:00,Europe/London,Drinks,House White 175ml,1,Regular,,7.00,0.00,7.00,1.17,T48534739,Bar iPad,,Payment,Takeaway,C143,Sample Customer 143
2026-06-13,19:44:00,Europe/London,Drinks,House Red 175ml,1,Regular,,7.00,0.00,7.00,1.17,T48534739,Bar iPad,,Payment,Takeaway,C143,Sample Customer 143
2026-06-13,19:44:00,Europe/London,Drinks,Coke,1,Regular,,3.00,0.00,3.00,0.50,T48534739,Bar iPad,,Payment,Eat in,C143,Sample Customer 143
2026-06-13,19:45:00,Europe/London,Mains,Mushroom Risotto,1,Regular,,15.00,0.00,15.00,2.50,T70284996,Counter iPad,,Payment,Eat in,,
2026-06-13,19:45:00,Europe/London,Desserts,Sticky Toffee Pudding,1,Regular,,8.00,0.00,8.00,1.33,T70284996,Counter iPad,,Payment,Eat in,,
2026-06-13,19:45:00,Europe/London,Starters,Soup of the Day,1,Regular,,7.00,0.00,7.00,1.17,T70284996,Counter iPad,,Payment,Eat in,,
2026-06-13,19:45:00,Europe/London,Mains,Fish & Chips,1,Regular,,17.50,0.00,17.50,2.92,T70284996,Counter iPad,,Payment,Takeaway,,
2026-06-13,19:45:00,Europe/London,Sides,Tenderstem,1,Regular,,5.00,0.00,5.00,0.83,T70284996,Counter iPad,,Payment,Eat in,,
2026-06-13,19:45:00,Europe/London,Sides,Bread & Butter,1,Regular,,4.00,0.00,4.00,0.67,T70284996,Counter iPad,,Payment,Eat in,,
2026-06-13,19:45:00,Europe/London,Drinks,Lager Pint,1,Regular,,6.20,0.00,6.20,1.03,T70284996,Counter iPad,,Payment,Eat in,,
2026-06-13,19:46:00,Europe/London,Mains,Tidewater Burger,1,Regular,,16.50,0.00,16.50,2.75,T40108864,Counter iPad,,Payment,Eat in,,
2026-06-13,19:46:00,Europe/London,Sides,Chips,1,Regular,,4.50,0.00,4.50,0.75,T40108864,Counter iPad,,Payment,Eat in,,
2026-06-13,19:46:00,Europe/London,Desserts,Crème Brûlée,1,Regular,,7.50,0.00,7.50,1.25,T40108864,Counter iPad,,Payment,Eat in,,
2026-06-13,19:46:00,Europe/London,Starters,Mackerel Pate,1,Regular,,8.50,0.00,8.50,1.42,T40108864,Counter iPad,,Payment,Eat in,,
2026-06-13,19:46:00,Europe/London,Mains,Fish & Chips,1,Regular,,17.50,0.00,17.50,2.92,T40108864,Counter iPad,,Payment,Eat in,,
2026-06-13,19:46:00,Europe/London,Desserts,Sticky Toffee Pudding,1,Regular,,8.00,0.00,8.00,1.33,T40108864,Counter iPad,,Payment,Eat in,,
2026-06-13,19:46:00,Europe/London,Drinks,Lager Pint,1,Regular,,6.20,0.00,6.20,1.03,T40108864,Counter iPad,,Payment,Eat in,,
2026-06-13,19:46:00,Europe/London,Drinks,House White 175ml,1,Regular,,7.00,0.00,7.00,1.17,T40108864,Counter iPad,,Payment,Takeaway,,
2026-06-13,19:58:00,Europe/London,Mains,Steak Frites,2,Regular,,48.00,0.00,48.00,8.00,T21751396,Counter iPad,,Payment,Eat in,,
2026-06-13,19:58:00,Europe/London,Sides,Peppercorn Sauce,1,Regular,,3.00,0.00,3.00,0.50,T21751396,Counter iPad,,Payment,Eat in,,
2026-06-13,19:58:00,Europe/London,Mains,Fish & Chips,1,Regular,,17.50,0.00,17.50,2.92,T21751396,Counter iPad,,Payment,Eat in,,
2026-06-13,19:58:00,Europe/London,Starters,Soup of the Day,1,Regular,,7.00,0.00,7.00,1.17,T21751396,Counter iPad,,Payment,Eat in,,
2026-06-13,19:58:00,Europe/London,Mains,Hake,1,Regular,,22.00,0.00,22.00,3.67,T21751396,Counter iPad,,Payment,Eat in,,
2026-06-13,19:58:00,Europe/London,Desserts,Choc Tart,1,Regular,,8.00,0.00,8.00,1.33,T21751396,Counter iPad,,Payment,Eat in,,
2026-06-13,19:58:00,Europe/London,Drinks,Lager Pint,1,Regular,,6.20,0.00,6.20,1.03,T21751396,Counter iPad,,Payment,Eat in,,
2026-06-13,19:58:00,Europe/London,Drinks,House White 175ml,1,Regular,,7.00,0.00,7.00,1.17,T21751396,Counter iPad,,Payment,Takeaway,,
2026-06-13,19:58:00,Europe/London,Drinks,House Red 175ml,1,Regular,,7.00,0.00,7.00,1.17,T21751396,Counter iPad,,Payment,Eat in,,
2026-06-13,19:58:00,Europe/London,Drinks,Coke,1,Regular,,3.00,0.00,3.00,0.50,T21751396,Counter iPad,,Payment,Eat in,,
2026-06-13,19:58:00,Europe/London,Drinks,Sparkling Water 750ml,1,Regular,,4.00,0.00,4.00,0.67,T21751396,Counter iPad,,Payment,Takeaway,,
2026-06-13,19:58:00,Europe/London,Drinks,Espresso,1,Regular,,2.80,0.00,2.80,0.47,T21751396,Counter iPad,,Payment,Takeaway,,
2026-06-13,20:12:00,Europe/London,Starters,Rock Oysters,1,x6,,16.00,0.00,16.00,2.67,T73557858,Counter iPad,,Payment,Eat in,C572,Sample Customer 572
2026-06-13,20:12:00,Europe/London,Mains,Fish & Chips,1,Regular,,17.50,0.00,17.50,2.92,T73557858,Counter iPad,,Payment,Eat in,C572,Sample Customer 572
2026-06-13,20:12:00,Europe/London,Desserts,Sticky Toffee Pudding,1,Regular,,8.00,0.00,8.00,1.33,T73557858,Counter iPad,,Payment,Eat in,C572,Sample Customer 572
2026-06-13,20:12:00,Europe/London,Starters,Pork Belly Bites,1,Regular,,8.00,0.00,8.00,1.33,T73557858,Counter iPad,,Payment,Eat in,C572,Sample Customer 572
2026-06-13,20:12:00,Europe/London,Mains,Tidewater Burger,1,Regular,,16.50,0.00,16.50,2.75,T73557858,Counter iPad,,Payment,Eat in,C572,Sample Customer 572
2026-06-13,20:12:00,Europe/London,Sides,Bread & Butter,1,Regular,,4.00,0.00,4.00,0.67,T73557858,Counter iPad,,Payment,Eat in,C572,Sample Customer 572
2026-06-13,20:12:00,Europe/London,Drinks,Lager Pint,1,Regular,,6.20,0.00,6.20,1.03,T73557858,Counter iPad,,Payment,Eat in,C572,Sample Customer 572
2026-06-13,20:12:00,Europe/London,Drinks,Espresso,1,Regular,,2.80,0.00,2.80,0.47,T73557858,Counter iPad,,Payment,Eat in,C572,Sample Customer 572
2026-06-13,20:26:00,Europe/London,Starters,Salt & Pepper Squid,1,Regular,,9.50,0.00,9.50,1.58,T42577060,Counter iPad,,Payment,Eat in,,
2026-06-13,20:26:00,Europe/London,Starters,Rock Oysters,1,x3,,9.00,0.00,9.00,1.50,T42577060,Counter iPad,,Payment,Eat in,,
2026-06-13,20:26:00,Europe/London,Mains,Fish & Chips,1,Regular,,17.50,0.00,17.50,2.92,T42577060,Counter iPad,,Payment,Takeaway,,
2026-06-13,20:26:00,Europe/London,Mains,SPECIAL - Crab Linguine,1,Regular,,18.00,0.00,18.00,3.00,T42577060,Counter iPad,,Payment,Takeaway,,
2026-06-13,20:26:00,Europe/London,Sides,Tenderstem,1,Regular,,5.00,0.00,5.00,0.83,T42577060,Counter iPad,,Payment,Takeaway,,
2026-06-13,20:36:00,Europe/London,Kids,Kids Burger,1,Regular,,7.50,0.00,7.50,1.25,T93901471,Counter iPad,,Payment,Eat in,,
2026-06-13,20:36:00,Europe/London,Starters,Soup of the Day,1,Regular,,7.00,0.00,7.00,1.17,T93901471,Counter iPad,,Payment,Takeaway,,
2026-06-13,20:36:00,Europe/London,Mains,Fish & Chips,2,Regular,,35.00,0.00,35.00,5.83,T93901471,Counter iPad,,Payment,Eat in,,
2026-06-13,20:36:00,Europe/London,Mains,Steak Frites,1,Regular,,24.00,0.00,24.00,4.00,T93901471,Counter iPad,,Payment,Eat in,,
2026-06-13,20:36:00,Europe/London,Sides,Chips,1,Regular,,4.50,0.00,4.50,0.75,T93901471,Counter iPad,,Payment,Takeaway,,
2026-06-13,20:36:00,Europe/London,Desserts,Sticky Toffee Pudding,1,Regular,,8.00,0.00,8.00,1.33,T93901471,Counter iPad,,Payment,Takeaway,,
2026-06-13,20:36:00,Europe/London,Mains,Tidewater Burger,1,Regular,,16.50,0.00,16.50,2.75,T93901471,Counter iPad,,Payment,Eat in,,
2026-06-13,20:36:00,Europe/London,Sides,Bread & Butter,1,Regular,,4.00,0.00,4.00,0.67,T93901471,Counter iPad,,Payment,Eat in,,
2026-06-13,20:36:00,Europe/London,Drinks,Lager Pint,1,Regular,,6.20,0.00,6.20,1.03,T93901471,Counter iPad,,Payment,Takeaway,,
2026-06-13,20:36:00,Europe/London,Drinks,House Red 175ml,2,Regular,,14.00,0.00,14.00,2.33,T93901471,Counter iPad,,Payment,Eat in,,
2026-06-13,20:36:00,Europe/London,Drinks,Coke,1,Regular,,3.00,0.00,3.00,0.50,T93901471,Counter iPad,,Payment,Eat in,,
2026-06-13,20:36:00,Europe/London,Drinks,Espresso,1,Regular,,2.80,0.00,2.80,0.47,T93901471,Counter iPad,,Payment,Eat in,,
2026-06-13,20:54:00,Europe/London,Mains,Tidewater Burger,1,Regular,,16.50,0.00,16.50,2.75,T38211239,Counter iPad,,Payment,Eat in,,
2026-06-13,20:54:00,Europe/London,Desserts,Choc Tart,1,Regular,,8.00,0.00,8.00,1.33,T38211239,Counter iPad,,Payment,Eat in,,
2026-06-13,20:54:00,Europe/London,Mains,Fish & Chips,1,Regular,,17.50,0.00,17.50,2.92,T38211239,Counter iPad,,Payment,Eat in,,
2026-06-13,20:54:00,Europe/London,Mains,Steak Frites,1,Regular,,24.00,0.00,24.00,4.00,T38211239,Counter iPad,,Payment,Eat in,,
2026-06-13,20:54:00,Europe/London,Sides,Truffle Fries,1,Regular,,6.00,0.00,6.00,1.00,T38211239,Counter iPad,,Payment,Takeaway,,
2026-06-13,20:54:00,Europe/London,Desserts,Crème Brûlée,1,Regular,,7.50,0.00,7.50,1.25,T38211239,Counter iPad,,Payment,Eat in,,
2026-06-13,20:54:00,Europe/London,Sides,Bread & Butter,1,Regular,,4.00,0.00,4.00,0.67,T38211239,Counter iPad,,Payment,Eat in,,
2026-06-13,20:54:00,Europe/London,Drinks,Lager Pint,2,Regular,,12.40,0.00,12.40,2.07,T38211239,Counter iPad,,Payment,Eat in,,
2026-06-13,20:54:00,Europe/London,Drinks,House White 175ml,3,Regular,,21.00,0.00,21.00,3.50,T38211239,Counter iPad,,Payment,Eat in,,
2026-06-13,20:54:00,Europe/London,Drinks,House Red 175ml,2,Regular,,14.00,0.00,14.00,2.33,T38211239,Counter iPad,,Payment,Eat in,,
2026-06-13,20:54:00,Europe/London,Drinks,Coke,1,Regular,,3.00,0.00,3.00,0.50,T38211239,Counter iPad,,Payment,Eat in,,
2026-06-13,21:05:00,Europe/London,Mains,Tidewater Burger,2,Regular,Add Cheese,33.00,0.00,33.00,5.50,T16653331,Counter iPad,,Payment,Eat in,,
2026-06-13,21:05:00,Europe/London,Starters,Burrata,1,Regular,,10.00,0.00,10.00,1.67,T16653331,Counter iPad,,Payment,Eat in,,
2026-06-13,21:05:00,Europe/London,Drinks,Lager Pint,2,Regular,,12.40,0.00,12.40,2.07,T16653331,Counter iPad,,Payment,Takeaway,,
2026-06-13,21:05:00,Europe/London,Drinks,House White 175ml,1,Regular,,7.00,0.00,7.00,1.17,T16653331,Counter iPad,,Payment,Eat in,,
2026-06-13,21:05:00,Europe/London,Drinks,Flat White,1,Regular,,3.40,0.00,3.40,0.57,T16653331,Counter iPad,,Payment,Eat in,,
2026-06-13,21:08:00,Europe/London,Mains,Lamb Rump,1,Regular,,26.00,0.00,26.00,4.33,T23252631,Counter iPad,,Payment,Eat in,,
2026-06-13,21:08:00,Europe/London,Drinks,Lager Pint,1,Regular,,6.20,0.00,6.20,1.03,T23252631,Counter iPad,,Payment,Takeaway,,
2026-06-13,21:16:00,Europe/London,Starters,Soup of the Day,1,Regular,,7.00,0.00,7.00,1.17,T98185251,Counter iPad,,Payment,Takeaway,,
2026-06-13,21:16:00,Europe/London,Starters,Rock Oysters,1,x3,,9.00,0.00,9.00,1.50,T98185251,Counter iPad,,Payment,Takeaway,,
2026-06-13,21:16:00,Europe/London,Mains,Fish & Chips,1,Regular,,17.50,0.00,17.50,2.92,T98185251,Counter iPad,,Payment,Eat in,,
2026-06-13,21:16:00,Europe/London,Starters,Salt & Pepper Squid,1,Regular,,9.50,0.00,9.50,1.58,T98185251,Counter iPad,,Payment,Eat in,,
2026-06-13,21:16:00,Europe/London,Mains,Fish & Chips,1,Small,,13.00,0.00,13.00,2.17,T98185251,Counter iPad,,Payment,Eat in,,
2026-06-13,21:16:00,Europe/London,Sides,Chips,1,Regular,,4.50,0.00,4.50,0.75,T98185251,Counter iPad,,Payment,Eat in,,
2026-06-13,21:16:00,Europe/London,Sides,Bread & Butter,1,Regular,,4.00,0.00,4.00,0.67,T98185251,Counter iPad,,Payment,Eat in,,
2026-06-13,21:16:00,Europe/London,Drinks,Lager Pint,1,Regular,,6.20,0.00,6.20,1.03,T98185251,Counter iPad,,Payment,Eat in,,
2026-06-13,21:16:00,Europe/London,Drinks,House White 175ml,2,Regular,,14.00,0.00,14.00,2.33,T98185251,Counter iPad,,Payment,Eat in,,
2026-06-13,21:16:00,Europe/London,Drinks,Espresso,1,Regular,,2.80,0.00,2.80,0.47,T98185251,Counter iPad,,Payment,Eat in,,
2026-06-13,21:33:00,Europe/London,Kids,Kids Fish & Chips,1,Regular,,8.00,0.00,8.00,1.33,T23253279,Counter iPad,,Payment,Eat in,,
2026-06-13,21:33:00,Europe/London,Kids,Kids Ice Cream,1,Regular,,3.50,0.00,3.50,0.58,T23253279,Counter iPad,,Payment,Takeaway,,
2026-06-13,21:33:00,Europe/London,Mains,Steak Frites,1,Regular,,24.00,0.00,24.00,4.00,T23253279,Counter iPad,,Payment,Eat in,,
2026-06-13,21:33:00,Europe/London,Sides,Peppercorn Sauce,1,Regular,,3.00,0.00,3.00,0.50,T23253279,Counter iPad,,Payment,Eat in,,
2026-06-13,21:33:00,Europe/London,Sides,Truffle Fries,1,Regular,,6.00,0.00,6.00,1.00,T23253279,Counter iPad,,Payment,Takeaway,,
2026-06-13,21:33:00,Europe/London,Starters,Mackerel Pate,1,Regular,,8.50,0.00,8.50,1.42,T23253279,Counter iPad,,Payment,Eat in,,
2026-06-13,21:33:00,Europe/London,Mains,Tidewater Burger,1,Regular,Add Cheese,16.50,0.00,16.50,2.75,T23253279,Counter iPad,,Payment,Eat in,,
2026-06-13,21:33:00,Europe/London,Sides,Chips,1,Regular,,4.50,0.00,4.50,0.75,T23253279,Counter iPad,,Payment,Eat in,,
2026-06-13,21:33:00,Europe/London,Desserts,Choc Tart,1,Regular,,8.00,0.00,8.00,1.33,T23253279,Counter iPad,,Payment,Eat in,,
2026-06-13,21:33:00,Europe/London,Sides,Bread & Butter,1,Regular,,4.00,0.00,4.00,0.67,T23253279,Counter iPad,,Payment,Eat in,,
2026-06-13,21:33:00,Europe/London,Drinks,Lager Pint,3,Regular,,18.60,0.00,18.60,3.10,T23253279,Counter iPad,,Payment,Takeaway,,
2026-06-13,21:33:00,Europe/London,Drinks,House White 175ml,1,Regular,,7.00,0.00,7.00,1.17,T23253279,Counter iPad,,Payment,Takeaway,,
2026-06-13,21:33:00,Europe/London,Drinks,House Red 175ml,1,Regular,,7.00,0.00,7.00,1.17,T23253279,Counter iPad,,Payment,Eat in,,
2026-06-13,21:33:00,Europe/London,Drinks,Coke,1,Regular,,3.00,0.00,3.00,0.50,T23253279,Counter iPad,,Payment,Takeaway,,
2026-06-13,21:50:00,Europe/London,Starters,Salt & Pepper Squid,1,Regular,,9.50,0.00,9.50,1.58,T37929522,Counter iPad,nut allergy table,Payment,Eat in,,
2026-06-13,21:50:00,Europe/London,Mains,Fish & Chips,1,Regular,,17.50,0.00,17.50,2.92,T37929522,Counter iPad,nut allergy table,Payment,Takeaway,,
2026-06-13,21:50:00,Europe/London,Desserts,Crème Brûlée,1,Regular,,7.50,0.00,7.50,1.25,T37929522,Counter iPad,nut allergy table,Payment,Takeaway,,
2026-06-13,21:50:00,Europe/London,Sides,Bread & Butter,1,Regular,,4.00,0.00,4.00,0.67,T37929522,Counter iPad,nut allergy table,Payment,Eat in,,
2026-06-13,21:50:00,Europe/London,Drinks,Lager Pint,1,Regular,,6.20,0.00,6.20,1.03,T37929522,Counter iPad,nut allergy table,Payment,Eat in,,
2026-06-13,21:50:00,Europe/London,Drinks,House White 175ml,2,Regular,,14.00,0.00,14.00,2.33,T37929522,Counter iPad,nut allergy table,Payment,Eat in,,
2026-06-13,21:50:00,Europe/London,Drinks,House Red 175ml,1,Regular,,7.00,0.00,7.00,1.17,T37929522,Counter iPad,nut allergy table,Payment,Eat in,,
2026-06-13,21:50:00,Europe/London,Drinks,Coke,1,Regular,,3.00,0.00,3.00,0.50,T37929522,Counter iPad,nut allergy table,Payment,Eat in,,
2026-06-13,21:50:00,Europe/London,Drinks,Sparkling Water 750ml,1,Regular,,4.00,0.00,4.00,0.67,T37929522,Counter iPad,nut allergy table,Payment,Eat in,,
2026-06-13,21:50:00,Europe/London,Drinks,Flat White,1,Regular,,3.40,0.00,3.40,0.57,T37929522,Counter iPad,nut allergy table,Payment,Takeaway,,
2026-06-13,22:05:00,Europe/London,Starters,Burrata,1,Regular,,10.00,0.00,10.00,1.67,T14349265,Bar iPad,,Payment,Eat in,,
2026-06-13,22:05:00,Europe/London,Mains,Burger,1,Regular,,16.50,0.00,16.50,2.75,T14349265,Bar iPad,,Payment,Eat in,,
2026-06-13,22:05:00,Europe/London,Sides,Tenderstem,1,Regular,,5.00,0.00,5.00,0.83,T14349265,Bar iPad,,Payment,Eat in,,
2026-06-13,22:05:00,Europe/London,Desserts,Choc Tart,1,Regular,,8.00,0.00,8.00,1.33,T14349265,Bar iPad,,Payment,Takeaway,,
2026-06-13,22:05:00,Europe/London,Mains,Fish & Chips,1,Regular,,17.50,0.00,17.50,2.92,T14349265,Bar iPad,,Payment,Eat in,,
2026-06-13,22:05:00,Europe/London,Sides,Fries,1,Regular,,4.50,0.00,4.50,0.75,T14349265,Bar iPad,,Payment,Eat in,,
2026-06-13,22:05:00,Europe/London,Sides,Bread & Butter,1,Regular,,4.00,0.00,4.00,0.67,T14349265,Bar iPad,,Payment,Eat in,,
2026-06-13,22:05:00,Europe/London,Drinks,Lager Pint,2,Regular,,12.40,0.00,12.40,2.07,T14349265,Bar iPad,,Payment,Eat in,,
2026-06-13,22:05:00,Europe/London,Drinks,House White 175ml,1,Regular,,7.00,0.00,7.00,1.17,T14349265,Bar iPad,,Payment,Eat in,,
2026-06-13,22:05:00,Europe/London,Drinks,Espresso,1,Regular,,2.80,0.00,2.80,0.47,T14349265,Bar iPad,,Payment,Eat in,,
2026-06-13,22:25:00,Europe/London,Mains,SPECIAL - Crab Linguine,1,Regular,,18.00,0.00,18.00,3.00,T94608173,Counter iPad,,Payment,Eat in,,
2026-06-13,22:25:00,Europe/London,Desserts,Crème Brûlée,1,Regular,,7.50,0.00,7.50,1.25,T94608173,Counter iPad,,Payment,Eat in,,
2026-06-13,22:25:00,Europe/London,Starters,Burrata,1,Regular,,10.00,0.00,10.00,1.67,T94608173,Counter iPad,,Payment,Takeaway,,
2026-06-13,22:25:00,Europe/London,Mains,Lemon Sole (MP),1,Regular,,27.00,0.00,27.00,4.50,T94608173,Counter iPad,,Payment,Eat in,,
2026-06-13,22:25:00,Europe/London,Sides,Bread & Butter,1,Regular,,4.00,0.00,4.00,0.67,T94608173,Counter iPad,,Payment,Eat in,,
2026-06-13,22:25:00,Europe/London,Drinks,Lager Pint,1,Regular,,6.20,0.00,6.20,1.03,T94608173,Counter iPad,,Payment,Eat in,,
2026-06-13,22:25:00,Europe/London,Drinks,House Red 175ml,1,Regular,,7.00,0.00,7.00,1.17,T94608173,Counter iPad,,Payment,Takeaway,,
2026-06-13,22:25:00,Europe/London,Drinks,Flat White,1,Regular,,3.40,0.00,3.40,0.57,T94608173,Counter iPad,,Payment,Eat in,,
2026-06-13,22:30:00,Europe/London,Starters,Pork Belly Bites,1,Regular,,8.00,0.00,8.00,1.33,T55110453,Bar iPad,,Payment,Eat in,,
2026-06-13,22:30:00,Europe/London,Mains,Burger,2,Regular,,33.00,0.00,33.00,5.50,T55110453,Bar iPad,,Payment,Takeaway,,
2026-06-13,22:30:00,Europe/London,Sides,Fries,1,Regular,,4.50,0.00,4.50,0.75,T55110453,Bar iPad,,Payment,Eat in,,
2026-06-13,22:30:00,Europe/London,Desserts,Creme Brulee,1,Regular,,7.50,0.00,7.50,1.25,T55110453,Bar iPad,,Payment,Eat in,,
2026-06-13,22:30:00,Europe/London,Sides,Bread & Butter,1,Regular,,4.00,0.00,4.00,0.67,T55110453,Bar iPad,,Payment,Takeaway,,
2026-06-13,22:30:00,Europe/London,Drinks,House Red 175ml,1,Regular,,7.00,0.00,7.00,1.17,T55110453,Bar iPad,,Payment,Eat in,,
2026-06-13,22:30:00,Europe/London,Drinks,Flat White,2,Regular,,6.80,0.00,6.80,1.13,T55110453,Bar iPad,,Payment,Takeaway,,
2026-06-13,23:44:00,Europe/London,Kids,Kids Burger,2,Regular,,15.00,0.00,15.00,2.50,T69644094,Counter iPad,,Payment,Eat in,,
2026-06-13,23:44:00,Europe/London,Kids,Kids Ice Cream,2,Regular,,7.00,0.00,7.00,1.17,T69644094,Counter iPad,,Payment,Eat in,,
2026-06-13,23:44:00,Europe/London,Mains,Steak Frites,1,Regular,,24.00,0.00,24.00,4.00,T69644094,Counter iPad,,Payment,Eat in,,
2026-06-13,23:44:00,Europe/London,Desserts,Crème Brûlée,1,Regular,,7.50,0.00,7.50,1.25,T69644094,Counter iPad,,Payment,Eat in,,
2026-06-13,23:44:00,Europe/London,Mains,Lamb Rump,1,Regular,,26.00,0.00,26.00,4.33,T69644094,Counter iPad,,Payment,Eat in,,
2026-06-13,23:44:00,Europe/London,Desserts,Choc Tart,1,Regular,,8.00,0.00,8.00,1.33,T69644094,Counter iPad,,Payment,Eat in,,
2026-06-13,23:44:00,Europe/London,Drinks,Lager Pint,1,Regular,,6.20,0.00,6.20,1.03,T69644094,Counter iPad,,Payment,Eat in,,
2026-06-13,23:44:00,Europe/London,Drinks,House White 175ml,2,Regular,,14.00,0.00,14.00,2.33,T69644094,Counter iPad,,Payment,Eat in,,
2026-06-13,23:44:00,Europe/London,Drinks,Coke,1,Regular,,3.00,0.00,3.00,0.50,T69644094,Counter iPad,,Payment,Takeaway,,
2026-06-13,23:50:00,Europe/London,Mains,Chicken Supreme,1,Regular,,19.00,0.00,19.00,3.17,T13384015,Counter iPad,,Payment,Eat in,,
2026-06-13,23:50:00,Europe/London,Desserts,Sticky Toffee Pudding,1,Regular,,8.00,0.00,8.00,1.33,T13384015,Counter iPad,,Payment,Eat in,,
2026-06-13,23:50:00,Europe/London,Starters,Salt & Pepper Squid,2,Regular,,19.00,0.00,19.00,3.17,T13384015,Counter iPad,,Payment,Eat in,,
2026-06-13,23:50:00,Europe/London,Mains,Fish & Chips,1,Regular,,17.50,0.00,17.50,2.92,T13384015,Counter iPad,,Payment,Takeaway,,
2026-06-13,23:50:00,Europe/London,Mains,Hake,1,Regular,,22.00,0.00,22.00,3.67,T13384015,Counter iPad,,Payment,Eat in,,
2026-06-13,23:50:00,Europe/London,Sides,Bread & Butter,1,Regular,,4.00,0.00,4.00,0.67,T13384015,Counter iPad,,Payment,Eat in,,
2026-06-13,23:50:00,Europe/London,Drinks,Lager Pint,3,Regular,,18.60,0.00,18.60,3.10,T13384015,Counter iPad,,Payment,Eat in,,
2026-06-13,23:50:00,Europe/London,Drinks,House White 175ml,2,Regular,,14.00,0.00,14.00,2.33,T13384015,Counter iPad,,Payment,Eat in,,
2026-06-13,23:50:00,Europe/London,Drinks,Coke,2,Regular,,6.00,0.00,6.00,1.00,T13384015,Counter iPad,,Payment,Eat in,,
2026-06-13,23:50:00,Europe/London,Drinks,Flat White,1,Regular,,3.40,0.00,3.40,0.57,T13384015,Counter iPad,,Payment,Eat in,,
2026-06-14,12:00:00,Europe/London,Starters,Salt & Pepper Squid,1,Regular,,9.50,0.00,9.50,1.58,T44161229,Counter iPad,,Payment,Eat in,,
2026-06-14,12:00:00,Europe/London,Mains,Lamb Rump,1,Regular,,26.00,0.00,26.00,4.33,T44161229,Counter iPad,,Payment,Eat in,,
2026-06-14,12:00:00,Europe/London,Mains,Sunday Roast,1,Regular,,24.00,0.00,24.00,4.00,T44161229,Counter iPad,,Payment,Eat in,,
2026-06-14,12:00:00,Europe/London,Sides,Tenderstem,1,Regular,,5.00,0.00,5.00,0.83,T44161229,Counter iPad,,Payment,Eat in,,
2026-06-14,12:00:00,Europe/London,Desserts,Sticky Toffee Pudding,1,Regular,,8.00,0.00,8.00,1.33,T44161229,Counter iPad,,Payment,Eat in,,
2026-06-14,12:00:00,Europe/London,Drinks,Lager Pint,2,Regular,,12.40,0.00,12.40,2.07,T44161229,Counter iPad,,Payment,Eat in,,
2026-06-14,12:00:00,Europe/London,Drinks,Sparkling Water 750ml,1,Regular,,4.00,0.00,4.00,0.67,T44161229,Counter iPad,,Payment,Eat in,,
2026-06-14,12:08:00,Europe/London,Kids,Kids Burger,1,Regular,,7.50,0.00,7.50,1.25,T37205193,Counter iPad,,Payment,Takeaway,,
2026-06-14,12:08:00,Europe/London,Kids,Kids Ice Cream,1,Regular,,3.50,0.00,3.50,0.58,T37205193,Counter iPad,,Payment,Eat in,,
2026-06-14,12:08:00,Europe/London,Starters,Pork Belly Bites,1,Regular,,8.00,0.00,8.00,1.33,T37205193,Counter iPad,,Payment,Eat in,,
2026-06-14,12:08:00,Europe/London,Mains,Fish & Chips,1,Regular,,17.50,0.00,17.50,2.92,T37205193,Counter iPad,,Payment,Takeaway,,
2026-06-14,12:08:00,Europe/London,Starters,Soup of the Day,1,Regular,,7.00,0.00,7.00,1.17,T37205193,Counter iPad,,Payment,Eat in,,
2026-06-14,12:08:00,Europe/London,Sides,Truffle Fries,1,Regular,,6.00,0.00,6.00,1.00,T37205193,Counter iPad,,Payment,Eat in,,
2026-06-14,12:08:00,Europe/London,Starters,Salt & Pepper Squid,1,Regular,,9.50,0.00,9.50,1.58,T37205193,Counter iPad,,Payment,Eat in,,
2026-06-14,12:08:00,Europe/London,Mains,Hake,1,Regular,,22.00,0.00,22.00,3.67,T37205193,Counter iPad,,Payment,Eat in,,
2026-06-14,12:08:00,Europe/London,Desserts,Affogato,1,Regular,,6.00,0.00,6.00,1.00,T37205193,Counter iPad,,Payment,Eat in,,
2026-06-14,12:08:00,Europe/London,Sides,Bread & Butter,1,Regular,,4.00,0.00,4.00,0.67,T37205193,Counter iPad,,Payment,Eat in,,
2026-06-14,12:08:00,Europe/London,Drinks,Lager Pint,3,Regular,,18.60,0.00,18.60,3.10,T37205193,Counter iPad,,Payment,Eat in,,
2026-06-14,12:08:00,Europe/London,Drinks,House White 175ml,1,Regular,,7.00,0.00,7.00,1.17,T37205193,Counter iPad,,Payment,Eat in,,
2026-06-14,12:08:00,Europe/London,Drinks,House Red 175ml,3,Regular,,21.00,0.00,21.00,3.50,T37205193,Counter iPad,,Payment,Takeaway,,
2026-06-14,12:08:00,Europe/London,Drinks,Sparkling Water 750ml,1,Regular,,4.00,0.00,4.00,0.67,T37205193,Counter iPad,,Payment,Eat in,,
2026-06-14,12:08:00,Europe/London,Drinks,Espresso,1,Regular,,2.80,0.00,2.80,0.47,T37205193,Counter iPad,,Payment,Takeaway,,
2026-06-14,12:08:00,Europe/London,Drinks,Flat White,1,Regular,,3.40,0.00,3.40,0.57,T37205193,Counter iPad,,Payment,Eat in,,
2026-06-14,12:18:00,Europe/London,Starters,Salt & Pepper Squid,1,Regular,,9.50,0.00,9.50,1.58,T77058745,Counter iPad,,Payment,Eat in,,
2026-06-14,12:18:00,Europe/London,Mains,Chicken Supreme,2,Regular,,38.00,0.00,38.00,6.33,T77058745,Counter iPad,,Payment,Eat in,,
2026-06-14,12:18:00,Europe/London,Sides,Tenderstem,1,Regular,,5.00,0.00,5.00,0.83,T77058745,Counter iPad,,Payment,Takeaway,,
2026-06-14,12:18:00,Europe/London,Sides,Bread & Butter,1,Regular,,4.00,0.00,4.00,0.67,T77058745,Counter iPad,,Payment,Takeaway,,
2026-06-14,12:18:00,Europe/London,Drinks,Lager Pint,2,Regular,,12.40,0.00,12.40,2.07,T77058745,Counter iPad,,Payment,Eat in,,
2026-06-14,12:18:00,Europe/London,Drinks,House Red 175ml,1,Regular,,7.00,0.00,7.00,1.17,T77058745,Counter iPad,,Payment,Eat in,,
2026-06-14,12:18:00,Europe/London,Drinks,Coke,2,Regular,,6.00,0.00,6.00,1.00,T77058745,Counter iPad,,Payment,Eat in,,
2026-06-14,12:18:00,Europe/London,Drinks,Espresso,1,Regular,,2.80,0.00,2.80,0.47,T77058745,Counter iPad,,Payment,Eat in,,
2026-06-14,12:20:00,Europe/London,Kids,Kids Burger,1,Regular,,7.50,0.00,7.50,1.25,T10379153,Counter iPad,nut allergy table,Payment,Takeaway,,
2026-06-14,12:20:00,Europe/London,Starters,Rock Oysters,1,x3,,9.00,0.00,9.00,1.50,T10379153,Counter iPad,nut allergy table,Payment,Takeaway,,
2026-06-14,12:20:00,Europe/London,Mains,Fish & Chips,2,Small,,26.00,0.00,26.00,4.33,T10379153,Counter iPad,nut allergy table,Payment,Eat in,,
2026-06-14,12:20:00,Europe/London,Starters,Soup of the Day,1,Regular,,7.00,0.00,7.00,1.17,T10379153,Counter iPad,nut allergy table,Payment,Eat in,,
2026-06-14,12:20:00,Europe/London,Sides,Chips,1,Regular,,4.50,0.00,4.50,0.75,T10379153,Counter iPad,nut allergy table,Payment,Eat in,,
2026-06-14,12:20:00,Europe/London,Drinks,House White 175ml,1,Regular,,7.00,0.00,7.00,1.17,T10379153,Counter iPad,nut allergy table,Payment,Eat in,,
2026-06-14,12:20:00,Europe/London,Drinks,House Red 175ml,1,Regular,,7.00,0.00,7.00,1.17,T10379153,Counter iPad,nut allergy table,Payment,Eat in,,
2026-06-14,12:20:00,Europe/London,Drinks,Coke,1,Regular,,3.00,0.00,3.00,0.50,T10379153,Counter iPad,nut allergy table,Payment,Eat in,,
2026-06-14,13:02:00,Europe/London,Starters,Burrata,1,Regular,,10.00,0.00,10.00,1.67,T82397443,Counter iPad,,Payment,Eat in,,
2026-06-14,13:02:00,Europe/London,Mains,Tidewater Burger,1,Regular,,16.50,0.00,16.50,2.75,T82397443,Counter iPad,,Payment,Eat in,,
2026-06-14,13:02:00,Europe/London,Starters,Salt & Pepper Squid,1,Regular,,9.50,0.00,9.50,1.58,T82397443,Counter iPad,,Payment,Eat in,,
2026-06-14,13:02:00,Europe/London,Mains,Sunday Roast,2,Regular,,48.00,0.00,48.00,8.00,T82397443,Counter iPad,,Payment,Eat in,,
2026-06-14,13:02:00,Europe/London,Starters,Soup of the Day,1,Regular,,7.00,0.00,7.00,1.17,T82397443,Counter iPad,,Payment,Takeaway,,
2026-06-14,13:02:00,Europe/London,Sides,Chips,1,Regular,,4.50,0.00,4.50,0.75,T82397443,Counter iPad,,Payment,Takeaway,,
2026-06-14,13:02:00,Europe/London,Drinks,House White 175ml,1,Regular,,7.00,0.00,7.00,1.17,T82397443,Counter iPad,,Payment,Takeaway,,
2026-06-14,13:02:00,Europe/London,Drinks,Sparkling Water 750ml,1,Regular,,4.00,0.00,4.00,0.67,T82397443,Counter iPad,,Payment,Eat in,,
2026-06-14,13:02:00,Europe/London,Drinks,Espresso,1,Regular,,2.80,0.00,2.80,0.47,T82397443,Counter iPad,,Payment,Eat in,,
2026-06-14,13:02:00,Europe/London,Starters,Rock Oysters,1,x3,,9.00,0.00,9.00,1.50,T76687062,Counter iPad,,Payment,Takeaway,,
2026-06-14,13:02:00,Europe/London,Mains,Tidewater Burger,1,Regular,,16.50,0.00,16.50,2.75,T76687062,Counter iPad,,Payment,Eat in,,
2026-06-14,13:02:00,Europe/London,Sides,Chips,3,Regular,,13.50,0.00,13.50,2.25,T76687062,Counter iPad,,Payment,Takeaway,,
2026-06-14,13:02:00,Europe/London,Desserts,Sticky Toffee Pudding,1,Regular,,8.00,0.00,8.00,1.33,T76687062,Counter iPad,,Payment,Takeaway,,
2026-06-14,13:02:00,Europe/London,Mains,Hake,1,Regular,,22.00,0.00,22.00,3.67,T76687062,Counter iPad,,Payment,Eat in,,
2026-06-14,13:02:00,Europe/London,Starters,Pork Belly Bites,1,Regular,,8.00,0.00,8.00,1.33,T76687062,Counter iPad,,Payment,Eat in,,
2026-06-14,13:02:00,Europe/London,Mains,Chicken Supreme,2,Regular,,38.00,0.00,38.00,6.33,T76687062,Counter iPad,,Payment,Eat in,,
2026-06-14,13:02:00,Europe/London,Sides,Truffle Fries,1,Regular,,6.00,0.00,6.00,1.00,T76687062,Counter iPad,,Payment,Eat in,,
2026-06-14,13:02:00,Europe/London,Starters,Burrata,1,Regular,,10.00,0.00,10.00,1.67,T76687062,Counter iPad,,Payment,Eat in,,
2026-06-14,13:02:00,Europe/London,Mains,Sunday Roast,1,Regular,,24.00,0.00,24.00,4.00,T76687062,Counter iPad,,Payment,Takeaway,,
2026-06-14,13:02:00,Europe/London,Starters,Salt & Pepper Squid,1,Regular,,9.50,0.00,9.50,1.58,T76687062,Counter iPad,,Payment,Eat in,,
2026-06-14,13:02:00,Europe/London,Desserts,Crème Brûlée,1,Regular,,7.50,0.00,7.50,1.25,T76687062,Counter iPad,,Payment,Takeaway,,
2026-06-14,13:02:00,Europe/London,Drinks,Lager Pint,3,Regular,,18.60,0.00,18.60,3.10,T76687062,Counter iPad,,Payment,Eat in,,
2026-06-14,13:02:00,Europe/London,Drinks,House White 175ml,2,Regular,,14.00,0.00,14.00,2.33,T76687062,Counter iPad,,Payment,Takeaway,,
2026-06-14,13:02:00,Europe/London,Drinks,House Red 175ml,2,Regular,,14.00,0.00,14.00,2.33,T76687062,Counter iPad,,Payment,Eat in,,
2026-06-14,13:02:00,Europe/London,Drinks,Sparkling Water 750ml,1,Regular,,4.00,0.00,4.00,0.67,T76687062,Counter iPad,,Payment,Eat in,,
2026-06-14,13:17:00,Europe/London,Sides,Chips,1,Regular,,4.50,0.00,4.50,0.75,T94370608,Counter iPad,,Payment,Takeaway,,
2026-06-14,13:17:00,Europe/London,Desserts,Sticky Toffee Pudding,1,Regular,,8.00,0.00,8.00,1.33,T94370608,Counter iPad,,Payment,Takeaway,,
2026-06-14,13:17:00,Europe/London,Drinks,House White 175ml,1,Regular,,7.00,0.00,7.00,1.17,T94370608,Counter iPad,,Payment,Eat in,,
2026-06-14,13:17:00,Europe/London,Drinks,House Red 175ml,1,Regular,,7.00,0.00,7.00,1.17,T94370608,Counter iPad,,Payment,Eat in,,
2026-06-14,13:30:00,Europe/London,Kids,Kids Burger,1,Regular,,7.50,0.00,7.50,1.25,T15478241,Counter iPad,,Payment,Takeaway,C669,Sample Customer 669
2026-06-14,13:30:00,Europe/London,Kids,Kids Ice Cream,1,Regular,,3.50,0.00,3.50,0.58,T15478241,Counter iPad,,Payment,Eat in,C669,Sample Customer 669
2026-06-14,13:30:00,Europe/London,Starters,Pork Belly Bites,1,Regular,,8.00,-8.00,0.00,0.00,T15478241,Counter iPad,comp - long wait,Payment,Eat in,C669,Sample Customer 669
2026-06-14,13:30:00,Europe/London,Mains,Lamb Rump,1,Regular,,26.00,0.00,26.00,4.33,T15478241,Counter iPad,,Payment,Takeaway,C669,Sample Customer 669
2026-06-14,13:30:00,Europe/London,Starters,Burrata,1,Regular,,10.00,0.00,10.00,1.67,T15478241,Counter iPad,,Payment,Takeaway,C669,Sample Customer 669
2026-06-14,13:30:00,Europe/London,Mains,Fish & Chips,1,Small,,13.00,0.00,13.00,2.17,T15478241,Counter iPad,,Payment,Eat in,C669,Sample Customer 669
2026-06-14,13:30:00,Europe/London,Desserts,Cheeseboard,1,3,,11.00,0.00,11.00,1.83,T15478241,Counter iPad,,Payment,Eat in,C669,Sample Customer 669
2026-06-14,13:30:00,Europe/London,Sides,Bread & Butter,1,Regular,,4.00,0.00,4.00,0.67,T15478241,Counter iPad,,Payment,Eat in,C669,Sample Customer 669
2026-06-14,13:30:00,Europe/London,Drinks,Lager Pint,1,Regular,,6.20,0.00,6.20,1.03,T15478241,Counter iPad,,Payment,Eat in,C669,Sample Customer 669
2026-06-14,13:30:00,Europe/London,Drinks,Sparkling Water 750ml,1,Regular,,4.00,0.00,4.00,0.67,T15478241,Counter iPad,,Payment,Eat in,C669,Sample Customer 669
2026-06-14,13:30:00,Europe/London,Drinks,Flat White,1,Regular,,3.40,0.00,3.40,0.57,T15478241,Counter iPad,,Payment,Takeaway,C669,Sample Customer 669
2026-06-14,13:40:00,Europe/London,Mains,Fish & Chips,1,Regular,,17.50,0.00,17.50,2.92,T75316089,Counter iPad,,Payment,Eat in,,
2026-06-14,13:40:00,Europe/London,Drinks,Lager Pint,1,Regular,,6.20,0.00,6.20,1.03,T75316089,Counter iPad,,Payment,Eat in,,
2026-06-14,13:48:00,Europe/London,Mains,Chicken Supreme,1,Regular,,19.00,0.00,19.00,3.17,T20188709,Counter iPad,,Payment,Eat in,,
2026-06-14,13:48:00,Europe/London,Desserts,Sticky Toffee Pudding,1,Regular,,8.00,0.00,8.00,1.33,T20188709,Counter iPad,,Payment,Takeaway,,
2026-06-14,13:48:00,Europe/London,Mains,Sunday Roast,1,Regular,,24.00,0.00,24.00,4.00,T20188709,Counter iPad,,Payment,Eat in,,
2026-06-14,13:48:00,Europe/London,Sides,Bread & Butter,1,Regular,,4.00,0.00,4.00,0.67,T20188709,Counter iPad,,Payment,Eat in,,
2026-06-14,13:48:00,Europe/London,Drinks,Lager Pint,2,Regular,,12.40,0.00,12.40,2.07,T20188709,Counter iPad,,Payment,Eat in,,
2026-06-14,13:48:00,Europe/London,Drinks,House White 175ml,1,Regular,,7.00,0.00,7.00,1.17,T20188709,Counter iPad,,Payment,Eat in,,
2026-06-14,13:48:00,Europe/London,Drinks,Coke,1,Regular,,3.00,0.00,3.00,0.50,T20188709,Counter iPad,,Payment,Eat in,,
2026-06-14,13:48:00,Europe/London,Drinks,Sparkling Water 750ml,1,Regular,,4.00,0.00,4.00,0.67,T20188709,Counter iPad,,Payment,Eat in,,
2026-06-14,13:48:00,Europe/London,Drinks,Espresso,2,Regular,,5.60,0.00,5.60,0.93,T20188709,Counter iPad,,Payment,Eat in,,
2026-06-14,14:02:00,Europe/London,Kids,Kids Burger,1,Regular,,7.50,0.00,7.50,1.25,T95679945,Counter iPad,,Payment,Eat in,,
2026-06-14,14:02:00,Europe/London,Kids,Kids Ice Cream,1,Regular,,3.50,0.00,3.50,0.58,T95679945,Counter iPad,,Payment,Eat in,,
2026-06-14,14:02:00,Europe/London,Starters,Pork Belly Bites,1,Regular,,8.00,0.00,8.00,1.33,T95679945,Counter iPad,,Payment,Takeaway,,
2026-06-14,14:02:00,Europe/London,Mains,Sunday Roast,1,Regular,,24.00,0.00,24.00,4.00,T95679945,Counter iPad,,Payment,Eat in,,
2026-06-14,14:02:00,Europe/London,Sides,House Salad,2,Regular,,9.00,0.00,9.00,1.50,T95679945,Counter iPad,,Payment,Eat in,,
2026-06-14,14:02:00,Europe/London,Starters,Soup of the Day,1,Regular,,7.00,0.00,7.00,1.17,T95679945,Counter iPad,,Payment,Eat in,,
2026-06-14,14:02:00,Europe/London,Mains,Fish & Chips,1,Regular,,17.50,0.00,17.50,2.92,T95679945,Counter iPad,,Payment,Takeaway,,
2026-06-14,14:04:00,Europe/London,Mains,Fish & Chips,1,Regular,,0.00,0.00,0.00,0.00,T95679945,Counter iPad,wrong table,Void,Eat in,,
2026-06-14,14:02:00,Europe/London,Desserts,Sticky Toffee Pudding,1,Regular,,8.00,0.00,8.00,1.33,T95679945,Counter iPad,,Payment,Takeaway,,
2026-06-14,14:02:00,Europe/London,Drinks,Lager Pint,3,Regular,,18.60,0.00,18.60,3.10,T95679945,Counter iPad,,Payment,Eat in,,
2026-06-14,14:02:00,Europe/London,Drinks,House White 175ml,1,Regular,,7.00,0.00,7.00,1.17,T95679945,Counter iPad,,Payment,Eat in,,
2026-06-14,14:02:00,Europe/London,Drinks,House Red 175ml,1,Regular,,7.00,0.00,7.00,1.17,T95679945,Counter iPad,,Payment,Eat in,,
2026-06-14,14:02:00,Europe/London,Drinks,Coke,1,Regular,,3.00,0.00,3.00,0.50,T95679945,Counter iPad,,Payment,Eat in,,
2026-06-14,14:02:00,Europe/London,Drinks,Sparkling Water 750ml,1,Regular,,4.00,0.00,4.00,0.67,T95679945,Counter iPad,,Payment,Takeaway,,
2026-06-14,14:02:00,Europe/London,Drinks,Espresso,1,Regular,,2.80,0.00,2.80,0.47,T95679945,Counter iPad,,Payment,Takeaway,,
2026-06-14,14:02:00,Europe/London,Drinks,Flat White,1,Regular,,3.40,0.00,3.40,0.57,T95679945,Counter iPad,,Payment,Eat in,,
2026-06-14,16:30:00,Europe/London,Other,Staff Meal,1,Regular,Risotto,10.00,-10.00,0.00,0.00,T20510748,Counter iPad,,Payment,Eat in,,
2026-06-14,14:06:00,Europe/London,Mains,Tidewater Burger,1,Regular,,16.50,0.00,16.50,2.75,T28994948,Counter iPad,,Payment,Eat in,,
2026-06-14,14:06:00,Europe/London,Starters,Rock Oysters,1,x3,,9.00,0.00,9.00,1.50,T28994948,Counter iPad,,Payment,Eat in,,
2026-06-14,14:06:00,Europe/London,Mains,Hake,1,Regular,,22.00,0.00,22.00,3.67,T28994948,Counter iPad,,Payment,Takeaway,,
2026-06-14,14:06:00,Europe/London,Mains,Sunday Roast,1,Regular,,24.00,0.00,24.00,4.00,T28994948,Counter iPad,,Payment,Eat in,,
2026-06-14,14:06:00,Europe/London,Desserts,Affogato,1,Regular,,6.00,0.00,6.00,1.00,T28994948,Counter iPad,,Payment,Takeaway,,
2026-06-14,14:06:00,Europe/London,Drinks,Lager Pint,1,Regular,,6.20,0.00,6.20,1.03,T28994948,Counter iPad,,Payment,Eat in,,
2026-06-14,14:06:00,Europe/London,Drinks,Sparkling Water 750ml,1,Regular,,4.00,0.00,4.00,0.67,T28994948,Counter iPad,,Payment,Eat in,,
2026-06-14,14:06:00,Europe/London,Drinks,Flat White,1,Regular,,3.40,0.00,3.40,0.57,T28994948,Counter iPad,,Payment,Eat in,,
2026-06-14,14:15:00,Europe/London,Mains,Mushroom Risotto,1,Regular,,15.00,0.00,15.00,2.50,T69021349,Counter iPad,,Payment,Eat in,C114,Sample Customer 114
2026-06-14,14:15:00,Europe/London,Desserts,Sticky Toffee Pudding,2,Regular,,16.00,0.00,16.00,2.67,T69021349,Counter iPad,,Payment,Eat in,C114,Sample Customer 114
2026-06-14,14:15:00,Europe/London,Mains,Lamb Rump,1,Regular,,26.00,0.00,26.00,4.33,T69021349,Counter iPad,,Payment,Eat in,C114,Sample Customer 114
2026-06-14,14:15:00,Europe/London,Sides,Truffle Fries,1,Regular,,6.00,0.00,6.00,1.00,T69021349,Counter iPad,,Payment,Eat in,C114,Sample Customer 114
2026-06-14,14:15:00,Europe/London,Drinks,Lager Pint,1,Regular,,6.20,0.00,6.20,1.03,T69021349,Counter iPad,,Payment,Takeaway,C114,Sample Customer 114
2026-06-14,14:15:00,Europe/London,Drinks,House White 175ml,1,Regular,,7.00,0.00,7.00,1.17,T69021349,Counter iPad,,Payment,Takeaway,C114,Sample Customer 114
2026-06-14,14:55:00,Europe/London,Drinks,House White 175ml,1,Regular,,-7.00,0.00,-7.00,-1.17,T69021349,Counter iPad,sent back,Refund,Eat in,C114,Sample Customer 114
2026-06-14,14:15:00,Europe/London,Drinks,Coke,1,Regular,,3.00,0.00,3.00,0.50,T69021349,Counter iPad,,Payment,Takeaway,C114,Sample Customer 114
2026-06-14,14:24:00,Europe/London,Starters,Pork Belly Bites,1,Regular,,8.00,0.00,8.00,1.33,T40683022,Counter iPad,,Payment,Takeaway,,
2026-06-14,14:24:00,Europe/London,Starters,Rock Oysters,1,x3,,9.00,0.00,9.00,1.50,T40683022,Counter iPad,,Payment,Eat in,,
2026-06-14,14:24:00,Europe/London,Mains,Tidewater Burger,1,Regular,,16.50,0.00,16.50,2.75,T40683022,Counter iPad,,Payment,Eat in,,
2026-06-14,14:24:00,Europe/London,Desserts,Choc Tart,1,Regular,,8.00,0.00,8.00,1.33,T40683022,Counter iPad,,Payment,Eat in,,
2026-06-14,14:24:00,Europe/London,Starters,Mackerel Pate,1,Regular,,8.50,0.00,8.50,1.42,T40683022,Counter iPad,,Payment,Takeaway,,
2026-06-14,14:24:00,Europe/London,Mains,Sunday Roast,1,Regular,,24.00,0.00,24.00,4.00,T40683022,Counter iPad,,Payment,Eat in,,
2026-06-14,14:24:00,Europe/London,Sides,Bread & Butter,1,Regular,,4.00,0.00,4.00,0.67,T40683022,Counter iPad,,Payment,Eat in,,
2026-06-14,14:24:00,Europe/London,Drinks,Lager Pint,1,Regular,,6.20,0.00,6.20,1.03,T40683022,Counter iPad,,Payment,Eat in,,
2026-06-14,14:24:00,Europe/London,Drinks,House Red 175ml,1,Regular,,7.00,0.00,7.00,1.17,T40683022,Counter iPad,,Payment,Takeaway,,
2026-06-14,14:24:00,Europe/London,Drinks,Coke,1,Regular,,3.00,0.00,3.00,0.50,T40683022,Counter iPad,,Payment,Takeaway,,
2026-06-14,14:24:00,Europe/London,Drinks,Flat White,1,Regular,,3.40,0.00,3.40,0.57,T40683022,Counter iPad,,Payment,Eat in,,
2026-06-14,14:32:00,Europe/London,Mains,Fish & Chips,3,Regular,,52.50,0.00,52.50,8.75,T34807642,Bar iPad,,Payment,Eat in,,
2026-06-14,14:32:00,Europe/London,Starters,Salt & Pepper Squid,1,Regular,,9.50,0.00,9.50,1.58,T34807642,Bar iPad,,Payment,Eat in,,
2026-06-14,14:32:00,Europe/London,Mains,Steak Frites,1,Regular,,24.00,0.00,24.00,4.00,T34807642,Bar iPad,,Payment,Eat in,,
2026-06-14,14:32:00,Europe/London,Desserts,Affogato,1,Regular,,6.00,0.00,6.00,1.00,T34807642,Bar iPad,,Payment,Eat in,,
2026-06-14,14:32:00,Europe/London,Sides,Truffle Fries,1,Regular,,6.00,0.00,6.00,1.00,T34807642,Bar iPad,,Payment,Eat in,,
2026-06-14,14:32:00,Europe/London,Desserts,Sticky Toffee Pudding,1,Regular,,8.00,0.00,8.00,1.33,T34807642,Bar iPad,,Payment,Eat in,,
2026-06-14,14:32:00,Europe/London,Mains,Sunday Roast,1,Regular,,24.00,0.00,24.00,4.00,T34807642,Bar iPad,,Payment,Eat in,,
2026-06-14,14:32:00,Europe/London,Sides,Fries,2,Regular,,9.00,0.00,9.00,1.50,T34807642,Bar iPad,,Payment,Eat in,,
2026-06-14,14:32:00,Europe/London,Starters,Soup of the Day,1,Regular,,7.00,0.00,7.00,1.17,T34807642,Bar iPad,,Payment,Eat in,,
2026-06-14,14:32:00,Europe/London,Mains,Burger,1,Regular,Add Bacon,16.50,0.00,16.50,2.75,T34807642,Bar iPad,,Payment,Eat in,,
2026-06-14,14:32:00,Europe/London,Drinks,Lager Pint,3,Regular,,18.60,0.00,18.60,3.10,T34807642,Bar iPad,,Payment,Eat in,,
2026-06-14,14:32:00,Europe/London,Drinks,House White 175ml,2,Regular,,14.00,0.00,14.00,2.33,T34807642,Bar iPad,,Payment,Eat in,,
2026-06-14,14:32:00,Europe/London,Drinks,House Red 175ml,2,Regular,,14.00,0.00,14.00,2.33,T34807642,Bar iPad,,Payment,Eat in,,
2026-06-14,14:32:00,Europe/London,Drinks,Coke,3,Regular,,9.00,0.00,9.00,1.50,T34807642,Bar iPad,,Payment,Eat in,,
2026-06-14,14:32:00,Europe/London,Drinks,Flat White,1,Regular,,3.40,0.00,3.40,0.57,T34807642,Bar iPad,,Payment,Takeaway,,
2026-06-14,14:33:00,Europe/London,Mains,Steak Frites,1,Regular,,24.00,0.00,24.00,4.00,T39540905,Counter iPad,nut allergy table,Payment,Eat in,,
2026-06-14,14:33:00,Europe/London,Desserts,Sticky Toffee Pudding,1,Regular,,8.00,0.00,8.00,1.33,T39540905,Counter iPad,nut allergy table,Payment,Takeaway,,
2026-06-14,14:33:00,Europe/London,Starters,Salt & Pepper Squid,1,Regular,,9.50,0.00,9.50,1.58,T39540905,Counter iPad,nut allergy table,Payment,Eat in,,
2026-06-14,14:33:00,Europe/London,Mains,Fish & Chips,1,Regular,,17.50,0.00,17.50,2.92,T39540905,Counter iPad,nut allergy table,Payment,Eat in,,
2026-06-14,14:33:00,Europe/London,Desserts,Crème Brûlée,1,Regular,,7.50,0.00,7.50,1.25,T39540905,Counter iPad,nut allergy table,Payment,Eat in,,
2026-06-14,14:33:00,Europe/London,Starters,Soup of the Day,1,Regular,,7.00,0.00,7.00,1.17,T39540905,Counter iPad,nut allergy table,Payment,Takeaway,,
2026-06-14,14:33:00,Europe/London,Mains,Sunday Roast,1,Regular,,24.00,0.00,24.00,4.00,T39540905,Counter iPad,nut allergy table,Payment,Takeaway,,
2026-06-14,14:33:00,Europe/London,Sides,House Salad,1,Regular,,4.50,0.00,4.50,0.75,T39540905,Counter iPad,nut allergy table,Payment,Eat in,,
2026-06-14,14:33:00,Europe/London,Drinks,Sparkling Water 750ml,1,Regular,,4.00,0.00,4.00,0.67,T39540905,Counter iPad,nut allergy table,Payment,Eat in,,
2026-06-14,14:54:00,Europe/London,Mains,Hake,2,Regular,,44.00,0.00,44.00,7.33,T69262460,Bar iPad,,Payment,Takeaway,,
2026-06-14,14:54:00,Europe/London,Sides,House Salad,1,Regular,,4.50,0.00,4.50,0.75,T69262460,Bar iPad,,Payment,Eat in,,
2026-06-14,14:54:00,Europe/London,Drinks,Lager Pint,2,Regular,,12.40,0.00,12.40,2.07,T69262460,Bar iPad,,Payment,Eat in,,
2026-06-14,14:54:00,Europe/London,Drinks,House White 175ml,2,Regular,,14.00,0.00,14.00,2.33,T69262460,Bar iPad,,Payment,Eat in,,
2026-06-14,14:54:00,Europe/London,Drinks,House Red 175ml,1,Regular,,7.00,0.00,7.00,1.17,T69262460,Bar iPad,,Payment,Takeaway,,
2026-06-14,14:56:00,Europe/London,Drinks,House Red 175ml,1,Regular,,0.00,0.00,0.00,0.00,T69262460,Bar iPad,wrong table,Void,Eat in,,
2026-06-14,14:54:00,Europe/London,Drinks,Coke,1,Regular,,3.00,0.00,3.00,0.50,T69262460,Bar iPad,,Payment,Eat in,,
2026-06-14,14:54:00,Europe/London,Drinks,Espresso,1,Regular,,2.80,0.00,2.80,0.47,T69262460,Bar iPad,,Payment,Takeaway,,
2026-06-14,14:55:00,Europe/London,Mains,Steak Frites,1,Regular,,24.00,0.00,24.00,4.00,T34182314,Counter iPad,,Payment,Eat in,,
2026-06-14,14:55:00,Europe/London,Sides,Peppercorn Sauce,1,Regular,,3.00,0.00,3.00,0.50,T34182314,Counter iPad,,Payment,Eat in,,
2026-06-14,14:55:00,Europe/London,Sides,Tenderstem,1,Regular,,5.00,0.00,5.00,0.83,T34182314,Counter iPad,,Payment,Eat in,,
2026-06-14,14:55:00,Europe/London,Desserts,Choc Tart,1,Regular,,8.00,0.00,8.00,1.33,T34182314,Counter iPad,,Payment,Eat in,,
2026-06-14,14:55:00,Europe/London,Starters,Salt & Pepper Squid,1,Regular,,9.50,0.00,9.50,1.58,T34182314,Counter iPad,,Payment,Takeaway,,
2026-06-14,14:55:00,Europe/London,Starters,Burrata,1,Regular,,10.00,0.00,10.00,1.67,T34182314,Counter iPad,,Payment,Eat in,,
2026-06-14,14:55:00,Europe/London,Sides,House Salad,1,Regular,,4.50,0.00,4.50,0.75,T34182314,Counter iPad,,Payment,Eat in,,
2026-06-14,14:55:00,Europe/London,Drinks,Lager Pint,2,Regular,,12.40,0.00,12.40,2.07,T34182314,Counter iPad,,Payment,Eat in,,
2026-06-14,14:55:00,Europe/London,Drinks,House Red 175ml,1,Regular,,7.00,0.00,7.00,1.17,T34182314,Counter iPad,,Payment,Eat in,,
2026-06-14,14:55:00,Europe/London,Drinks,Sparkling Water 750ml,1,Regular,,4.00,0.00,4.00,0.67,T34182314,Counter iPad,,Payment,Eat in,,
2026-06-14,19:41:00,Europe/London,Starters,Burrata,1,Regular,,10.00,0.00,10.00,1.67,T32208020,Counter iPad,,Payment,Eat in,,
2026-06-14,19:41:00,Europe/London,Mains,Lemon Sole (MP),1,Regular,,27.00,0.00,27.00,4.50,T32208020,Counter iPad,,Payment,Eat in,,
2026-06-14,19:41:00,Europe/London,Sides,Truffle Fries,2,Regular,,12.00,0.00,12.00,2.00,T32208020,Counter iPad,,Payment,Takeaway,,
2026-06-14,19:41:00,Europe/London,Mains,Hake,1,Regular,,22.00,0.00,22.00,3.67,T32208020,Counter iPad,,Payment,Takeaway,,
2026-06-14,19:41:00,Europe/London,Sides,Bread & Butter,1,Regular,,4.00,0.00,4.00,0.67,T32208020,Counter iPad,,Payment,Takeaway,,
2026-06-14,19:41:00,Europe/London,Drinks,Lager Pint,2,Regular,,12.40,0.00,12.40,2.07,T32208020,Counter iPad,,Payment,Eat in,,
2026-06-14,19:41:00,Europe/London,Drinks,House Red 175ml,1,Regular,,7.00,0.00,7.00,1.17,T32208020,Counter iPad,,Payment,Eat in,,
2026-06-14,19:41:00,Europe/London,Drinks,Sparkling Water 750ml,1,Regular,,4.00,0.00,4.00,0.67,T32208020,Counter iPad,,Payment,Eat in,,
2026-06-14,21:13:00,Europe/London,Starters,Salt & Pepper Squid,1,Regular,,9.50,0.00,9.50,1.58,T42456883,Counter iPad,,Payment,Eat in,,
2026-06-14,21:13:00,Europe/London,Mains,Lemon Sole (MP),1,Regular,,24.00,0.00,24.00,4.00,T42456883,Counter iPad,,Payment,Eat in,,
2026-06-14,21:13:00,Europe/London,Sides,Truffle Fries,2,Regular,,12.00,0.00,12.00,2.00,T42456883,Counter iPad,,Payment,Eat in,,
2026-06-14,21:13:00,Europe/London,Starters,Rock Oysters,1,x3,,9.00,0.00,9.00,1.50,T42456883,Counter iPad,,Payment,Takeaway,,
2026-06-14,21:53:00,Europe/London,Starters,Rock Oysters,1,x3,,-9.00,0.00,-9.00,-1.50,T42456883,Counter iPad,sent back,Refund,Eat in,,
2026-06-14,21:13:00,Europe/London,Mains,Tidewater Burger,1,Regular,Add Bacon,16.50,0.00,16.50,2.75,T42456883,Counter iPad,,Payment,Eat in,,
2026-06-14,21:13:00,Europe/London,Desserts,Choc Tart,1,Regular,,8.00,0.00,8.00,1.33,T42456883,Counter iPad,,Payment,Eat in,,
2026-06-14,21:13:00,Europe/London,Starters,Soup of the Day,1,Regular,,7.00,0.00,7.00,1.17,T42456883,Counter iPad,,Payment,Eat in,,
2026-06-14,21:13:00,Europe/London,Mains,Lamb Rump,1,Regular,,26.00,0.00,26.00,4.33,T42456883,Counter iPad,,Payment,Takeaway,,
2026-06-14,21:13:00,Europe/London,Sides,House Salad,1,Regular,,4.50,0.00,4.50,0.75,T42456883,Counter iPad,,Payment,Takeaway,,
2026-06-14,21:13:00,Europe/London,Mains,Mushroom Risotto,1,Regular,,15.00,0.00,15.00,2.50,T42456883,Counter iPad,,Payment,Eat in,,
2026-06-14,21:13:00,Europe/London,Starters,Pork Belly Bites,1,Regular,,8.00,0.00,8.00,1.33,T42456883,Counter iPad,,Payment,Eat in,,
2026-06-14,21:13:00,Europe/London,Mains,Sunday Roast,2,Regular,,48.00,0.00,48.00,8.00,T42456883,Counter iPad,,Payment,Eat in,,
2026-06-14,21:13:00,Europe/London,Starters,Burrata,1,Regular,,10.00,0.00,10.00,1.67,T42456883,Counter iPad,,Payment,Eat in,,
2026-06-14,21:13:00,Europe/London,Desserts,Cheeseboard,1,3,,11.00,0.00,11.00,1.83,T42456883,Counter iPad,,Payment,Eat in,,
2026-06-14,21:13:00,Europe/London,Sides,Bread & Butter,1,Regular,,4.00,0.00,4.00,0.67,T42456883,Counter iPad,,Payment,Eat in,,
2026-06-14,21:13:00,Europe/London,Drinks,Lager Pint,3,Regular,,18.60,0.00,18.60,3.10,T42456883,Counter iPad,,Payment,Takeaway,,
2026-06-14,21:13:00,Europe/London,Drinks,House White 175ml,2,Regular,,14.00,0.00,14.00,2.33,T42456883,Counter iPad,,Payment,Eat in,,
2026-06-14,21:13:00,Europe/London,Drinks,House Red 175ml,1,Regular,,7.00,0.00,7.00,1.17,T42456883,Counter iPad,,Payment,Eat in,,
2026-06-14,21:13:00,Europe/London,Drinks,Coke,1,Regular,,3.00,0.00,3.00,0.50,T42456883,Counter iPad,,Payment,Takeaway,,
2026-06-14,21:13:00,Europe/London,Drinks,Sparkling Water 750ml,2,Regular,,8.00,0.00,8.00,1.33,T42456883,Counter iPad,,Payment,Eat in,,
2026-06-14,21:30:00,Europe/London,Mains,Chicken Supreme,1,Regular,,19.00,0.00,19.00,3.17,T56791561,Bar iPad,,Payment,Takeaway,,
2026-06-14,21:30:00,Europe/London,Desserts,Sticky Toffee Pudding,1,Regular,,8.00,0.00,8.00,1.33,T56791561,Bar iPad,,Payment,Eat in,,
2026-06-14,21:30:00,Europe/London,Starters,Soup of the Day,1,Regular,,7.00,0.00,7.00,1.17,T56791561,Bar iPad,,Payment,Eat in,,
2026-06-14,21:30:00,Europe/London,Mains,Sunday Roast,2,Regular,,48.00,0.00,48.00,8.00,T56791561,Bar iPad,,Payment,Eat in,,
2026-06-14,21:30:00,Europe/London,Starters,Salt & Pepper Squid,1,Regular,,9.50,0.00,9.50,1.58,T56791561,Bar iPad,,Payment,Eat in,,
2026-06-14,21:30:00,Europe/London,Mains,Steak Frites,1,Regular,,24.00,0.00,24.00,4.00,T56791561,Bar iPad,,Payment,Takeaway,,
2026-06-14,21:30:00,Europe/London,Sides,House Salad,1,Regular,,4.50,0.00,4.50,0.75,T56791561,Bar iPad,,Payment,Eat in,,
2026-06-14,21:30:00,Europe/London,Starters,Mackerel Pate,1,Regular,,8.50,0.00,8.50,1.42,T56791561,Bar iPad,,Payment,Eat in,,
2026-06-14,21:30:00,Europe/London,Sides,Bread & Butter,1,Regular,,4.00,0.00,4.00,0.67,T56791561,Bar iPad,,Payment,Eat in,,
2026-06-14,21:30:00,Europe/London,Drinks,Lager Pint,2,Regular,,12.40,0.00,12.40,2.07,T56791561,Bar iPad,,Payment,Takeaway,,
2026-06-14,21:30:00,Europe/London,Drinks,House White 175ml,2,Regular,,14.00,0.00,14.00,2.33,T56791561,Bar iPad,,Payment,Takeaway,,
2026-06-14,21:30:00,Europe/London,Drinks,House Red 175ml,2,Regular,,14.00,0.00,14.00,2.33,T56791561,Bar iPad,,Payment,Eat in,,
2026-06-14,21:30:00,Europe/London,Drinks,Espresso,2,Regular,,5.60,0.00,5.60,0.93,T56791561,Bar iPad,,Payment,Eat in,,
2026-06-14,21:30:00,Europe/London,Drinks,Flat White,1,Regular,,3.40,0.00,3.40,0.57,T56791561,Bar iPad,,Payment,Eat in,,
2026-06-16,13:51:00,Europe/London,Mains,Chicken Supreme,1,Regular,,19.00,0.00,19.00,3.17,T55485308,Counter iPad,,Payment,Eat in,,
2026-06-16,13:51:00,Europe/London,Desserts,Choc Tart,1,Regular,,8.00,0.00,8.00,1.33,T55485308,Counter iPad,,Payment,Eat in,,
2026-06-16,13:51:00,Europe/London,Drinks,House Red 175ml,1,Regular,,7.00,0.00,7.00,1.17,T55485308,Counter iPad,,Payment,Eat in,,
2026-06-16,13:51:00,Europe/London,Drinks,Coke,1,Regular,,3.00,0.00,3.00,0.50,T55485308,Counter iPad,,Payment,Eat in,,
2026-06-16,13:51:00,Europe/London,Drinks,Sparkling Water 750ml,2,Regular,,8.00,0.00,8.00,1.33,T55485308,Counter iPad,,Payment,Eat in,,
2026-06-16,13:58:00,Europe/London,Mains,Mushroom Risotto,1,Regular,,15.00,0.00,15.00,2.50,T90955633,Counter iPad,,Payment,Eat in,,
2026-06-16,13:58:00,Europe/London,Desserts,Sticky Toffee Pudding,2,Regular,,16.00,0.00,16.00,2.67,T90955633,Counter iPad,,Payment,Eat in,,
2026-06-16,13:58:00,Europe/London,Starters,Pork Belly Bites,1,Regular,,8.00,0.00,8.00,1.33,T90955633,Counter iPad,,Payment,Takeaway,,
2026-06-16,13:58:00,Europe/London,Mains,Hake,1,Regular,,22.00,0.00,22.00,3.67,T90955633,Counter iPad,,Payment,Eat in,,
2026-06-16,13:58:00,Europe/London,Sides,Chips,2,Regular,,9.00,0.00,9.00,1.50,T90955633,Counter iPad,,Payment,Takeaway,,
2026-06-16,13:58:00,Europe/London,Starters,Soup of the Day,1,Regular,,7.00,0.00,7.00,1.17,T90955633,Counter iPad,,Payment,Takeaway,,
2026-06-16,13:58:00,Europe/London,Drinks,Lager Pint,3,Regular,,18.60,0.00,18.60,3.10,T90955633,Counter iPad,,Payment,Eat in,,
2026-06-16,13:58:00,Europe/London,Drinks,Coke,1,Regular,,3.00,0.00,3.00,0.50,T90955633,Counter iPad,,Payment,Eat in,,
2026-06-16,13:58:00,Europe/London,Drinks,Sparkling Water 750ml,2,Regular,,8.00,0.00,8.00,1.33,T90955633,Counter iPad,,Payment,Takeaway,,
2026-06-16,14:06:00,Europe/London,Starters,Salt & Pepper Squid,1,Regular,,9.50,0.00,9.50,1.58,T30023626,Counter iPad,,Payment,Eat in,,
2026-06-16,14:06:00,Europe/London,Mains,Chicken Supreme,1,Regular,,19.00,0.00,19.00,3.17,T30023626,Counter iPad,,Payment,Takeaway,,
2026-06-16,14:06:00,Europe/London,Desserts,Choc Tart,1,Regular,,8.00,0.00,8.00,1.33,T30023626,Counter iPad,,Payment,Eat in,,
2026-06-16,14:06:00,Europe/London,Starters,Pork Belly Bites,1,Regular,,8.00,0.00,8.00,1.33,T30023626,Counter iPad,,Payment,Takeaway,,
2026-06-16,14:06:00,Europe/London,Mains,Fish & Chips,1,Regular,,17.50,0.00,17.50,2.92,T30023626,Counter iPad,,Payment,Eat in,,
2026-06-16,14:06:00,Europe/London,Sides,Bread & Butter,1,Regular,,4.00,0.00,4.00,0.67,T30023626,Counter iPad,,Payment,Takeaway,,
2026-06-16,14:06:00,Europe/London,Drinks,Lager Pint,1,Regular,,6.20,0.00,6.20,1.03,T30023626,Counter iPad,,Payment,Eat in,,
2026-06-16,14:06:00,Europe/London,Drinks,House Red 175ml,2,Regular,,14.00,0.00,14.00,2.33,T30023626,Counter iPad,,Payment,Takeaway,,
2026-06-16,14:06:00,Europe/London,Drinks,Coke,2,Regular,,6.00,0.00,6.00,1.00,T30023626,Counter iPad,,Payment,Eat in,,
2026-06-16,14:06:00,Europe/London,Drinks,Espresso,1,Regular,,2.80,0.00,2.80,0.47,T30023626,Counter iPad,,Payment,Eat in,,
2026-06-16,14:30:00,Europe/London,Starters,Soup of the Day,1,Regular,,7.00,0.00,7.00,1.17,T50880235,Counter iPad,,Payment,Eat in,,
2026-06-16,14:30:00,Europe/London,Mains,Hake,1,Regular,,22.00,0.00,22.00,3.67,T50880235,Counter iPad,,Payment,Eat in,,
2026-06-16,14:30:00,Europe/London,Starters,Pork Belly Bites,1,Regular,,8.00,0.00,8.00,1.33,T50880235,Counter iPad,,Payment,Eat in,,
2026-06-16,14:30:00,Europe/London,Mains,Tidewater Burger,1,Regular,,16.50,0.00,16.50,2.75,T50880235,Counter iPad,,Payment,Takeaway,,
2026-06-16,14:30:00,Europe/London,Sides,Bread & Butter,1,Regular,,4.00,0.00,4.00,0.67,T50880235,Counter iPad,,Payment,Eat in,,
2026-06-16,14:30:00,Europe/London,Drinks,Lager Pint,1,Regular,,6.20,0.00,6.20,1.03,T50880235,Counter iPad,,Payment,Eat in,,
2026-06-16,14:30:00,Europe/London,Drinks,House White 175ml,2,Regular,,14.00,0.00,14.00,2.33,T50880235,Counter iPad,,Payment,Takeaway,,
2026-06-16,14:30:00,Europe/London,Drinks,Espresso,1,Regular,,2.80,0.00,2.80,0.47,T50880235,Counter iPad,,Payment,Takeaway,,
2026-06-16,20:29:00,Europe/London,Mains,Steak Frites,2,Regular,,48.00,0.00,48.00,8.00,T36493824,Counter iPad,,Payment,Eat in,,
2026-06-16,20:29:00,Europe/London,Sides,Truffle Fries,1,Regular,,6.00,0.00,6.00,1.00,T36493824,Counter iPad,,Payment,Eat in,,
2026-06-16,20:29:00,Europe/London,Mains,Fish & Chips,1,Small,,13.00,0.00,13.00,2.17,T36493824,Counter iPad,,Payment,Takeaway,,
2026-06-16,20:29:00,Europe/London,Sides,Chips,1,Regular,,4.50,0.00,4.50,0.75,T36493824,Counter iPad,,Payment,Eat in,,
2026-06-16,20:29:00,Europe/London,Desserts,Affogato,1,Regular,,6.00,0.00,6.00,1.00,T36493824,Counter iPad,,Payment,Eat in,,
2026-06-16,20:29:00,Europe/London,Starters,Salt & Pepper Squid,2,Regular,,19.00,0.00,19.00,3.17,T36493824,Counter iPad,,Payment,Eat in,,
2026-06-16,20:29:00,Europe/London,Mains,Tidewater Burger,1,Regular,,16.50,0.00,16.50,2.75,T36493824,Counter iPad,,Payment,Eat in,,
2026-06-16,20:29:00,Europe/London,Desserts,Sticky Toffee Pudding,1,Regular,,8.00,0.00,8.00,1.33,T36493824,Counter iPad,,Payment,Eat in,,
2026-06-16,20:29:00,Europe/London,Drinks,Lager Pint,2,Regular,,12.40,0.00,12.40,2.07,T36493824,Counter iPad,,Payment,Eat in,,
2026-06-16,20:29:00,Europe/London,Drinks,House White 175ml,1,Regular,,7.00,0.00,7.00,1.17,T36493824,Counter iPad,,Payment,Eat in,,
2026-06-16,20:29:00,Europe/London,Drinks,House Red 175ml,1,Regular,,7.00,0.00,7.00,1.17,T36493824,Counter iPad,,Payment,Eat in,,
2026-06-16,20:29:00,Europe/London,Drinks,Sparkling Water 750ml,1,Regular,,4.00,0.00,4.00,0.67,T36493824,Counter iPad,,Payment,Takeaway,,
2026-06-16,20:29:00,Europe/London,Drinks,Espresso,1,Regular,,2.80,0.00,2.80,0.47,T36493824,Counter iPad,,Payment,Takeaway,,
2026-06-16,20:51:00,Europe/London,Mains,Steak Frites,1,Regular,,24.00,0.00,24.00,4.00,T46058361,Counter iPad,,Payment,Eat in,C773,Sample Customer 773
2026-06-16,20:51:00,Europe/London,Desserts,Crème Brûlée,2,Regular,,15.00,0.00,15.00,2.50,T46058361,Counter iPad,,Payment,Eat in,C773,Sample Customer 773
2026-06-16,20:51:00,Europe/London,Starters,Soup of the Day,1,Regular,,7.00,0.00,7.00,1.17,T46058361,Counter iPad,,Payment,Eat in,C773,Sample Customer 773
2026-06-16,20:51:00,Europe/London,Mains,Chicken Supreme,1,Regular,,19.00,0.00,19.00,3.17,T46058361,Counter iPad,,Payment,Eat in,C773,Sample Customer 773
2026-06-16,20:51:00,Europe/London,Desserts,Cheeseboard,1,3,,11.00,0.00,11.00,1.83,T46058361,Counter iPad,,Payment,Eat in,C773,Sample Customer 773
2026-06-16,20:51:00,Europe/London,Mains,Fish & Chips,1,Regular,,17.50,0.00,17.50,2.92,T46058361,Counter iPad,,Payment,Eat in,C773,Sample Customer 773
2026-06-16,20:51:00,Europe/London,Mains,Lamb Rump,1,Regular,,26.00,0.00,26.00,4.33,T46058361,Counter iPad,,Payment,Eat in,C773,Sample Customer 773
2026-06-16,20:51:00,Europe/London,Sides,Truffle Fries,1,Regular,,6.00,0.00,6.00,1.00,T46058361,Counter iPad,,Payment,Takeaway,C773,Sample Customer 773
2026-06-16,20:51:00,Europe/London,Sides,Bread & Butter,1,Regular,,4.00,0.00,4.00,0.67,T46058361,Counter iPad,,Payment,Eat in,C773,Sample Customer 773
2026-06-16,20:51:00,Europe/London,Drinks,Lager Pint,1,Regular,,6.20,0.00,6.20,1.03,T46058361,Counter iPad,,Payment,Takeaway,C773,Sample Customer 773
2026-06-16,20:51:00,Europe/London,Drinks,House White 175ml,2,Regular,,14.00,0.00,14.00,2.33,T46058361,Counter iPad,,Payment,Takeaway,C773,Sample Customer 773
2026-06-16,20:51:00,Europe/London,Drinks,Sparkling Water 750ml,2,Regular,,8.00,0.00,8.00,1.33,T46058361,Counter iPad,,Payment,Eat in,C773,Sample Customer 773
2026-06-16,20:51:00,Europe/London,Drinks,Espresso,1,Regular,,2.80,0.00,2.80,0.47,T46058361,Counter iPad,,Payment,Eat in,C773,Sample Customer 773
2026-06-16,20:51:00,Europe/London,Drinks,Flat White,1,Regular,,3.40,0.00,3.40,0.57,T46058361,Counter iPad,,Payment,Eat in,C773,Sample Customer 773
2026-06-16,21:14:00,Europe/London,Kids,Kids Fish & Chips,1,Regular,,8.00,0.00,8.00,1.33,T45844543,Counter iPad,,Payment,Eat in,,
2026-06-16,21:14:00,Europe/London,Mains,Fish & Chips,2,Regular,,35.00,0.00,35.00,5.83,T45844543,Counter iPad,,Payment,Takeaway,,
2026-06-16,21:14:00,Europe/London,Sides,Truffle Fries,1,Regular,,6.00,0.00,6.00,1.00,T45844543,Counter iPad,,Payment,Eat in,,
2026-06-16,21:14:00,Europe/London,Starters,Rock Oysters,1,x3,,9.00,0.00,9.00,1.50,T45844543,Counter iPad,,Payment,Takeaway,,
2026-06-16,21:14:00,Europe/London,Mains,Mushroom Risotto,1,Regular,,15.00,0.00,15.00,2.50,T45844543,Counter iPad,,Payment,Eat in,,
2026-06-16,21:14:00,Europe/London,Drinks,Lager Pint,2,Regular,,12.40,0.00,12.40,2.07,T45844543,Counter iPad,,Payment,Eat in,,
2026-06-16,21:14:00,Europe/London,Drinks,House White 175ml,1,Regular,,7.00,0.00,7.00,1.17,T45844543,Counter iPad,,Payment,Takeaway,,
2026-06-16,21:14:00,Europe/London,Drinks,Sparkling Water 750ml,2,Regular,,8.00,0.00,8.00,1.33,T45844543,Counter iPad,,Payment,Eat in,,
2026-06-16,21:56:00,Europe/London,Starters,Salt & Pepper Squid,2,Regular,,19.00,0.00,19.00,3.17,T94320028,Bar iPad,,Payment,Eat in,,
2026-06-16,21:56:00,Europe/London,Mains,Burger,1,Regular,,16.50,0.00,16.50,2.75,T94320028,Bar iPad,,Payment,Eat in,,
2026-06-16,21:56:00,Europe/London,Sides,Fries,1,Regular,,4.50,0.00,4.50,0.75,T94320028,Bar iPad,,Payment,Eat in,,
2026-06-16,21:56:00,Europe/London,Mains,Steak Frites,1,Regular,,24.00,0.00,24.00,4.00,T94320028,Bar iPad,,Payment,Eat in,,
2026-06-16,21:56:00,Europe/London,Sides,House Salad,1,Regular,,4.50,0.00,4.50,0.75,T94320028,Bar iPad,,Payment,Eat in,,
2026-06-16,21:56:00,Europe/London,Desserts,Cheeseboard,1,5,,16.00,0.00,16.00,2.67,T94320028,Bar iPad,,Payment,Takeaway,,
2026-06-16,21:56:00,Europe/London,Sides,Bread & Butter,1,Regular,,4.00,0.00,4.00,0.67,T94320028,Bar iPad,,Payment,Eat in,,
2026-06-16,21:56:00,Europe/London,Drinks,House White 175ml,1,Regular,,7.00,0.00,7.00,1.17,T94320028,Bar iPad,,Payment,Eat in,,
2026-06-16,21:56:00,Europe/London,Drinks,Sparkling Water 750ml,1,Regular,,4.00,0.00,4.00,0.67,T94320028,Bar iPad,,Payment,Eat in,,
2026-06-16,22:22:00,Europe/London,Mains,Steak Frites,1,Regular,,24.00,0.00,24.00,4.00,T15387508,Counter iPad,,Payment,Eat in,,
2026-06-16,22:22:00,Europe/London,Starters,Mackerel Pate,1,Regular,,8.50,0.00,8.50,1.42,T15387508,Counter iPad,,Payment,Eat in,,
2026-06-16,22:22:00,Europe/London,Mains,Fish & Chips,1,Regular,,17.50,0.00,17.50,2.92,T15387508,Counter iPad,,Payment,Eat in,,
2026-06-16,22:22:00,Europe/London,Sides,Bread & Butter,1,Regular,,4.00,0.00,4.00,0.67,T15387508,Counter iPad,,Payment,Eat in,,
2026-06-16,22:22:00,Europe/London,Drinks,Lager Pint,1,Regular,,6.20,0.00,6.20,1.03,T15387508,Counter iPad,,Payment,Eat in,,
2026-06-16,22:22:00,Europe/London,Drinks,Coke,1,Regular,,3.00,0.00,3.00,0.50,T15387508,Counter iPad,,Payment,Eat in,,
2026-06-16,22:22:00,Europe/London,Drinks,Espresso,1,Regular,,2.80,0.00,2.80,0.47,T15387508,Counter iPad,,Payment,Eat in,,
2026-06-16,22:22:00,Europe/London,Other,Custom Amount,1,Regular,,5.00,0.00,5.00,0.83,T15387508,Counter iPad,,Payment,Eat in,,
2026-06-16,22:46:00,Europe/London,Starters,Salt & Pepper Squid,2,Regular,,19.00,0.00,19.00,3.17,T13188414,Counter iPad,,Payment,Eat in,,
2026-06-16,22:46:00,Europe/London,Mains,Fish & Chips,2,Regular,,35.00,0.00,35.00,5.83,T13188414,Counter iPad,,Payment,Eat in,,
2026-06-16,22:46:00,Europe/London,Sides,Truffle Fries,1,Regular,,6.00,0.00,6.00,1.00,T13188414,Counter iPad,,Payment,Eat in,,
2026-06-16,22:46:00,Europe/London,Desserts,Sticky Toffee Pudding,1,Regular,,8.00,0.00,8.00,1.33,T13188414,Counter iPad,,Payment,Takeaway,,
2026-06-16,22:46:00,Europe/London,Mains,Tidewater Burger,1,Regular,,16.50,0.00,16.50,2.75,T13188414,Counter iPad,,Payment,Eat in,,
2026-06-16,22:46:00,Europe/London,Sides,Chips,1,Regular,,4.50,0.00,4.50,0.75,T13188414,Counter iPad,,Payment,Takeaway,,
2026-06-16,22:46:00,Europe/London,Drinks,Lager Pint,1,Regular,,6.20,0.00,6.20,1.03,T13188414,Counter iPad,,Payment,Eat in,,
2026-06-16,22:46:00,Europe/London,Drinks,House White 175ml,1,Regular,,7.00,0.00,7.00,1.17,T13188414,Counter iPad,,Payment,Eat in,,
2026-06-16,22:46:00,Europe/London,Drinks,Coke,1,Regular,,3.00,0.00,3.00,0.50,T13188414,Counter iPad,,Payment,Eat in,,
2026-06-16,22:46:00,Europe/London,Drinks,Flat White,1,Regular,,3.40,0.00,3.40,0.57,T13188414,Counter iPad,,Payment,Takeaway,,
2026-06-16,23:20:00,Europe/London,Kids,Kids Fish & Chips,1,Regular,,8.00,0.00,8.00,1.33,T59169933,Counter iPad,,Payment,Eat in,,
2026-06-16,23:20:00,Europe/London,Kids,Kids Ice Cream,1,Regular,,3.50,0.00,3.50,0.58,T59169933,Counter iPad,,Payment,Eat in,,
2026-06-16,23:20:00,Europe/London,Starters,Mackerel Pate,1,Regular,,8.50,0.00,8.50,1.42,T59169933,Counter iPad,,Payment,Eat in,,
2026-06-16,23:20:00,Europe/London,Mains,Tidewater Burger,1,Regular,Add Cheese,16.50,0.00,16.50,2.75,T59169933,Counter iPad,,Payment,Eat in,,
2026-06-16,23:20:00,Europe/London,Starters,Soup of the Day,1,Regular,,7.00,0.00,7.00,1.17,T59169933,Counter iPad,,Payment,Eat in,,
2026-06-16,23:20:00,Europe/London,Mains,Chicken Supreme,1,Regular,,19.00,0.00,19.00,3.17,T59169933,Counter iPad,,Payment,Eat in,,
2026-06-16,23:20:00,Europe/London,Desserts,Sticky Toffee Pudding,1,Regular,,8.00,0.00,8.00,1.33,T59169933,Counter iPad,,Payment,Eat in,,
2026-06-16,23:20:00,Europe/London,Drinks,Lager Pint,2,Regular,,12.40,0.00,12.40,2.07,T59169933,Counter iPad,,Payment,Takeaway,,
2026-06-16,23:20:00,Europe/London,Drinks,House White 175ml,1,Regular,,7.00,0.00,7.00,1.17,T59169933,Counter iPad,,Payment,Takeaway,,
2026-06-16,23:20:00,Europe/London,Drinks,House Red 175ml,1,Regular,,7.00,0.00,7.00,1.17,T59169933,Counter iPad,,Payment,Eat in,,
2026-06-16,23:20:00,Europe/London,Drinks,Coke,1,Regular,,3.00,0.00,3.00,0.50,T59169933,Counter iPad,,Payment,Eat in,,
2026-06-16,23:20:00,Europe/London,Drinks,Espresso,2,Regular,,5.60,0.00,5.60,0.93,T59169933,Counter iPad,,Payment,Takeaway,,
2026-06-17,12:24:00,Europe/London,Mains,Fish & Chips,1,Regular,,17.50,0.00,17.50,2.92,T93637506,Counter iPad,,Payment,Eat in,,
2026-06-17,12:24:00,Europe/London,Set Menu,Set Lunch - 3 Courses,1,Regular,"Soup of the Day, Mushroom Risotto, Kids Ice Cream",25.00,0.00,25.00,4.17,T93637506,Counter iPad,,Payment,Eat in,,
2026-06-17,12:24:00,Europe/London,Sides,Bread & Butter,1,Regular,,4.00,0.00,4.00,0.67,T93637506,Counter iPad,,Payment,Eat in,,
2026-06-17,12:24:00,Europe/London,Drinks,Lager Pint,1,Regular,,6.20,0.00,6.20,1.03,T93637506,Counter iPad,,Payment,Eat in,,
2026-06-17,12:24:00,Europe/London,Drinks,House White 175ml,1,Regular,,7.00,0.00,7.00,1.17,T93637506,Counter iPad,,Payment,Eat in,,
2026-06-17,12:24:00,Europe/London,Drinks,Sparkling Water 750ml,1,Regular,,4.00,0.00,4.00,0.67,T93637506,Counter iPad,,Payment,Takeaway,,
2026-06-17,12:24:00,Europe/London,Drinks,Espresso,1,Regular,,2.80,0.00,2.80,0.47,T93637506,Counter iPad,,Payment,Eat in,,
2026-06-17,12:39:00,Europe/London,Set Menu,Set Lunch - 3 Courses,1,Regular,"Mackerel Pate, Fish & Chips (Small), Kids Ice Cream",25.00,0.00,25.00,4.17,T99463154,Counter iPad,,Payment,Eat in,,
2026-06-17,12:39:00,Europe/London,Drinks,Lager Pint,1,Regular,,6.20,0.00,6.20,1.03,T99463154,Counter iPad,,Payment,Takeaway,,
2026-06-17,12:39:00,Europe/London,Drinks,Espresso,1,Regular,,2.80,0.00,2.80,0.47,T99463154,Counter iPad,,Payment,Eat in,,
2026-06-17,13:10:00,Europe/London,Mains,Tidewater Burger,1,Regular,,16.50,0.00,16.50,2.75,T70789158,Counter iPad,,Payment,Eat in,,
2026-06-17,13:10:00,Europe/London,Desserts,Sticky Toffee Pudding,1,Regular,,8.00,0.00,8.00,1.33,T70789158,Counter iPad,,Payment,Eat in,,
2026-06-17,13:10:00,Europe/London,Mains,Hake,1,Regular,,22.00,0.00,22.00,3.67,T70789158,Counter iPad,,Payment,Eat in,,
2026-06-17,13:10:00,Europe/London,Drinks,Lager Pint,1,Regular,,6.20,0.00,6.20,1.03,T70789158,Counter iPad,,Payment,Takeaway,,
2026-06-17,13:10:00,Europe/London,Drinks,House Red 175ml,1,Regular,,7.00,0.00,7.00,1.17,T70789158,Counter iPad,,Payment,Eat in,,
2026-06-17,13:10:00,Europe/London,Drinks,Espresso,1,Regular,,2.80,0.00,2.80,0.47,T70789158,Counter iPad,,Payment,Eat in,,
2026-06-17,14:02:00,Europe/London,Mains,Mushroom Risotto,1,Regular,,15.00,0.00,15.00,2.50,T23431297,Counter iPad,,Payment,Takeaway,,
2026-06-17,14:02:00,Europe/London,Desserts,Crème Brûlée,2,Regular,,15.00,0.00,15.00,2.50,T23431297,Counter iPad,,Payment,Takeaway,,
2026-06-17,14:02:00,Europe/London,Mains,Fish & Chips,1,Regular,,17.50,0.00,17.50,2.92,T23431297,Counter iPad,,Payment,Eat in,,
2026-06-17,14:02:00,Europe/London,Mains,Chicken Supreme,1,Regular,,19.00,0.00,19.00,3.17,T23431297,Counter iPad,,Payment,Eat in,,
2026-06-17,14:02:00,Europe/London,Set Menu,Set Lunch - 3 Courses,1,Regular,"Soup of the Day, Mushroom Risotto, Sticky Toffee Pudding",25.00,0.00,25.00,4.17,T23431297,Counter iPad,,Payment,Takeaway,,
2026-06-17,14:02:00,Europe/London,Drinks,House White 175ml,1,Regular,,7.00,0.00,7.00,1.17,T23431297,Counter iPad,,Payment,Eat in,,
2026-06-17,14:02:00,Europe/London,Drinks,House Red 175ml,1,Regular,,7.00,0.00,7.00,1.17,T23431297,Counter iPad,,Payment,Eat in,,
2026-06-17,14:02:00,Europe/London,Drinks,Coke,1,Regular,,3.00,0.00,3.00,0.50,T23431297,Counter iPad,,Payment,Eat in,,
2026-06-17,14:39:00,Europe/London,Starters,Salt & Pepper Squid,1,Regular,,9.50,0.00,9.50,1.58,T73808383,Counter iPad,,Payment,Eat in,,
2026-06-17,14:39:00,Europe/London,Mains,Tidewater Burger,1,Regular,,16.50,0.00,16.50,2.75,T73808383,Counter iPad,,Payment,Eat in,,
2026-06-17,14:39:00,Europe/London,Sides,House Salad,1,Regular,,4.50,0.00,4.50,0.75,T73808383,Counter iPad,,Payment,Eat in,,
2026-06-17,14:39:00,Europe/London,Desserts,Sticky Toffee Pudding,1,Regular,,8.00,0.00,8.00,1.33,T73808383,Counter iPad,,Payment,Eat in,,
2026-06-17,14:39:00,Europe/London,Sides,Bread & Butter,1,Regular,,4.00,0.00,4.00,0.67,T73808383,Counter iPad,,Payment,Eat in,,
2026-06-17,14:39:00,Europe/London,Drinks,House Red 175ml,1,Regular,,7.00,0.00,7.00,1.17,T73808383,Counter iPad,,Payment,Eat in,,
2026-06-17,14:45:00,Europe/London,Set Menu,Set Lunch - 2 Courses,1,Regular,"Soup of the Day, Fish & Chips (Small)",20.00,0.00,20.00,3.33,T44176744,Counter iPad,,Payment,Eat in,,
2026-06-17,14:45:00,Europe/London,Starters,Pork Belly Bites,1,Regular,,8.00,0.00,8.00,1.33,T44176744,Counter iPad,,Payment,Eat in,,
2026-06-17,14:45:00,Europe/London,Mains,Tidewater Burger,1,Regular,,16.50,-16.50,0.00,0.00,T44176744,Counter iPad,comp - long wait,Payment,Eat in,,
2026-06-17,14:45:00,Europe/London,Sides,Bread & Butter,1,Regular,,4.00,0.00,4.00,0.67,T44176744,Counter iPad,,Payment,Takeaway,,
2026-06-17,14:45:00,Europe/London,Drinks,Flat White,1,Regular,,3.40,0.00,3.40,0.57,T44176744,Counter iPad,,Payment,Eat in,,
2026-06-17,14:48:00,Europe/London,Mains,Fish & Chips,1,Small,,13.00,0.00,13.00,2.17,T38378219,Counter iPad,,Payment,Eat in,,
2026-06-17,14:48:00,Europe/London,Desserts,Cheeseboard,1,3,,11.00,0.00,11.00,1.83,T38378219,Counter iPad,,Payment,Eat in,,
2026-06-17,14:48:00,Europe/London,Starters,Soup of the Day,1,Regular,,7.00,0.00,7.00,1.17,T38378219,Counter iPad,,Payment,Eat in,,
2026-06-17,14:48:00,Europe/London,Mains,Tidewater Burger,1,Regular,Add Cheese,16.50,0.00,16.50,2.75,T38378219,Counter iPad,,Payment,Eat in,,
2026-06-17,14:48:00,Europe/London,Desserts,Choc Tart,1,Regular,,8.00,0.00,8.00,1.33,T38378219,Counter iPad,,Payment,Eat in,,
2026-06-17,14:48:00,Europe/London,Sides,Bread & Butter,1,Regular,,4.00,0.00,4.00,0.67,T38378219,Counter iPad,,Payment,Takeaway,,
2026-06-17,14:48:00,Europe/London,Drinks,Lager Pint,2,Regular,,12.40,0.00,12.40,2.07,T38378219,Counter iPad,,Payment,Eat in,,
2026-06-17,14:48:00,Europe/London,Drinks,House White 175ml,1,Regular,,7.00,0.00,7.00,1.17,T38378219,Counter iPad,,Payment,Takeaway,,
2026-06-17,14:48:00,Europe/London,Drinks,House Red 175ml,1,Regular,,7.00,0.00,7.00,1.17,T38378219,Counter iPad,,Payment,Eat in,,
2026-06-17,14:48:00,Europe/London,Drinks,Coke,1,Regular,,3.00,0.00,3.00,0.50,T38378219,Counter iPad,,Payment,Eat in,,
2026-06-17,18:25:00,Europe/London,Kids,Kids Burger,1,Regular,,7.50,0.00,7.50,1.25,T20201670,Counter iPad,,Payment,Eat in,C868,Sample Customer 868
2026-06-17,18:25:00,Europe/London,Kids,Kids Ice Cream,1,Regular,,3.50,0.00,3.50,0.58,T20201670,Counter iPad,,Payment,Takeaway,C868,Sample Customer 868
2026-06-17,18:25:00,Europe/London,Mains,Tidewater Burger,1,Regular,,16.50,0.00,16.50,2.75,T20201670,Counter iPad,,Payment,Eat in,C868,Sample Customer 868
2026-06-17,18:25:00,Europe/London,Starters,Pork Belly Bites,1,Regular,,8.00,0.00,8.00,1.33,T20201670,Counter iPad,,Payment,Eat in,C868,Sample Customer 868
2026-06-17,18:25:00,Europe/London,Desserts,Crème Brûlée,1,Regular,,7.50,0.00,7.50,1.25,T20201670,Counter iPad,,Payment,Takeaway,C868,Sample Customer 868
2026-06-17,18:25:00,Europe/London,Mains,Mushroom Risotto,1,Regular,,15.00,0.00,15.00,2.50,T20201670,Counter iPad,,Payment,Takeaway,C868,Sample Customer 868
2026-06-17,18:25:00,Europe/London,Desserts,Sticky Toffee Pudding,1,Regular,,8.00,0.00,8.00,1.33,T20201670,Counter iPad,,Payment,Eat in,C868,Sample Customer 868
2026-06-17,18:25:00,Europe/London,Drinks,Lager Pint,1,Regular,,6.20,0.00,6.20,1.03,T20201670,Counter iPad,,Payment,Eat in,C868,Sample Customer 868
2026-06-17,18:25:00,Europe/London,Drinks,House Red 175ml,1,Regular,,7.00,0.00,7.00,1.17,T20201670,Counter iPad,,Payment,Eat in,C868,Sample Customer 868
2026-06-17,18:27:00,Europe/London,Drinks,House Red 175ml,1,Regular,,0.00,0.00,0.00,0.00,T20201670,Counter iPad,wrong table,Void,Eat in,C868,Sample Customer 868
2026-06-17,18:25:00,Europe/London,Drinks,Coke,1,Regular,,3.00,0.00,3.00,0.50,T20201670,Counter iPad,,Payment,Eat in,C868,Sample Customer 868
2026-06-17,18:25:00,Europe/London,Drinks,Sparkling Water 750ml,1,Regular,,4.00,0.00,4.00,0.67,T20201670,Counter iPad,,Payment,Eat in,C868,Sample Customer 868
2026-06-17,18:25:00,Europe/London,Drinks,Espresso,1,Regular,,2.80,0.00,2.80,0.47,T20201670,Counter iPad,,Payment,Takeaway,C868,Sample Customer 868
2026-06-17,18:25:00,Europe/London,Drinks,Flat White,1,Regular,,3.40,0.00,3.40,0.57,T20201670,Counter iPad,,Payment,Eat in,C868,Sample Customer 868
2026-06-17,18:30:00,Europe/London,Kids,Kids Fish & Chips,1,Regular,,8.00,0.00,8.00,1.33,T33521835,Bar iPad,,Payment,Eat in,C999,Sample Customer 999
2026-06-17,18:30:00,Europe/London,Kids,Kids Ice Cream,2,Regular,,7.00,0.00,7.00,1.17,T33521835,Bar iPad,,Payment,Eat in,C999,Sample Customer 999
2026-06-17,18:30:00,Europe/London,Kids,Kids Burger,1,Regular,,7.50,0.00,7.50,1.25,T33521835,Bar iPad,,Payment,Eat in,C999,Sample Customer 999
2026-06-17,18:30:00,Europe/London,Mains,Lemon Sole (MP),1,Regular,,26.00,0.00,26.00,4.33,T33521835,Bar iPad,,Payment,Eat in,C999,Sample Customer 999
2026-06-17,18:30:00,Europe/London,Desserts,Sticky Toffee Pudding,2,Regular,,16.00,0.00,16.00,2.67,T33521835,Bar iPad,,Payment,Eat in,C999,Sample Customer 999
2026-06-17,18:30:00,Europe/London,Starters,Mackerel Pate,2,Regular,,17.00,0.00,17.00,2.83,T33521835,Bar iPad,,Payment,Eat in,C999,Sample Customer 999
2026-06-17,18:30:00,Europe/London,Mains,Hake,1,Regular,,22.00,0.00,22.00,3.67,T33521835,Bar iPad,,Payment,Eat in,C999,Sample Customer 999
2026-06-17,18:30:00,Europe/London,Sides,Fries,2,Regular,,9.00,0.00,9.00,1.50,T33521835,Bar iPad,,Payment,Takeaway,C999,Sample Customer 999
2026-06-17,18:30:00,Europe/London,Mains,Steak Frites,1,Regular,,24.00,0.00,24.00,4.00,T33521835,Bar iPad,,Payment,Eat in,C999,Sample Customer 999
2026-06-17,18:30:00,Europe/London,Sides,Peppercorn Sauce,1,Regular,,3.00,0.00,3.00,0.50,T33521835,Bar iPad,,Payment,Eat in,C999,Sample Customer 999
2026-06-17,18:30:00,Europe/London,Drinks,Lager Pint,4,Regular,,24.80,0.00,24.80,4.13,T33521835,Bar iPad,,Payment,Eat in,C999,Sample Customer 999
2026-06-17,18:30:00,Europe/London,Drinks,House White 175ml,2,Regular,,14.00,0.00,14.00,2.33,T33521835,Bar iPad,,Payment,Eat in,C999,Sample Customer 999
2026-06-17,18:30:00,Europe/London,Drinks,House Red 175ml,1,Regular,,7.00,0.00,7.00,1.17,T33521835,Bar iPad,,Payment,Eat in,C999,Sample Customer 999
2026-06-17,18:30:00,Europe/London,Drinks,Coke,1,Regular,,3.00,0.00,3.00,0.50,T33521835,Bar iPad,,Payment,Takeaway,C999,Sample Customer 999
2026-06-17,18:30:00,Europe/London,Drinks,Sparkling Water 750ml,1,Regular,,4.00,0.00,4.00,0.67,T33521835,Bar iPad,,Payment,Takeaway,C999,Sample Customer 999
2026-06-17,18:30:00,Europe/London,Drinks,Espresso,2,Regular,,5.60,0.00,5.60,0.93,T33521835,Bar iPad,,Payment,Takeaway,C999,Sample Customer 999
2026-06-17,18:30:00,Europe/London,Drinks,Flat White,1,Regular,,3.40,0.00,3.40,0.57,T33521835,Bar iPad,,Payment,Eat in,C999,Sample Customer 999
2026-06-17,18:34:00,Europe/London,Starters,Pork Belly Bites,1,Regular,,8.00,0.00,8.00,1.33,T10724859,Counter iPad,,Payment,Eat in,,
2026-06-17,18:34:00,Europe/London,Mains,Tidewater Burger,2,Regular,,33.00,0.00,33.00,5.50,T10724859,Counter iPad,,Payment,Eat in,,
2026-06-17,18:34:00,Europe/London,Desserts,Crème Brûlée,2,Regular,,15.00,0.00,15.00,2.50,T10724859,Counter iPad,,Payment,Eat in,,
2026-06-17,18:34:00,Europe/London,Mains,Fish & Chips,1,Regular,,17.50,0.00,17.50,2.92,T10724859,Counter iPad,,Payment,Eat in,,
2026-06-17,18:34:00,Europe/London,Desserts,Sticky Toffee Pudding,1,Regular,,8.00,0.00,8.00,1.33,T10724859,Counter iPad,,Payment,Eat in,,
2026-06-17,18:34:00,Europe/London,Starters,Mackerel Pate,1,Regular,,8.50,0.00,8.50,1.42,T10724859,Counter iPad,,Payment,Eat in,,
2026-06-17,18:34:00,Europe/London,Mains,Steak Frites,1,Regular,,24.00,0.00,24.00,4.00,T10724859,Counter iPad,,Payment,Takeaway,,
2026-06-17,18:34:00,Europe/London,Sides,Peppercorn Sauce,1,Regular,,3.00,0.00,3.00,0.50,T10724859,Counter iPad,,Payment,Eat in,,
2026-06-17,18:34:00,Europe/London,Sides,Tenderstem,1,Regular,,5.00,0.00,5.00,0.83,T10724859,Counter iPad,,Payment,Eat in,,
2026-06-17,18:34:00,Europe/London,Drinks,Lager Pint,2,Regular,,12.40,0.00,12.40,2.07,T10724859,Counter iPad,,Payment,Eat in,,
2026-06-17,18:34:00,Europe/London,Drinks,House White 175ml,1,Regular,,7.00,0.00,7.00,1.17,T10724859,Counter iPad,,Payment,Eat in,,
2026-06-17,18:34:00,Europe/London,Drinks,Coke,1,Regular,,3.00,0.00,3.00,0.50,T10724859,Counter iPad,,Payment,Eat in,,
2026-06-17,18:34:00,Europe/London,Drinks,Espresso,1,Regular,,2.80,0.00,2.80,0.47,T10724859,Counter iPad,,Payment,Takeaway,,
2026-06-17,18:34:00,Europe/London,Drinks,Flat White,1,Regular,,3.40,0.00,3.40,0.57,T10724859,Counter iPad,,Payment,Eat in,,
2026-06-17,20:06:00,Europe/London,Starters,Soup of the Day,1,Regular,,7.00,0.00,7.00,1.17,T58669643,Bar iPad,,Payment,Eat in,,
2026-06-17,20:06:00,Europe/London,Mains,Chicken Supreme,1,Regular,,19.00,0.00,19.00,3.17,T58669643,Bar iPad,,Payment,Takeaway,,
2026-06-17,20:06:00,Europe/London,Desserts,Creme Brulee,1,Regular,,7.50,0.00,7.50,1.25,T58669643,Bar iPad,,Payment,Eat in,,
2026-06-17,20:06:00,Europe/London,Mains,Mushroom Risotto,1,Regular,,15.00,0.00,15.00,2.50,T58669643,Bar iPad,,Payment,Takeaway,,
2026-06-17,20:06:00,Europe/London,Desserts,Choc Tart,1,Regular,,8.00,0.00,8.00,1.33,T58669643,Bar iPad,,Payment,Takeaway,,
2026-06-17,20:06:00,Europe/London,Drinks,Lager Pint,1,Regular,,6.20,0.00,6.20,1.03,T58669643,Bar iPad,,Payment,Eat in,,
2026-06-17,20:08:00,Europe/London,Drinks,Lager Pint,1,Regular,,0.00,0.00,0.00,0.00,T58669643,Bar iPad,wrong table,Void,Eat in,,
2026-06-17,20:06:00,Europe/London,Drinks,House White 175ml,1,Regular,,7.00,0.00,7.00,1.17,T58669643,Bar iPad,,Payment,Eat in,,
2026-06-17,20:06:00,Europe/London,Drinks,Sparkling Water 750ml,1,Regular,,4.00,0.00,4.00,0.67,T58669643,Bar iPad,,Payment,Eat in,,
2026-06-17,22:01:00,Europe/London,Mains,Chicken Supreme,1,Regular,,19.00,0.00,19.00,3.17,T66493824,Counter iPad,,Payment,Eat in,,
2026-06-17,22:01:00,Europe/London,Mains,Mushroom Risotto,1,Regular,,15.00,0.00,15.00,2.50,T66493824,Counter iPad,,Payment,Eat in,,
2026-06-17,22:01:00,Europe/London,Drinks,Lager Pint,1,Regular,,6.20,0.00,6.20,1.03,T66493824,Counter iPad,,Payment,Takeaway,,
2026-06-17,22:01:00,Europe/London,Drinks,House White 175ml,1,Regular,,7.00,0.00,7.00,1.17,T66493824,Counter iPad,,Payment,Eat in,,
2026-06-17,22:01:00,Europe/London,Drinks,House Red 175ml,2,Regular,,14.00,0.00,14.00,2.33,T66493824,Counter iPad,,Payment,Eat in,,
2026-06-17,22:01:00,Europe/London,Drinks,Coke,2,Regular,,6.00,0.00,6.00,1.00,T66493824,Counter iPad,,Payment,Eat in,,
2026-06-17,22:01:00,Europe/London,Drinks,Espresso,1,Regular,,2.80,0.00,2.80,0.47,T66493824,Counter iPad,,Payment,Takeaway,,
2026-06-17,22:36:00,Europe/London,Kids,Kids Burger,1,Regular,,7.50,0.00,7.50,1.25,T93360420,Counter iPad,,Payment,Eat in,,
2026-06-17,22:36:00,Europe/London,Kids,Kids Ice Cream,2,Regular,,7.00,0.00,7.00,1.17,T93360420,Counter iPad,,Payment,Takeaway,,
2026-06-17,22:36:00,Europe/London,Kids,Kids Fish & Chips,1,Regular,,8.00,0.00,8.00,1.33,T93360420,Counter iPad,,Payment,Eat in,,
2026-06-17,22:36:00,Europe/London,Desserts,Sticky Toffee Pudding,1,Regular,,8.00,0.00,8.00,1.33,T93360420,Counter iPad,,Payment,Eat in,,
2026-06-17,22:36:00,Europe/London,Starters,Burrata,1,Regular,,10.00,0.00,10.00,1.67,T93360420,Counter iPad,,Payment,Eat in,,
2026-06-17,22:36:00,Europe/London,Mains,Fish & Chips,1,Small,,13.00,0.00,13.00,2.17,T93360420,Counter iPad,,Payment,Eat in,,
2026-06-17,22:36:00,Europe/London,Drinks,Lager Pint,3,Regular,,18.60,0.00,18.60,3.10,T93360420,Counter iPad,,Payment,Eat in,,
2026-06-17,23:01:00,Europe/London,Starters,Salt & Pepper Squid,1,Regular,,9.50,0.00,9.50,1.58,T18376280,Counter iPad,,Payment,Eat in,,
2026-06-17,23:01:00,Europe/London,Mains,Steak Frites,1,Regular,,24.00,0.00,24.00,4.00,T18376280,Counter iPad,,Payment,Takeaway,,
2026-06-17,23:01:00,Europe/London,Sides,Peppercorn Sauce,1,Regular,,3.00,0.00,3.00,0.50,T18376280,Counter iPad,,Payment,Eat in,,
2026-06-17,23:01:00,Europe/London,Sides,Bread & Butter,1,Regular,,4.00,0.00,4.00,0.67,T18376280,Counter iPad,,Payment,Eat in,,
2026-06-17,23:01:00,Europe/London,Drinks,Lager Pint,1,Regular,,6.20,0.00,6.20,1.03,T18376280,Counter iPad,,Payment,Eat in,,
2026-06-17,23:01:00,Europe/London,Drinks,Flat White,1,Regular,,3.40,0.00,3.40,0.57,T18376280,Counter iPad,,Payment,Takeaway,,
2026-06-18,12:27:00,Europe/London,Mains,Fish & Chips,1,Small,,13.00,0.00,13.00,2.17,T82936748,Counter iPad,,Payment,Eat in,,
2026-06-18,12:27:00,Europe/London,Starters,Rock Oysters,1,x6,,16.00,0.00,16.00,2.67,T82936748,Counter iPad,,Payment,Eat in,,
2026-06-18,12:27:00,Europe/London,Mains,Chicken Supreme,1,Regular,,19.00,0.00,19.00,3.17,T82936748,Counter iPad,,Payment,Eat in,,
2026-06-18,12:27:00,Europe/London,Sides,Truffle Fries,1,Regular,,6.00,0.00,6.00,1.00,T82936748,Counter iPad,,Payment,Eat in,,
2026-06-18,12:27:00,Europe/London,Sides,Bread & Butter,1,Regular,,4.00,0.00,4.00,0.67,T82936748,Counter iPad,,Payment,Eat in,,
2026-06-18,12:27:00,Europe/London,Drinks,Lager Pint,1,Regular,,6.20,0.00,6.20,1.03,T82936748,Counter iPad,,Payment,Eat in,,
2026-06-18,12:29:00,Europe/London,Drinks,Lager Pint,1,Regular,,0.00,0.00,0.00,0.00,T82936748,Counter iPad,wrong table,Void,Eat in,,
2026-06-18,12:27:00,Europe/London,Drinks,House Red 175ml,2,Regular,,14.00,0.00,14.00,2.33,T82936748,Counter iPad,,Payment,Takeaway,,
2026-06-18,12:27:00,Europe/London,Drinks,Sparkling Water 750ml,1,Regular,,4.00,0.00,4.00,0.67,T82936748,Counter iPad,,Payment,Eat in,,
2026-06-18,12:32:00,Europe/London,Kids,Kids Burger,2,Regular,,15.00,0.00,15.00,2.50,T23771364,Counter iPad,,Payment,Eat in,,
2026-06-18,12:32:00,Europe/London,Kids,Kids Ice Cream,2,Regular,,7.00,0.00,7.00,1.17,T23771364,Counter iPad,,Payment,Eat in,,
2026-06-18,12:32:00,Europe/London,Set Menu,Set Lunch - 2 Courses,1,Regular,"Soup of the Day, Mushroom Risotto",20.00,0.00,20.00,3.33,T23771364,Counter iPad,,Payment,Takeaway,,
2026-06-18,12:32:00,Europe/London,Starters,Mackerel Pate,1,Regular,,8.50,0.00,8.50,1.42,T23771364,Counter iPad,,Payment,Eat in,,
2026-06-18,12:32:00,Europe/London,Mains,Lemon Sole (MP),1,Regular,,26.00,0.00,26.00,4.33,T23771364,Counter iPad,,Payment,Takeaway,,
2026-06-18,12:32:00,Europe/London,Sides,Chips,1,Regular,,4.50,0.00,4.50,0.75,T23771364,Counter iPad,,Payment,Eat in,,
2026-06-18,12:32:00,Europe/London,Drinks,Lager Pint,3,Regular,,18.60,0.00,18.60,3.10,T23771364,Counter iPad,,Payment,Takeaway,,
2026-06-18,12:32:00,Europe/London,Drinks,House White 175ml,1,Regular,,7.00,0.00,7.00,1.17,T23771364,Counter iPad,,Payment,Eat in,,
2026-06-18,12:32:00,Europe/London,Drinks,House Red 175ml,1,Regular,,7.00,0.00,7.00,1.17,T23771364,Counter iPad,,Payment,Eat in,,
2026-06-18,12:32:00,Europe/London,Drinks,Espresso,1,Regular,,2.80,0.00,2.80,0.47,T23771364,Counter iPad,,Payment,Takeaway,,
2026-06-18,12:32:00,Europe/London,Drinks,Flat White,1,Regular,,3.40,0.00,3.40,0.57,T23771364,Counter iPad,,Payment,Eat in,,
2026-06-18,16:30:00,Europe/London,Other,Staff Meal,1,Regular,Fish & Chips,10.00,-10.00,0.00,0.00,T45421337,Counter iPad,,Payment,Eat in,,
2026-06-18,13:07:00,Europe/London,Starters,Burrata,1,Regular,,10.00,0.00,10.00,1.67,T53703876,Counter iPad,,Payment,Takeaway,,
2026-06-18,13:07:00,Europe/London,Mains,Tidewater Burger,1,Regular,,16.50,0.00,16.50,2.75,T53703876,Counter iPad,,Payment,Eat in,,
2026-06-18,13:07:00,Europe/London,Sides,Truffle Fries,1,Regular,,6.00,0.00,6.00,1.00,T53703876,Counter iPad,,Payment,Eat in,,
2026-06-18,13:07:00,Europe/London,Set Menu,Set Lunch - 3 Courses,1,Regular,"Mackerel Pate, Fish & Chips (Small), Sticky Toffee Pudding",25.00,0.00,25.00,4.17,T53703876,Counter iPad,,Payment,Eat in,,
2026-06-18,13:07:00,Europe/London,Drinks,House Red 175ml,1,Regular,,7.00,0.00,7.00,1.17,T53703876,Counter iPad,,Payment,Eat in,,
2026-06-18,13:07:00,Europe/London,Drinks,Coke,1,Regular,,3.00,0.00,3.00,0.50,T53703876,Counter iPad,,Payment,Eat in,,
2026-06-18,13:07:00,Europe/London,Drinks,Sparkling Water 750ml,1,Regular,,4.00,0.00,4.00,0.67,T53703876,Counter iPad,,Payment,Eat in,,
2026-06-18,13:42:00,Europe/London,Mains,Tidewater Burger,1,Regular,,16.50,0.00,16.50,2.75,T82119938,Counter iPad,,Payment,Eat in,,
2026-06-18,13:42:00,Europe/London,Sides,Chips,1,Regular,,4.50,0.00,4.50,0.75,T82119938,Counter iPad,,Payment,Takeaway,,
2026-06-18,13:42:00,Europe/London,Starters,Rock Oysters,1,x3,,9.00,0.00,9.00,1.50,T82119938,Counter iPad,,Payment,Eat in,,
2026-06-18,13:42:00,Europe/London,Mains,Mushroom Risotto,1,Regular,,15.00,0.00,15.00,2.50,T82119938,Counter iPad,,Payment,Eat in,,
2026-06-18,13:42:00,Europe/London,Drinks,House Red 175ml,1,Regular,,7.00,0.00,7.00,1.17,T82119938,Counter iPad,,Payment,Eat in,,
2026-06-18,13:42:00,Europe/London,Drinks,Coke,1,Regular,,3.00,0.00,3.00,0.50,T82119938,Counter iPad,,Payment,Eat in,,
2026-06-18,14:18:00,Europe/London,Starters,Salt & Pepper Squid,1,Regular,,9.50,0.00,9.50,1.58,T79296789,Bar iPad,,Payment,Eat in,,
2026-06-18,14:18:00,Europe/London,Mains,Hake,1,Regular,,22.00,0.00,22.00,3.67,T79296789,Bar iPad,,Payment,Takeaway,,
2026-06-18,14:18:00,Europe/London,Sides,Fries,2,Regular,,9.00,0.00,9.00,1.50,T79296789,Bar iPad,,Payment,Eat in,,
2026-06-18,14:18:00,Europe/London,Mains,Chicken Supreme,1,Regular,,19.00,0.00,19.00,3.17,T79296789,Bar iPad,,Payment,Eat in,,
2026-06-18,14:18:00,Europe/London,Sides,Truffle Fries,1,Regular,,6.00,0.00,6.00,1.00,T79296789,Bar iPad,,Payment,Eat in,,
2026-06-18,14:18:00,Europe/London,Desserts,Affogato,1,Regular,,6.00,0.00,6.00,1.00,T79296789,Bar iPad,,Payment,Eat in,,
2026-06-18,14:18:00,Europe/London,Drinks,Lager Pint,2,Regular,,12.40,0.00,12.40,2.07,T79296789,Bar iPad,,Payment,Eat in,,
2026-06-18,14:18:00,Europe/London,Drinks,House White 175ml,1,Regular,,7.00,0.00,7.00,1.17,T79296789,Bar iPad,,Payment,Eat in,,
2026-06-18,14:18:00,Europe/London,Drinks,Coke,2,Regular,,6.00,0.00,6.00,1.00,T79296789,Bar iPad,,Payment,Eat in,,
2026-06-18,14:18:00,Europe/London,Drinks,Sparkling Water 750ml,1,Regular,,4.00,0.00,4.00,0.67,T79296789,Bar iPad,,Payment,Eat in,,
2026-06-18,14:18:00,Europe/London,Drinks,Espresso,1,Regular,,2.80,0.00,2.80,0.47,T79296789,Bar iPad,,Payment,Eat in,,
2026-06-18,14:34:00,Europe/London,Kids,Kids Burger,1,Regular,,7.50,0.00,7.50,1.25,T75268569,Counter iPad,,Payment,Takeaway,,
2026-06-18,14:34:00,Europe/London,Starters,Mackerel Pate,1,Regular,,8.50,0.00,8.50,1.42,T75268569,Counter iPad,,Payment,Eat in,,
2026-06-18,14:34:00,Europe/London,Mains,Fish & Chips,1,Small,,13.00,0.00,13.00,2.17,T75268569,Counter iPad,,Payment,Eat in,,
2026-06-18,14:34:00,Europe/London,Desserts,Sticky Toffee Pudding,1,Regular,,8.00,0.00,8.00,1.33,T75268569,Counter iPad,,Payment,Eat in,,
2026-06-18,14:34:00,Europe/London,Set Menu,Set Lunch - 3 Courses,1,Regular,"Mackerel Pate, Mushroom Risotto, Kids Ice Cream",25.00,0.00,25.00,4.17,T75268569,Counter iPad,,Payment,Eat in,,
2026-06-18,14:34:00,Europe/London,Mains,Steak Frites,1,Regular,,24.00,0.00,24.00,4.00,T75268569,Counter iPad,,Payment,Eat in,,
2026-06-18,14:34:00,Europe/London,Sides,Peppercorn Sauce,1,Regular,,3.00,0.00,3.00,0.50,T75268569,Counter iPad,,Payment,Eat in,,
2026-06-18,14:34:00,Europe/London,Drinks,Lager Pint,3,Regular,,18.60,0.00,18.60,3.10,T75268569,Counter iPad,,Payment,Takeaway,,
2026-06-18,14:34:00,Europe/London,Drinks,House White 175ml,2,Regular,,14.00,0.00,14.00,2.33,T75268569,Counter iPad,,Payment,Eat in,,
2026-06-18,14:34:00,Europe/London,Drinks,House Red 175ml,1,Regular,,7.00,0.00,7.00,1.17,T75268569,Counter iPad,,Payment,Eat in,,
2026-06-18,14:34:00,Europe/London,Drinks,Flat White,1,Regular,,3.40,0.00,3.40,0.57,T75268569,Counter iPad,,Payment,Eat in,,
2026-06-18,18:31:00,Europe/London,Starters,Pork Belly Bites,2,Regular,,16.00,0.00,16.00,2.67,T66765737,Counter iPad,,Payment,Eat in,,
2026-06-18,18:31:00,Europe/London,Mains,SPECIAL - Crab Linguine,1,Regular,,18.00,0.00,18.00,3.00,T66765737,Counter iPad,,Payment,Eat in,,
2026-06-18,18:31:00,Europe/London,Sides,Chips,1,Regular,,4.50,0.00,4.50,0.75,T66765737,Counter iPad,,Payment,Takeaway,,
2026-06-18,18:31:00,Europe/London,Desserts,Sticky Toffee Pudding,1,Regular,,8.00,0.00,8.00,1.33,T66765737,Counter iPad,,Payment,Eat in,,
2026-06-18,18:31:00,Europe/London,Mains,Fish & Chips,1,Regular,,17.50,0.00,17.50,2.92,T66765737,Counter iPad,,Payment,Takeaway,,
2026-06-18,18:31:00,Europe/London,Desserts,Crème Brûlée,1,Regular,,7.50,0.00,7.50,1.25,T66765737,Counter iPad,,Payment,Eat in,,
2026-06-18,18:31:00,Europe/London,Sides,Bread & Butter,1,Regular,,4.00,0.00,4.00,0.67,T66765737,Counter iPad,,Payment,Takeaway,,
2026-06-18,18:31:00,Europe/London,Drinks,Lager Pint,2,Regular,,12.40,0.00,12.40,2.07,T66765737,Counter iPad,,Payment,Eat in,,
2026-06-18,18:31:00,Europe/London,Drinks,House White 175ml,1,Regular,,7.00,0.00,7.00,1.17,T66765737,Counter iPad,,Payment,Eat in,,
2026-06-18,18:31:00,Europe/London,Drinks,Coke,1,Regular,,3.00,0.00,3.00,0.50,T66765737,Counter iPad,,Payment,Eat in,,
2026-06-18,18:31:00,Europe/London,Drinks,Flat White,1,Regular,,3.40,0.00,3.40,0.57,T66765737,Counter iPad,,Payment,Takeaway,,
2026-06-18,19:25:00,Europe/London,Mains,Burger,1,Regular,"Add Bacon, Add Cheese",16.50,0.00,16.50,2.75,T28080863,Bar iPad,,Payment,Takeaway,,
2026-06-18,19:25:00,Europe/London,Sides,Fries,1,Regular,,4.50,0.00,4.50,0.75,T28080863,Bar iPad,,Payment,Eat in,,
2026-06-18,19:25:00,Europe/London,Sides,Bread & Butter,1,Regular,,4.00,0.00,4.00,0.67,T28080863,Bar iPad,,Payment,Eat in,,
2026-06-18,19:25:00,Europe/London,Drinks,Lager Pint,1,Regular,,6.20,0.00,6.20,1.03,T28080863,Bar iPad,,Payment,Eat in,,
2026-06-18,19:30:00,Europe/London,Mains,Hake,1,Regular,,22.00,0.00,22.00,3.67,T91757350,Counter iPad,,Payment,Takeaway,,
2026-06-18,19:32:00,Europe/London,Mains,Hake,1,Regular,,0.00,0.00,0.00,0.00,T91757350,Counter iPad,wrong table,Void,Eat in,,
2026-06-18,19:30:00,Europe/London,Desserts,Crème Brûlée,1,Regular,,7.50,0.00,7.50,1.25,T91757350,Counter iPad,,Payment,Eat in,,
2026-06-18,19:30:00,Europe/London,Desserts,Sticky Toffee Pudding,1,Regular,,8.00,0.00,8.00,1.33,T91757350,Counter iPad,,Payment,Eat in,,
2026-06-18,19:30:00,Europe/London,Drinks,Coke,1,Regular,,3.00,0.00,3.00,0.50,T91757350,Counter iPad,,Payment,Eat in,,
2026-06-18,19:30:00,Europe/London,Drinks,Sparkling Water 750ml,2,Regular,,8.00,0.00,8.00,1.33,T91757350,Counter iPad,,Payment,Eat in,,
2026-06-18,19:49:00,Europe/London,Starters,Soup of the Day,1,Regular,,7.00,0.00,7.00,1.17,T46453616,Counter iPad,,Payment,Eat in,,
2026-06-18,19:49:00,Europe/London,Sides,Truffle Fries,1,Regular,,6.00,0.00,6.00,1.00,T46453616,Counter iPad,,Payment,Eat in,,
2026-06-18,19:49:00,Europe/London,Starters,Mackerel Pate,1,Regular,,8.50,0.00,8.50,1.42,T46453616,Counter iPad,,Payment,Eat in,,
2026-06-18,19:49:00,Europe/London,Mains,Fish & Chips,1,Small,,13.00,0.00,13.00,2.17,T46453616,Counter iPad,,Payment,Eat in,,
2026-06-18,19:49:00,Europe/London,Drinks,Lager Pint,1,Regular,,6.20,0.00,6.20,1.03,T46453616,Counter iPad,,Payment,Eat in,,
2026-06-18,19:49:00,Europe/London,Drinks,House White 175ml,1,Regular,,7.00,0.00,7.00,1.17,T46453616,Counter iPad,,Payment,Eat in,,
2026-06-18,20:04:00,Europe/London,Mains,Fish & Chips,2,Regular,,35.00,0.00,35.00,5.83,T40096154,Bar iPad,,Payment,Eat in,,
2026-06-18,20:04:00,Europe/London,Desserts,Creme Brulee,1,Regular,,7.50,0.00,7.50,1.25,T40096154,Bar iPad,,Payment,Eat in,,
2026-06-18,20:04:00,Europe/London,Starters,Pork Belly Bites,1,Regular,,8.00,0.00,8.00,1.33,T40096154,Bar iPad,,Payment,Eat in,,
2026-06-18,20:04:00,Europe/London,Desserts,Cheeseboard,1,5,,16.00,0.00,16.00,2.67,T40096154,Bar iPad,,Payment,Eat in,,
2026-06-18,20:04:00,Europe/London,Mains,Steak Frites,1,Regular,,24.00,0.00,24.00,4.00,T40096154,Bar iPad,,Payment,Eat in,,
2026-06-18,20:04:00,Europe/London,Sides,House Salad,1,Regular,,4.50,0.00,4.50,0.75,T40096154,Bar iPad,,Payment,Eat in,,
2026-06-18,20:04:00,Europe/London,Drinks,Lager Pint,2,Regular,,12.40,0.00,12.40,2.07,T40096154,Bar iPad,,Payment,Eat in,,
2026-06-18,20:04:00,Europe/London,Drinks,House Red 175ml,1,Regular,,7.00,0.00,7.00,1.17,T40096154,Bar iPad,,Payment,Eat in,,
2026-06-18,20:04:00,Europe/London,Drinks,Coke,1,Regular,,3.00,0.00,3.00,0.50,T40096154,Bar iPad,,Payment,Takeaway,,
2026-06-18,20:06:00,Europe/London,Mains,Fish & Chips,1,Regular,,17.50,0.00,17.50,2.92,T36465208,Counter iPad,,Payment,Eat in,,
2026-06-18,20:06:00,Europe/London,Sides,House Salad,1,Regular,,4.50,0.00,4.50,0.75,T36465208,Counter iPad,,Payment,Eat in,,
2026-06-18,20:06:00,Europe/London,Desserts,Choc Tart,1,Regular,,8.00,0.00,8.00,1.33,T36465208,Counter iPad,,Payment,Takeaway,,
2026-06-18,20:06:00,Europe/London,Drinks,Lager Pint,1,Regular,,6.20,0.00,6.20,1.03,T36465208,Counter iPad,,Payment,Eat in,,
2026-06-18,20:06:00,Europe/London,Drinks,House White 175ml,1,Regular,,7.00,0.00,7.00,1.17,T36465208,Counter iPad,,Payment,Eat in,,
2026-06-18,20:06:00,Europe/London,Drinks,Flat White,1,Regular,,3.40,0.00,3.40,0.57,T36465208,Counter iPad,,Payment,Eat in,,
2026-06-18,20:16:00,Europe/London,Starters,Soup of the Day,1,Regular,,7.00,0.00,7.00,1.17,T51604485,Counter iPad,,Payment,Eat in,C408,Sample Customer 408
2026-06-18,20:16:00,Europe/London,Mains,Fish & Chips,1,Regular,,17.50,0.00,17.50,2.92,T51604485,Counter iPad,,Payment,Takeaway,C408,Sample Customer 408
2026-06-18,20:16:00,Europe/London,Drinks,Lager Pint,1,Regular,,6.20,0.00,6.20,1.03,T51604485,Counter iPad,,Payment,Eat in,C408,Sample Customer 408
2026-06-18,20:23:00,Europe/London,Kids,Kids Fish & Chips,1,Regular,,8.00,0.00,8.00,1.33,T21711840,Counter iPad,,Payment,Eat in,,
2026-06-18,20:23:00,Europe/London,Kids,Kids Ice Cream,1,Regular,,3.50,0.00,3.50,0.58,T21711840,Counter iPad,,Payment,Eat in,,
2026-06-18,20:23:00,Europe/London,Starters,Soup of the Day,1,Regular,,7.00,0.00,7.00,1.17,T21711840,Counter iPad,,Payment,Eat in,,
2026-06-18,20:23:00,Europe/London,Mains,Fish & Chips,1,Regular,,17.50,0.00,17.50,2.92,T21711840,Counter iPad,,Payment,Eat in,,
2026-06-18,20:23:00,Europe/London,Mains,Tidewater Burger,1,Regular,,16.50,0.00,16.50,2.75,T21711840,Counter iPad,,Payment,Eat in,,
2026-06-18,20:23:00,Europe/London,Starters,Pork Belly Bites,1,Regular,,8.00,0.00,8.00,1.33,T21711840,Counter iPad,,Payment,Eat in,,
2026-06-18,20:23:00,Europe/London,Mains,Chicken Supreme,1,Regular,,19.00,0.00,19.00,3.17,T21711840,Counter iPad,,Payment,Eat in,,
2026-06-18,20:23:00,Europe/London,Sides,Truffle Fries,1,Regular,,6.00,0.00,6.00,1.00,T21711840,Counter iPad,,Payment,Takeaway,,
2026-06-18,20:23:00,Europe/London,Sides,Bread & Butter,1,Regular,,4.00,0.00,4.00,0.67,T21711840,Counter iPad,,Payment,Eat in,,
2026-06-18,20:23:00,Europe/London,Drinks,Lager Pint,3,Regular,,18.60,0.00,18.60,3.10,T21711840,Counter iPad,,Payment,Eat in,,
2026-06-18,20:23:00,Europe/London,Drinks,House White 175ml,1,Regular,,7.00,0.00,7.00,1.17,T21711840,Counter iPad,,Payment,Eat in,,
2026-06-18,20:23:00,Europe/London,Drinks,House Red 175ml,2,Regular,,14.00,0.00,14.00,2.33,T21711840,Counter iPad,,Payment,Eat in,,
2026-06-18,20:23:00,Europe/London,Drinks,Sparkling Water 750ml,2,Regular,,8.00,0.00,8.00,1.33,T21711840,Counter iPad,,Payment,Eat in,,
2026-06-18,20:55:00,Europe/London,Mains,Tidewater Burger,2,Regular,,33.00,0.00,33.00,5.50,T44791265,Counter iPad,,Payment,Eat in,,
2026-06-18,20:55:00,Europe/London,Sides,Bread & Butter,1,Regular,,4.00,0.00,4.00,0.67,T44791265,Counter iPad,,Payment,Takeaway,,
2026-06-18,20:55:00,Europe/London,Drinks,Lager Pint,2,Regular,,12.40,0.00,12.40,2.07,T44791265,Counter iPad,,Payment,Takeaway,,
2026-06-18,20:55:00,Europe/London,Drinks,House White 175ml,1,Regular,,7.00,0.00,7.00,1.17,T44791265,Counter iPad,,Payment,Takeaway,,
2026-06-18,20:55:00,Europe/London,Drinks,Espresso,1,Regular,,2.80,0.00,2.80,0.47,T44791265,Counter iPad,,Payment,Eat in,,
2026-06-18,21:53:00,Europe/London,Mains,Tidewater Burger,1,Regular,Add Cheese,16.50,0.00,16.50,2.75,T12377424,Counter iPad,,Payment,Eat in,,
2026-06-18,21:53:00,Europe/London,Desserts,Cheeseboard,1,5,,16.00,0.00,16.00,2.67,T12377424,Counter iPad,,Payment,Takeaway,,
2026-06-18,21:53:00,Europe/London,Starters,Soup of the Day,1,Regular,,7.00,0.00,7.00,1.17,T12377424,Counter iPad,,Payment,Eat in,,
2026-06-18,21:53:00,Europe/London,Mains,Mushroom Risotto,1,Regular,,15.00,0.00,15.00,2.50,T12377424,Counter iPad,,Payment,Eat in,,
2026-06-18,21:53:00,Europe/London,Drinks,House Red 175ml,1,Regular,,7.00,0.00,7.00,1.17,T12377424,Counter iPad,,Payment,Eat in,,
2026-06-18,21:53:00,Europe/London,Drinks,Coke,1,Regular,,3.00,0.00,3.00,0.50,T12377424,Counter iPad,,Payment,Eat in,,
2026-06-18,22:37:00,Europe/London,Mains,Tidewater Burger,1,Regular,Add Bacon,16.50,0.00,16.50,2.75,T30471185,Counter iPad,,Payment,Eat in,,
2026-06-18,22:37:00,Europe/London,Sides,Chips,1,Regular,,4.50,0.00,4.50,0.75,T30471185,Counter iPad,,Payment,Eat in,,
2026-06-18,22:37:00,Europe/London,Mains,Fish & Chips,1,Regular,,17.50,0.00,17.50,2.92,T30471185,Counter iPad,,Payment,Takeaway,,
2026-06-18,22:37:00,Europe/London,Sides,Truffle Fries,1,Regular,,6.00,0.00,6.00,1.00,T30471185,Counter iPad,,Payment,Takeaway,,
2026-06-18,22:37:00,Europe/London,Drinks,Sparkling Water 750ml,1,Regular,,4.00,0.00,4.00,0.67,T30471185,Counter iPad,,Payment,Eat in,,
2026-06-18,22:38:00,Europe/London,Mains,Chicken Supreme,1,Regular,,19.00,0.00,19.00,3.17,T72316825,Counter iPad,,Payment,Takeaway,,
2026-06-18,22:38:00,Europe/London,Starters,Salt & Pepper Squid,1,Regular,,9.50,0.00,9.50,1.58,T72316825,Counter iPad,,Payment,Takeaway,,
2026-06-18,22:38:00,Europe/London,Mains,Mushroom Risotto,1,Regular,,15.00,0.00,15.00,2.50,T72316825,Counter iPad,,Payment,Takeaway,,
2026-06-18,22:38:00,Europe/London,Sides,Bread & Butter,1,Regular,,4.00,0.00,4.00,0.67,T72316825,Counter iPad,,Payment,Eat in,,
2026-06-18,22:38:00,Europe/London,Drinks,House Red 175ml,1,Regular,,7.00,0.00,7.00,1.17,T72316825,Counter iPad,,Payment,Eat in,,
2026-06-18,22:38:00,Europe/London,Drinks,Coke,1,Regular,,3.00,0.00,3.00,0.50,T72316825,Counter iPad,,Payment,Eat in,,
2026-06-18,22:50:00,Europe/London,Starters,Pork Belly Bites,2,Regular,,16.00,0.00,16.00,2.67,T42383637,Counter iPad,,Payment,Takeaway,,
2026-06-18,22:50:00,Europe/London,Mains,Tidewater Burger,1,Regular,Add Cheese,16.50,0.00,16.50,2.75,T42383637,Counter iPad,,Payment,Eat in,,
2026-06-18,22:50:00,Europe/London,Sides,Chips,2,Regular,,9.00,0.00,9.00,1.50,T42383637,Counter iPad,,Payment,Eat in,,
2026-06-18,22:50:00,Europe/London,Mains,Fish & Chips,1,Regular,,17.50,0.00,17.50,2.92,T42383637,Counter iPad,,Payment,Takeaway,,
2026-06-18,22:50:00,Europe/London,Sides,Truffle Fries,1,Regular,,6.00,0.00,6.00,1.00,T42383637,Counter iPad,,Payment,Eat in,,
2026-06-18,22:50:00,Europe/London,Mains,Mushroom Risotto,1,Regular,,15.00,0.00,15.00,2.50,T42383637,Counter iPad,,Payment,Eat in,,
2026-06-18,22:50:00,Europe/London,Desserts,Choc Tart,1,Regular,,8.00,-8.00,0.00,0.00,T42383637,Counter iPad,comp - long wait,Payment,Eat in,,
2026-06-18,22:50:00,Europe/London,Sides,Bread & Butter,1,Regular,,4.00,0.00,4.00,0.67,T42383637,Counter iPad,,Payment,Takeaway,,
2026-06-18,22:50:00,Europe/London,Drinks,Lager Pint,2,Regular,,12.40,0.00,12.40,2.07,T42383637,Counter iPad,,Payment,Eat in,,
2026-06-18,22:50:00,Europe/London,Drinks,Espresso,1,Regular,,2.80,0.00,2.80,0.47,T42383637,Counter iPad,,Payment,Eat in,,
2026-06-18,23:19:00,Europe/London,Starters,Soup of the Day,1,Regular,,7.00,0.00,7.00,1.17,T88603516,Counter iPad,regulars,Payment,Takeaway,,
2026-06-18,23:19:00,Europe/London,Mains,Tidewater Burger,1,Regular,"Add Bacon, Add Cheese",16.50,0.00,16.50,2.75,T88603516,Counter iPad,regulars,Payment,Takeaway,,
2026-06-18,23:19:00,Europe/London,Sides,Bread & Butter,1,Regular,,4.00,0.00,4.00,0.67,T88603516,Counter iPad,regulars,Payment,Eat in,,
2026-06-18,23:19:00,Europe/London,Drinks,Lager Pint,1,Regular,,6.20,0.00,6.20,1.03,T88603516,Counter iPad,regulars,Payment,Eat in,,
2026-06-18,23:25:00,Europe/London,Mains,Chicken Supreme,1,Regular,,19.00,0.00,19.00,3.17,T88269842,Counter iPad,,Payment,Eat in,,
2026-06-18,23:25:00,Europe/London,Desserts,Sticky Toffee Pudding,1,Regular,,8.00,0.00,8.00,1.33,T88269842,Counter iPad,,Payment,Eat in,,
2026-06-18,23:25:00,Europe/London,Starters,Soup of the Day,1,Regular,,7.00,0.00,7.00,1.17,T88269842,Counter iPad,,Payment,Eat in,,
2026-06-18,23:25:00,Europe/London,Mains,Fish & Chips,1,Regular,,17.50,0.00,17.50,2.92,T88269842,Counter iPad,,Payment,Eat in,,
2026-06-18,23:25:00,Europe/London,Mains,Lamb Rump,1,Regular,,26.00,0.00,26.00,4.33,T88269842,Counter iPad,,Payment,Takeaway,,
2026-06-18,23:25:00,Europe/London,Desserts,Choc Tart,1,Regular,,8.00,0.00,8.00,1.33,T88269842,Counter iPad,,Payment,Eat in,,
2026-06-18,23:25:00,Europe/London,Sides,Bread & Butter,1,Regular,,4.00,0.00,4.00,0.67,T88269842,Counter iPad,,Payment,Eat in,,
2026-06-18,23:25:00,Europe/London,Drinks,Lager Pint,1,Regular,,6.20,0.00,6.20,1.03,T88269842,Counter iPad,,Payment,Eat in,,
2026-06-18,23:25:00,Europe/London,Drinks,House White 175ml,1,Regular,,7.00,0.00,7.00,1.17,T88269842,Counter iPad,,Payment,Eat in,,
2026-06-18,23:25:00,Europe/London,Drinks,Coke,1,Regular,,3.00,0.00,3.00,0.50,T88269842,Counter iPad,,Payment,Eat in,,
2026-06-19,12:22:00,Europe/London,Mains,Steak Frites,1,Regular,,24.00,0.00,24.00,4.00,T70703259,Counter iPad,,Payment,Eat in,,
2026-06-19,12:22:00,Europe/London,Sides,Tenderstem,1,Regular,,5.00,0.00,5.00,0.83,T70703259,Counter iPad,,Payment,Eat in,,
2026-06-19,12:22:00,Europe/London,Mains,SPECIAL - Crab Linguine,1,Regular,,18.00,0.00,18.00,3.00,T70703259,Counter iPad,,Payment,Eat in,,
2026-06-19,12:22:00,Europe/London,Sides,Bread & Butter,1,Regular,,4.00,0.00,4.00,0.67,T70703259,Counter iPad,,Payment,Eat in,,
2026-06-19,12:22:00,Europe/London,Drinks,House White 175ml,1,Regular,,7.00,0.00,7.00,1.17,T70703259,Counter iPad,,Payment,Eat in,,
2026-06-19,12:22:00,Europe/London,Drinks,Sparkling Water 750ml,1,Regular,,4.00,0.00,4.00,0.67,T70703259,Counter iPad,,Payment,Eat in,,
2026-06-19,12:41:00,Europe/London,Set Menu,Set Lunch - 3 Courses,1,Regular,"Soup of the Day, Fish & Chips (Small), Sticky Toffee Pudding",25.00,0.00,25.00,4.17,T86352358,Bar iPad,,Payment,Eat in,C306,Sample Customer 306
2026-06-19,12:41:00,Europe/London,Starters,Soup of the Day,1,Regular,,7.00,0.00,7.00,1.17,T86352358,Bar iPad,,Payment,Eat in,C306,Sample Customer 306
2026-06-19,12:41:00,Europe/London,Mains,SPECIAL - Crab Linguine,1,Regular,,18.00,0.00,18.00,3.00,T86352358,Bar iPad,,Payment,Eat in,C306,Sample Customer 306
2026-06-19,12:41:00,Europe/London,Desserts,Creme Brulee,1,Regular,,7.50,0.00,7.50,1.25,T86352358,Bar iPad,,Payment,Takeaway,C306,Sample Customer 306
2026-06-19,12:41:00,Europe/London,Set Menu,Set Lunch - 2 Courses,1,Regular,"Soup of the Day, Mushroom Risotto",20.00,0.00,20.00,3.33,T86352358,Bar iPad,,Payment,Eat in,C306,Sample Customer 306
2026-06-19,12:41:00,Europe/London,Mains,Steak Frites,1,Regular,,24.00,0.00,24.00,4.00,T86352358,Bar iPad,,Payment,Eat in,C306,Sample Customer 306
2026-06-19,12:41:00,Europe/London,Sides,House Salad,1,Regular,,4.50,0.00,4.50,0.75,T86352358,Bar iPad,,Payment,Eat in,C306,Sample Customer 306
2026-06-19,12:41:00,Europe/London,Sides,Bread & Butter,1,Regular,,4.00,0.00,4.00,0.67,T86352358,Bar iPad,,Payment,Takeaway,C306,Sample Customer 306
2026-06-19,12:41:00,Europe/London,Drinks,Lager Pint,4,Regular,,24.80,0.00,24.80,4.13,T86352358,Bar iPad,,Payment,Takeaway,C306,Sample Customer 306
2026-06-19,12:41:00,Europe/London,Drinks,House White 175ml,2,Regular,,14.00,0.00,14.00,2.33,T86352358,Bar iPad,,Payment,Eat in,C306,Sample Customer 306
2026-06-19,12:41:00,Europe/London,Drinks,Coke,1,Regular,,3.00,0.00,3.00,0.50,T86352358,Bar iPad,,Payment,Eat in,C306,Sample Customer 306
2026-06-19,12:41:00,Europe/London,Drinks,Espresso,2,Regular,,5.60,0.00,5.60,0.93,T86352358,Bar iPad,,Payment,Eat in,C306,Sample Customer 306
2026-06-19,12:41:00,Europe/London,Drinks,Flat White,1,Regular,,3.40,0.00,3.40,0.57,T86352358,Bar iPad,,Payment,Eat in,C306,Sample Customer 306
2026-06-19,13:08:00,Europe/London,Set Menu,Set Lunch - 3 Courses,1,Regular,"Mackerel Pate, Mushroom Risotto, Kids Ice Cream",25.00,0.00,25.00,4.17,T71473053,Counter iPad,,Payment,Takeaway,C160,Sample Customer 160
2026-06-19,13:08:00,Europe/London,Starters,Burrata,1,Regular,,10.00,0.00,10.00,1.67,T71473053,Counter iPad,,Payment,Takeaway,C160,Sample Customer 160
2026-06-19,13:08:00,Europe/London,Mains,SPECIAL - Crab Linguine,1,Regular,,18.00,0.00,18.00,3.00,T71473053,Counter iPad,,Payment,Eat in,C160,Sample Customer 160
2026-06-19,13:08:00,Europe/London,Desserts,Crème Brûlée,1,Regular,,7.50,0.00,7.50,1.25,T71473053,Counter iPad,,Payment,Eat in,C160,Sample Customer 160
2026-06-19,13:08:00,Europe/London,Mains,Chicken Supreme,1,Regular,,19.00,0.00,19.00,3.17,T71473053,Counter iPad,,Payment,Eat in,C160,Sample Customer 160
2026-06-19,13:08:00,Europe/London,Desserts,Sticky Toffee Pudding,1,Regular,,8.00,0.00,8.00,1.33,T71473053,Counter iPad,,Payment,Takeaway,C160,Sample Customer 160
2026-06-19,13:08:00,Europe/London,Starters,Mackerel Pate,1,Regular,,8.50,0.00,8.50,1.42,T71473053,Counter iPad,,Payment,Eat in,C160,Sample Customer 160
2026-06-19,13:08:00,Europe/London,Mains,Hake,1,Regular,,22.00,0.00,22.00,3.67,T71473053,Counter iPad,,Payment,Eat in,C160,Sample Customer 160
2026-06-19,13:08:00,Europe/London,Desserts,Cheeseboard,1,3,,11.00,0.00,11.00,1.83,T71473053,Counter iPad,,Payment,Takeaway,C160,Sample Customer 160
2026-06-19,13:08:00,Europe/London,Sides,Bread & Butter,1,Regular,,4.00,0.00,4.00,0.67,T71473053,Counter iPad,,Payment,Takeaway,C160,Sample Customer 160
2026-06-19,13:08:00,Europe/London,Drinks,Lager Pint,2,Regular,,12.40,0.00,12.40,2.07,T71473053,Counter iPad,,Payment,Eat in,C160,Sample Customer 160
2026-06-19,13:08:00,Europe/London,Drinks,Coke,1,Regular,,3.00,0.00,3.00,0.50,T71473053,Counter iPad,,Payment,Eat in,C160,Sample Customer 160
2026-06-19,13:08:00,Europe/London,Other,Custom Amount,1,Regular,,5.00,0.00,5.00,0.83,T71473053,Counter iPad,,Payment,Eat in,C160,Sample Customer 160
2026-06-19,13:57:00,Europe/London,Mains,Fish & Chips,1,Small,,13.00,0.00,13.00,2.17,T60704377,Counter iPad,,Payment,Eat in,,
2026-06-19,13:57:00,Europe/London,Sides,Truffle Fries,1,Regular,,6.00,0.00,6.00,1.00,T60704377,Counter iPad,,Payment,Eat in,,
2026-06-19,13:57:00,Europe/London,Drinks,Espresso,1,Regular,,2.80,0.00,2.80,0.47,T60704377,Counter iPad,,Payment,Eat in,,
2026-06-19,14:38:00,Europe/London,Kids,Kids Burger,2,Regular,,15.00,0.00,15.00,2.50,T19876576,Counter iPad,,Payment,Eat in,,
2026-06-19,14:38:00,Europe/London,Kids,Kids Ice Cream,2,Regular,,7.00,0.00,7.00,1.17,T19876576,Counter iPad,,Payment,Eat in,,
2026-06-19,14:38:00,Europe/London,Mains,Fish & Chips,1,Regular,,17.50,0.00,17.50,2.92,T19876576,Counter iPad,,Payment,Eat in,,
2026-06-19,14:38:00,Europe/London,Desserts,Choc Tart,1,Regular,,8.00,0.00,8.00,1.33,T19876576,Counter iPad,,Payment,Eat in,,
2026-06-19,14:38:00,Europe/London,Sides,Bread & Butter,1,Regular,,4.00,0.00,4.00,0.67,T19876576,Counter iPad,,Payment,Takeaway,,
2026-06-19,14:38:00,Europe/London,Drinks,Lager Pint,3,Regular,,18.60,0.00,18.60,3.10,T19876576,Counter iPad,,Payment,Eat in,,
2026-06-19,14:38:00,Europe/London,Drinks,House White 175ml,2,Regular,,14.00,0.00,14.00,2.33,T19876576,Counter iPad,,Payment,Eat in,,
2026-06-19,14:38:00,Europe/London,Drinks,House Red 175ml,1,Regular,,7.00,0.00,7.00,1.17,T19876576,Counter iPad,,Payment,Eat in,,
2026-06-19,14:38:00,Europe/London,Drinks,Flat White,1,Regular,,3.40,0.00,3.40,0.57,T19876576,Counter iPad,,Payment,Takeaway,,
2026-06-19,18:05:00,Europe/London,Starters,Pork Belly Bites,1,Regular,,8.00,0.00,8.00,1.33,T84131915,Counter iPad,,Payment,Eat in,C763,Sample Customer 763
2026-06-19,18:05:00,Europe/London,Starters,Rock Oysters,1,x3,,9.00,0.00,9.00,1.50,T84131915,Counter iPad,,Payment,Eat in,C763,Sample Customer 763
2026-06-19,18:05:00,Europe/London,Mains,Fish & Chips,2,Regular,,35.00,0.00,35.00,5.83,T84131915,Counter iPad,,Payment,Takeaway,C763,Sample Customer 763
2026-06-19,18:05:00,Europe/London,Starters,Soup of the Day,1,Regular,,7.00,0.00,7.00,1.17,T84131915,Counter iPad,,Payment,Eat in,C763,Sample Customer 763
2026-06-19,18:05:00,Europe/London,Mains,Tidewater Burger,2,Regular,,33.00,0.00,33.00,5.50,T84131915,Counter iPad,,Payment,Eat in,C763,Sample Customer 763
2026-06-19,18:05:00,Europe/London,Desserts,Sticky Toffee Pudding,2,Regular,,16.00,0.00,16.00,2.67,T84131915,Counter iPad,,Payment,Eat in,C763,Sample Customer 763
2026-06-19,18:05:00,Europe/London,Mains,Chicken Supreme,1,Regular,,19.00,0.00,19.00,3.17,T84131915,Counter iPad,,Payment,Eat in,C763,Sample Customer 763
2026-06-19,18:05:00,Europe/London,Sides,Chips,2,Regular,,9.00,0.00,9.00,1.50,T84131915,Counter iPad,,Payment,Eat in,C763,Sample Customer 763
2026-06-19,18:05:00,Europe/London,Sides,Tenderstem,1,Regular,,5.00,0.00,5.00,0.83,T84131915,Counter iPad,,Payment,Eat in,C763,Sample Customer 763
2026-06-19,18:05:00,Europe/London,Mains,Lemon Sole (MP),1,Regular,,27.00,0.00,27.00,4.50,T84131915,Counter iPad,,Payment,Eat in,C763,Sample Customer 763
2026-06-19,18:05:00,Europe/London,Sides,Bread & Butter,1,Regular,,4.00,0.00,4.00,0.67,T84131915,Counter iPad,,Payment,Takeaway,C763,Sample Customer 763
2026-06-19,18:05:00,Europe/London,Drinks,Lager Pint,4,Regular,,24.80,0.00,24.80,4.13,T84131915,Counter iPad,,Payment,Eat in,C763,Sample Customer 763
2026-06-19,18:05:00,Europe/London,Drinks,House White 175ml,1,Regular,,7.00,0.00,7.00,1.17,T84131915,Counter iPad,,Payment,Eat in,C763,Sample Customer 763
2026-06-19,18:05:00,Europe/London,Drinks,Coke,1,Regular,,3.00,0.00,3.00,0.50,T84131915,Counter iPad,,Payment,Eat in,C763,Sample Customer 763
2026-06-19,18:05:00,Europe/London,Drinks,Sparkling Water 750ml,1,Regular,,4.00,0.00,4.00,0.67,T84131915,Counter iPad,,Payment,Eat in,C763,Sample Customer 763
2026-06-19,18:05:00,Europe/London,Drinks,Espresso,1,Regular,,2.80,0.00,2.80,0.47,T84131915,Counter iPad,,Payment,Takeaway,C763,Sample Customer 763
2026-06-19,18:05:00,Europe/London,Drinks,Flat White,1,Regular,,3.40,0.00,3.40,0.57,T84131915,Counter iPad,,Payment,Eat in,C763,Sample Customer 763
2026-06-19,18:14:00,Europe/London,Kids,Kids Burger,1,Regular,,7.50,0.00,7.50,1.25,T19094585,Counter iPad,,Payment,Takeaway,C981,Sample Customer 981
2026-06-19,18:14:00,Europe/London,Kids,Kids Ice Cream,1,Regular,,3.50,0.00,3.50,0.58,T19094585,Counter iPad,,Payment,Eat in,C981,Sample Customer 981
2026-06-19,18:14:00,Europe/London,Mains,Chicken Supreme,1,Regular,,19.00,0.00,19.00,3.17,T19094585,Counter iPad,,Payment,Eat in,C981,Sample Customer 981
2026-06-19,18:14:00,Europe/London,Sides,Truffle Fries,1,Regular,,6.00,0.00,6.00,1.00,T19094585,Counter iPad,,Payment,Eat in,C981,Sample Customer 981
2026-06-19,18:14:00,Europe/London,Starters,Soup of the Day,1,Regular,,7.00,0.00,7.00,1.17,T19094585,Counter iPad,,Payment,Eat in,C981,Sample Customer 981
2026-06-19,18:14:00,Europe/London,Mains,Tidewater Burger,2,Regular,,33.00,0.00,33.00,5.50,T19094585,Counter iPad,,Payment,Takeaway,C981,Sample Customer 981
2026-06-19,18:14:00,Europe/London,Desserts,Cheeseboard,1,3,,11.00,0.00,11.00,1.83,T19094585,Counter iPad,,Payment,Eat in,C981,Sample Customer 981
2026-06-19,18:14:00,Europe/London,Drinks,Lager Pint,1,Regular,,6.20,0.00,6.20,1.03,T19094585,Counter iPad,,Payment,Takeaway,C981,Sample Customer 981
2026-06-19,18:14:00,Europe/London,Drinks,House Red 175ml,1,Regular,,7.00,0.00,7.00,1.17,T19094585,Counter iPad,,Payment,Eat in,C981,Sample Customer 981
2026-06-19,18:14:00,Europe/London,Drinks,Coke,1,Regular,,3.00,0.00,3.00,0.50,T19094585,Counter iPad,,Payment,Eat in,C981,Sample Customer 981
2026-06-19,18:14:00,Europe/London,Drinks,Flat White,1,Regular,,3.40,0.00,3.40,0.57,T19094585,Counter iPad,,Payment,Eat in,C981,Sample Customer 981
2026-06-19,18:38:00,Europe/London,Kids,Kids Burger,1,Regular,,7.50,0.00,7.50,1.25,T13712366,Counter iPad,,Payment,Eat in,,
2026-06-19,18:38:00,Europe/London,Kids,Kids Ice Cream,1,Regular,,3.50,0.00,3.50,0.58,T13712366,Counter iPad,,Payment,Takeaway,,
2026-06-19,18:38:00,Europe/London,Mains,Steak Frites,2,Regular,,48.00,0.00,48.00,8.00,T13712366,Counter iPad,,Payment,Eat in,,
2026-06-19,18:38:00,Europe/London,Sides,Chips,2,Regular,,9.00,0.00,9.00,1.50,T13712366,Counter iPad,,Payment,Eat in,,
2026-06-19,18:38:00,Europe/London,Desserts,Crème Brûlée,1,Regular,,7.50,0.00,7.50,1.25,T13712366,Counter iPad,,Payment,Takeaway,,
2026-06-19,18:38:00,Europe/London,Starters,Mackerel Pate,1,Regular,,8.50,0.00,8.50,1.42,T13712366,Counter iPad,,Payment,Eat in,,
2026-06-19,18:38:00,Europe/London,Mains,Hake,1,Regular,,22.00,0.00,22.00,3.67,T13712366,Counter iPad,,Payment,Eat in,,
2026-06-19,18:38:00,Europe/London,Drinks,Lager Pint,2,Regular,,12.40,0.00,12.40,2.07,T13712366,Counter iPad,,Payment,Eat in,,
2026-06-19,18:38:00,Europe/London,Drinks,House Red 175ml,1,Regular,,7.00,0.00,7.00,1.17,T13712366,Counter iPad,,Payment,Eat in,,
2026-06-19,18:38:00,Europe/London,Drinks,Coke,3,Regular,,9.00,0.00,9.00,1.50,T13712366,Counter iPad,,Payment,Eat in,,
2026-06-19,18:44:00,Europe/London,Sides,Truffle Fries,1,Regular,,6.00,0.00,6.00,1.00,T60478786,Counter iPad,,Payment,Eat in,C596,Sample Customer 596
2026-06-19,18:44:00,Europe/London,Mains,Tidewater Burger,2,Regular,,33.00,0.00,33.00,5.50,T60478786,Counter iPad,,Payment,Eat in,C596,Sample Customer 596
2026-06-19,18:44:00,Europe/London,Desserts,Choc Tart,1,Regular,,8.00,0.00,8.00,1.33,T60478786,Counter iPad,,Payment,Eat in,C596,Sample Customer 596
2026-06-19,18:44:00,Europe/London,Sides,House Salad,1,Regular,,4.50,0.00,4.50,0.75,T60478786,Counter iPad,,Payment,Eat in,C596,Sample Customer 596
2026-06-19,18:44:00,Europe/London,Drinks,Lager Pint,1,Regular,,6.20,0.00,6.20,1.03,T60478786,Counter iPad,,Payment,Takeaway,C596,Sample Customer 596
2026-06-19,18:44:00,Europe/London,Drinks,Coke,1,Regular,,3.00,0.00,3.00,0.50,T60478786,Counter iPad,,Payment,Eat in,C596,Sample Customer 596
2026-06-19,19:01:00,Europe/London,Starters,Soup of the Day,1,Regular,,7.00,0.00,7.00,1.17,T98009950,Counter iPad,,Payment,Eat in,,
2026-06-19,19:01:00,Europe/London,Mains,Mushroom Risotto,1,Regular,,15.00,0.00,15.00,2.50,T98009950,Counter iPad,,Payment,Eat in,,
2026-06-19,19:01:00,Europe/London,Sides,Chips,1,Regular,,4.50,0.00,4.50,0.75,T98009950,Counter iPad,,Payment,Eat in,,
2026-06-19,19:01:00,Europe/London,Mains,Fish & Chips,1,Small,,13.00,0.00,13.00,2.17,T98009950,Counter iPad,,Payment,Eat in,,
2026-06-19,19:01:00,Europe/London,Starters,Salt & Pepper Squid,1,Regular,,9.50,0.00,9.50,1.58,T98009950,Counter iPad,,Payment,Eat in,,
2026-06-19,19:01:00,Europe/London,Mains,Steak Frites,1,Regular,,24.00,0.00,24.00,4.00,T98009950,Counter iPad,,Payment,Eat in,,
2026-06-19,19:01:00,Europe/London,Sides,Peppercorn Sauce,1,Regular,,3.00,0.00,3.00,0.50,T98009950,Counter iPad,,Payment,Eat in,,
2026-06-19,19:01:00,Europe/London,Drinks,Lager Pint,3,Regular,,18.60,0.00,18.60,3.10,T98009950,Counter iPad,,Payment,Eat in,,
2026-06-19,19:01:00,Europe/London,Drinks,House White 175ml,2,Regular,,14.00,0.00,14.00,2.33,T98009950,Counter iPad,,Payment,Eat in,,
2026-06-19,19:01:00,Europe/London,Drinks,Coke,1,Regular,,3.00,0.00,3.00,0.50,T98009950,Counter iPad,,Payment,Eat in,,
2026-06-19,19:01:00,Europe/London,Drinks,Sparkling Water 750ml,1,Regular,,4.00,0.00,4.00,0.67,T98009950,Counter iPad,,Payment,Eat in,,
2026-06-19,19:01:00,Europe/London,Drinks,Espresso,1,Regular,,2.80,0.00,2.80,0.47,T98009950,Counter iPad,,Payment,Takeaway,,
2026-06-19,19:16:00,Europe/London,Starters,Pork Belly Bites,1,Regular,,8.00,0.00,8.00,1.33,T51218969,Counter iPad,,Payment,Eat in,,
2026-06-19,19:16:00,Europe/London,Mains,Tidewater Burger,1,Regular,,16.50,0.00,16.50,2.75,T51218969,Counter iPad,,Payment,Eat in,,
2026-06-19,19:16:00,Europe/London,Starters,Soup of the Day,1,Regular,,7.00,0.00,7.00,1.17,T51218969,Counter iPad,,Payment,Takeaway,,
2026-06-19,19:16:00,Europe/London,Mains,Lamb Rump,1,Regular,,26.00,0.00,26.00,4.33,T51218969,Counter iPad,,Payment,Eat in,,
2026-06-19,19:16:00,Europe/London,Sides,Chips,1,Regular,,4.50,0.00,4.50,0.75,T51218969,Counter iPad,,Payment,Eat in,,
2026-06-19,19:16:00,Europe/London,Starters,Burrata,1,Regular,,10.00,0.00,10.00,1.67,T51218969,Counter iPad,,Payment,Eat in,,
2026-06-19,19:16:00,Europe/London,Mains,Fish & Chips,1,Small,,13.00,0.00,13.00,2.17,T51218969,Counter iPad,,Payment,Eat in,,
2026-06-19,19:16:00,Europe/London,Mains,Steak Frites,1,Regular,,24.00,0.00,24.00,4.00,T51218969,Counter iPad,,Payment,Takeaway,,
2026-06-19,19:16:00,Europe/London,Drinks,Lager Pint,2,Regular,,12.40,0.00,12.40,2.07,T51218969,Counter iPad,,Payment,Eat in,,
2026-06-19,19:16:00,Europe/London,Drinks,House White 175ml,1,Regular,,7.00,0.00,7.00,1.17,T51218969,Counter iPad,,Payment,Takeaway,,
2026-06-19,19:16:00,Europe/London,Drinks,Coke,1,Regular,,3.00,0.00,3.00,0.50,T51218969,Counter iPad,,Payment,Eat in,,
2026-06-19,19:16:00,Europe/London,Drinks,Flat White,1,Regular,,3.40,0.00,3.40,0.57,T51218969,Counter iPad,,Payment,Eat in,,
2026-06-19,19:53:00,Europe/London,Mains,Lamb Rump,1,Regular,,26.00,0.00,26.00,4.33,T83504266,Counter iPad,,Payment,Takeaway,,
2026-06-19,19:53:00,Europe/London,Sides,Chips,1,Regular,,4.50,0.00,4.50,0.75,T83504266,Counter iPad,,Payment,Eat in,,
2026-06-19,19:53:00,Europe/London,Desserts,Sticky Toffee Pudding,2,Regular,,16.00,0.00,16.00,2.67,T83504266,Counter iPad,,Payment,Eat in,,
2026-06-19,19:53:00,Europe/London,Starters,Mackerel Pate,1,Regular,,8.50,0.00,8.50,1.42,T83504266,Counter iPad,,Payment,Eat in,,
2026-06-19,19:53:00,Europe/London,Mains,Fish & Chips,1,Small,,13.00,0.00,13.00,2.17,T83504266,Counter iPad,,Payment,Eat in,,
2026-06-19,19:53:00,Europe/London,Drinks,Lager Pint,1,Regular,,6.20,0.00,6.20,1.03,T83504266,Counter iPad,,Payment,Eat in,,
2026-06-19,19:53:00,Europe/London,Drinks,House White 175ml,1,Regular,,7.00,0.00,7.00,1.17,T83504266,Counter iPad,,Payment,Takeaway,,
2026-06-19,19:53:00,Europe/London,Drinks,House Red 175ml,1,Regular,,7.00,0.00,7.00,1.17,T83504266,Counter iPad,,Payment,Eat in,,
2026-06-19,19:53:00,Europe/London,Drinks,Coke,1,Regular,,3.00,0.00,3.00,0.50,T83504266,Counter iPad,,Payment,Takeaway,,
2026-06-19,19:53:00,Europe/London,Drinks,Espresso,1,Regular,,2.80,0.00,2.80,0.47,T83504266,Counter iPad,,Payment,Eat in,,
2026-06-19,19:58:00,Europe/London,Mains,Burger,1,Regular,,16.50,0.00,16.50,2.75,T28667343,Bar iPad,Table 15 - call 07700 900375 when ready,Payment,Takeaway,,
2026-06-19,19:58:00,Europe/London,Sides,Truffle Fries,1,Regular,,6.00,0.00,6.00,1.00,T28667343,Bar iPad,Table 15 - call 07700 900375 when ready,Payment,Eat in,,
2026-06-19,19:58:00,Europe/London,Drinks,Lager Pint,1,Regular,,6.20,0.00,6.20,1.03,T28667343,Bar iPad,Table 15 - call 07700 900375 when ready,Payment,Eat in,,
2026-06-19,20:38:00,Europe/London,Drinks,Lager Pint,1,Regular,,-6.20,0.00,-6.20,-1.03,T28667343,Bar iPad,sent back,Refund,Eat in,,
2026-06-19,20:08:00,Europe/London,Kids,Kids Burger,1,Regular,,7.50,0.00,7.50,1.25,T53033638,Counter iPad,,Payment,Eat in,,
2026-06-19,20:08:00,Europe/London,Kids,Kids Ice Cream,1,Regular,,3.50,0.00,3.50,0.58,T53033638,Counter iPad,,Payment,Eat in,,
2026-06-19,20:08:00,Europe/London,Starters,Mackerel Pate,1,Regular,,8.50,0.00,8.50,1.42,T53033638,Counter iPad,,Payment,Eat in,,
2026-06-19,20:08:00,Europe/London,Mains,Tidewater Burger,2,Regular,,33.00,0.00,33.00,5.50,T53033638,Counter iPad,,Payment,Eat in,,
2026-06-19,20:08:00,Europe/London,Sides,Truffle Fries,1,Regular,,6.00,0.00,6.00,1.00,T53033638,Counter iPad,,Payment,Eat in,,
2026-06-19,20:08:00,Europe/London,Desserts,Choc Tart,1,Regular,,8.00,0.00,8.00,1.33,T53033638,Counter iPad,,Payment,Eat in,,
2026-06-19,20:08:00,Europe/London,Starters,Burrata,1,Regular,,10.00,0.00,10.00,1.67,T53033638,Counter iPad,,Payment,Eat in,,
2026-06-19,20:08:00,Europe/London,Mains,Fish & Chips,1,Regular,,17.50,0.00,17.50,2.92,T53033638,Counter iPad,,Payment,Eat in,,
2026-06-19,20:08:00,Europe/London,Sides,Bread & Butter,1,Regular,,4.00,0.00,4.00,0.67,T53033638,Counter iPad,,Payment,Eat in,,
2026-06-19,20:48:00,Europe/London,Sides,Bread & Butter,1,Regular,,-4.00,0.00,-4.00,-0.67,T53033638,Counter iPad,sent back,Refund,Eat in,,
2026-06-19,20:08:00,Europe/London,Drinks,Lager Pint,3,Regular,,18.60,0.00,18.60,3.10,T53033638,Counter iPad,,Payment,Eat in,,
2026-06-19,20:08:00,Europe/London,Drinks,House Red 175ml,1,Regular,,7.00,0.00,7.00,1.17,T53033638,Counter iPad,,Payment,Eat in,,
2026-06-19,20:08:00,Europe/London,Drinks,Coke,2,Regular,,6.00,0.00,6.00,1.00,T53033638,Counter iPad,,Payment,Eat in,,
2026-06-19,20:08:00,Europe/London,Drinks,Flat White,1,Regular,,3.40,0.00,3.40,0.57,T53033638,Counter iPad,,Payment,Eat in,,
2026-06-19,20:21:00,Europe/London,Mains,Chicken Supreme,1,Regular,,19.00,0.00,19.00,3.17,T48608931,Counter iPad,,Payment,Eat in,,
2026-06-19,20:21:00,Europe/London,Mains,Fish & Chips,1,Regular,,17.50,0.00,17.50,2.92,T48608931,Counter iPad,,Payment,Takeaway,,
2026-06-19,20:21:00,Europe/London,Sides,Truffle Fries,1,Regular,,6.00,0.00,6.00,1.00,T48608931,Counter iPad,,Payment,Eat in,,
2026-06-19,20:21:00,Europe/London,Sides,Bread & Butter,1,Regular,,4.00,0.00,4.00,0.67,T48608931,Counter iPad,,Payment,Eat in,,
2026-06-19,20:21:00,Europe/London,Drinks,House White 175ml,1,Regular,,7.00,0.00,7.00,1.17,T48608931,Counter iPad,,Payment,Takeaway,,
2026-06-19,20:21:00,Europe/London,Drinks,Coke,2,Regular,,6.00,0.00,6.00,1.00,T48608931,Counter iPad,,Payment,Eat in,,
2026-06-19,20:21:00,Europe/London,Drinks,Espresso,1,Regular,,2.80,0.00,2.80,0.47,T48608931,Counter iPad,,Payment,Eat in,,
2026-06-19,20:55:00,Europe/London,Starters,Salt & Pepper Squid,2,Regular,,19.00,0.00,19.00,3.17,T48461389,Counter iPad,,Payment,Eat in,,
2026-06-19,20:55:00,Europe/London,Mains,Steak Frites,1,Regular,,24.00,0.00,24.00,4.00,T48461389,Counter iPad,,Payment,Eat in,,
2026-06-19,20:55:00,Europe/London,Mains,Tidewater Burger,1,Regular,,16.50,0.00,16.50,2.75,T48461389,Counter iPad,,Payment,Eat in,,
2026-06-19,20:57:00,Europe/London,Mains,Tidewater Burger,1,Regular,,0.00,0.00,0.00,0.00,T48461389,Counter iPad,wrong table,Void,Eat in,,
2026-06-19,20:55:00,Europe/London,Sides,Truffle Fries,1,Regular,,6.00,0.00,6.00,1.00,T48461389,Counter iPad,,Payment,Eat in,,
2026-06-19,21:11:00,Europe/London,Mains,Fish & Chips,2,Regular,,35.00,0.00,35.00,5.83,T58351534,Counter iPad,,Payment,Eat in,,
2026-06-19,21:11:00,Europe/London,Sides,Chips,1,Regular,,4.50,0.00,4.50,0.75,T58351534,Counter iPad,,Payment,Takeaway,,
2026-06-19,21:11:00,Europe/London,Desserts,Cheeseboard,1,3,,11.00,0.00,11.00,1.83,T58351534,Counter iPad,,Payment,Eat in,,
2026-06-19,21:11:00,Europe/London,Starters,Salt & Pepper Squid,1,Regular,,9.50,0.00,9.50,1.58,T58351534,Counter iPad,,Payment,Eat in,,
2026-06-19,21:11:00,Europe/London,Sides,Bread & Butter,1,Regular,,4.00,0.00,4.00,0.67,T58351534,Counter iPad,,Payment,Eat in,,
2026-06-19,21:11:00,Europe/London,Drinks,Lager Pint,1,Regular,,6.20,0.00,6.20,1.03,T58351534,Counter iPad,,Payment,Eat in,,
2026-06-19,21:11:00,Europe/London,Drinks,Coke,1,Regular,,3.00,0.00,3.00,0.50,T58351534,Counter iPad,,Payment,Eat in,,
2026-06-19,21:11:00,Europe/London,Drinks,Espresso,1,Regular,,2.80,0.00,2.80,0.47,T58351534,Counter iPad,,Payment,Takeaway,,
2026-06-19,21:38:00,Europe/London,Kids,Kids Fish & Chips,1,Regular,,8.00,0.00,8.00,1.33,T35310510,Counter iPad,,Payment,Eat in,,
2026-06-19,21:38:00,Europe/London,Kids,Kids Ice Cream,2,Regular,,7.00,0.00,7.00,1.17,T35310510,Counter iPad,,Payment,Eat in,,
2026-06-19,21:38:00,Europe/London,Kids,Kids Burger,1,Regular,,7.50,0.00,7.50,1.25,T35310510,Counter iPad,,Payment,Eat in,,
2026-06-19,21:38:00,Europe/London,Starters,Salt & Pepper Squid,1,Regular,,9.50,0.00,9.50,1.58,T35310510,Counter iPad,,Payment,Eat in,,
2026-06-19,21:38:00,Europe/London,Starters,Rock Oysters,1,x3,,9.00,0.00,9.00,1.50,T35310510,Counter iPad,,Payment,Eat in,,
2026-06-19,21:38:00,Europe/London,Mains,Hake,1,Regular,,22.00,0.00,22.00,3.67,T35310510,Counter iPad,,Payment,Eat in,,
2026-06-19,21:38:00,Europe/London,Mains,SPECIAL - Crab Linguine,1,Regular,,18.00,0.00,18.00,3.00,T35310510,Counter iPad,,Payment,Takeaway,,
2026-06-19,21:38:00,Europe/London,Desserts,Sticky Toffee Pudding,1,Regular,,8.00,0.00,8.00,1.33,T35310510,Counter iPad,,Payment,Eat in,,
2026-06-19,21:38:00,Europe/London,Drinks,Lager Pint,2,Regular,,12.40,0.00,12.40,2.07,T35310510,Counter iPad,,Payment,Takeaway,,
2026-06-19,21:38:00,Europe/London,Drinks,House White 175ml,1,Regular,,7.00,0.00,7.00,1.17,T35310510,Counter iPad,,Payment,Takeaway,,
2026-06-19,21:38:00,Europe/London,Drinks,Coke,3,Regular,,9.00,0.00,9.00,1.50,T35310510,Counter iPad,,Payment,Eat in,,
2026-06-19,21:38:00,Europe/London,Drinks,Sparkling Water 750ml,1,Regular,,4.00,0.00,4.00,0.67,T35310510,Counter iPad,,Payment,Eat in,,
2026-06-19,21:38:00,Europe/London,Drinks,Flat White,1,Regular,,3.40,0.00,3.40,0.57,T35310510,Counter iPad,,Payment,Takeaway,,
2026-06-19,16:30:00,Europe/London,Other,Staff Meal,1,Regular,Fish & Chips,10.00,-10.00,0.00,0.00,T54292384,Counter iPad,,Payment,Eat in,,
2026-06-19,22:13:00,Europe/London,Mains,Fish & Chips,1,Small,,13.00,0.00,13.00,2.17,T52141056,Counter iPad,,Payment,Takeaway,C596,Sample Customer 596
2026-06-19,22:13:00,Europe/London,Sides,Chips,1,Regular,,4.50,0.00,4.50,0.75,T52141056,Counter iPad,,Payment,Takeaway,C596,Sample Customer 596
2026-06-19,22:13:00,Europe/London,Starters,Salt & Pepper Squid,1,Regular,,9.50,0.00,9.50,1.58,T52141056,Counter iPad,,Payment,Eat in,C596,Sample Customer 596
2026-06-19,22:13:00,Europe/London,Mains,Fish & Chips,1,Regular,,17.50,0.00,17.50,2.92,T52141056,Counter iPad,,Payment,Takeaway,C596,Sample Customer 596
2026-06-19,22:13:00,Europe/London,Desserts,Sticky Toffee Pudding,1,Regular,,8.00,0.00,8.00,1.33,T52141056,Counter iPad,,Payment,Eat in,C596,Sample Customer 596
2026-06-19,22:13:00,Europe/London,Sides,Bread & Butter,1,Regular,,4.00,0.00,4.00,0.67,T52141056,Counter iPad,,Payment,Eat in,C596,Sample Customer 596
2026-06-19,22:13:00,Europe/London,Drinks,Lager Pint,2,Regular,,12.40,0.00,12.40,2.07,T52141056,Counter iPad,,Payment,Eat in,C596,Sample Customer 596
2026-06-19,22:13:00,Europe/London,Drinks,House White 175ml,1,Regular,,7.00,0.00,7.00,1.17,T52141056,Counter iPad,,Payment,Eat in,C596,Sample Customer 596
2026-06-19,22:13:00,Europe/London,Drinks,House Red 175ml,1,Regular,,7.00,0.00,7.00,1.17,T52141056,Counter iPad,,Payment,Eat in,C596,Sample Customer 596
2026-06-19,22:39:00,Europe/London,Starters,Soup of the Day,1,Regular,,7.00,0.00,7.00,1.17,T20712174,Counter iPad,,Payment,Eat in,,
2026-06-19,22:39:00,Europe/London,Mains,Hake,2,Regular,,44.00,0.00,44.00,7.33,T20712174,Counter iPad,,Payment,Takeaway,,
2026-06-19,22:39:00,Europe/London,Sides,House Salad,1,Regular,,4.50,0.00,4.50,0.75,T20712174,Counter iPad,,Payment,Takeaway,,
2026-06-19,22:39:00,Europe/London,Starters,Mackerel Pate,1,Regular,,8.50,0.00,8.50,1.42,T20712174,Counter iPad,,Payment,Eat in,,
2026-06-19,22:39:00,Europe/London,Sides,Chips,1,Regular,,4.50,0.00,4.50,0.75,T20712174,Counter iPad,,Payment,Takeaway,,
2026-06-19,22:39:00,Europe/London,Sides,Bread & Butter,1,Regular,,4.00,0.00,4.00,0.67,T20712174,Counter iPad,,Payment,Eat in,,
2026-06-19,22:39:00,Europe/London,Drinks,Lager Pint,2,Regular,,12.40,0.00,12.40,2.07,T20712174,Counter iPad,,Payment,Eat in,,
2026-06-19,22:39:00,Europe/London,Drinks,Sparkling Water 750ml,1,Regular,,4.00,0.00,4.00,0.67,T20712174,Counter iPad,,Payment,Takeaway,,
2026-06-19,22:39:00,Europe/London,Drinks,Flat White,1,Regular,,3.40,0.00,3.40,0.57,T20712174,Counter iPad,,Payment,Eat in,,
2026-06-19,22:52:00,Europe/London,Starters,Salt & Pepper Squid,2,Regular,,19.00,0.00,19.00,3.17,T77733375,Bar iPad,,Payment,Eat in,C188,Sample Customer 188
2026-06-19,22:52:00,Europe/London,Mains,Steak Frites,2,Regular,,48.00,0.00,48.00,8.00,T77733375,Bar iPad,,Payment,Eat in,C188,Sample Customer 188
2026-06-19,22:52:00,Europe/London,Sides,Peppercorn Sauce,1,Regular,,3.00,0.00,3.00,0.50,T77733375,Bar iPad,,Payment,Eat in,C188,Sample Customer 188
2026-06-19,22:52:00,Europe/London,Sides,Fries,1,Regular,,4.50,0.00,4.50,0.75,T77733375,Bar iPad,,Payment,Eat in,C188,Sample Customer 188
2026-06-19,22:52:00,Europe/London,Desserts,Creme Brulee,1,Regular,,7.50,0.00,7.50,1.25,T77733375,Bar iPad,,Payment,Eat in,C188,Sample Customer 188
2026-06-19,22:52:00,Europe/London,Drinks,House White 175ml,1,Regular,,7.00,0.00,7.00,1.17,T77733375,Bar iPad,,Payment,Eat in,C188,Sample Customer 188
2026-06-19,22:52:00,Europe/London,Drinks,House Red 175ml,1,Regular,,7.00,0.00,7.00,1.17,T77733375,Bar iPad,,Payment,Eat in,C188,Sample Customer 188
2026-06-19,22:52:00,Europe/London,Drinks,Coke,1,Regular,,3.00,0.00,3.00,0.50,T77733375,Bar iPad,,Payment,Eat in,C188,Sample Customer 188
2026-06-19,22:52:00,Europe/London,Drinks,Sparkling Water 750ml,1,Regular,,4.00,0.00,4.00,0.67,T77733375,Bar iPad,,Payment,Eat in,C188,Sample Customer 188
2026-06-19,23:10:00,Europe/London,Mains,Hake,1,Regular,,22.00,0.00,22.00,3.67,T31869212,Bar iPad,,Payment,Takeaway,,
2026-06-19,23:10:00,Europe/London,Mains,Lamb Rump,1,Regular,,26.00,0.00,26.00,4.33,T31869212,Bar iPad,,Payment,Eat in,,
2026-06-19,23:10:00,Europe/London,Starters,Burrata,1,Regular,,10.00,0.00,10.00,1.67,T31869212,Bar iPad,,Payment,Takeaway,,
2026-06-19,23:10:00,Europe/London,Mains,SPECIAL - Crab Linguine,1,Regular,,18.00,0.00,18.00,3.00,T31869212,Bar iPad,,Payment,Eat in,,
2026-06-19,23:10:00,Europe/London,Sides,Fries,1,Regular,,4.50,0.00,4.50,0.75,T31869212,Bar iPad,,Payment,Takeaway,,
2026-06-19,23:10:00,Europe/London,Desserts,Creme Brulee,1,Regular,,7.50,0.00,7.50,1.25,T31869212,Bar iPad,,Payment,Eat in,,
2026-06-19,23:10:00,Europe/London,Sides,Bread & Butter,1,Regular,,4.00,0.00,4.00,0.67,T31869212,Bar iPad,,Payment,Eat in,,
2026-06-19,23:10:00,Europe/London,Drinks,Lager Pint,1,Regular,,6.20,0.00,6.20,1.03,T31869212,Bar iPad,,Payment,Eat in,,
2026-06-19,23:10:00,Europe/London,Drinks,House White 175ml,2,Regular,,14.00,0.00,14.00,2.33,T31869212,Bar iPad,,Payment,Eat in,,
2026-06-20,12:14:00,Europe/London,Mains,Lemon Sole (MP),1,Regular,,24.00,0.00,24.00,4.00,T28320158,Counter iPad,,Payment,Takeaway,C365,Sample Customer 365
2026-06-20,12:14:00,Europe/London,Sides,Chips,1,Regular,,4.50,0.00,4.50,0.75,T28320158,Counter iPad,,Payment,Takeaway,C365,Sample Customer 365
2026-06-20,12:14:00,Europe/London,Starters,Mackerel Pate,1,Regular,,8.50,0.00,8.50,1.42,T28320158,Counter iPad,,Payment,Eat in,C365,Sample Customer 365
2026-06-20,12:14:00,Europe/London,Mains,Fish & Chips,2,Regular,,35.00,0.00,35.00,5.83,T28320158,Counter iPad,,Payment,Eat in,C365,Sample Customer 365
2026-06-20,12:14:00,Europe/London,Desserts,Sticky Toffee Pudding,1,Regular,,8.00,0.00,8.00,1.33,T28320158,Counter iPad,,Payment,Eat in,C365,Sample Customer 365
2026-06-20,12:14:00,Europe/London,Starters,Soup of the Day,1,Regular,,7.00,0.00,7.00,1.17,T28320158,Counter iPad,,Payment,Eat in,C365,Sample Customer 365
2026-06-20,12:14:00,Europe/London,Sides,Truffle Fries,1,Regular,,6.00,0.00,6.00,1.00,T28320158,Counter iPad,,Payment,Eat in,C365,Sample Customer 365
2026-06-20,12:14:00,Europe/London,Desserts,Choc Tart,1,Regular,,8.00,0.00,8.00,1.33,T28320158,Counter iPad,,Payment,Eat in,C365,Sample Customer 365
2026-06-20,12:14:00,Europe/London,Drinks,House White 175ml,1,Regular,,7.00,0.00,7.00,1.17,T28320158,Counter iPad,,Payment,Eat in,C365,Sample Customer 365
2026-06-20,12:14:00,Europe/London,Drinks,Coke,2,Regular,,6.00,0.00,6.00,1.00,T28320158,Counter iPad,,Payment,Takeaway,C365,Sample Customer 365
2026-06-20,12:14:00,Europe/London,Drinks,Espresso,1,Regular,,2.80,0.00,2.80,0.47,T28320158,Counter iPad,,Payment,Eat in,C365,Sample Customer 365
2026-06-20,12:54:00,Europe/London,Drinks,Espresso,1,Regular,,-2.80,0.00,-2.80,-0.47,T28320158,Counter iPad,sent back,Refund,Eat in,C365,Sample Customer 365
2026-06-20,12:14:00,Europe/London,Drinks,Flat White,2,Regular,,6.80,0.00,6.80,1.13,T28320158,Counter iPad,,Payment,Eat in,C365,Sample Customer 365
2026-06-20,12:50:00,Europe/London,Starters,Salt & Pepper Squid,1,Regular,,9.50,0.00,9.50,1.58,T51253743,Counter iPad,,Payment,Eat in,,
2026-06-20,12:50:00,Europe/London,Mains,Tidewater Burger,1,Regular,,16.50,0.00,16.50,2.75,T51253743,Counter iPad,,Payment,Eat in,,
2026-06-20,12:50:00,Europe/London,Sides,Bread & Butter,1,Regular,,4.00,0.00,4.00,0.67,T51253743,Counter iPad,,Payment,Eat in,,
2026-06-20,12:50:00,Europe/London,Drinks,Lager Pint,1,Regular,,6.20,0.00,6.20,1.03,T51253743,Counter iPad,,Payment,Takeaway,,
2026-06-20,12:51:00,Europe/London,Starters,Salt & Pepper Squid,2,Regular,,19.00,0.00,19.00,3.17,T70551393,Bar iPad,,Payment,Eat in,C551,Sample Customer 551
2026-06-20,12:51:00,Europe/London,Mains,Fish & Chips,1,Small,,13.00,0.00,13.00,2.17,T70551393,Bar iPad,,Payment,Eat in,C551,Sample Customer 551
2026-06-20,12:51:00,Europe/London,Mains,Hake,2,Regular,,44.00,0.00,44.00,7.33,T70551393,Bar iPad,,Payment,Eat in,C551,Sample Customer 551
2026-06-20,12:51:00,Europe/London,Drinks,Lager Pint,4,Regular,,24.80,0.00,24.80,4.13,T70551393,Bar iPad,,Payment,Takeaway,C551,Sample Customer 551
2026-06-20,12:51:00,Europe/London,Drinks,House White 175ml,1,Regular,,7.00,0.00,7.00,1.17,T70551393,Bar iPad,,Payment,Takeaway,C551,Sample Customer 551
2026-06-20,12:51:00,Europe/London,Drinks,House Red 175ml,3,Regular,,21.00,0.00,21.00,3.50,T70551393,Bar iPad,,Payment,Takeaway,C551,Sample Customer 551
2026-06-20,13:17:00,Europe/London,Mains,Lemon Sole (MP),1,Regular,,26.00,0.00,26.00,4.33,T61522132,Counter iPad,,Payment,Eat in,,
2026-06-20,13:17:00,Europe/London,Starters,Rock Oysters,1,x3,,9.00,0.00,9.00,1.50,T61522132,Counter iPad,,Payment,Takeaway,,
2026-06-20,13:17:00,Europe/London,Mains,Chicken Supreme,1,Regular,,19.00,0.00,19.00,3.17,T61522132,Counter iPad,,Payment,Takeaway,,
2026-06-20,13:17:00,Europe/London,Desserts,Sticky Toffee Pudding,1,Regular,,8.00,0.00,8.00,1.33,T61522132,Counter iPad,,Payment,Eat in,,
2026-06-20,13:17:00,Europe/London,Drinks,Coke,1,Regular,,3.00,0.00,3.00,0.50,T61522132,Counter iPad,,Payment,Eat in,,
2026-06-20,13:17:00,Europe/London,Drinks,Sparkling Water 750ml,1,Regular,,4.00,0.00,4.00,0.67,T61522132,Counter iPad,,Payment,Eat in,,
2026-06-20,13:42:00,Europe/London,Starters,Burrata,1,Regular,,10.00,-10.00,0.00,0.00,T28851515,Counter iPad,comp - long wait,Payment,Takeaway,,
2026-06-20,13:42:00,Europe/London,Mains,Chicken Supreme,1,Regular,,19.00,0.00,19.00,3.17,T28851515,Counter iPad,,Payment,Eat in,,
2026-06-20,13:42:00,Europe/London,Sides,Tenderstem,1,Regular,,5.00,0.00,5.00,0.83,T28851515,Counter iPad,,Payment,Eat in,,
2026-06-20,13:42:00,Europe/London,Desserts,Sticky Toffee Pudding,1,Regular,,8.00,0.00,8.00,1.33,T28851515,Counter iPad,,Payment,Eat in,,
2026-06-20,13:42:00,Europe/London,Drinks,Lager Pint,1,Regular,,6.20,0.00,6.20,1.03,T28851515,Counter iPad,,Payment,Takeaway,,
2026-06-20,13:42:00,Europe/London,Drinks,House White 175ml,1,Regular,,7.00,0.00,7.00,1.17,T28851515,Counter iPad,,Payment,Eat in,,
2026-06-20,13:42:00,Europe/London,Drinks,Flat White,1,Regular,,3.40,0.00,3.40,0.57,T28851515,Counter iPad,,Payment,Takeaway,,
2026-06-20,13:53:00,Europe/London,Starters,Mackerel Pate,1,Regular,,8.50,0.00,8.50,1.42,T68370563,Counter iPad,,Payment,Eat in,,
2026-06-20,13:53:00,Europe/London,Mains,Hake,1,Regular,,22.00,0.00,22.00,3.67,T68370563,Counter iPad,,Payment,Eat in,,
2026-06-20,13:53:00,Europe/London,Sides,Truffle Fries,1,Regular,,6.00,0.00,6.00,1.00,T68370563,Counter iPad,,Payment,Takeaway,,
2026-06-20,13:53:00,Europe/London,Sides,Bread & Butter,1,Regular,,4.00,0.00,4.00,0.67,T68370563,Counter iPad,,Payment,Eat in,,
2026-06-20,14:04:00,Europe/London,Kids,Kids Fish & Chips,1,Regular,,8.00,0.00,8.00,1.33,T12465132,Counter iPad,,Payment,Eat in,,
2026-06-20,14:04:00,Europe/London,Kids,Kids Ice Cream,1,Regular,,3.50,0.00,3.50,0.58,T12465132,Counter iPad,,Payment,Eat in,,
2026-06-20,14:04:00,Europe/London,Mains,Hake,1,Regular,,22.00,0.00,22.00,3.67,T12465132,Counter iPad,,Payment,Eat in,,
2026-06-20,14:04:00,Europe/London,Starters,Mackerel Pate,1,Regular,,8.50,0.00,8.50,1.42,T12465132,Counter iPad,,Payment,Eat in,,
2026-06-20,14:04:00,Europe/London,Mains,Tidewater Burger,1,Regular,,16.50,0.00,16.50,2.75,T12465132,Counter iPad,,Payment,Takeaway,,
2026-06-20,14:04:00,Europe/London,Mains,Fish & Chips,1,Small,,13.00,0.00,13.00,2.17,T12465132,Counter iPad,,Payment,Takeaway,,
2026-06-20,14:04:00,Europe/London,Sides,Tenderstem,1,Regular,,5.00,0.00,5.00,0.83,T12465132,Counter iPad,,Payment,Eat in,,
2026-06-20,14:04:00,Europe/London,Desserts,Sticky Toffee Pudding,1,Regular,,8.00,0.00,8.00,1.33,T12465132,Counter iPad,,Payment,Eat in,,
2026-06-20,14:04:00,Europe/London,Starters,Salt & Pepper Squid,1,Regular,,9.50,0.00,9.50,1.58,T12465132,Counter iPad,,Payment,Eat in,,
2026-06-20,14:04:00,Europe/London,Mains,Lamb Rump,1,Regular,,26.00,0.00,26.00,4.33,T12465132,Counter iPad,,Payment,Eat in,,
2026-06-20,14:04:00,Europe/London,Desserts,Crème Brûlée,1,Regular,,7.50,0.00,7.50,1.25,T12465132,Counter iPad,,Payment,Eat in,,
2026-06-20,14:04:00,Europe/London,Drinks,Lager Pint,3,Regular,,18.60,0.00,18.60,3.10,T12465132,Counter iPad,,Payment,Eat in,,
2026-06-20,14:04:00,Europe/London,Drinks,House White 175ml,1,Regular,,7.00,0.00,7.00,1.17,T12465132,Counter iPad,,Payment,Eat in,,
2026-06-20,14:04:00,Europe/London,Drinks,House Red 175ml,3,Regular,,21.00,0.00,21.00,3.50,T12465132,Counter iPad,,Payment,Eat in,,
2026-06-20,14:04:00,Europe/London,Drinks,Coke,1,Regular,,3.00,0.00,3.00,0.50,T12465132,Counter iPad,,Payment,Eat in,,
2026-06-20,14:04:00,Europe/London,Drinks,Sparkling Water 750ml,2,Regular,,8.00,0.00,8.00,1.33,T12465132,Counter iPad,,Payment,Eat in,,
2026-06-20,14:04:00,Europe/London,Drinks,Espresso,1,Regular,,2.80,0.00,2.80,0.47,T12465132,Counter iPad,,Payment,Eat in,,
2026-06-20,14:23:00,Europe/London,Starters,Salt & Pepper Squid,1,Regular,,9.50,0.00,9.50,1.58,T87571955,Counter iPad,,Payment,Takeaway,,
2026-06-20,14:23:00,Europe/London,Mains,Lamb Rump,1,Regular,,26.00,0.00,26.00,4.33,T87571955,Counter iPad,,Payment,Eat in,,
2026-06-20,14:23:00,Europe/London,Desserts,Sticky Toffee Pudding,1,Regular,,8.00,0.00,8.00,1.33,T87571955,Counter iPad,,Payment,Eat in,,
2026-06-20,14:23:00,Europe/London,Starters,Burrata,1,Regular,,10.00,0.00,10.00,1.67,T87571955,Counter iPad,,Payment,Eat in,,
2026-06-20,14:23:00,Europe/London,Mains,Fish & Chips,1,Small,,13.00,0.00,13.00,2.17,T87571955,Counter iPad,,Payment,Takeaway,,
2026-06-20,14:23:00,Europe/London,Mains,Tidewater Burger,1,Regular,,16.50,0.00,16.50,2.75,T87571955,Counter iPad,,Payment,Takeaway,,
2026-06-20,14:23:00,Europe/London,Desserts,Cheeseboard,1,3,,11.00,0.00,11.00,1.83,T87571955,Counter iPad,,Payment,Eat in,,
2026-06-20,14:23:00,Europe/London,Starters,Soup of the Day,1,Regular,,7.00,0.00,7.00,1.17,T87571955,Counter iPad,,Payment,Takeaway,,
2026-06-20,14:23:00,Europe/London,Mains,Chicken Supreme,1,Regular,,19.00,0.00,19.00,3.17,T87571955,Counter iPad,,Payment,Eat in,,
2026-06-20,14:23:00,Europe/London,Desserts,Choc Tart,1,Regular,,8.00,0.00,8.00,1.33,T87571955,Counter iPad,,Payment,Eat in,,
2026-06-20,14:23:00,Europe/London,Sides,Bread & Butter,1,Regular,,4.00,0.00,4.00,0.67,T87571955,Counter iPad,,Payment,Takeaway,,
2026-06-20,14:23:00,Europe/London,Drinks,Lager Pint,1,Regular,,6.20,0.00,6.20,1.03,T87571955,Counter iPad,,Payment,Eat in,,
2026-06-20,18:17:00,Europe/London,Starters,Mackerel Pate,1,Regular,,8.50,0.00,8.50,1.42,T55714761,Bar iPad,,Payment,Eat in,,
2026-06-20,18:17:00,Europe/London,Mains,Burger,1,Regular,,16.50,0.00,16.50,2.75,T55714761,Bar iPad,,Payment,Eat in,,
2026-06-20,18:17:00,Europe/London,Desserts,Sticky Toffee Pudding,1,Regular,,8.00,0.00,8.00,1.33,T55714761,Bar iPad,,Payment,Eat in,,
2026-06-20,18:17:00,Europe/London,Mains,Lamb Rump,1,Regular,,26.00,0.00,26.00,4.33,T55714761,Bar iPad,,Payment,Eat in,,
2026-06-20,18:17:00,Europe/London,Desserts,Cheeseboard,1,3,,11.00,0.00,11.00,1.83,T55714761,Bar iPad,,Payment,Eat in,,
2026-06-20,18:17:00,Europe/London,Drinks,Lager Pint,1,Regular,,6.20,0.00,6.20,1.03,T55714761,Bar iPad,,Payment,Takeaway,,
2026-06-20,18:17:00,Europe/London,Drinks,Flat White,1,Regular,,3.40,0.00,3.40,0.57,T55714761,Bar iPad,,Payment,Eat in,,
2026-06-20,18:24:00,Europe/London,Mains,Steak Frites,1,Regular,,24.00,0.00,24.00,4.00,T49368406,Counter iPad,,Payment,Eat in,,
2026-06-20,18:24:00,Europe/London,Sides,Chips,1,Regular,,4.50,0.00,4.50,0.75,T49368406,Counter iPad,,Payment,Eat in,,
2026-06-20,18:24:00,Europe/London,Desserts,Sticky Toffee Pudding,1,Regular,,8.00,0.00,8.00,1.33,T49368406,Counter iPad,,Payment,Takeaway,,
2026-06-20,18:24:00,Europe/London,Mains,Hake,1,Regular,,22.00,0.00,22.00,3.67,T49368406,Counter iPad,,Payment,Eat in,,
2026-06-20,18:24:00,Europe/London,Drinks,Lager Pint,1,Regular,,6.20,0.00,6.20,1.03,T49368406,Counter iPad,,Payment,Eat in,,
2026-06-20,18:24:00,Europe/London,Drinks,Sparkling Water 750ml,1,Regular,,4.00,0.00,4.00,0.67,T49368406,Counter iPad,,Payment,Eat in,,
2026-06-20,18:35:00,Europe/London,Kids,Kids Fish & Chips,1,Regular,,8.00,0.00,8.00,1.33,T68927450,Counter iPad,,Payment,Eat in,,
2026-06-20,18:35:00,Europe/London,Kids,Kids Ice Cream,1,Regular,,3.50,0.00,3.50,0.58,T68927450,Counter iPad,,Payment,Takeaway,,
2026-06-20,18:35:00,Europe/London,Mains,Fish & Chips,1,Small,,13.00,0.00,13.00,2.17,T68927450,Counter iPad,,Payment,Eat in,,
2026-06-20,18:35:00,Europe/London,Sides,Truffle Fries,1,Regular,,6.00,0.00,6.00,1.00,T68927450,Counter iPad,,Payment,Eat in,,
2026-06-20,18:35:00,Europe/London,Mains,Hake,1,Regular,,22.00,0.00,22.00,3.67,T68927450,Counter iPad,,Payment,Eat in,,
2026-06-20,18:35:00,Europe/London,Mains,Tidewater Burger,1,Regular,Add Cheese,16.50,0.00,16.50,2.75,T68927450,Counter iPad,,Payment,Eat in,,
2026-06-20,18:35:00,Europe/London,Drinks,Lager Pint,2,Regular,,12.40,0.00,12.40,2.07,T68927450,Counter iPad,,Payment,Eat in,,
2026-06-20,18:35:00,Europe/London,Drinks,House White 175ml,1,Regular,,7.00,0.00,7.00,1.17,T68927450,Counter iPad,,Payment,Eat in,,
2026-06-20,18:35:00,Europe/London,Drinks,House Red 175ml,1,Regular,,7.00,0.00,7.00,1.17,T68927450,Counter iPad,,Payment,Takeaway,,
2026-06-20,18:35:00,Europe/London,Drinks,Coke,1,Regular,,3.00,0.00,3.00,0.50,T68927450,Counter iPad,,Payment,Takeaway,,
2026-06-20,18:35:00,Europe/London,Drinks,Sparkling Water 750ml,2,Regular,,8.00,0.00,8.00,1.33,T68927450,Counter iPad,,Payment,Takeaway,,
2026-06-20,18:35:00,Europe/London,Drinks,Flat White,1,Regular,,3.40,0.00,3.40,0.57,T68927450,Counter iPad,,Payment,Takeaway,,
2026-06-20,18:46:00,Europe/London,Mains,Chicken Supreme,1,Regular,,19.00,0.00,19.00,3.17,T22553585,Counter iPad,Table 5 - call 07700 900876 when ready,Payment,Eat in,,
2026-06-20,18:46:00,Europe/London,Mains,Tidewater Burger,1,Regular,,16.50,0.00,16.50,2.75,T22553585,Counter iPad,Table 5 - call 07700 900876 when ready,Payment,Eat in,,
2026-06-20,18:46:00,Europe/London,Drinks,House White 175ml,2,Regular,,14.00,0.00,14.00,2.33,T22553585,Counter iPad,Table 5 - call 07700 900876 when ready,Payment,Eat in,,
2026-06-20,19:26:00,Europe/London,Drinks,House White 175ml,1,Regular,,-7.00,0.00,-7.00,-1.17,T22553585,Counter iPad,sent back,Refund,Eat in,,
2026-06-20,18:46:00,Europe/London,Drinks,Coke,1,Regular,,3.00,0.00,3.00,0.50,T22553585,Counter iPad,Table 5 - call 07700 900876 when ready,Payment,Eat in,,
2026-06-20,18:46:00,Europe/London,Drinks,Sparkling Water 750ml,1,Regular,,4.00,0.00,4.00,0.67,T22553585,Counter iPad,Table 5 - call 07700 900876 when ready,Payment,Eat in,,
2026-06-20,18:46:00,Europe/London,Drinks,Espresso,1,Regular,,2.80,0.00,2.80,0.47,T22553585,Counter iPad,Table 5 - call 07700 900876 when ready,Payment,Eat in,,
2026-06-20,18:58:00,Europe/London,Starters,Salt & Pepper Squid,1,Regular,,9.50,0.00,9.50,1.58,T47589940,Counter iPad,,Payment,Eat in,,
2026-06-20,18:58:00,Europe/London,Mains,Steak Frites,1,Regular,,24.00,0.00,24.00,4.00,T47589940,Counter iPad,,Payment,Takeaway,,
2026-06-20,18:58:00,Europe/London,Desserts,Cheeseboard,1,5,,16.00,0.00,16.00,2.67,T47589940,Counter iPad,,Payment,Eat in,,
2026-06-20,18:58:00,Europe/London,Sides,Chips,1,Regular,,4.50,0.00,4.50,0.75,T47589940,Counter iPad,,Payment,Takeaway,,
2026-06-20,18:58:00,Europe/London,Drinks,House White 175ml,2,Regular,,14.00,0.00,14.00,2.33,T47589940,Counter iPad,,Payment,Eat in,,
2026-06-20,18:58:00,Europe/London,Drinks,Coke,1,Regular,,3.00,0.00,3.00,0.50,T47589940,Counter iPad,,Payment,Eat in,,
2026-06-20,18:58:00,Europe/London,Drinks,Espresso,2,Regular,,5.60,0.00,5.60,0.93,T47589940,Counter iPad,,Payment,Takeaway,,
2026-06-20,19:03:00,Europe/London,Mains,Tidewater Burger,2,Regular,Add Cheese,33.00,0.00,33.00,5.50,T36446005,Counter iPad,,Payment,Takeaway,,
2026-06-20,19:03:00,Europe/London,Sides,Chips,1,Regular,,4.50,0.00,4.50,0.75,T36446005,Counter iPad,,Payment,Eat in,,
2026-06-20,19:03:00,Europe/London,Mains,Fish & Chips,1,Regular,,17.50,0.00,17.50,2.92,T36446005,Counter iPad,,Payment,Eat in,,
2026-06-20,19:03:00,Europe/London,Mains,Steak Frites,1,Regular,,24.00,0.00,24.00,4.00,T36446005,Counter iPad,,Payment,Eat in,,
2026-06-20,19:03:00,Europe/London,Mains,Chicken Supreme,1,Regular,,19.00,0.00,19.00,3.17,T36446005,Counter iPad,,Payment,Takeaway,,
2026-06-20,19:03:00,Europe/London,Sides,Truffle Fries,1,Regular,,6.00,0.00,6.00,1.00,T36446005,Counter iPad,,Payment,Eat in,,
2026-06-20,19:03:00,Europe/London,Starters,Pork Belly Bites,1,Regular,,8.00,0.00,8.00,1.33,T36446005,Counter iPad,,Payment,Eat in,,
2026-06-20,19:03:00,Europe/London,Sides,House Salad,1,Regular,,4.50,0.00,4.50,0.75,T36446005,Counter iPad,,Payment,Eat in,,
2026-06-20,19:03:00,Europe/London,Drinks,Lager Pint,3,Regular,,18.60,0.00,18.60,3.10,T36446005,Counter iPad,,Payment,Takeaway,,
2026-06-20,19:03:00,Europe/London,Drinks,House White 175ml,1,Regular,,7.00,0.00,7.00,1.17,T36446005,Counter iPad,,Payment,Eat in,,
2026-06-20,19:03:00,Europe/London,Drinks,House Red 175ml,2,Regular,,14.00,0.00,14.00,2.33,T36446005,Counter iPad,,Payment,Takeaway,,
2026-06-20,19:03:00,Europe/London,Drinks,Coke,2,Regular,,6.00,0.00,6.00,1.00,T36446005,Counter iPad,,Payment,Takeaway,,
2026-06-20,19:03:00,Europe/London,Drinks,Espresso,1,Regular,,2.80,0.00,2.80,0.47,T36446005,Counter iPad,,Payment,Eat in,,
2026-06-20,19:03:00,Europe/London,Drinks,Flat White,1,Regular,,3.40,0.00,3.40,0.57,T36446005,Counter iPad,,Payment,Eat in,,
2026-06-20,19:21:00,Europe/London,Mains,Hake,1,Regular,,22.00,0.00,22.00,3.67,T48663043,Counter iPad,,Payment,Takeaway,,
2026-06-20,19:21:00,Europe/London,Drinks,Lager Pint,1,Regular,,6.20,0.00,6.20,1.03,T48663043,Counter iPad,,Payment,Eat in,,
2026-06-20,19:21:00,Europe/London,Drinks,House Red 175ml,1,Regular,,7.00,0.00,7.00,1.17,T48663043,Counter iPad,,Payment,Eat in,,
2026-06-20,19:21:00,Europe/London,Drinks,Espresso,1,Regular,,2.80,0.00,2.80,0.47,T48663043,Counter iPad,,Payment,Eat in,,
2026-06-20,19:21:00,Europe/London,Drinks,Flat White,1,Regular,,3.40,0.00,3.40,0.57,T48663043,Counter iPad,,Payment,Takeaway,,
2026-06-20,20:04:00,Europe/London,Starters,Burrata,1,Regular,,10.00,0.00,10.00,1.67,T15378965,Bar iPad,,Payment,Eat in,,
2026-06-20,20:04:00,Europe/London,Mains,Chicken Supreme,1,Regular,,19.00,0.00,19.00,3.17,T15378965,Bar iPad,,Payment,Eat in,,
2026-06-20,20:04:00,Europe/London,Desserts,Affogato,1,Regular,,6.00,0.00,6.00,1.00,T15378965,Bar iPad,,Payment,Eat in,,
2026-06-20,20:04:00,Europe/London,Starters,Salt & Pepper Squid,1,Regular,,9.50,0.00,9.50,1.58,T15378965,Bar iPad,,Payment,Eat in,,
2026-06-20,20:04:00,Europe/London,Mains,Burger,1,Regular,"Add Bacon, Add Cheese",16.50,0.00,16.50,2.75,T15378965,Bar iPad,,Payment,Takeaway,,
2026-06-20,20:04:00,Europe/London,Sides,Truffle Fries,1,Regular,,6.00,0.00,6.00,1.00,T15378965,Bar iPad,,Payment,Takeaway,,
2026-06-20,20:04:00,Europe/London,Desserts,Creme Brulee,1,Regular,,7.50,0.00,7.50,1.25,T15378965,Bar iPad,,Payment,Eat in,,
2026-06-20,20:04:00,Europe/London,Sides,Bread & Butter,1,Regular,,4.00,0.00,4.00,0.67,T15378965,Bar iPad,,Payment,Eat in,,
2026-06-20,20:04:00,Europe/London,Drinks,House White 175ml,1,Regular,,7.00,0.00,7.00,1.17,T15378965,Bar iPad,,Payment,Eat in,,
2026-06-20,20:04:00,Europe/London,Drinks,Sparkling Water 750ml,1,Regular,,4.00,0.00,4.00,0.67,T15378965,Bar iPad,,Payment,Eat in,,
2026-06-20,20:11:00,Europe/London,Kids,Kids Fish & Chips,3,Regular,,24.00,0.00,24.00,4.00,T82410997,Counter iPad,,Payment,Takeaway,,
2026-06-20,20:11:00,Europe/London,Kids,Kids Ice Cream,2,Regular,,7.00,0.00,7.00,1.17,T82410997,Counter iPad,,Payment,Takeaway,,
2026-06-20,20:11:00,Europe/London,Kids,Kids Burger,1,Regular,,7.50,0.00,7.50,1.25,T82410997,Counter iPad,,Payment,Eat in,,
2026-06-20,20:11:00,Europe/London,Desserts,Choc Tart,1,Regular,,8.00,0.00,8.00,1.33,T82410997,Counter iPad,,Payment,Eat in,,
2026-06-20,20:11:00,Europe/London,Mains,Fish & Chips,1,Small,,13.00,0.00,13.00,2.17,T82410997,Counter iPad,,Payment,Takeaway,,
2026-06-20,20:11:00,Europe/London,Sides,Bread & Butter,1,Regular,,4.00,0.00,4.00,0.67,T82410997,Counter iPad,,Payment,Eat in,,
2026-06-20,20:11:00,Europe/London,Drinks,Lager Pint,1,Regular,,6.20,0.00,6.20,1.03,T82410997,Counter iPad,,Payment,Takeaway,,
2026-06-20,20:11:00,Europe/London,Drinks,House Red 175ml,1,Regular,,7.00,0.00,7.00,1.17,T82410997,Counter iPad,,Payment,Eat in,,
2026-06-20,20:11:00,Europe/London,Drinks,Sparkling Water 750ml,2,Regular,,8.00,0.00,8.00,1.33,T82410997,Counter iPad,,Payment,Takeaway,,
2026-06-20,20:11:00,Europe/London,Drinks,Espresso,2,Regular,,5.60,0.00,5.60,0.93,T82410997,Counter iPad,,Payment,Takeaway,,
2026-06-20,20:11:00,Europe/London,Drinks,Flat White,1,Regular,,3.40,0.00,3.40,0.57,T82410997,Counter iPad,,Payment,Eat in,,
2026-06-20,20:25:00,Europe/London,Mains,Burger,1,Regular,,16.50,0.00,16.50,2.75,T43827154,Bar iPad,,Payment,Takeaway,,
2026-06-20,20:25:00,Europe/London,Sides,Fries,1,Regular,,4.50,0.00,4.50,0.75,T43827154,Bar iPad,,Payment,Takeaway,,
2026-06-20,20:25:00,Europe/London,Desserts,Creme Brulee,1,Regular,,7.50,0.00,7.50,1.25,T43827154,Bar iPad,,Payment,Eat in,,
2026-06-20,20:25:00,Europe/London,Mains,Fish & Chips,1,Regular,,17.50,0.00,17.50,2.92,T43827154,Bar iPad,,Payment,Takeaway,,
2026-06-20,20:25:00,Europe/London,Drinks,Lager Pint,1,Regular,,6.20,0.00,6.20,1.03,T43827154,Bar iPad,,Payment,Eat in,,
2026-06-20,20:25:00,Europe/London,Drinks,House White 175ml,1,Regular,,7.00,0.00,7.00,1.17,T43827154,Bar iPad,,Payment,Eat in,,
2026-06-20,20:25:00,Europe/London,Drinks,Flat White,1,Regular,,3.40,0.00,3.40,0.57,T43827154,Bar iPad,,Payment,Takeaway,,
2026-06-20,20:33:00,Europe/London,Starters,Soup of the Day,1,Regular,,7.00,0.00,7.00,1.17,T48007501,Counter iPad,Table 4 - call 07700 900163 when ready,Payment,Eat in,,
2026-06-20,20:33:00,Europe/London,Mains,Chicken Supreme,1,Regular,,19.00,0.00,19.00,3.17,T48007501,Counter iPad,Table 4 - call 07700 900163 when ready,Payment,Eat in,,
2026-06-20,20:33:00,Europe/London,Sides,Chips,1,Regular,,4.50,0.00,4.50,0.75,T48007501,Counter iPad,Table 4 - call 07700 900163 when ready,Payment,Eat in,,
2026-06-20,20:33:00,Europe/London,Desserts,Crème Brûlée,1,Regular,,7.50,0.00,7.50,1.25,T48007501,Counter iPad,Table 4 - call 07700 900163 when ready,Payment,Takeaway,,
2026-06-20,20:33:00,Europe/London,Starters,Mackerel Pate,1,Regular,,8.50,0.00,8.50,1.42,T48007501,Counter iPad,Table 4 - call 07700 900163 when ready,Payment,Takeaway,,
2026-06-20,20:33:00,Europe/London,Mains,Steak Frites,1,Regular,,24.00,0.00,24.00,4.00,T48007501,Counter iPad,Table 4 - call 07700 900163 when ready,Payment,Eat in,,
2026-06-20,20:33:00,Europe/London,Desserts,Sticky Toffee Pudding,1,Regular,,8.00,0.00,8.00,1.33,T48007501,Counter iPad,Table 4 - call 07700 900163 when ready,Payment,Takeaway,,
2026-06-20,20:33:00,Europe/London,Sides,Bread & Butter,1,Regular,,4.00,0.00,4.00,0.67,T48007501,Counter iPad,Table 4 - call 07700 900163 when ready,Payment,Eat in,,
2026-06-20,20:33:00,Europe/London,Drinks,Lager Pint,1,Regular,,6.20,0.00,6.20,1.03,T48007501,Counter iPad,Table 4 - call 07700 900163 when ready,Payment,Takeaway,,
2026-06-20,21:03:00,Europe/London,Mains,Lemon Sole (MP),1,Regular,,27.00,0.00,27.00,4.50,T87215482,Counter iPad,,Payment,Eat in,,
2026-06-20,21:03:00,Europe/London,Desserts,Affogato,1,Regular,,6.00,0.00,6.00,1.00,T87215482,Counter iPad,,Payment,Eat in,,
2026-06-20,21:03:00,Europe/London,Drinks,House White 175ml,1,Regular,,7.00,0.00,7.00,1.17,T87215482,Counter iPad,,Payment,Eat in,,
2026-06-20,21:03:00,Europe/London,Drinks,Espresso,1,Regular,,2.80,0.00,2.80,0.47,T87215482,Counter iPad,,Payment,Eat in,,
2026-06-20,21:28:00,Europe/London,Mains,Hake,2,Regular,,44.00,0.00,44.00,7.33,T71197302,Bar iPad,,Payment,Eat in,C201,Sample Customer 201
2026-06-20,21:28:00,Europe/London,Sides,Fries,1,Regular,,4.50,0.00,4.50,0.75,T71197302,Bar iPad,,Payment,Eat in,C201,Sample Customer 201
2026-06-20,21:28:00,Europe/London,Desserts,Cheeseboard,1,3,,11.00,0.00,11.00,1.83,T71197302,Bar iPad,,Payment,Eat in,C201,Sample Customer 201
2026-06-20,21:28:00,Europe/London,Mains,Chicken Supreme,1,Regular,,19.00,0.00,19.00,3.17,T71197302,Bar iPad,,Payment,Eat in,C201,Sample Customer 201
2026-06-20,21:28:00,Europe/London,Sides,Tenderstem,1,Regular,,5.00,0.00,5.00,0.83,T71197302,Bar iPad,,Payment,Eat in,C201,Sample Customer 201
2026-06-20,21:28:00,Europe/London,Desserts,Sticky Toffee Pudding,2,Regular,,16.00,0.00,16.00,2.67,T71197302,Bar iPad,,Payment,Eat in,C201,Sample Customer 201
2026-06-20,21:28:00,Europe/London,Starters,Pork Belly Bites,1,Regular,,8.00,0.00,8.00,1.33,T71197302,Bar iPad,,Payment,Takeaway,C201,Sample Customer 201
2026-06-20,21:28:00,Europe/London,Mains,Fish & Chips,1,Regular,,17.50,0.00,17.50,2.92,T71197302,Bar iPad,,Payment,Takeaway,C201,Sample Customer 201
2026-06-20,21:30:00,Europe/London,Mains,Fish & Chips,1,Regular,,0.00,0.00,0.00,0.00,T71197302,Bar iPad,wrong table,Void,Eat in,C201,Sample Customer 201
2026-06-20,21:28:00,Europe/London,Drinks,Lager Pint,2,Regular,,12.40,0.00,12.40,2.07,T71197302,Bar iPad,,Payment,Eat in,C201,Sample Customer 201
2026-06-20,21:28:00,Europe/London,Drinks,House White 175ml,2,Regular,,14.00,0.00,14.00,2.33,T71197302,Bar iPad,,Payment,Eat in,C201,Sample Customer 201
2026-06-20,21:28:00,Europe/London,Drinks,House Red 175ml,3,Regular,,21.00,0.00,21.00,3.50,T71197302,Bar iPad,,Payment,Eat in,C201,Sample Customer 201
2026-06-20,21:30:00,Europe/London,Drinks,House Red 175ml,1,Regular,,0.00,0.00,0.00,0.00,T71197302,Bar iPad,wrong table,Void,Eat in,C201,Sample Customer 201
2026-06-20,21:28:00,Europe/London,Drinks,Coke,1,Regular,,3.00,0.00,3.00,0.50,T71197302,Bar iPad,,Payment,Eat in,C201,Sample Customer 201
2026-06-20,21:28:00,Europe/London,Drinks,Sparkling Water 750ml,1,Regular,,4.00,0.00,4.00,0.67,T71197302,Bar iPad,,Payment,Eat in,C201,Sample Customer 201
2026-06-20,21:28:00,Europe/London,Drinks,Espresso,1,Regular,,2.80,0.00,2.80,0.47,T71197302,Bar iPad,,Payment,Eat in,C201,Sample Customer 201
2026-06-20,21:28:00,Europe/London,Drinks,Flat White,1,Regular,,3.40,0.00,3.40,0.57,T71197302,Bar iPad,,Payment,Eat in,C201,Sample Customer 201
2026-06-20,21:50:00,Europe/London,Mains,Fish & Chips,1,Regular,,17.50,0.00,17.50,2.92,T37989221,Counter iPad,,Payment,Takeaway,,
2026-06-20,21:50:00,Europe/London,Sides,Truffle Fries,1,Regular,,6.00,0.00,6.00,1.00,T37989221,Counter iPad,,Payment,Takeaway,,
2026-06-20,21:50:00,Europe/London,Mains,Chicken Supreme,1,Regular,,19.00,0.00,19.00,3.17,T37989221,Counter iPad,,Payment,Eat in,,
2026-06-20,21:50:00,Europe/London,Drinks,House Red 175ml,2,Regular,,14.00,0.00,14.00,2.33,T37989221,Counter iPad,,Payment,Eat in,,
2026-06-20,21:50:00,Europe/London,Drinks,Coke,1,Regular,,3.00,0.00,3.00,0.50,T37989221,Counter iPad,,Payment,Eat in,,
2026-06-20,21:58:00,Europe/London,Mains,Fish & Chips,1,Regular,,17.50,0.00,17.50,2.92,T72506421,Counter iPad,,Payment,Eat in,C392,Sample Customer 392
2026-06-20,21:58:00,Europe/London,Starters,Soup of the Day,1,Regular,,7.00,0.00,7.00,1.17,T72506421,Counter iPad,,Payment,Eat in,C392,Sample Customer 392
2026-06-20,21:58:00,Europe/London,Mains,SPECIAL - Crab Linguine,1,Regular,,18.00,0.00,18.00,3.00,T72506421,Counter iPad,,Payment,Takeaway,C392,Sample Customer 392
2026-06-20,22:34:00,Europe/London,Mains,Tidewater Burger,1,Regular,,16.50,0.00,16.50,2.75,T75002280,Counter iPad,Table 13 - call 07700 900713 when ready,Payment,Eat in,,
2026-06-20,22:34:00,Europe/London,Drinks,Lager Pint,1,Regular,,6.20,0.00,6.20,1.03,T75002280,Counter iPad,Table 13 - call 07700 900713 when ready,Payment,Eat in,,
2026-06-20,22:34:00,Europe/London,Drinks,Espresso,1,Regular,,2.80,0.00,2.80,0.47,T75002280,Counter iPad,Table 13 - call 07700 900713 when ready,Payment,Eat in,,
2026-06-20,22:51:00,Europe/London,Mains,Tidewater Burger,2,Regular,,33.00,0.00,33.00,5.50,T23800148,Counter iPad,,Payment,Takeaway,,
2026-06-20,22:51:00,Europe/London,Sides,Chips,1,Regular,,4.50,0.00,4.50,0.75,T23800148,Counter iPad,,Payment,Eat in,,
2026-06-20,22:51:00,Europe/London,Starters,Burrata,1,Regular,,10.00,0.00,10.00,1.67,T23800148,Counter iPad,,Payment,Eat in,,
2026-06-20,22:51:00,Europe/London,Mains,Mushroom Risotto,1,Regular,,15.00,0.00,15.00,2.50,T23800148,Counter iPad,,Payment,Takeaway,,
2026-06-20,22:51:00,Europe/London,Mains,Chicken Supreme,1,Regular,,19.00,0.00,19.00,3.17,T23800148,Counter iPad,,Payment,Eat in,,
2026-06-20,22:51:00,Europe/London,Desserts,Choc Tart,1,Regular,,8.00,0.00,8.00,1.33,T23800148,Counter iPad,,Payment,Takeaway,,
2026-06-20,22:51:00,Europe/London,Sides,Bread & Butter,1,Regular,,4.00,0.00,4.00,0.67,T23800148,Counter iPad,,Payment,Eat in,,
2026-06-20,22:51:00,Europe/London,Drinks,Lager Pint,2,Regular,,12.40,0.00,12.40,2.07,T23800148,Counter iPad,,Payment,Eat in,,
2026-06-20,22:51:00,Europe/London,Drinks,House White 175ml,1,Regular,,7.00,0.00,7.00,1.17,T23800148,Counter iPad,,Payment,Takeaway,,
2026-06-20,22:51:00,Europe/London,Drinks,Coke,2,Regular,,6.00,0.00,6.00,1.00,T23800148,Counter iPad,,Payment,Eat in,,
2026-06-20,22:51:00,Europe/London,Drinks,Flat White,1,Regular,,3.40,0.00,3.40,0.57,T23800148,Counter iPad,,Payment,Eat in,,
2026-06-20,22:56:00,Europe/London,Starters,Salt & Pepper Squid,1,Regular,,9.50,0.00,9.50,1.58,T55559654,Bar iPad,,Payment,Eat in,,
2026-06-20,22:56:00,Europe/London,Mains,Fish & Chips,2,Regular,,35.00,0.00,35.00,5.83,T55559654,Bar iPad,,Payment,Takeaway,,
2026-06-20,22:56:00,Europe/London,Starters,Mackerel Pate,1,Regular,,8.50,0.00,8.50,1.42,T55559654,Bar iPad,,Payment,Takeaway,,
2026-06-20,22:56:00,Europe/London,Desserts,Sticky Toffee Pudding,1,Regular,,8.00,0.00,8.00,1.33,T55559654,Bar iPad,,Payment,Takeaway,,
2026-06-20,22:56:00,Europe/London,Starters,Pork Belly Bites,1,Regular,,8.00,0.00,8.00,1.33,T55559654,Bar iPad,,Payment,Eat in,,
2026-06-20,22:56:00,Europe/London,Mains,Steak Frites,1,Regular,,24.00,0.00,24.00,4.00,T55559654,Bar iPad,,Payment,Eat in,,
2026-06-20,22:56:00,Europe/London,Sides,Peppercorn Sauce,1,Regular,,3.00,0.00,3.00,0.50,T55559654,Bar iPad,,Payment,Eat in,,
2026-06-20,22:56:00,Europe/London,Mains,Fish & Chips,1,Small,,13.00,0.00,13.00,2.17,T55559654,Bar iPad,,Payment,Eat in,,
2026-06-20,22:56:00,Europe/London,Desserts,Cheeseboard,1,3,,11.00,0.00,11.00,1.83,T55559654,Bar iPad,,Payment,Eat in,,
2026-06-20,22:56:00,Europe/London,Drinks,Lager Pint,2,Regular,,12.40,0.00,12.40,2.07,T55559654,Bar iPad,,Payment,Eat in,,
2026-06-20,22:56:00,Europe/London,Drinks,House White 175ml,1,Regular,,7.00,0.00,7.00,1.17,T55559654,Bar iPad,,Payment,Eat in,,
2026-06-20,22:56:00,Europe/London,Drinks,House Red 175ml,2,Regular,,14.00,0.00,14.00,2.33,T55559654,Bar iPad,,Payment,Takeaway,,
2026-06-20,22:56:00,Europe/London,Drinks,Coke,3,Regular,,9.00,0.00,9.00,1.50,T55559654,Bar iPad,,Payment,Eat in,,
2026-06-20,22:56:00,Europe/London,Drinks,Espresso,2,Regular,,5.60,0.00,5.60,0.93,T55559654,Bar iPad,,Payment,Eat in,,
2026-06-20,22:56:00,Europe/London,Drinks,Flat White,1,Regular,,3.40,0.00,3.40,0.57,T55559654,Bar iPad,,Payment,Eat in,,
2026-06-20,23:16:00,Europe/London,Mains,Burger,1,Regular,,16.50,0.00,16.50,2.75,T37624058,Bar iPad,,Payment,Eat in,,
2026-06-20,23:16:00,Europe/London,Mains,SPECIAL - Crab Linguine,1,Regular,,18.00,0.00,18.00,3.00,T37624058,Bar iPad,,Payment,Eat in,,
2026-06-20,23:16:00,Europe/London,Mains,Mushroom Risotto,1,Regular,,15.00,0.00,15.00,2.50,T37624058,Bar iPad,,Payment,Eat in,,
2026-06-20,23:16:00,Europe/London,Drinks,Lager Pint,2,Regular,,12.40,0.00,12.40,2.07,T37624058,Bar iPad,,Payment,Eat in,,
2026-06-20,23:16:00,Europe/London,Drinks,House Red 175ml,1,Regular,,7.00,0.00,7.00,1.17,T37624058,Bar iPad,,Payment,Eat in,,
2026-06-20,23:16:00,Europe/London,Drinks,Sparkling Water 750ml,2,Regular,,8.00,0.00,8.00,1.33,T37624058,Bar iPad,,Payment,Takeaway,,
2026-06-20,23:33:00,Europe/London,Mains,Steak Frites,2,Regular,,48.00,0.00,48.00,8.00,T68222232,Counter iPad,Table 15 - call 07700 900677 when ready,Payment,Eat in,,
2026-06-20,23:33:00,Europe/London,Sides,Truffle Fries,1,Regular,,6.00,0.00,6.00,1.00,T68222232,Counter iPad,Table 15 - call 07700 900677 when ready,Payment,Eat in,,
2026-06-20,23:33:00,Europe/London,Sides,Chips,1,Regular,,4.50,0.00,4.50,0.75,T68222232,Counter iPad,Table 15 - call 07700 900677 when ready,Payment,Eat in,,
2026-06-20,23:33:00,Europe/London,Desserts,Choc Tart,1,Regular,,8.00,0.00,8.00,1.33,T68222232,Counter iPad,Table 15 - call 07700 900677 when ready,Payment,Eat in,,
2026-06-20,23:33:00,Europe/London,Drinks,House Red 175ml,1,Regular,,7.00,0.00,7.00,1.17,T68222232,Counter iPad,Table 15 - call 07700 900677 when ready,Payment,Eat in,,
2026-06-20,23:33:00,Europe/London,Drinks,Coke,1,Regular,,3.00,0.00,3.00,0.50,T68222232,Counter iPad,Table 15 - call 07700 900677 when ready,Payment,Eat in,,
2026-06-20,23:33:00,Europe/London,Drinks,Flat White,1,Regular,,3.40,0.00,3.40,0.57,T68222232,Counter iPad,Table 15 - call 07700 900677 when ready,Payment,Eat in,,
2026-06-20,23:45:00,Europe/London,Mains,SPECIAL - Crab Linguine,1,Regular,,18.00,0.00,18.00,3.00,T94849092,Counter iPad,,Payment,Takeaway,,
2026-06-20,23:45:00,Europe/London,Mains,Chicken Supreme,3,Regular,,57.00,0.00,57.00,9.50,T94849092,Counter iPad,,Payment,Eat in,,
2026-06-20,23:45:00,Europe/London,Desserts,Sticky Toffee Pudding,1,Regular,,8.00,0.00,8.00,1.33,T94849092,Counter iPad,,Payment,Takeaway,,
2026-06-20,23:45:00,Europe/London,Starters,Salt & Pepper Squid,1,Regular,,9.50,0.00,9.50,1.58,T94849092,Counter iPad,,Payment,Eat in,,
2026-06-20,23:45:00,Europe/London,Desserts,Cheeseboard,1,3,,11.00,0.00,11.00,1.83,T94849092,Counter iPad,,Payment,Eat in,,
2026-06-20,23:45:00,Europe/London,Drinks,Lager Pint,3,Regular,,18.60,0.00,18.60,3.10,T94849092,Counter iPad,,Payment,Takeaway,,
2026-06-20,23:45:00,Europe/London,Drinks,House White 175ml,2,Regular,,14.00,0.00,14.00,2.33,T94849092,Counter iPad,,Payment,Eat in,,
2026-06-20,23:45:00,Europe/London,Drinks,House Red 175ml,1,Regular,,7.00,0.00,7.00,1.17,T94849092,Counter iPad,,Payment,Eat in,,
2026-06-20,23:45:00,Europe/London,Drinks,Coke,1,Regular,,3.00,0.00,3.00,0.50,T94849092,Counter iPad,,Payment,Eat in,,
2026-06-20,23:45:00,Europe/London,Drinks,Sparkling Water 750ml,1,Regular,,4.00,0.00,4.00,0.67,T94849092,Counter iPad,,Payment,Eat in,,
2026-06-20,23:45:00,Europe/London,Drinks,Espresso,1,Regular,,2.80,0.00,2.80,0.47,T94849092,Counter iPad,,Payment,Takeaway,,
2026-06-21,00:08:00,Europe/London,Starters,Burrata,1,Regular,,10.00,0.00,10.00,1.67,T30005795,Counter iPad,,Payment,Eat in,,
2026-06-21,00:08:00,Europe/London,Mains,Fish & Chips,1,Small,,13.00,0.00,13.00,2.17,T30005795,Counter iPad,,Payment,Eat in,,
2026-06-21,00:08:00,Europe/London,Desserts,Crème Brûlée,1,Regular,,7.50,0.00,7.50,1.25,T30005795,Counter iPad,,Payment,Takeaway,,
2026-06-21,00:08:00,Europe/London,Mains,Steak Frites,1,Regular,,24.00,0.00,24.00,4.00,T30005795,Counter iPad,,Payment,Takeaway,,
2026-06-21,00:08:00,Europe/London,Sides,Peppercorn Sauce,1,Regular,,3.00,0.00,3.00,0.50,T30005795,Counter iPad,,Payment,Eat in,,
2026-06-21,00:08:00,Europe/London,Sides,Chips,1,Regular,,4.50,0.00,4.50,0.75,T30005795,Counter iPad,,Payment,Eat in,,
2026-06-21,00:08:00,Europe/London,Sides,Bread & Butter,1,Regular,,4.00,0.00,4.00,0.67,T30005795,Counter iPad,,Payment,Eat in,,
2026-06-21,00:08:00,Europe/London,Drinks,House Red 175ml,1,Regular,,7.00,0.00,7.00,1.17,T30005795,Counter iPad,,Payment,Eat in,,
2026-06-21,12:03:00,Europe/London,Mains,Hake,1,Regular,,22.00,0.00,22.00,3.67,T98457353,Counter iPad,,Payment,Eat in,,
2026-06-21,12:03:00,Europe/London,Starters,Pork Belly Bites,1,Regular,,8.00,0.00,8.00,1.33,T98457353,Counter iPad,,Payment,Takeaway,,
2026-06-21,12:03:00,Europe/London,Mains,Fish & Chips,1,Regular,,17.50,0.00,17.50,2.92,T98457353,Counter iPad,,Payment,Eat in,,
2026-06-21,12:03:00,Europe/London,Desserts,Sticky Toffee Pudding,1,Regular,,8.00,0.00,8.00,1.33,T98457353,Counter iPad,,Payment,Eat in,,
2026-06-21,12:03:00,Europe/London,Drinks,Lager Pint,1,Regular,,6.20,0.00,6.20,1.03,T98457353,Counter iPad,,Payment,Eat in,,
2026-06-21,12:03:00,Europe/London,Drinks,House White 175ml,1,Regular,,7.00,0.00,7.00,1.17,T98457353,Counter iPad,,Payment,Takeaway,,
2026-06-21,12:03:00,Europe/London,Drinks,House Red 175ml,1,Regular,,7.00,0.00,7.00,1.17,T98457353,Counter iPad,,Payment,Takeaway,,
2026-06-21,12:03:00,Europe/London,Drinks,Sparkling Water 750ml,1,Regular,,4.00,0.00,4.00,0.67,T98457353,Counter iPad,,Payment,Eat in,,
2026-06-21,12:03:00,Europe/London,Drinks,Flat White,1,Regular,,3.40,0.00,3.40,0.57,T98457353,Counter iPad,,Payment,Eat in,,
2026-06-21,12:19:00,Europe/London,Kids,Kids Fish & Chips,1,Regular,,8.00,0.00,8.00,1.33,T85141568,Counter iPad,,Payment,Eat in,,
2026-06-21,12:19:00,Europe/London,Sides,Tenderstem,1,Regular,,5.00,0.00,5.00,0.83,T85141568,Counter iPad,,Payment,Eat in,,
2026-06-21,12:19:00,Europe/London,Starters,Salt & Pepper Squid,2,Regular,,19.00,0.00,19.00,3.17,T85141568,Counter iPad,,Payment,Eat in,,
2026-06-21,12:19:00,Europe/London,Mains,Tidewater Burger,1,Regular,,16.50,0.00,16.50,2.75,T85141568,Counter iPad,,Payment,Eat in,,
2026-06-21,12:19:00,Europe/London,Sides,Chips,1,Regular,,4.50,0.00,4.50,0.75,T85141568,Counter iPad,,Payment,Eat in,,
2026-06-21,12:19:00,Europe/London,Desserts,Sticky Toffee Pudding,1,Regular,,8.00,0.00,8.00,1.33,T85141568,Counter iPad,,Payment,Eat in,,
2026-06-21,12:19:00,Europe/London,Sides,Bread & Butter,1,Regular,,4.00,0.00,4.00,0.67,T85141568,Counter iPad,,Payment,Takeaway,,
2026-06-21,12:19:00,Europe/London,Drinks,Lager Pint,2,Regular,,12.40,0.00,12.40,2.07,T85141568,Counter iPad,,Payment,Eat in,,
2026-06-21,12:19:00,Europe/London,Drinks,House White 175ml,2,Regular,,14.00,0.00,14.00,2.33,T85141568,Counter iPad,,Payment,Takeaway,,
2026-06-21,12:19:00,Europe/London,Drinks,Sparkling Water 750ml,1,Regular,,4.00,0.00,4.00,0.67,T85141568,Counter iPad,,Payment,Takeaway,,
2026-06-21,12:19:00,Europe/London,Drinks,Flat White,1,Regular,,3.40,0.00,3.40,0.57,T85141568,Counter iPad,,Payment,Takeaway,,
2026-06-21,12:21:00,Europe/London,Drinks,Flat White,1,Regular,,0.00,0.00,0.00,0.00,T85141568,Counter iPad,wrong table,Void,Eat in,,
2026-06-21,12:27:00,Europe/London,Mains,Steak Frites,1,Regular,,24.00,0.00,24.00,4.00,T76599095,Counter iPad,,Payment,Eat in,,
2026-06-21,12:27:00,Europe/London,Sides,Tenderstem,1,Regular,,5.00,0.00,5.00,0.83,T76599095,Counter iPad,,Payment,Eat in,,
2026-06-21,12:27:00,Europe/London,Starters,Burrata,1,Regular,,10.00,-10.00,0.00,0.00,T76599095,Counter iPad,comp - long wait,Payment,Eat in,,
2026-06-21,12:27:00,Europe/London,Mains,Chicken Supreme,1,Regular,,19.00,0.00,19.00,3.17,T76599095,Counter iPad,,Payment,Eat in,,
2026-06-21,12:27:00,Europe/London,Sides,Chips,1,Regular,,4.50,0.00,4.50,0.75,T76599095,Counter iPad,,Payment,Eat in,,
2026-06-21,12:27:00,Europe/London,Mains,Fish & Chips,1,Small,,13.00,0.00,13.00,2.17,T76599095,Counter iPad,,Payment,Takeaway,,
2026-06-21,12:27:00,Europe/London,Sides,Truffle Fries,1,Regular,,6.00,0.00,6.00,1.00,T76599095,Counter iPad,,Payment,Takeaway,,
2026-06-21,12:27:00,Europe/London,Sides,Bread & Butter,1,Regular,,4.00,0.00,4.00,0.67,T76599095,Counter iPad,,Payment,Eat in,,
2026-06-21,12:27:00,Europe/London,Drinks,Lager Pint,1,Regular,,6.20,0.00,6.20,1.03,T76599095,Counter iPad,,Payment,Eat in,,
2026-06-21,12:27:00,Europe/London,Drinks,House White 175ml,1,Regular,,7.00,0.00,7.00,1.17,T76599095,Counter iPad,,Payment,Eat in,,
2026-06-21,12:27:00,Europe/London,Drinks,Coke,2,Regular,,6.00,0.00,6.00,1.00,T76599095,Counter iPad,,Payment,Eat in,,
2026-06-21,12:27:00,Europe/London,Drinks,Sparkling Water 750ml,1,Regular,,4.00,0.00,4.00,0.67,T76599095,Counter iPad,,Payment,Eat in,,
2026-06-21,16:30:00,Europe/London,Other,Staff Meal,1,Regular,Risotto,10.00,-10.00,0.00,0.00,T21387253,Counter iPad,,Payment,Eat in,,
2026-06-21,12:36:00,Europe/London,Mains,Sunday Roast,1,Regular,,24.00,0.00,24.00,4.00,T42842445,Bar iPad,,Payment,Eat in,,
2026-06-21,12:36:00,Europe/London,Sides,Fries,1,Regular,,4.50,0.00,4.50,0.75,T42842445,Bar iPad,,Payment,Eat in,,
2026-06-21,12:36:00,Europe/London,Desserts,Creme Brulee,1,Regular,,7.50,0.00,7.50,1.25,T42842445,Bar iPad,,Payment,Takeaway,,
2026-06-21,12:36:00,Europe/London,Sides,Bread & Butter,1,Regular,,4.00,0.00,4.00,0.67,T42842445,Bar iPad,,Payment,Eat in,,
2026-06-21,12:36:00,Europe/London,Drinks,Espresso,1,Regular,,2.80,0.00,2.80,0.47,T42842445,Bar iPad,,Payment,Eat in,,
2026-06-21,12:47:00,Europe/London,Starters,Mackerel Pate,1,Regular,,8.50,0.00,8.50,1.42,T54043502,Counter iPad,,Payment,Eat in,C880,Sample Customer 880
2026-06-21,12:47:00,Europe/London,Mains,Sunday Roast,1,Regular,,24.00,0.00,24.00,4.00,T54043502,Counter iPad,,Payment,Eat in,C880,Sample Customer 880
2026-06-21,12:47:00,Europe/London,Desserts,Sticky Toffee Pudding,1,Regular,,8.00,0.00,8.00,1.33,T54043502,Counter iPad,,Payment,Takeaway,C880,Sample Customer 880
2026-06-21,12:47:00,Europe/London,Drinks,Lager Pint,1,Regular,,6.20,0.00,6.20,1.03,T54043502,Counter iPad,,Payment,Eat in,C880,Sample Customer 880
2026-06-21,12:47:00,Europe/London,Drinks,House Red 175ml,1,Regular,,7.00,0.00,7.00,1.17,T54043502,Counter iPad,,Payment,Eat in,C880,Sample Customer 880
2026-06-21,12:49:00,Europe/London,Mains,Sunday Roast,1,Regular,,24.00,0.00,24.00,4.00,T69747952,Bar iPad,,Payment,Eat in,,
2026-06-21,12:49:00,Europe/London,Desserts,Sticky Toffee Pudding,1,Regular,,8.00,0.00,8.00,1.33,T69747952,Bar iPad,,Payment,Eat in,,
2026-06-21,12:49:00,Europe/London,Drinks,Lager Pint,1,Regular,,6.20,0.00,6.20,1.03,T69747952,Bar iPad,,Payment,Eat in,,
2026-06-21,12:49:00,Europe/London,Drinks,House Red 175ml,1,Regular,,7.00,0.00,7.00,1.17,T69747952,Bar iPad,,Payment,Eat in,,
2026-06-21,12:49:00,Europe/London,Drinks,Coke,1,Regular,,3.00,0.00,3.00,0.50,T69747952,Bar iPad,,Payment,Eat in,,
2026-06-21,13:23:00,Europe/London,Starters,Rock Oysters,2,x3,,18.00,0.00,18.00,3.00,T10039114,Bar iPad,,Payment,Eat in,,
2026-06-21,13:23:00,Europe/London,Mains,Lemon Sole (MP),1,Regular,,26.00,0.00,26.00,4.33,T10039114,Bar iPad,,Payment,Eat in,,
2026-06-21,13:23:00,Europe/London,Desserts,Sticky Toffee Pudding,1,Regular,,8.00,0.00,8.00,1.33,T10039114,Bar iPad,,Payment,Eat in,,
2026-06-21,13:23:00,Europe/London,Starters,Salt & Pepper Squid,1,Regular,,9.50,0.00,9.50,1.58,T10039114,Bar iPad,,Payment,Eat in,,
2026-06-21,13:23:00,Europe/London,Mains,Sunday Roast,2,Regular,,48.00,0.00,48.00,8.00,T10039114,Bar iPad,,Payment,Eat in,,
2026-06-21,13:23:00,Europe/London,Mains,Steak Frites,1,Regular,,24.00,0.00,24.00,4.00,T10039114,Bar iPad,,Payment,Eat in,,
2026-06-21,13:25:00,Europe/London,Mains,Steak Frites,1,Regular,,0.00,0.00,0.00,0.00,T10039114,Bar iPad,wrong table,Void,Eat in,,
2026-06-21,13:23:00,Europe/London,Starters,Soup of the Day,1,Regular,,7.00,0.00,7.00,1.17,T10039114,Bar iPad,,Payment,Takeaway,,
2026-06-21,13:23:00,Europe/London,Desserts,Choc Tart,1,Regular,,8.00,0.00,8.00,1.33,T10039114,Bar iPad,,Payment,Eat in,,
2026-06-21,13:23:00,Europe/London,Sides,Bread & Butter,1,Regular,,4.00,0.00,4.00,0.67,T10039114,Bar iPad,,Payment,Eat in,,
2026-06-21,13:23:00,Europe/London,Drinks,Lager Pint,1,Regular,,6.20,0.00,6.20,1.03,T10039114,Bar iPad,,Payment,Eat in,,
2026-06-21,13:23:00,Europe/London,Drinks,House White 175ml,2,Regular,,14.00,0.00,14.00,2.33,T10039114,Bar iPad,,Payment,Eat in,,
2026-06-21,13:23:00,Europe/London,Drinks,House Red 175ml,1,Regular,,7.00,0.00,7.00,1.17,T10039114,Bar iPad,,Payment,Eat in,,
2026-06-21,13:27:00,Europe/London,Starters,Mackerel Pate,1,Regular,,8.50,0.00,8.50,1.42,T74187288,Counter iPad,,Payment,Takeaway,,
2026-06-21,13:27:00,Europe/London,Mains,Chicken Supreme,1,Regular,,19.00,0.00,19.00,3.17,T74187288,Counter iPad,,Payment,Takeaway,,
2026-06-21,13:27:00,Europe/London,Starters,Soup of the Day,1,Regular,,7.00,0.00,7.00,1.17,T74187288,Counter iPad,,Payment,Eat in,,
2026-06-21,13:27:00,Europe/London,Mains,Sunday Roast,1,Regular,,24.00,0.00,24.00,4.00,T74187288,Counter iPad,,Payment,Eat in,,
2026-06-21,13:27:00,Europe/London,Sides,House Salad,1,Regular,,4.50,0.00,4.50,0.75,T74187288,Counter iPad,,Payment,Eat in,,
2026-06-21,13:27:00,Europe/London,Drinks,House Red 175ml,1,Regular,,7.00,0.00,7.00,1.17,T74187288,Counter iPad,,Payment,Takeaway,,
2026-06-21,13:27:00,Europe/London,Drinks,Coke,1,Regular,,3.00,0.00,3.00,0.50,T74187288,Counter iPad,,Payment,Eat in,,
2026-06-21,13:27:00,Europe/London,Drinks,Sparkling Water 750ml,1,Regular,,4.00,0.00,4.00,0.67,T74187288,Counter iPad,,Payment,Eat in,,
2026-06-21,13:29:00,Europe/London,Drinks,Sparkling Water 750ml,1,Regular,,0.00,0.00,0.00,0.00,T74187288,Counter iPad,wrong table,Void,Eat in,,
2026-06-21,13:28:00,Europe/London,Starters,Salt & Pepper Squid,1,Regular,,9.50,0.00,9.50,1.58,T99648577,Counter iPad,,Payment,Eat in,,
2026-06-21,13:28:00,Europe/London,Mains,Sunday Roast,2,Regular,,48.00,0.00,48.00,8.00,T99648577,Counter iPad,,Payment,Takeaway,,
2026-06-21,13:28:00,Europe/London,Sides,House Salad,1,Regular,,4.50,0.00,4.50,0.75,T99648577,Counter iPad,,Payment,Eat in,,
2026-06-21,13:28:00,Europe/London,Starters,Burrata,1,Regular,,10.00,0.00,10.00,1.67,T99648577,Counter iPad,,Payment,Eat in,,
2026-06-21,13:28:00,Europe/London,Sides,Chips,1,Regular,,4.50,0.00,4.50,0.75,T99648577,Counter iPad,,Payment,Eat in,,
2026-06-21,13:28:00,Europe/London,Desserts,Sticky Toffee Pudding,1,Regular,,8.00,0.00,8.00,1.33,T99648577,Counter iPad,,Payment,Eat in,,
2026-06-21,13:28:00,Europe/London,Sides,Bread & Butter,1,Regular,,4.00,0.00,4.00,0.67,T99648577,Counter iPad,,Payment,Takeaway,,
2026-06-21,13:28:00,Europe/London,Drinks,Lager Pint,2,Regular,,12.40,0.00,12.40,2.07,T99648577,Counter iPad,,Payment,Eat in,,
2026-06-21,13:28:00,Europe/London,Drinks,House White 175ml,1,Regular,,7.00,0.00,7.00,1.17,T99648577,Counter iPad,,Payment,Eat in,,
2026-06-21,13:28:00,Europe/London,Drinks,Sparkling Water 750ml,1,Regular,,4.00,0.00,4.00,0.67,T99648577,Counter iPad,,Payment,Eat in,,
2026-06-21,13:29:00,Europe/London,Mains,Tidewater Burger,1,Regular,,16.50,0.00,16.50,2.75,T81322942,Counter iPad,,Payment,Eat in,C174,Sample Customer 174
2026-06-21,13:29:00,Europe/London,Mains,Fish & Chips,2,Regular,,35.00,0.00,35.00,5.83,T81322942,Counter iPad,,Payment,Takeaway,C174,Sample Customer 174
2026-06-21,13:29:00,Europe/London,Sides,Chips,1,Regular,,4.50,0.00,4.50,0.75,T81322942,Counter iPad,,Payment,Eat in,C174,Sample Customer 174
2026-06-21,13:29:00,Europe/London,Desserts,Sticky Toffee Pudding,1,Regular,,8.00,0.00,8.00,1.33,T81322942,Counter iPad,,Payment,Eat in,C174,Sample Customer 174
2026-06-21,13:29:00,Europe/London,Sides,Truffle Fries,1,Regular,,6.00,0.00,6.00,1.00,T81322942,Counter iPad,,Payment,Takeaway,C174,Sample Customer 174
2026-06-21,13:29:00,Europe/London,Starters,Rock Oysters,1,x6,,16.00,0.00,16.00,2.67,T81322942,Counter iPad,,Payment,Eat in,C174,Sample Customer 174
2026-06-21,13:29:00,Europe/London,Drinks,Lager Pint,2,Regular,,12.40,0.00,12.40,2.07,T81322942,Counter iPad,,Payment,Eat in,C174,Sample Customer 174
2026-06-21,13:29:00,Europe/London,Drinks,House White 175ml,3,Regular,,21.00,0.00,21.00,3.50,T81322942,Counter iPad,,Payment,Eat in,C174,Sample Customer 174
2026-06-21,13:29:00,Europe/London,Drinks,House Red 175ml,2,Regular,,14.00,0.00,14.00,2.33,T81322942,Counter iPad,,Payment,Takeaway,C174,Sample Customer 174
2026-06-21,13:29:00,Europe/London,Drinks,Sparkling Water 750ml,2,Regular,,8.00,0.00,8.00,1.33,T81322942,Counter iPad,,Payment,Eat in,C174,Sample Customer 174
2026-06-21,13:38:00,Europe/London,Mains,Sunday Roast,3,Regular,,72.00,0.00,72.00,12.00,T19871656,Counter iPad,,Payment,Eat in,,
2026-06-21,13:38:00,Europe/London,Sides,Truffle Fries,1,Regular,,6.00,0.00,6.00,1.00,T19871656,Counter iPad,,Payment,Eat in,,
2026-06-21,13:38:00,Europe/London,Starters,Pork Belly Bites,1,Regular,,8.00,0.00,8.00,1.33,T19871656,Counter iPad,,Payment,Eat in,,
2026-06-21,13:38:00,Europe/London,Starters,Salt & Pepper Squid,1,Regular,,9.50,0.00,9.50,1.58,T19871656,Counter iPad,,Payment,Takeaway,,
2026-06-21,13:38:00,Europe/London,Drinks,Lager Pint,3,Regular,,18.60,0.00,18.60,3.10,T19871656,Counter iPad,,Payment,Eat in,,
2026-06-21,13:38:00,Europe/London,Drinks,House White 175ml,2,Regular,,14.00,0.00,14.00,2.33,T19871656,Counter iPad,,Payment,Eat in,,
2026-06-21,13:38:00,Europe/London,Drinks,House Red 175ml,2,Regular,,14.00,0.00,14.00,2.33,T19871656,Counter iPad,,Payment,Eat in,,
2026-06-21,13:38:00,Europe/London,Drinks,Espresso,1,Regular,,2.80,0.00,2.80,0.47,T19871656,Counter iPad,,Payment,Eat in,,
2026-06-21,13:48:00,Europe/London,Starters,Rock Oysters,1,x6,,16.00,0.00,16.00,2.67,T46564591,Counter iPad,Table 15 - call 07700 900270 when ready,Payment,Eat in,,
2026-06-21,13:48:00,Europe/London,Mains,Sunday Roast,2,Regular,,48.00,0.00,48.00,8.00,T46564591,Counter iPad,Table 15 - call 07700 900270 when ready,Payment,Eat in,,
2026-06-21,13:48:00,Europe/London,Sides,Truffle Fries,1,Regular,,6.00,0.00,6.00,1.00,T46564591,Counter iPad,Table 15 - call 07700 900270 when ready,Payment,Eat in,,
2026-06-21,13:48:00,Europe/London,Desserts,Cheeseboard,1,3,,11.00,0.00,11.00,1.83,T46564591,Counter iPad,Table 15 - call 07700 900270 when ready,Payment,Takeaway,,
2026-06-21,13:48:00,Europe/London,Drinks,Lager Pint,1,Regular,,6.20,0.00,6.20,1.03,T46564591,Counter iPad,Table 15 - call 07700 900270 when ready,Payment,Eat in,,
2026-06-21,13:48:00,Europe/London,Drinks,House White 175ml,1,Regular,,7.00,0.00,7.00,1.17,T46564591,Counter iPad,Table 15 - call 07700 900270 when ready,Payment,Eat in,,
2026-06-21,13:48:00,Europe/London,Drinks,House Red 175ml,1,Regular,,7.00,0.00,7.00,1.17,T46564591,Counter iPad,Table 15 - call 07700 900270 when ready,Payment,Eat in,,
2026-06-21,13:48:00,Europe/London,Drinks,Sparkling Water 750ml,1,Regular,,4.00,0.00,4.00,0.67,T46564591,Counter iPad,Table 15 - call 07700 900270 when ready,Payment,Takeaway,,
2026-06-21,13:48:00,Europe/London,Drinks,Espresso,1,Regular,,2.80,0.00,2.80,0.47,T46564591,Counter iPad,Table 15 - call 07700 900270 when ready,Payment,Eat in,,
2026-06-21,14:21:00,Europe/London,Mains,Sunday Roast,2,Regular,,48.00,0.00,48.00,8.00,T69665848,Counter iPad,,Payment,Takeaway,,
2026-06-21,14:21:00,Europe/London,Sides,Bread & Butter,1,Regular,,4.00,0.00,4.00,0.67,T69665848,Counter iPad,,Payment,Eat in,,
2026-06-21,14:21:00,Europe/London,Drinks,Espresso,1,Regular,,2.80,0.00,2.80,0.47,T69665848,Counter iPad,,Payment,Eat in,,
2026-06-21,14:28:00,Europe/London,Mains,Tidewater Burger,1,Regular,Add Cheese,16.50,0.00,16.50,2.75,T51000649,Counter iPad,,Payment,Takeaway,,
2026-06-21,14:28:00,Europe/London,Desserts,Crème Brûlée,1,Regular,,7.50,0.00,7.50,1.25,T51000649,Counter iPad,,Payment,Eat in,,
2026-06-21,14:28:00,Europe/London,Starters,Salt & Pepper Squid,1,Regular,,9.50,0.00,9.50,1.58,T51000649,Counter iPad,,Payment,Takeaway,,
2026-06-21,14:28:00,Europe/London,Mains,Hake,1,Regular,,22.00,0.00,22.00,3.67,T51000649,Counter iPad,,Payment,Eat in,,
2026-06-21,14:28:00,Europe/London,Sides,Tenderstem,1,Regular,,5.00,0.00,5.00,0.83,T51000649,Counter iPad,,Payment,Eat in,,
2026-06-21,14:28:00,Europe/London,Drinks,Lager Pint,2,Regular,,12.40,0.00,12.40,2.07,T51000649,Counter iPad,,Payment,Takeaway,,
2026-06-21,14:28:00,Europe/London,Drinks,House Red 175ml,1,Regular,,7.00,0.00,7.00,1.17,T51000649,Counter iPad,,Payment,Eat in,,
2026-06-21,14:28:00,Europe/London,Drinks,Flat White,1,Regular,,3.40,0.00,3.40,0.57,T51000649,Counter iPad,,Payment,Eat in,,
2026-06-21,14:41:00,Europe/London,Starters,Salt & Pepper Squid,1,Regular,,9.50,0.00,9.50,1.58,T30877581,Counter iPad,,Payment,Takeaway,C775,Sample Customer 775
2026-06-21,14:41:00,Europe/London,Mains,Tidewater Burger,1,Regular,Add Bacon,16.50,0.00,16.50,2.75,T30877581,Counter iPad,,Payment,Takeaway,C775,Sample Customer 775
2026-06-21,14:41:00,Europe/London,Sides,Bread & Butter,1,Regular,,4.00,0.00,4.00,0.67,T30877581,Counter iPad,,Payment,Eat in,C775,Sample Customer 775
2026-06-21,14:41:00,Europe/London,Drinks,Lager Pint,1,Regular,,6.20,0.00,6.20,1.03,T30877581,Counter iPad,,Payment,Eat in,C775,Sample Customer 775
2026-06-21,14:41:00,Europe/London,Drinks,Sparkling Water 750ml,1,Regular,,4.00,0.00,4.00,0.67,T30877581,Counter iPad,,Payment,Eat in,C775,Sample Customer 775
2026-06-21,14:54:00,Europe/London,Starters,Mackerel Pate,1,Regular,,8.50,0.00,8.50,1.42,T99916744,Counter iPad,,Payment,Eat in,C516,Sample Customer 516
2026-06-21,14:54:00,Europe/London,Mains,Sunday Roast,1,Regular,,24.00,0.00,24.00,4.00,T99916744,Counter iPad,,Payment,Eat in,C516,Sample Customer 516
2026-06-21,14:54:00,Europe/London,Sides,Chips,1,Regular,,4.50,0.00,4.50,0.75,T99916744,Counter iPad,,Payment,Eat in,C516,Sample Customer 516
2026-06-21,14:54:00,Europe/London,Mains,Hake,1,Regular,,22.00,0.00,22.00,3.67,T99916744,Counter iPad,,Payment,Eat in,C516,Sample Customer 516
2026-06-21,14:54:00,Europe/London,Desserts,Crème Brûlée,1,Regular,,7.50,0.00,7.50,1.25,T99916744,Counter iPad,,Payment,Takeaway,C516,Sample Customer 516
2026-06-21,14:54:00,Europe/London,Sides,Bread & Butter,1,Regular,,4.00,0.00,4.00,0.67,T99916744,Counter iPad,,Payment,Takeaway,C516,Sample Customer 516
2026-06-21,14:54:00,Europe/London,Drinks,Lager Pint,1,Regular,,6.20,0.00,6.20,1.03,T99916744,Counter iPad,,Payment,Eat in,C516,Sample Customer 516
2026-06-21,14:54:00,Europe/London,Drinks,House White 175ml,1,Regular,,7.00,0.00,7.00,1.17,T99916744,Counter iPad,,Payment,Eat in,C516,Sample Customer 516
2026-06-21,14:54:00,Europe/London,Drinks,House Red 175ml,1,Regular,,7.00,0.00,7.00,1.17,T99916744,Counter iPad,,Payment,Eat in,C516,Sample Customer 516
2026-06-21,14:54:00,Europe/London,Drinks,Coke,1,Regular,,3.00,0.00,3.00,0.50,T99916744,Counter iPad,,Payment,Eat in,C516,Sample Customer 516
2026-06-21,18:15:00,Europe/London,Kids,Kids Fish & Chips,2,Regular,,16.00,0.00,16.00,2.67,T86623787,Bar iPad,,Payment,Eat in,,
2026-06-21,18:15:00,Europe/London,Kids,Kids Ice Cream,2,Regular,,7.00,0.00,7.00,1.17,T86623787,Bar iPad,,Payment,Eat in,,
2026-06-21,18:15:00,Europe/London,Starters,Salt & Pepper Squid,1,Regular,,9.50,0.00,9.50,1.58,T86623787,Bar iPad,,Payment,Eat in,,
2026-06-21,18:15:00,Europe/London,Mains,Sunday Roast,1,Regular,,24.00,0.00,24.00,4.00,T86623787,Bar iPad,,Payment,Eat in,,
2026-06-21,18:15:00,Europe/London,Sides,Fries,1,Regular,,4.50,0.00,4.50,0.75,T86623787,Bar iPad,,Payment,Eat in,,
2026-06-21,18:15:00,Europe/London,Mains,Fish & Chips,1,Regular,,17.50,0.00,17.50,2.92,T86623787,Bar iPad,,Payment,Eat in,,
2026-06-21,18:55:00,Europe/London,Mains,Fish & Chips,1,Regular,,-17.50,0.00,-17.50,-2.92,T86623787,Bar iPad,sent back,Refund,Eat in,,
2026-06-21,18:15:00,Europe/London,Drinks,Lager Pint,2,Regular,,12.40,0.00,12.40,2.07,T86623787,Bar iPad,,Payment,Eat in,,
2026-06-21,18:15:00,Europe/London,Drinks,House White 175ml,1,Regular,,7.00,0.00,7.00,1.17,T86623787,Bar iPad,,Payment,Eat in,,
2026-06-21,18:15:00,Europe/London,Drinks,Coke,1,Regular,,3.00,0.00,3.00,0.50,T86623787,Bar iPad,,Payment,Eat in,,
2026-06-21,18:15:00,Europe/London,Drinks,Sparkling Water 750ml,1,Regular,,4.00,0.00,4.00,0.67,T86623787,Bar iPad,,Payment,Takeaway,,
2026-06-21,18:15:00,Europe/London,Drinks,Espresso,2,Regular,,5.60,0.00,5.60,0.93,T86623787,Bar iPad,,Payment,Eat in,,
2026-06-21,19:14:00,Europe/London,Mains,Tidewater Burger,1,Regular,"Add Bacon, Add Cheese",16.50,0.00,16.50,2.75,T78967366,Counter iPad,,Payment,Eat in,,
2026-06-21,19:14:00,Europe/London,Drinks,Coke,1,Regular,,3.00,0.00,3.00,0.50,T78967366,Counter iPad,,Payment,Takeaway,,
2026-06-21,19:21:00,Europe/London,Mains,Sunday Roast,2,Regular,,48.00,0.00,48.00,8.00,T34767340,Counter iPad,,Payment,Eat in,,
2026-06-21,19:21:00,Europe/London,Sides,Chips,1,Regular,,4.50,0.00,4.50,0.75,T34767340,Counter iPad,,Payment,Takeaway,,
2026-06-21,19:21:00,Europe/London,Starters,Salt & Pepper Squid,1,Regular,,9.50,0.00,9.50,1.58,T34767340,Counter iPad,,Payment,Eat in,,
2026-06-21,19:21:00,Europe/London,Starters,Rock Oysters,1,x3,,9.00,0.00,9.00,1.50,T34767340,Counter iPad,,Payment,Eat in,,
2026-06-21,19:21:00,Europe/London,Sides,Truffle Fries,1,Regular,,6.00,0.00,6.00,1.00,T34767340,Counter iPad,,Payment,Eat in,,
2026-06-21,19:21:00,Europe/London,Sides,Bread & Butter,1,Regular,,4.00,0.00,4.00,0.67,T34767340,Counter iPad,,Payment,Takeaway,,
2026-06-21,19:21:00,Europe/London,Drinks,Lager Pint,1,Regular,,6.20,0.00,6.20,1.03,T34767340,Counter iPad,,Payment,Eat in,,
2026-06-21,19:21:00,Europe/London,Drinks,House White 175ml,1,Regular,,7.00,0.00,7.00,1.17,T34767340,Counter iPad,,Payment,Eat in,,
2026-06-21,19:21:00,Europe/London,Drinks,House Red 175ml,1,Regular,,7.00,0.00,7.00,1.17,T34767340,Counter iPad,,Payment,Eat in,,
2026-06-21,19:21:00,Europe/London,Drinks,Flat White,2,Regular,,6.80,0.00,6.80,1.13,T34767340,Counter iPad,,Payment,Takeaway,,
2026-06-21,22:06:00,Europe/London,Mains,Sunday Roast,1,Regular,,24.00,0.00,24.00,4.00,T83626819,Counter iPad,,Payment,Eat in,,
2026-06-21,22:06:00,Europe/London,Starters,Rock Oysters,1,x3,,9.00,0.00,9.00,1.50,T83626819,Counter iPad,,Payment,Takeaway,,
2026-06-21,22:06:00,Europe/London,Mains,Mushroom Risotto,1,Regular,,15.00,0.00,15.00,2.50,T83626819,Counter iPad,,Payment,Eat in,,
2026-06-21,22:06:00,Europe/London,Starters,Pork Belly Bites,1,Regular,,8.00,0.00,8.00,1.33,T83626819,Counter iPad,,Payment,Takeaway,,
2026-06-21,22:06:00,Europe/London,Mains,Tidewater Burger,1,Regular,,16.50,0.00,16.50,2.75,T83626819,Counter iPad,,Payment,Eat in,,
2026-06-21,22:06:00,Europe/London,Mains,Steak Frites,1,Regular,,24.00,0.00,24.00,4.00,T83626819,Counter iPad,,Payment,Eat in,,
2026-06-21,22:06:00,Europe/London,Sides,Bread & Butter,1,Regular,,4.00,0.00,4.00,0.67,T83626819,Counter iPad,,Payment,Takeaway,,
2026-06-21,22:06:00,Europe/London,Drinks,House White 175ml,1,Regular,,7.00,0.00,7.00,1.17,T83626819,Counter iPad,,Payment,Eat in,,
2026-06-21,22:06:00,Europe/London,Drinks,House Red 175ml,1,Regular,,7.00,0.00,7.00,1.17,T83626819,Counter iPad,,Payment,Eat in,,
2026-06-21,22:06:00,Europe/London,Drinks,Coke,1,Regular,,3.00,0.00,3.00,0.50,T83626819,Counter iPad,,Payment,Eat in,,
2026-06-21,22:07:00,Europe/London,Starters,Soup of the Day,1,Regular,,7.00,0.00,7.00,1.17,T79170567,Counter iPad,,Payment,Eat in,,
2026-06-21,22:07:00,Europe/London,Mains,Sunday Roast,3,Regular,,72.00,0.00,72.00,12.00,T79170567,Counter iPad,,Payment,Eat in,,
2026-06-21,22:07:00,Europe/London,Mains,Fish & Chips,1,Regular,,17.50,0.00,17.50,2.92,T79170567,Counter iPad,,Payment,Eat in,,
2026-06-21,22:07:00,Europe/London,Starters,Salt & Pepper Squid,1,Regular,,9.50,0.00,9.50,1.58,T79170567,Counter iPad,,Payment,Takeaway,,
2026-06-21,22:07:00,Europe/London,Sides,Truffle Fries,1,Regular,,6.00,0.00,6.00,1.00,T79170567,Counter iPad,,Payment,Eat in,,
2026-06-21,22:07:00,Europe/London,Desserts,Crème Brûlée,1,Regular,,7.50,0.00,7.50,1.25,T79170567,Counter iPad,,Payment,Eat in,,
2026-06-21,22:07:00,Europe/London,Sides,Bread & Butter,1,Regular,,4.00,0.00,4.00,0.67,T79170567,Counter iPad,,Payment,Eat in,,
2026-06-21,22:07:00,Europe/London,Drinks,Lager Pint,3,Regular,,18.60,0.00,18.60,3.10,T79170567,Counter iPad,,Payment,Eat in,,
2026-06-21,22:07:00,Europe/London,Drinks,Espresso,1,Regular,,2.80,0.00,2.80,0.47,T79170567,Counter iPad,,Payment,Takeaway,,
2026-06-21,22:16:00,Europe/London,Mains,Chicken Supreme,1,Regular,,19.00,0.00,19.00,3.17,T38219405,Bar iPad,Table 13 - call 07700 900307 when ready,Payment,Eat in,,
2026-06-21,22:16:00,Europe/London,Sides,Tenderstem,1,Regular,,5.00,0.00,5.00,0.83,T38219405,Bar iPad,Table 13 - call 07700 900307 when ready,Payment,Eat in,,
2026-06-21,22:16:00,Europe/London,Mains,Sunday Roast,1,Regular,,24.00,0.00,24.00,4.00,T38219405,Bar iPad,Table 13 - call 07700 900307 when ready,Payment,Takeaway,,
2026-06-21,22:16:00,Europe/London,Drinks,Lager Pint,2,Regular,,12.40,0.00,12.40,2.07,T38219405,Bar iPad,Table 13 - call 07700 900307 when ready,Payment,Eat in,,
2026-06-21,22:16:00,Europe/London,Drinks,House White 175ml,1,Regular,,7.00,0.00,7.00,1.17,T38219405,Bar iPad,Table 13 - call 07700 900307 when ready,Payment,Eat in,,
2026-06-23,12:20:00,Europe/London,Set Menu,Set Lunch - 2 Courses,1,Regular,"Soup of the Day, Fish & Chips (Small)",20.00,0.00,20.00,3.33,T54009698,Counter iPad,,Payment,Eat in,C518,Sample Customer 518
2026-06-23,12:20:00,Europe/London,Mains,Fish & Chips,1,Regular,,17.50,0.00,17.50,2.92,T54009698,Counter iPad,,Payment,Eat in,C518,Sample Customer 518
2026-06-23,12:20:00,Europe/London,Sides,Bread & Butter,1,Regular,,4.00,0.00,4.00,0.67,T54009698,Counter iPad,,Payment,Eat in,C518,Sample Customer 518
2026-06-23,12:20:00,Europe/London,Drinks,Lager Pint,1,Regular,,6.20,0.00,6.20,1.03,T54009698,Counter iPad,,Payment,Takeaway,C518,Sample Customer 518
2026-06-23,12:20:00,Europe/London,Drinks,House White 175ml,1,Regular,,7.00,0.00,7.00,1.17,T54009698,Counter iPad,,Payment,Eat in,C518,Sample Customer 518
2026-06-23,12:20:00,Europe/London,Drinks,Coke,1,Regular,,3.00,0.00,3.00,0.50,T54009698,Counter iPad,,Payment,Eat in,C518,Sample Customer 518
2026-06-23,12:20:00,Europe/London,Drinks,Espresso,1,Regular,,2.80,0.00,2.80,0.47,T54009698,Counter iPad,,Payment,Takeaway,C518,Sample Customer 518
2026-06-23,12:41:00,Europe/London,Starters,Salt & Pepper Squid,1,Regular,,9.50,0.00,9.50,1.58,T39470261,Counter iPad,,Payment,Eat in,,
2026-06-23,12:41:00,Europe/London,Set Menu,Set Lunch - 3 Courses,1,Regular,"Soup of the Day, Mushroom Risotto, Kids Ice Cream",25.00,0.00,25.00,4.17,T39470261,Counter iPad,,Payment,Eat in,,
2026-06-23,12:41:00,Europe/London,Sides,Bread & Butter,1,Regular,,4.00,0.00,4.00,0.67,T39470261,Counter iPad,,Payment,Eat in,,
2026-06-23,12:41:00,Europe/London,Drinks,Lager Pint,2,Regular,,12.40,0.00,12.40,2.07,T39470261,Counter iPad,,Payment,Eat in,,
2026-06-23,12:41:00,Europe/London,Drinks,House Red 175ml,2,Regular,,14.00,0.00,14.00,2.33,T39470261,Counter iPad,,Payment,Takeaway,,
2026-06-23,12:41:00,Europe/London,Drinks,Flat White,1,Regular,,3.40,0.00,3.40,0.57,T39470261,Counter iPad,,Payment,Eat in,,
2026-06-23,12:45:00,Europe/London,Set Menu,Set Lunch - 2 Courses,1,Regular,"Soup of the Day, Fish & Chips (Small)",20.00,0.00,20.00,3.33,T58968677,Counter iPad,,Payment,Eat in,,
2026-06-23,12:45:00,Europe/London,Starters,Salt & Pepper Squid,1,Regular,,9.50,0.00,9.50,1.58,T58968677,Counter iPad,,Payment,Eat in,,
2026-06-23,12:45:00,Europe/London,Mains,Fish & Chips,1,Regular,,17.50,0.00,17.50,2.92,T58968677,Counter iPad,,Payment,Eat in,,
2026-06-23,12:45:00,Europe/London,Sides,Chips,1,Regular,,4.50,0.00,4.50,0.75,T58968677,Counter iPad,,Payment,Eat in,,
2026-06-23,12:45:00,Europe/London,Starters,Pork Belly Bites,1,Regular,,8.00,0.00,8.00,1.33,T58968677,Counter iPad,,Payment,Eat in,,
2026-06-23,12:45:00,Europe/London,Mains,Tidewater Burger,1,Regular,Add Bacon,16.50,0.00,16.50,2.75,T58968677,Counter iPad,,Payment,Eat in,,
2026-06-23,12:45:00,Europe/London,Drinks,Lager Pint,3,Regular,,18.60,0.00,18.60,3.10,T58968677,Counter iPad,,Payment,Eat in,,
2026-06-23,12:45:00,Europe/London,Drinks,House White 175ml,1,Regular,,7.00,0.00,7.00,1.17,T58968677,Counter iPad,,Payment,Eat in,,
2026-06-23,12:45:00,Europe/London,Drinks,House Red 175ml,1,Regular,,7.00,0.00,7.00,1.17,T58968677,Counter iPad,,Payment,Takeaway,,
2026-06-23,12:45:00,Europe/London,Drinks,Coke,1,Regular,,3.00,0.00,3.00,0.50,T58968677,Counter iPad,,Payment,Eat in,,
2026-06-23,12:45:00,Europe/London,Drinks,Sparkling Water 750ml,2,Regular,,8.00,0.00,8.00,1.33,T58968677,Counter iPad,,Payment,Eat in,,
2026-06-23,13:53:00,Europe/London,Set Menu,Set Lunch - 2 Courses,1,Regular,"Mackerel Pate, Fish & Chips (Small)",20.00,0.00,20.00,3.33,T51703637,Counter iPad,,Payment,Eat in,,
2026-06-23,13:53:00,Europe/London,Sides,Bread & Butter,1,Regular,,4.00,0.00,4.00,0.67,T51703637,Counter iPad,,Payment,Eat in,,
2026-06-23,13:53:00,Europe/London,Drinks,Lager Pint,1,Regular,,6.20,0.00,6.20,1.03,T51703637,Counter iPad,,Payment,Eat in,,
2026-06-23,13:53:00,Europe/London,Drinks,House Red 175ml,1,Regular,,7.00,0.00,7.00,1.17,T51703637,Counter iPad,,Payment,Eat in,,
2026-06-23,14:33:00,Europe/London,Mains,Fish & Chips,1,Regular,,17.50,0.00,17.50,2.92,T85762803,Bar iPad,,Payment,Takeaway,C389,Sample Customer 389
2026-06-23,14:33:00,Europe/London,Sides,Truffle Fries,1,Regular,,6.00,0.00,6.00,1.00,T85762803,Bar iPad,,Payment,Eat in,C389,Sample Customer 389
2026-06-23,14:33:00,Europe/London,Starters,Soup of the Day,1,Regular,,7.00,0.00,7.00,1.17,T85762803,Bar iPad,,Payment,Eat in,C389,Sample Customer 389
2026-06-23,14:33:00,Europe/London,Mains,Burger,1,Regular,Add Cheese,16.50,0.00,16.50,2.75,T85762803,Bar iPad,,Payment,Eat in,C389,Sample Customer 389
2026-06-23,14:33:00,Europe/London,Sides,Bread & Butter,1,Regular,,4.00,0.00,4.00,0.67,T85762803,Bar iPad,,Payment,Takeaway,C389,Sample Customer 389
2026-06-23,14:33:00,Europe/London,Drinks,Lager Pint,1,Regular,,6.20,0.00,6.20,1.03,T85762803,Bar iPad,,Payment,Takeaway,C389,Sample Customer 389
2026-06-23,14:33:00,Europe/London,Drinks,House White 175ml,1,Regular,,7.00,0.00,7.00,1.17,T85762803,Bar iPad,,Payment,Eat in,C389,Sample Customer 389
2026-06-23,14:33:00,Europe/London,Drinks,Coke,1,Regular,,3.00,0.00,3.00,0.50,T85762803,Bar iPad,,Payment,Eat in,C389,Sample Customer 389
2026-06-23,14:33:00,Europe/London,Drinks,Sparkling Water 750ml,1,Regular,,4.00,0.00,4.00,0.67,T85762803,Bar iPad,,Payment,Eat in,C389,Sample Customer 389
2026-06-23,14:33:00,Europe/London,Drinks,Espresso,1,Regular,,2.80,0.00,2.80,0.47,T85762803,Bar iPad,,Payment,Eat in,C389,Sample Customer 389
2026-06-23,18:16:00,Europe/London,Mains,Tidewater Burger,1,Regular,,16.50,0.00,16.50,2.75,T81276749,Counter iPad,,Payment,Eat in,,
2026-06-23,18:16:00,Europe/London,Desserts,Sticky Toffee Pudding,1,Regular,,8.00,0.00,8.00,1.33,T81276749,Counter iPad,,Payment,Eat in,,
2026-06-23,18:16:00,Europe/London,Mains,Lamb Rump,1,Regular,,26.00,0.00,26.00,4.33,T81276749,Counter iPad,,Payment,Eat in,,
2026-06-23,18:16:00,Europe/London,Drinks,Lager Pint,1,Regular,,6.20,0.00,6.20,1.03,T81276749,Counter iPad,,Payment,Eat in,,
2026-06-23,18:16:00,Europe/London,Drinks,Coke,1,Regular,,3.00,0.00,3.00,0.50,T81276749,Counter iPad,,Payment,Eat in,,
2026-06-23,18:16:00,Europe/London,Drinks,Sparkling Water 750ml,1,Regular,,4.00,0.00,4.00,0.67,T81276749,Counter iPad,,Payment,Takeaway,,
2026-06-23,18:16:00,Europe/London,Drinks,Espresso,1,Regular,,2.80,0.00,2.80,0.47,T81276749,Counter iPad,,Payment,Takeaway,,
2026-06-23,18:16:00,Europe/London,Drinks,Flat White,1,Regular,,3.40,0.00,3.40,0.57,T81276749,Counter iPad,,Payment,Takeaway,,
2026-06-23,20:06:00,Europe/London,Starters,Salt & Pepper Squid,1,Regular,,9.50,0.00,9.50,1.58,T87182047,Counter iPad,,Payment,Eat in,,
2026-06-23,20:06:00,Europe/London,Mains,Fish & Chips,2,Regular,,35.00,0.00,35.00,5.83,T87182047,Counter iPad,,Payment,Eat in,,
2026-06-23,20:06:00,Europe/London,Sides,Chips,1,Regular,,4.50,0.00,4.50,0.75,T87182047,Counter iPad,,Payment,Eat in,,
2026-06-23,20:06:00,Europe/London,Desserts,Cheeseboard,1,3,,11.00,0.00,11.00,1.83,T87182047,Counter iPad,,Payment,Eat in,,
2026-06-23,20:06:00,Europe/London,Starters,Pork Belly Bites,1,Regular,,8.00,0.00,8.00,1.33,T87182047,Counter iPad,,Payment,Eat in,,
2026-06-23,20:06:00,Europe/London,Starters,Rock Oysters,1,x3,,9.00,0.00,9.00,1.50,T87182047,Counter iPad,,Payment,Eat in,,
2026-06-23,20:06:00,Europe/London,Sides,House Salad,1,Regular,,4.50,0.00,4.50,0.75,T87182047,Counter iPad,,Payment,Takeaway,,
2026-06-23,20:06:00,Europe/London,Mains,Tidewater Burger,2,Regular,Add Bacon,33.00,0.00,33.00,5.50,T87182047,Counter iPad,,Payment,Eat in,,
2026-06-23,20:06:00,Europe/London,Sides,Truffle Fries,1,Regular,,6.00,0.00,6.00,1.00,T87182047,Counter iPad,,Payment,Eat in,,
2026-06-23,20:06:00,Europe/London,Sides,Bread & Butter,1,Regular,,4.00,0.00,4.00,0.67,T87182047,Counter iPad,,Payment,Eat in,,
2026-06-23,20:06:00,Europe/London,Drinks,Lager Pint,1,Regular,,6.20,0.00,6.20,1.03,T87182047,Counter iPad,,Payment,Eat in,,
2026-06-23,20:06:00,Europe/London,Drinks,House Red 175ml,3,Regular,,21.00,0.00,21.00,3.50,T87182047,Counter iPad,,Payment,Eat in,,
2026-06-23,20:06:00,Europe/London,Drinks,Coke,2,Regular,,6.00,0.00,6.00,1.00,T87182047,Counter iPad,,Payment,Eat in,,
2026-06-23,20:06:00,Europe/London,Drinks,Sparkling Water 750ml,1,Regular,,4.00,0.00,4.00,0.67,T87182047,Counter iPad,,Payment,Eat in,,
2026-06-23,20:06:00,Europe/London,Drinks,Espresso,1,Regular,,2.80,0.00,2.80,0.47,T87182047,Counter iPad,,Payment,Eat in,,
2026-06-23,20:58:00,Europe/London,Starters,Pork Belly Bites,1,Regular,,8.00,0.00,8.00,1.33,T82193772,Bar iPad,,Payment,Eat in,,
2026-06-23,20:58:00,Europe/London,Starters,Rock Oysters,1,x3,,9.00,0.00,9.00,1.50,T82193772,Bar iPad,,Payment,Eat in,,
2026-06-23,20:58:00,Europe/London,Mains,Burger,1,Regular,,16.50,0.00,16.50,2.75,T82193772,Bar iPad,,Payment,Eat in,,
2026-06-23,20:58:00,Europe/London,Desserts,Choc Tart,1,Regular,,8.00,0.00,8.00,1.33,T82193772,Bar iPad,,Payment,Eat in,,
2026-06-23,20:58:00,Europe/London,Drinks,House White 175ml,1,Regular,,7.00,0.00,7.00,1.17,T82193772,Bar iPad,,Payment,Eat in,,
2026-06-23,21:03:00,Europe/London,Starters,Pork Belly Bites,1,Regular,,8.00,0.00,8.00,1.33,T23957112,Bar iPad,,Payment,Eat in,,
2026-06-23,21:03:00,Europe/London,Mains,Burger,1,Regular,,16.50,0.00,16.50,2.75,T23957112,Bar iPad,,Payment,Eat in,,
2026-06-23,21:03:00,Europe/London,Drinks,Lager Pint,1,Regular,,6.20,0.00,6.20,1.03,T23957112,Bar iPad,,Payment,Eat in,,
2026-06-23,21:24:00,Europe/London,Starters,Salt & Pepper Squid,1,Regular,,9.50,0.00,9.50,1.58,T67749696,Counter iPad,,Payment,Eat in,,
2026-06-23,21:24:00,Europe/London,Starters,Rock Oysters,1,x6,,16.00,0.00,16.00,2.67,T67749696,Counter iPad,,Payment,Eat in,,
2026-06-23,21:24:00,Europe/London,Mains,Fish & Chips,1,Regular,,17.50,0.00,17.50,2.92,T67749696,Counter iPad,,Payment,Eat in,,
2026-06-23,21:24:00,Europe/London,Sides,Chips,1,Regular,,4.50,0.00,4.50,0.75,T67749696,Counter iPad,,Payment,Eat in,,
2026-06-23,21:24:00,Europe/London,Sides,Bread & Butter,1,Regular,,4.00,0.00,4.00,0.67,T67749696,Counter iPad,,Payment,Eat in,,
2026-06-23,21:24:00,Europe/London,Drinks,Lager Pint,1,Regular,,6.20,0.00,6.20,1.03,T67749696,Counter iPad,,Payment,Takeaway,,
2026-06-23,21:24:00,Europe/London,Drinks,House White 175ml,1,Regular,,7.00,0.00,7.00,1.17,T67749696,Counter iPad,,Payment,Eat in,,
2026-06-23,21:26:00,Europe/London,Starters,Mackerel Pate,1,Regular,,8.50,0.00,8.50,1.42,T69897323,Counter iPad,,Payment,Eat in,,
2026-06-23,21:26:00,Europe/London,Mains,Steak Frites,1,Regular,,24.00,0.00,24.00,4.00,T69897323,Counter iPad,,Payment,Eat in,,
2026-06-23,21:26:00,Europe/London,Desserts,Cheeseboard,1,5,,16.00,0.00,16.00,2.67,T69897323,Counter iPad,,Payment,Eat in,,
2026-06-23,21:26:00,Europe/London,Mains,Chicken Supreme,1,Regular,,19.00,0.00,19.00,3.17,T69897323,Counter iPad,,Payment,Eat in,,
2026-06-23,21:26:00,Europe/London,Drinks,Lager Pint,1,Regular,,6.20,0.00,6.20,1.03,T69897323,Counter iPad,,Payment,Eat in,,
2026-06-23,21:26:00,Europe/London,Drinks,House White 175ml,1,Regular,,7.00,0.00,7.00,1.17,T69897323,Counter iPad,,Payment,Eat in,,
2026-06-23,21:26:00,Europe/London,Drinks,Coke,1,Regular,,3.00,0.00,3.00,0.50,T69897323,Counter iPad,,Payment,Eat in,,
2026-06-23,21:26:00,Europe/London,Drinks,Sparkling Water 750ml,1,Regular,,4.00,0.00,4.00,0.67,T69897323,Counter iPad,,Payment,Eat in,,
2026-06-23,21:42:00,Europe/London,Starters,Soup of the Day,1,Regular,,7.00,0.00,7.00,1.17,T38817310,Counter iPad,,Payment,Eat in,,
2026-06-23,21:42:00,Europe/London,Starters,Rock Oysters,1,x6,,16.00,0.00,16.00,2.67,T38817310,Counter iPad,,Payment,Eat in,,
2026-06-23,21:42:00,Europe/London,Mains,Tidewater Burger,1,Regular,,16.50,0.00,16.50,2.75,T38817310,Counter iPad,,Payment,Takeaway,,
2026-06-23,21:42:00,Europe/London,Sides,House Salad,1,Regular,,4.50,0.00,4.50,0.75,T38817310,Counter iPad,,Payment,Eat in,,
2026-06-23,21:42:00,Europe/London,Desserts,Sticky Toffee Pudding,1,Regular,,8.00,0.00,8.00,1.33,T38817310,Counter iPad,,Payment,Takeaway,,
2026-06-23,21:42:00,Europe/London,Starters,Rock Oysters,1,x3,,9.00,0.00,9.00,1.50,T38817310,Counter iPad,,Payment,Eat in,,
2026-06-23,21:42:00,Europe/London,Mains,Fish & Chips,1,Regular,,17.50,0.00,17.50,2.92,T38817310,Counter iPad,,Payment,Takeaway,,
2026-06-23,21:42:00,Europe/London,Sides,Chips,1,Regular,,4.50,0.00,4.50,0.75,T38817310,Counter iPad,,Payment,Eat in,,
2026-06-23,21:42:00,Europe/London,Drinks,Lager Pint,1,Regular,,6.20,0.00,6.20,1.03,T38817310,Counter iPad,,Payment,Takeaway,,
2026-06-23,21:42:00,Europe/London,Drinks,House Red 175ml,1,Regular,,7.00,0.00,7.00,1.17,T38817310,Counter iPad,,Payment,Eat in,,
2026-06-23,23:27:00,Europe/London,Kids,Kids Burger,1,Regular,,7.50,0.00,7.50,1.25,T48546776,Counter iPad,,Payment,Eat in,,
2026-06-23,23:27:00,Europe/London,Kids,Kids Ice Cream,1,Regular,,3.50,0.00,3.50,0.58,T48546776,Counter iPad,,Payment,Eat in,,
2026-06-23,23:27:00,Europe/London,Starters,Salt & Pepper Squid,1,Regular,,9.50,0.00,9.50,1.58,T48546776,Counter iPad,,Payment,Takeaway,,
2026-06-23,23:27:00,Europe/London,Mains,Fish & Chips,1,Regular,,17.50,0.00,17.50,2.92,T48546776,Counter iPad,,Payment,Eat in,,
2026-06-23,23:27:00,Europe/London,Starters,Soup of the Day,1,Regular,,7.00,0.00,7.00,1.17,T48546776,Counter iPad,,Payment,Eat in,,
2026-06-23,23:27:00,Europe/London,Mains,Fish & Chips,1,Small,,13.00,0.00,13.00,2.17,T48546776,Counter iPad,,Payment,Eat in,,
2026-06-23,23:27:00,Europe/London,Desserts,Sticky Toffee Pudding,1,Regular,,8.00,0.00,8.00,1.33,T48546776,Counter iPad,,Payment,Eat in,,
2026-06-23,23:27:00,Europe/London,Drinks,Lager Pint,1,Regular,,6.20,0.00,6.20,1.03,T48546776,Counter iPad,,Payment,Takeaway,,
2026-06-23,23:27:00,Europe/London,Drinks,House White 175ml,3,Regular,,21.00,0.00,21.00,3.50,T48546776,Counter iPad,,Payment,Eat in,,
2026-06-23,23:27:00,Europe/London,Drinks,Coke,1,Regular,,3.00,0.00,3.00,0.50,T48546776,Counter iPad,,Payment,Eat in,,
2026-06-23,23:48:00,Europe/London,Mains,Tidewater Burger,2,Regular,,33.00,0.00,33.00,5.50,T35376827,Counter iPad,,Payment,Takeaway,,
2026-06-23,23:48:00,Europe/London,Starters,Rock Oysters,1,x3,,9.00,0.00,9.00,1.50,T35376827,Counter iPad,,Payment,Eat in,,
2026-06-23,23:48:00,Europe/London,Desserts,Choc Tart,1,Regular,,8.00,0.00,8.00,1.33,T35376827,Counter iPad,,Payment,Eat in,,
2026-06-23,23:48:00,Europe/London,Mains,Steak Frites,1,Regular,,24.00,0.00,24.00,4.00,T35376827,Counter iPad,,Payment,Takeaway,,
2026-06-23,23:48:00,Europe/London,Sides,Peppercorn Sauce,1,Regular,,3.00,0.00,3.00,0.50,T35376827,Counter iPad,,Payment,Eat in,,
2026-06-23,23:48:00,Europe/London,Sides,Chips,1,Regular,,4.50,-4.50,0.00,0.00,T35376827,Counter iPad,comp - long wait,Payment,Takeaway,,
2026-06-23,23:48:00,Europe/London,Mains,Fish & Chips,1,Regular,,17.50,0.00,17.50,2.92,T35376827,Counter iPad,,Payment,Eat in,,
2026-06-23,23:48:00,Europe/London,Sides,Bread & Butter,1,Regular,,4.00,0.00,4.00,0.67,T35376827,Counter iPad,,Payment,Eat in,,
2026-06-23,23:48:00,Europe/London,Drinks,Lager Pint,2,Regular,,12.40,0.00,12.40,2.07,T35376827,Counter iPad,,Payment,Eat in,,
2026-06-23,23:48:00,Europe/London,Drinks,Sparkling Water 750ml,1,Regular,,4.00,0.00,4.00,0.67,T35376827,Counter iPad,,Payment,Takeaway,,
2026-06-23,23:48:00,Europe/London,Drinks,Espresso,1,Regular,,2.80,0.00,2.80,0.47,T35376827,Counter iPad,,Payment,Eat in,,
2026-06-24,12:19:00,Europe/London,Mains,Tidewater Burger,1,Regular,"Add Bacon, Add Cheese",16.50,0.00,16.50,2.75,T14408094,Counter iPad,,Payment,Eat in,,
2026-06-24,12:19:00,Europe/London,Starters,Soup of the Day,1,Regular,,7.00,0.00,7.00,1.17,T14408094,Counter iPad,,Payment,Eat in,,
2026-06-24,12:19:00,Europe/London,Mains,Mushroom Risotto,1,Regular,,15.00,0.00,15.00,2.50,T14408094,Counter iPad,,Payment,Eat in,,
2026-06-24,12:19:00,Europe/London,Sides,Truffle Fries,1,Regular,,6.00,0.00,6.00,1.00,T14408094,Counter iPad,,Payment,Eat in,,
2026-06-24,12:19:00,Europe/London,Mains,Hake,1,Regular,,22.00,0.00,22.00,3.67,T14408094,Counter iPad,,Payment,Takeaway,,
2026-06-24,12:19:00,Europe/London,Sides,Chips,1,Regular,,4.50,0.00,4.50,0.75,T14408094,Counter iPad,,Payment,Eat in,,
2026-06-24,12:19:00,Europe/London,Starters,Salt & Pepper Squid,1,Regular,,9.50,0.00,9.50,1.58,T14408094,Counter iPad,,Payment,Eat in,,
2026-06-24,12:19:00,Europe/London,Mains,Fish & Chips,1,Regular,,17.50,0.00,17.50,2.92,T14408094,Counter iPad,,Payment,Eat in,,
2026-06-24,12:19:00,Europe/London,Drinks,Lager Pint,1,Regular,,6.20,0.00,6.20,1.03,T14408094,Counter iPad,,Payment,Eat in,,
2026-06-24,12:19:00,Europe/London,Drinks,House Red 175ml,1,Regular,,7.00,0.00,7.00,1.17,T14408094,Counter iPad,,Payment,Eat in,,
2026-06-24,12:19:00,Europe/London,Drinks,Flat White,1,Regular,,3.40,0.00,3.40,0.57,T14408094,Counter iPad,,Payment,Takeaway,,
2026-06-24,12:23:00,Europe/London,Mains,Lamb Rump,1,Regular,,26.00,0.00,26.00,4.33,T43353160,Counter iPad,,Payment,Takeaway,,
2026-06-24,12:23:00,Europe/London,Sides,Truffle Fries,1,Regular,,6.00,0.00,6.00,1.00,T43353160,Counter iPad,,Payment,Takeaway,,
2026-06-24,12:23:00,Europe/London,Mains,Hake,1,Regular,,22.00,0.00,22.00,3.67,T43353160,Counter iPad,,Payment,Eat in,,
2026-06-24,12:23:00,Europe/London,Desserts,Sticky Toffee Pudding,1,Regular,,8.00,0.00,8.00,1.33,T43353160,Counter iPad,,Payment,Eat in,,
2026-06-24,12:23:00,Europe/London,Set Menu,Set Lunch - 3 Courses,1,Regular,"Soup of the Day, Fish & Chips (Small), Sticky Toffee Pudding",25.00,0.00,25.00,4.17,T43353160,Counter iPad,,Payment,Eat in,,
2026-06-24,12:23:00,Europe/London,Drinks,House White 175ml,2,Regular,,14.00,0.00,14.00,2.33,T43353160,Counter iPad,,Payment,Takeaway,,
2026-06-24,12:23:00,Europe/London,Drinks,House Red 175ml,1,Regular,,7.00,0.00,7.00,1.17,T43353160,Counter iPad,,Payment,Takeaway,,
2026-06-24,12:23:00,Europe/London,Drinks,Sparkling Water 750ml,1,Regular,,4.00,0.00,4.00,0.67,T43353160,Counter iPad,,Payment,Eat in,,
2026-06-24,12:23:00,Europe/London,Drinks,Flat White,1,Regular,,3.40,0.00,3.40,0.57,T43353160,Counter iPad,,Payment,Eat in,,
2026-06-24,14:18:00,Europe/London,Mains,Fish & Chips,1,Regular,,17.50,0.00,17.50,2.92,T99851963,Counter iPad,,Payment,Eat in,,
2026-06-24,14:18:00,Europe/London,Sides,Tenderstem,1,Regular,,5.00,0.00,5.00,0.83,T99851963,Counter iPad,,Payment,Eat in,,
2026-06-24,14:18:00,Europe/London,Mains,Mushroom Risotto,1,Regular,,15.00,0.00,15.00,2.50,T99851963,Counter iPad,,Payment,Takeaway,,
2026-06-24,14:18:00,Europe/London,Desserts,Choc Tart,1,Regular,,8.00,0.00,8.00,1.33,T99851963,Counter iPad,,Payment,Eat in,,
2026-06-24,14:18:00,Europe/London,Mains,Hake,1,Regular,,22.00,0.00,22.00,3.67,T99851963,Counter iPad,,Payment,Takeaway,,
2026-06-24,14:18:00,Europe/London,Sides,Chips,1,Regular,,4.50,0.00,4.50,0.75,T99851963,Counter iPad,,Payment,Eat in,,
2026-06-24,14:18:00,Europe/London,Drinks,Lager Pint,2,Regular,,12.40,0.00,12.40,2.07,T99851963,Counter iPad,,Payment,Eat in,,
2026-06-24,14:18:00,Europe/London,Drinks,House White 175ml,3,Regular,,21.00,0.00,21.00,3.50,T99851963,Counter iPad,,Payment,Eat in,,
2026-06-24,14:18:00,Europe/London,Drinks,House Red 175ml,1,Regular,,7.00,0.00,7.00,1.17,T99851963,Counter iPad,,Payment,Takeaway,,
2026-06-24,18:34:00,Europe/London,Starters,Burrata,2,Regular,,20.00,0.00,20.00,3.33,T26998281,Counter iPad,,Payment,Eat in,,
2026-06-24,18:34:00,Europe/London,Mains,Fish & Chips,1,Regular,,17.50,0.00,17.50,2.92,T26998281,Counter iPad,,Payment,Takeaway,,
2026-06-24,18:34:00,Europe/London,Sides,Chips,1,Regular,,4.50,0.00,4.50,0.75,T26998281,Counter iPad,,Payment,Eat in,,
2026-06-24,18:34:00,Europe/London,Mains,Hake,1,Regular,,22.00,0.00,22.00,3.67,T26998281,Counter iPad,,Payment,Takeaway,,
2026-06-24,18:34:00,Europe/London,Starters,Pork Belly Bites,1,Regular,,8.00,0.00,8.00,1.33,T26998281,Counter iPad,,Payment,Eat in,,
2026-06-24,18:34:00,Europe/London,Mains,Mushroom Risotto,1,Regular,,15.00,0.00,15.00,2.50,T26998281,Counter iPad,,Payment,Eat in,,
2026-06-24,18:34:00,Europe/London,Desserts,Sticky Toffee Pudding,1,Regular,,8.00,0.00,8.00,1.33,T26998281,Counter iPad,,Payment,Eat in,,
2026-06-24,18:34:00,Europe/London,Mains,Chicken Supreme,1,Regular,,19.00,0.00,19.00,3.17,T26998281,Counter iPad,,Payment,Eat in,,
2026-06-24,18:34:00,Europe/London,Mains,Lemon Sole (MP),1,Regular,,27.00,0.00,27.00,4.50,T26998281,Counter iPad,,Payment,Eat in,,
2026-06-24,18:34:00,Europe/London,Desserts,Choc Tart,1,Regular,,8.00,0.00,8.00,1.33,T26998281,Counter iPad,,Payment,Eat in,,
2026-06-24,18:34:00,Europe/London,Drinks,Lager Pint,3,Regular,,18.60,0.00,18.60,3.10,T26998281,Counter iPad,,Payment,Eat in,,
2026-06-24,18:34:00,Europe/London,Drinks,House White 175ml,1,Regular,,7.00,0.00,7.00,1.17,T26998281,Counter iPad,,Payment,Eat in,,
2026-06-24,18:34:00,Europe/London,Drinks,House Red 175ml,1,Regular,,7.00,0.00,7.00,1.17,T26998281,Counter iPad,,Payment,Eat in,,
2026-06-24,18:34:00,Europe/London,Drinks,Coke,1,Regular,,3.00,0.00,3.00,0.50,T26998281,Counter iPad,,Payment,Eat in,,
2026-06-24,18:34:00,Europe/London,Drinks,Espresso,1,Regular,,2.80,0.00,2.80,0.47,T26998281,Counter iPad,,Payment,Takeaway,,
2026-06-24,16:30:00,Europe/London,Other,Staff Meal,1,Regular,Fish & Chips,10.00,-10.00,0.00,0.00,T43438874,Counter iPad,,Payment,Eat in,,
2026-06-24,19:56:00,Europe/London,Starters,Salt & Pepper Squid,2,Regular,,19.00,0.00,19.00,3.17,T48733529,Counter iPad,,Payment,Eat in,,
2026-06-24,19:56:00,Europe/London,Mains,Chicken Supreme,1,Regular,,19.00,0.00,19.00,3.17,T48733529,Counter iPad,,Payment,Eat in,,
2026-06-24,19:56:00,Europe/London,Desserts,Choc Tart,1,Regular,,8.00,0.00,8.00,1.33,T48733529,Counter iPad,,Payment,Eat in,,
2026-06-24,19:56:00,Europe/London,Mains,Fish & Chips,1,Regular,,17.50,0.00,17.50,2.92,T48733529,Counter iPad,,Payment,Eat in,,
2026-06-24,19:56:00,Europe/London,Desserts,Sticky Toffee Pudding,1,Regular,,8.00,0.00,8.00,1.33,T48733529,Counter iPad,,Payment,Eat in,,
2026-06-24,19:56:00,Europe/London,Drinks,Lager Pint,1,Regular,,6.20,0.00,6.20,1.03,T48733529,Counter iPad,,Payment,Eat in,,
2026-06-24,19:56:00,Europe/London,Drinks,House White 175ml,1,Regular,,7.00,0.00,7.00,1.17,T48733529,Counter iPad,,Payment,Takeaway,,
2026-06-24,20:17:00,Europe/London,Sides,Chips,1,Regular,,4.50,0.00,4.50,0.75,T47686522,Counter iPad,,Payment,Takeaway,,
2026-06-24,20:17:00,Europe/London,Starters,Pork Belly Bites,1,Regular,,8.00,0.00,8.00,1.33,T47686522,Counter iPad,,Payment,Eat in,,
2026-06-24,20:17:00,Europe/London,Mains,Tidewater Burger,1,Regular,,16.50,0.00,16.50,2.75,T47686522,Counter iPad,,Payment,Eat in,,
2026-06-24,20:17:00,Europe/London,Drinks,House White 175ml,1,Regular,,7.00,0.00,7.00,1.17,T47686522,Counter iPad,,Payment,Eat in,,
2026-06-24,20:17:00,Europe/London,Drinks,Coke,2,Regular,,6.00,0.00,6.00,1.00,T47686522,Counter iPad,,Payment,Eat in,,
2026-06-24,21:26:00,Europe/London,Mains,Steak Frites,1,Regular,,24.00,0.00,24.00,4.00,T88477399,Bar iPad,,Payment,Eat in,,
2026-06-24,21:26:00,Europe/London,Starters,Soup of the Day,1,Regular,,7.00,0.00,7.00,1.17,T88477399,Bar iPad,,Payment,Eat in,,
2026-06-24,21:26:00,Europe/London,Mains,Chicken Supreme,1,Regular,,19.00,0.00,19.00,3.17,T88477399,Bar iPad,,Payment,Eat in,,
2026-06-24,21:26:00,Europe/London,Sides,Tenderstem,1,Regular,,5.00,0.00,5.00,0.83,T88477399,Bar iPad,,Payment,Takeaway,,
2026-06-24,21:26:00,Europe/London,Starters,Salt & Pepper Squid,2,Regular,,19.00,0.00,19.00,3.17,T88477399,Bar iPad,,Payment,Eat in,,
2026-06-24,21:26:00,Europe/London,Mains,Fish & Chips,2,Regular,,35.00,0.00,35.00,5.83,T88477399,Bar iPad,,Payment,Takeaway,,
2026-06-24,21:26:00,Europe/London,Sides,Fries,1,Regular,,4.50,0.00,4.50,0.75,T88477399,Bar iPad,,Payment,Eat in,,
2026-06-24,21:26:00,Europe/London,Desserts,Affogato,1,Regular,,6.00,0.00,6.00,1.00,T88477399,Bar iPad,,Payment,Eat in,,
2026-06-24,21:26:00,Europe/London,Sides,Bread & Butter,1,Regular,,4.00,0.00,4.00,0.67,T88477399,Bar iPad,,Payment,Eat in,,
2026-06-24,21:26:00,Europe/London,Drinks,Lager Pint,4,Regular,,24.80,0.00,24.80,4.13,T88477399,Bar iPad,,Payment,Eat in,,
2026-06-24,21:26:00,Europe/London,Drinks,House White 175ml,2,Regular,,14.00,0.00,14.00,2.33,T88477399,Bar iPad,,Payment,Takeaway,,
2026-06-24,21:26:00,Europe/London,Drinks,House Red 175ml,2,Regular,,14.00,0.00,14.00,2.33,T88477399,Bar iPad,,Payment,Eat in,,
2026-06-24,21:26:00,Europe/London,Drinks,Coke,1,Regular,,3.00,0.00,3.00,0.50,T88477399,Bar iPad,,Payment,Eat in,,
2026-06-24,21:26:00,Europe/London,Drinks,Sparkling Water 750ml,2,Regular,,8.00,0.00,8.00,1.33,T88477399,Bar iPad,,Payment,Takeaway,,
2026-06-24,21:31:00,Europe/London,Starters,Salt & Pepper Squid,1,Regular,,9.50,0.00,9.50,1.58,T42675612,Bar iPad,,Payment,Takeaway,,
2026-06-24,21:31:00,Europe/London,Mains,Burger,3,Regular,Add Cheese,49.50,0.00,49.50,8.25,T42675612,Bar iPad,,Payment,Eat in,,
2026-06-24,21:31:00,Europe/London,Mains,Lamb Rump,1,Regular,,26.00,0.00,26.00,4.33,T42675612,Bar iPad,,Payment,Eat in,,
2026-06-24,21:31:00,Europe/London,Desserts,Sticky Toffee Pudding,1,Regular,,8.00,0.00,8.00,1.33,T42675612,Bar iPad,,Payment,Takeaway,,
2026-06-24,21:31:00,Europe/London,Mains,Chicken Supreme,1,Regular,,19.00,0.00,19.00,3.17,T42675612,Bar iPad,,Payment,Takeaway,,
2026-06-24,21:31:00,Europe/London,Starters,Soup of the Day,2,Regular,,14.00,0.00,14.00,2.33,T42675612,Bar iPad,,Payment,Eat in,,
2026-06-24,21:31:00,Europe/London,Sides,Fries,1,Regular,,4.50,0.00,4.50,0.75,T42675612,Bar iPad,,Payment,Eat in,,
2026-06-24,21:31:00,Europe/London,Desserts,Choc Tart,1,Regular,,8.00,0.00,8.00,1.33,T42675612,Bar iPad,,Payment,Eat in,,
2026-06-24,21:31:00,Europe/London,Mains,Fish & Chips,1,Small,,13.00,0.00,13.00,2.17,T42675612,Bar iPad,,Payment,Takeaway,,
2026-06-24,21:31:00,Europe/London,Drinks,Lager Pint,4,Regular,,24.80,0.00,24.80,4.13,T42675612,Bar iPad,,Payment,Eat in,,
2026-06-24,21:31:00,Europe/London,Drinks,House White 175ml,3,Regular,,21.00,0.00,21.00,3.50,T42675612,Bar iPad,,Payment,Eat in,,
2026-06-24,21:31:00,Europe/London,Drinks,Coke,3,Regular,,9.00,0.00,9.00,1.50,T42675612,Bar iPad,,Payment,Eat in,,
2026-06-24,21:31:00,Europe/London,Drinks,Flat White,1,Regular,,3.40,0.00,3.40,0.57,T42675612,Bar iPad,,Payment,Eat in,,
2026-06-24,22:16:00,Europe/London,Mains,Fish & Chips,1,Regular,,17.50,0.00,17.50,2.92,T71867956,Counter iPad,,Payment,Eat in,,
2026-06-24,22:16:00,Europe/London,Starters,Burrata,1,Regular,,10.00,0.00,10.00,1.67,T71867956,Counter iPad,,Payment,Eat in,,
2026-06-24,22:16:00,Europe/London,Mains,Tidewater Burger,1,Regular,,16.50,0.00,16.50,2.75,T71867956,Counter iPad,,Payment,Takeaway,,
2026-06-24,22:16:00,Europe/London,Drinks,Lager Pint,2,Regular,,12.40,0.00,12.40,2.07,T71867956,Counter iPad,,Payment,Eat in,,
2026-06-24,22:16:00,Europe/London,Drinks,House White 175ml,1,Regular,,7.00,0.00,7.00,1.17,T71867956,Counter iPad,,Payment,Eat in,,
2026-06-24,22:16:00,Europe/London,Drinks,House Red 175ml,1,Regular,,7.00,0.00,7.00,1.17,T71867956,Counter iPad,,Payment,Eat in,,
2026-06-24,22:16:00,Europe/London,Drinks,Coke,1,Regular,,3.00,0.00,3.00,0.50,T71867956,Counter iPad,,Payment,Eat in,,
2026-06-24,22:16:00,Europe/London,Drinks,Sparkling Water 750ml,1,Regular,,4.00,0.00,4.00,0.67,T71867956,Counter iPad,,Payment,Eat in,,
2026-06-24,22:32:00,Europe/London,Mains,Fish & Chips,1,Regular,,17.50,0.00,17.50,2.92,T94276003,Counter iPad,,Payment,Eat in,,
2026-06-24,22:32:00,Europe/London,Starters,Pork Belly Bites,1,Regular,,8.00,0.00,8.00,1.33,T94276003,Counter iPad,,Payment,Eat in,,
2026-06-24,22:32:00,Europe/London,Mains,Tidewater Burger,1,Regular,Add Cheese,16.50,0.00,16.50,2.75,T94276003,Counter iPad,,Payment,Eat in,,
2026-06-24,22:32:00,Europe/London,Sides,Chips,1,Regular,,4.50,0.00,4.50,0.75,T94276003,Counter iPad,,Payment,Takeaway,,
2026-06-24,22:32:00,Europe/London,Mains,Lamb Rump,1,Regular,,26.00,0.00,26.00,4.33,T94276003,Counter iPad,,Payment,Eat in,,
2026-06-24,23:12:00,Europe/London,Mains,Lamb Rump,1,Regular,,-26.00,0.00,-26.00,-4.33,T94276003,Counter iPad,sent back,Refund,Eat in,,
2026-06-24,22:32:00,Europe/London,Sides,House Salad,1,Regular,,4.50,0.00,4.50,0.75,T94276003,Counter iPad,,Payment,Eat in,,
2026-06-24,22:32:00,Europe/London,Sides,Bread & Butter,1,Regular,,4.00,0.00,4.00,0.67,T94276003,Counter iPad,,Payment,Eat in,,
2026-06-24,22:32:00,Europe/London,Drinks,Lager Pint,2,Regular,,12.40,0.00,12.40,2.07,T94276003,Counter iPad,,Payment,Takeaway,,
2026-06-24,22:32:00,Europe/London,Drinks,Coke,1,Regular,,3.00,0.00,3.00,0.50,T94276003,Counter iPad,,Payment,Eat in,,
2026-06-24,22:32:00,Europe/London,Drinks,Sparkling Water 750ml,1,Regular,,4.00,0.00,4.00,0.67,T94276003,Counter iPad,,Payment,Eat in,,
2026-06-24,22:32:00,Europe/London,Drinks,Espresso,1,Regular,,2.80,0.00,2.80,0.47,T94276003,Counter iPad,,Payment,Eat in,,
2026-06-24,22:57:00,Europe/London,Starters,Pork Belly Bites,1,Regular,,8.00,0.00,8.00,1.33,T84006634,Bar iPad,,Payment,Takeaway,,
2026-06-24,22:57:00,Europe/London,Mains,Lamb Rump,1,Regular,,26.00,0.00,26.00,4.33,T84006634,Bar iPad,,Payment,Eat in,,
2026-06-24,22:57:00,Europe/London,Desserts,Sticky Toffee Pudding,1,Regular,,8.00,0.00,8.00,1.33,T84006634,Bar iPad,,Payment,Eat in,,
2026-06-24,22:57:00,Europe/London,Sides,Truffle Fries,1,Regular,,6.00,0.00,6.00,1.00,T84006634,Bar iPad,,Payment,Eat in,,
2026-06-24,22:57:00,Europe/London,Sides,Bread & Butter,1,Regular,,4.00,0.00,4.00,0.67,T84006634,Bar iPad,,Payment,Eat in,,
2026-06-24,22:57:00,Europe/London,Drinks,Lager Pint,1,Regular,,6.20,0.00,6.20,1.03,T84006634,Bar iPad,,Payment,Eat in,,
2026-06-24,22:57:00,Europe/London,Drinks,House White 175ml,1,Regular,,7.00,0.00,7.00,1.17,T84006634,Bar iPad,,Payment,Eat in,,
2026-06-24,22:57:00,Europe/London,Drinks,Coke,1,Regular,,3.00,0.00,3.00,0.50,T84006634,Bar iPad,,Payment,Eat in,,
2026-06-24,22:57:00,Europe/London,Drinks,Sparkling Water 750ml,1,Regular,,4.00,0.00,4.00,0.67,T84006634,Bar iPad,,Payment,Eat in,,
2026-06-24,23:13:00,Europe/London,Starters,Soup of the Day,1,Regular,,7.00,0.00,7.00,1.17,T51680981,Counter iPad,,Payment,Takeaway,,
2026-06-24,23:13:00,Europe/London,Mains,Fish & Chips,1,Regular,,17.50,0.00,17.50,2.92,T51680981,Counter iPad,,Payment,Eat in,,
2026-06-24,23:13:00,Europe/London,Sides,Truffle Fries,1,Regular,,6.00,0.00,6.00,1.00,T51680981,Counter iPad,,Payment,Eat in,,
2026-06-24,23:13:00,Europe/London,Drinks,House White 175ml,1,Regular,,7.00,0.00,7.00,1.17,T51680981,Counter iPad,,Payment,Eat in,,
2026-06-25,12:14:00,Europe/London,Kids,Kids Fish & Chips,2,Regular,,16.00,0.00,16.00,2.67,T72790015,Counter iPad,,Payment,Takeaway,,
2026-06-25,12:14:00,Europe/London,Kids,Kids Ice Cream,1,Regular,,3.50,0.00,3.50,0.58,T72790015,Counter iPad,,Payment,Takeaway,,
2026-06-25,12:14:00,Europe/London,Starters,Burrata,1,Regular,,10.00,0.00,10.00,1.67,T72790015,Counter iPad,,Payment,Takeaway,,
2026-06-25,12:14:00,Europe/London,Starters,Rock Oysters,1,x3,,9.00,0.00,9.00,1.50,T72790015,Counter iPad,,Payment,Eat in,,
2026-06-25,12:14:00,Europe/London,Mains,Fish & Chips,1,Regular,,17.50,0.00,17.50,2.92,T72790015,Counter iPad,,Payment,Eat in,,
2026-06-25,12:14:00,Europe/London,Desserts,Sticky Toffee Pudding,1,Regular,,8.00,0.00,8.00,1.33,T72790015,Counter iPad,,Payment,Eat in,,
2026-06-25,12:14:00,Europe/London,Set Menu,Set Lunch - 2 Courses,1,Regular,"Mackerel Pate, Mushroom Risotto",20.00,0.00,20.00,3.33,T72790015,Counter iPad,,Payment,Eat in,,
2026-06-25,12:14:00,Europe/London,Drinks,Lager Pint,1,Regular,,6.20,0.00,6.20,1.03,T72790015,Counter iPad,,Payment,Eat in,,
2026-06-25,12:14:00,Europe/London,Drinks,House Red 175ml,2,Regular,,14.00,0.00,14.00,2.33,T72790015,Counter iPad,,Payment,Takeaway,,
2026-06-25,12:14:00,Europe/London,Drinks,Sparkling Water 750ml,2,Regular,,8.00,0.00,8.00,1.33,T72790015,Counter iPad,,Payment,Eat in,,
2026-06-25,12:37:00,Europe/London,Set Menu,Set Lunch - 3 Courses,3,Regular,"Mackerel Pate, Fish & Chips (Small), Sticky Toffee Pudding, Mackerel Pate, Mushroom Risotto, Kids Ice Cream, Soup of the Day, Fish & Chips (Small), Kids Ice Cream",75.00,0.00,75.00,12.50,T16751365,Counter iPad,,Payment,Eat in,,
2026-06-25,12:37:00,Europe/London,Starters,Soup of the Day,1,Regular,,7.00,0.00,7.00,1.17,T16751365,Counter iPad,,Payment,Eat in,,
2026-06-25,12:37:00,Europe/London,Mains,Tidewater Burger,1,Regular,Add Bacon,16.50,0.00,16.50,2.75,T16751365,Counter iPad,,Payment,Takeaway,,
2026-06-25,12:37:00,Europe/London,Sides,Bread & Butter,1,Regular,,4.00,0.00,4.00,0.67,T16751365,Counter iPad,,Payment,Eat in,,
2026-06-25,12:37:00,Europe/London,Drinks,Lager Pint,3,Regular,,18.60,0.00,18.60,3.10,T16751365,Counter iPad,,Payment,Eat in,,
2026-06-25,12:37:00,Europe/London,Drinks,House White 175ml,2,Regular,,14.00,0.00,14.00,2.33,T16751365,Counter iPad,,Payment,Eat in,,
2026-06-25,12:37:00,Europe/London,Drinks,House Red 175ml,1,Regular,,7.00,0.00,7.00,1.17,T16751365,Counter iPad,,Payment,Eat in,,
2026-06-25,12:37:00,Europe/London,Drinks,Sparkling Water 750ml,2,Regular,,8.00,0.00,8.00,1.33,T16751365,Counter iPad,,Payment,Takeaway,,
2026-06-25,12:37:00,Europe/London,Drinks,Flat White,1,Regular,,3.40,0.00,3.40,0.57,T16751365,Counter iPad,,Payment,Eat in,,
2026-06-25,13:29:00,Europe/London,Set Menu,Set Lunch - 2 Courses,2,Regular,"Soup of the Day, Fish & Chips (Small), Mackerel Pate, Fish & Chips (Small)",40.00,0.00,40.00,6.67,T19205094,Bar iPad,,Payment,Eat in,C282,Sample Customer 282
2026-06-25,13:29:00,Europe/London,Mains,SPECIAL - Crab Linguine,1,Regular,,18.00,0.00,18.00,3.00,T19205094,Bar iPad,,Payment,Eat in,C282,Sample Customer 282
2026-06-25,13:29:00,Europe/London,Desserts,Cheeseboard,1,3,,11.00,0.00,11.00,1.83,T19205094,Bar iPad,,Payment,Eat in,C282,Sample Customer 282
2026-06-25,13:29:00,Europe/London,Drinks,Lager Pint,2,Regular,,12.40,0.00,12.40,2.07,T19205094,Bar iPad,,Payment,Eat in,C282,Sample Customer 282
2026-06-25,13:29:00,Europe/London,Drinks,House White 175ml,1,Regular,,7.00,0.00,7.00,1.17,T19205094,Bar iPad,,Payment,Eat in,C282,Sample Customer 282
2026-06-25,13:29:00,Europe/London,Drinks,Coke,2,Regular,,6.00,0.00,6.00,1.00,T19205094,Bar iPad,,Payment,Eat in,C282,Sample Customer 282
2026-06-25,13:29:00,Europe/London,Drinks,Espresso,1,Regular,,2.80,0.00,2.80,0.47,T19205094,Bar iPad,,Payment,Eat in,C282,Sample Customer 282
2026-06-25,13:29:00,Europe/London,Drinks,Flat White,2,Regular,,6.80,0.00,6.80,1.13,T19205094,Bar iPad,,Payment,Eat in,C282,Sample Customer 282
2026-06-25,14:20:00,Europe/London,Mains,Fish & Chips,1,Regular,,17.50,0.00,17.50,2.92,T24482540,Counter iPad,,Payment,Eat in,,
2026-06-25,14:20:00,Europe/London,Sides,House Salad,1,Regular,,4.50,0.00,4.50,0.75,T24482540,Counter iPad,,Payment,Eat in,,
2026-06-25,14:20:00,Europe/London,Mains,Tidewater Burger,1,Regular,,16.50,0.00,16.50,2.75,T24482540,Counter iPad,,Payment,Takeaway,,
2026-06-25,14:20:00,Europe/London,Drinks,Lager Pint,1,Regular,,6.20,0.00,6.20,1.03,T24482540,Counter iPad,,Payment,Eat in,,
2026-06-25,14:20:00,Europe/London,Drinks,House Red 175ml,1,Regular,,7.00,0.00,7.00,1.17,T24482540,Counter iPad,,Payment,Eat in,,
2026-06-25,14:20:00,Europe/London,Drinks,Coke,1,Regular,,3.00,0.00,3.00,0.50,T24482540,Counter iPad,,Payment,Eat in,,
2026-06-25,14:20:00,Europe/London,Drinks,Sparkling Water 750ml,1,Regular,,4.00,0.00,4.00,0.67,T24482540,Counter iPad,,Payment,Eat in,,
2026-06-25,14:20:00,Europe/London,Drinks,Espresso,1,Regular,,2.80,0.00,2.80,0.47,T24482540,Counter iPad,,Payment,Eat in,,
2026-06-25,14:53:00,Europe/London,Set Menu,Set Lunch - 2 Courses,1,Regular,"Mackerel Pate, Mushroom Risotto",20.00,0.00,20.00,3.33,T97175066,Counter iPad,,Payment,Eat in,,
2026-06-25,14:53:00,Europe/London,Mains,Fish & Chips,1,Small,,13.00,0.00,13.00,2.17,T97175066,Counter iPad,,Payment,Eat in,,
2026-06-25,14:53:00,Europe/London,Sides,Bread & Butter,1,Regular,,4.00,0.00,4.00,0.67,T97175066,Counter iPad,,Payment,Takeaway,,
2026-06-25,14:53:00,Europe/London,Drinks,Lager Pint,2,Regular,,12.40,0.00,12.40,2.07,T97175066,Counter iPad,,Payment,Eat in,,
2026-06-25,14:53:00,Europe/London,Drinks,House White 175ml,1,Regular,,7.00,0.00,7.00,1.17,T97175066,Counter iPad,,Payment,Takeaway,,
2026-06-25,14:53:00,Europe/London,Drinks,House Red 175ml,1,Regular,,7.00,0.00,7.00,1.17,T97175066,Counter iPad,,Payment,Eat in,,
2026-06-25,14:53:00,Europe/London,Drinks,Coke,1,Regular,,3.00,0.00,3.00,0.50,T97175066,Counter iPad,,Payment,Eat in,,
2026-06-25,14:53:00,Europe/London,Drinks,Sparkling Water 750ml,1,Regular,,4.00,0.00,4.00,0.67,T97175066,Counter iPad,,Payment,Eat in,,
2026-06-25,14:53:00,Europe/London,Drinks,Espresso,1,Regular,,2.80,0.00,2.80,0.47,T97175066,Counter iPad,,Payment,Eat in,,
2026-06-25,14:55:00,Europe/London,Drinks,Espresso,1,Regular,,0.00,0.00,0.00,0.00,T97175066,Counter iPad,wrong table,Void,Eat in,,
2026-06-25,18:02:00,Europe/London,Mains,Tidewater Burger,1,Regular,,16.50,0.00,16.50,2.75,T33429034,Counter iPad,,Payment,Eat in,,
2026-06-25,18:02:00,Europe/London,Mains,Hake,1,Regular,,22.00,0.00,22.00,3.67,T33429034,Counter iPad,,Payment,Eat in,,
2026-06-25,18:02:00,Europe/London,Mains,SPECIAL - Crab Linguine,2,Regular,,36.00,0.00,36.00,6.00,T33429034,Counter iPad,,Payment,Eat in,,
2026-06-25,18:02:00,Europe/London,Sides,Chips,1,Regular,,4.50,0.00,4.50,0.75,T33429034,Counter iPad,,Payment,Eat in,,
2026-06-25,18:02:00,Europe/London,Starters,Salt & Pepper Squid,1,Regular,,9.50,0.00,9.50,1.58,T33429034,Counter iPad,,Payment,Eat in,,
2026-06-25,18:02:00,Europe/London,Sides,Truffle Fries,1,Regular,,6.00,0.00,6.00,1.00,T33429034,Counter iPad,,Payment,Takeaway,,
2026-06-25,18:02:00,Europe/London,Desserts,Sticky Toffee Pudding,1,Regular,,8.00,0.00,8.00,1.33,T33429034,Counter iPad,,Payment,Eat in,,
2026-06-25,18:02:00,Europe/London,Drinks,Lager Pint,2,Regular,,12.40,0.00,12.40,2.07,T33429034,Counter iPad,,Payment,Eat in,,
2026-06-25,18:02:00,Europe/London,Drinks,House White 175ml,3,Regular,,21.00,0.00,21.00,3.50,T33429034,Counter iPad,,Payment,Eat in,,
2026-06-25,18:02:00,Europe/London,Drinks,House Red 175ml,1,Regular,,7.00,0.00,7.00,1.17,T33429034,Counter iPad,,Payment,Eat in,,
2026-06-25,18:02:00,Europe/London,Drinks,Sparkling Water 750ml,1,Regular,,4.00,0.00,4.00,0.67,T33429034,Counter iPad,,Payment,Eat in,,
2026-06-25,18:05:00,Europe/London,Starters,Salt & Pepper Squid,1,Regular,,9.50,0.00,9.50,1.58,T43493815,Bar iPad,,Payment,Takeaway,,
2026-06-25,18:05:00,Europe/London,Mains,Burger,1,Regular,,16.50,0.00,16.50,2.75,T43493815,Bar iPad,,Payment,Eat in,,
2026-06-25,18:05:00,Europe/London,Starters,Burrata,1,Regular,,10.00,0.00,10.00,1.67,T43493815,Bar iPad,,Payment,Eat in,,
2026-06-25,18:05:00,Europe/London,Mains,Steak Frites,1,Regular,,24.00,0.00,24.00,4.00,T43493815,Bar iPad,,Payment,Eat in,,
2026-06-25,18:05:00,Europe/London,Sides,Peppercorn Sauce,1,Regular,,3.00,0.00,3.00,0.50,T43493815,Bar iPad,,Payment,Eat in,,
2026-06-25,18:05:00,Europe/London,Sides,Fries,1,Regular,,4.50,0.00,4.50,0.75,T43493815,Bar iPad,,Payment,Eat in,,
2026-06-25,18:05:00,Europe/London,Drinks,Lager Pint,2,Regular,,12.40,0.00,12.40,2.07,T43493815,Bar iPad,,Payment,Eat in,,
2026-06-25,18:05:00,Europe/London,Drinks,House Red 175ml,2,Regular,,14.00,0.00,14.00,2.33,T43493815,Bar iPad,,Payment,Takeaway,,
2026-06-25,18:05:00,Europe/London,Drinks,Coke,2,Regular,,6.00,0.00,6.00,1.00,T43493815,Bar iPad,,Payment,Takeaway,,
2026-06-25,18:05:00,Europe/London,Drinks,Espresso,1,Regular,,2.80,0.00,2.80,0.47,T43493815,Bar iPad,,Payment,Takeaway,,
2026-06-25,19:40:00,Europe/London,Starters,Rock Oysters,1,x3,,9.00,0.00,9.00,1.50,T93713905,Counter iPad,,Payment,Eat in,,
2026-06-25,19:40:00,Europe/London,Mains,Tidewater Burger,2,Regular,Add Bacon,33.00,0.00,33.00,5.50,T93713905,Counter iPad,,Payment,Takeaway,,
2026-06-25,19:40:00,Europe/London,Desserts,Sticky Toffee Pudding,1,Regular,,8.00,0.00,8.00,1.33,T93713905,Counter iPad,,Payment,Eat in,,
2026-06-25,19:40:00,Europe/London,Sides,Bread & Butter,1,Regular,,4.00,0.00,4.00,0.67,T93713905,Counter iPad,,Payment,Eat in,,
2026-06-25,19:40:00,Europe/London,Drinks,Lager Pint,1,Regular,,6.20,0.00,6.20,1.03,T93713905,Counter iPad,,Payment,Eat in,,
2026-06-25,19:40:00,Europe/London,Drinks,Flat White,2,Regular,,6.80,0.00,6.80,1.13,T93713905,Counter iPad,,Payment,Takeaway,,
2026-06-25,20:07:00,Europe/London,Mains,Fish & Chips,1,Small,,13.00,0.00,13.00,2.17,T78537673,Counter iPad,,Payment,Eat in,,
2026-06-25,20:07:00,Europe/London,Starters,Soup of the Day,1,Regular,,7.00,0.00,7.00,1.17,T78537673,Counter iPad,,Payment,Eat in,,
2026-06-25,20:07:00,Europe/London,Mains,Tidewater Burger,1,Regular,,16.50,0.00,16.50,2.75,T78537673,Counter iPad,,Payment,Eat in,,
2026-06-25,20:07:00,Europe/London,Sides,Truffle Fries,1,Regular,,6.00,0.00,6.00,1.00,T78537673,Counter iPad,,Payment,Eat in,,
2026-06-25,20:07:00,Europe/London,Desserts,Crème Brûlée,1,Regular,,7.50,0.00,7.50,1.25,T78537673,Counter iPad,,Payment,Eat in,,
2026-06-25,20:07:00,Europe/London,Sides,Bread & Butter,1,Regular,,4.00,0.00,4.00,0.67,T78537673,Counter iPad,,Payment,Takeaway,,
2026-06-25,20:07:00,Europe/London,Drinks,Lager Pint,1,Regular,,6.20,0.00,6.20,1.03,T78537673,Counter iPad,,Payment,Eat in,,
2026-06-25,20:07:00,Europe/London,Drinks,House White 175ml,1,Regular,,7.00,0.00,7.00,1.17,T78537673,Counter iPad,,Payment,Eat in,,
2026-06-25,20:07:00,Europe/London,Drinks,Coke,1,Regular,,3.00,0.00,3.00,0.50,T78537673,Counter iPad,,Payment,Eat in,,
2026-06-25,20:07:00,Europe/London,Drinks,Flat White,1,Regular,,3.40,0.00,3.40,0.57,T78537673,Counter iPad,,Payment,Takeaway,,
2026-06-25,20:46:00,Europe/London,Starters,Pork Belly Bites,1,Regular,,8.00,0.00,8.00,1.33,T13041783,Counter iPad,,Payment,Eat in,,
2026-06-25,20:46:00,Europe/London,Mains,Fish & Chips,1,Regular,,17.50,0.00,17.50,2.92,T13041783,Counter iPad,,Payment,Eat in,,
2026-06-25,20:46:00,Europe/London,Mains,Mushroom Risotto,1,Regular,,15.00,0.00,15.00,2.50,T13041783,Counter iPad,,Payment,Takeaway,,
2026-06-25,20:46:00,Europe/London,Sides,Chips,1,Regular,,4.50,0.00,4.50,0.75,T13041783,Counter iPad,,Payment,Eat in,,
2026-06-25,20:46:00,Europe/London,Desserts,Crème Brûlée,1,Regular,,7.50,0.00,7.50,1.25,T13041783,Counter iPad,,Payment,Eat in,,
2026-06-25,20:46:00,Europe/London,Drinks,Lager Pint,1,Regular,,6.20,0.00,6.20,1.03,T13041783,Counter iPad,,Payment,Takeaway,,
2026-06-25,20:46:00,Europe/London,Drinks,House White 175ml,1,Regular,,7.00,0.00,7.00,1.17,T13041783,Counter iPad,,Payment,Takeaway,,
2026-06-25,20:46:00,Europe/London,Drinks,Coke,1,Regular,,3.00,0.00,3.00,0.50,T13041783,Counter iPad,,Payment,Takeaway,,
2026-06-25,20:46:00,Europe/London,Drinks,Flat White,1,Regular,,3.40,0.00,3.40,0.57,T13041783,Counter iPad,,Payment,Takeaway,,
2026-06-25,21:08:00,Europe/London,Kids,Kids Burger,1,Regular,,7.50,0.00,7.50,1.25,T12031910,Counter iPad,,Payment,Takeaway,,
2026-06-25,21:08:00,Europe/London,Kids,Kids Ice Cream,1,Regular,,3.50,0.00,3.50,0.58,T12031910,Counter iPad,,Payment,Eat in,,
2026-06-25,21:08:00,Europe/London,Starters,Pork Belly Bites,1,Regular,,8.00,0.00,8.00,1.33,T12031910,Counter iPad,,Payment,Eat in,,
2026-06-25,21:08:00,Europe/London,Mains,Tidewater Burger,2,Regular,,33.00,0.00,33.00,5.50,T12031910,Counter iPad,,Payment,Eat in,,
2026-06-25,21:08:00,Europe/London,Starters,Burrata,1,Regular,,10.00,0.00,10.00,1.67,T12031910,Counter iPad,,Payment,Eat in,,
2026-06-25,21:08:00,Europe/London,Mains,SPECIAL - Crab Linguine,1,Regular,,18.00,0.00,18.00,3.00,T12031910,Counter iPad,,Payment,Eat in,,
2026-06-25,21:08:00,Europe/London,Desserts,Affogato,1,Regular,,6.00,0.00,6.00,1.00,T12031910,Counter iPad,,Payment,Eat in,,
2026-06-25,21:08:00,Europe/London,Starters,Salt & Pepper Squid,2,Regular,,19.00,0.00,19.00,3.17,T12031910,Counter iPad,,Payment,Eat in,,
2026-06-25,21:08:00,Europe/London,Mains,Steak Frites,2,Regular,,48.00,0.00,48.00,8.00,T12031910,Counter iPad,,Payment,Eat in,,
2026-06-25,21:08:00,Europe/London,Sides,Peppercorn Sauce,2,Regular,,6.00,0.00,6.00,1.00,T12031910,Counter iPad,,Payment,Eat in,,
2026-06-25,21:08:00,Europe/London,Sides,Bread & Butter,1,Regular,,4.00,0.00,4.00,0.67,T12031910,Counter iPad,,Payment,Eat in,,
2026-06-25,21:08:00,Europe/London,Drinks,Lager Pint,2,Regular,,12.40,0.00,12.40,2.07,T12031910,Counter iPad,,Payment,Takeaway,,
2026-06-25,21:08:00,Europe/London,Drinks,House White 175ml,2,Regular,,14.00,0.00,14.00,2.33,T12031910,Counter iPad,,Payment,Eat in,,
2026-06-25,21:08:00,Europe/London,Drinks,House Red 175ml,1,Regular,,7.00,0.00,7.00,1.17,T12031910,Counter iPad,,Payment,Eat in,,
2026-06-25,21:08:00,Europe/London,Drinks,Sparkling Water 750ml,2,Regular,,8.00,0.00,8.00,1.33,T12031910,Counter iPad,,Payment,Eat in,,
2026-06-25,21:08:00,Europe/London,Drinks,Espresso,1,Regular,,2.80,0.00,2.80,0.47,T12031910,Counter iPad,,Payment,Eat in,,
2026-06-25,21:12:00,Europe/London,Mains,SPECIAL - Crab Linguine,2,Regular,,36.00,0.00,36.00,6.00,T60109659,Bar iPad,,Payment,Eat in,,
2026-06-25,21:12:00,Europe/London,Sides,Truffle Fries,1,Regular,,6.00,0.00,6.00,1.00,T60109659,Bar iPad,,Payment,Eat in,,
2026-06-25,21:12:00,Europe/London,Desserts,Affogato,1,Regular,,6.00,0.00,6.00,1.00,T60109659,Bar iPad,,Payment,Eat in,,
2026-06-25,21:12:00,Europe/London,Starters,Pork Belly Bites,1,Regular,,8.00,0.00,8.00,1.33,T60109659,Bar iPad,,Payment,Takeaway,,
2026-06-25,21:12:00,Europe/London,Sides,Bread & Butter,1,Regular,,4.00,0.00,4.00,0.67,T60109659,Bar iPad,,Payment,Eat in,,
2026-06-25,21:12:00,Europe/London,Drinks,Lager Pint,1,Regular,,6.20,0.00,6.20,1.03,T60109659,Bar iPad,,Payment,Eat in,,
2026-06-25,21:12:00,Europe/London,Drinks,Coke,1,Regular,,3.00,0.00,3.00,0.50,T60109659,Bar iPad,,Payment,Eat in,,
2026-06-25,21:12:00,Europe/London,Drinks,Sparkling Water 750ml,1,Regular,,4.00,0.00,4.00,0.67,T60109659,Bar iPad,,Payment,Eat in,,
2026-06-25,21:12:00,Europe/London,Drinks,Flat White,1,Regular,,3.40,0.00,3.40,0.57,T60109659,Bar iPad,,Payment,Eat in,,
2026-06-25,22:05:00,Europe/London,Mains,Chicken Supreme,1,Regular,,19.00,0.00,19.00,3.17,T52603777,Counter iPad,,Payment,Eat in,,
2026-06-25,22:05:00,Europe/London,Desserts,Sticky Toffee Pudding,1,Regular,,8.00,0.00,8.00,1.33,T52603777,Counter iPad,,Payment,Eat in,,
2026-06-25,22:05:00,Europe/London,Starters,Salt & Pepper Squid,1,Regular,,9.50,0.00,9.50,1.58,T52603777,Counter iPad,,Payment,Eat in,,
2026-06-25,22:05:00,Europe/London,Mains,Steak Frites,1,Regular,,24.00,0.00,24.00,4.00,T52603777,Counter iPad,,Payment,Takeaway,,
2026-06-25,22:05:00,Europe/London,Drinks,Lager Pint,1,Regular,,6.20,0.00,6.20,1.03,T52603777,Counter iPad,,Payment,Eat in,,
2026-06-25,22:05:00,Europe/London,Drinks,House White 175ml,1,Regular,,7.00,0.00,7.00,1.17,T52603777,Counter iPad,,Payment,Eat in,,
2026-06-25,22:05:00,Europe/London,Drinks,Sparkling Water 750ml,1,Regular,,4.00,0.00,4.00,0.67,T52603777,Counter iPad,,Payment,Takeaway,,
2026-06-25,22:05:00,Europe/London,Drinks,Flat White,1,Regular,,3.40,0.00,3.40,0.57,T52603777,Counter iPad,,Payment,Eat in,,
2026-06-25,22:43:00,Europe/London,Starters,Mackerel Pate,1,Regular,,8.50,0.00,8.50,1.42,T12501095,Counter iPad,,Payment,Eat in,,
2026-06-25,22:43:00,Europe/London,Mains,Hake,1,Regular,,22.00,0.00,22.00,3.67,T12501095,Counter iPad,,Payment,Eat in,,
2026-06-25,22:43:00,Europe/London,Sides,House Salad,1,Regular,,4.50,0.00,4.50,0.75,T12501095,Counter iPad,,Payment,Eat in,,
2026-06-25,22:43:00,Europe/London,Drinks,Lager Pint,1,Regular,,6.20,0.00,6.20,1.03,T12501095,Counter iPad,,Payment,Eat in,,
2026-06-25,22:43:00,Europe/London,Drinks,House White 175ml,1,Regular,,7.00,0.00,7.00,1.17,T12501095,Counter iPad,,Payment,Eat in,,
2026-06-25,22:43:00,Europe/London,Drinks,Sparkling Water 750ml,1,Regular,,4.00,0.00,4.00,0.67,T12501095,Counter iPad,,Payment,Eat in,,
2026-06-25,23:25:00,Europe/London,Mains,Chicken Supreme,2,Regular,,38.00,0.00,38.00,6.33,T93276799,Counter iPad,Table 2 - call 07700 900520 when ready,Payment,Eat in,,
2026-06-25,23:25:00,Europe/London,Desserts,Choc Tart,1,Regular,,8.00,0.00,8.00,1.33,T93276799,Counter iPad,Table 2 - call 07700 900520 when ready,Payment,Eat in,,
2026-06-25,23:25:00,Europe/London,Mains,Tidewater Burger,1,Regular,,16.50,0.00,16.50,2.75,T93276799,Counter iPad,Table 2 - call 07700 900520 when ready,Payment,Takeaway,,
2026-06-25,23:25:00,Europe/London,Mains,Steak Frites,1,Regular,,24.00,0.00,24.00,4.00,T93276799,Counter iPad,Table 2 - call 07700 900520 when ready,Payment,Eat in,,
2026-06-25,23:25:00,Europe/London,Sides,Truffle Fries,1,Regular,,6.00,0.00,6.00,1.00,T93276799,Counter iPad,Table 2 - call 07700 900520 when ready,Payment,Eat in,,
2026-06-25,23:25:00,Europe/London,Sides,Bread & Butter,1,Regular,,4.00,0.00,4.00,0.67,T93276799,Counter iPad,Table 2 - call 07700 900520 when ready,Payment,Eat in,,
2026-06-25,23:25:00,Europe/London,Drinks,Lager Pint,2,Regular,,12.40,0.00,12.40,2.07,T93276799,Counter iPad,Table 2 - call 07700 900520 when ready,Payment,Eat in,,
2026-06-25,23:25:00,Europe/London,Drinks,House White 175ml,1,Regular,,7.00,0.00,7.00,1.17,T93276799,Counter iPad,Table 2 - call 07700 900520 when ready,Payment,Eat in,,
2026-06-25,23:25:00,Europe/London,Drinks,House Red 175ml,3,Regular,,21.00,0.00,21.00,3.50,T93276799,Counter iPad,Table 2 - call 07700 900520 when ready,Payment,Eat in,,
2026-06-25,23:25:00,Europe/London,Drinks,Coke,1,Regular,,3.00,0.00,3.00,0.50,T93276799,Counter iPad,Table 2 - call 07700 900520 when ready,Payment,Takeaway,,
2026-06-25,23:25:00,Europe/London,Drinks,Espresso,1,Regular,,2.80,0.00,2.80,0.47,T93276799,Counter iPad,Table 2 - call 07700 900520 when ready,Payment,Takeaway,,
2026-06-26,12:19:00,Europe/London,Starters,Rock Oysters,1,x3,,9.00,0.00,9.00,1.50,T52956362,Counter iPad,,Payment,Eat in,,
2026-06-26,12:19:00,Europe/London,Mains,Fish & Chips,1,Regular,,17.50,0.00,17.50,2.92,T52956362,Counter iPad,,Payment,Takeaway,,
2026-06-26,12:19:00,Europe/London,Desserts,Sticky Toffee Pudding,1,Regular,,8.00,0.00,8.00,1.33,T52956362,Counter iPad,,Payment,Eat in,,
2026-06-26,12:19:00,Europe/London,Mains,Steak Frites,1,Regular,,24.00,0.00,24.00,4.00,T52956362,Counter iPad,,Payment,Takeaway,,
2026-06-26,12:19:00,Europe/London,Set Menu,Set Lunch - 3 Courses,1,Regular,"Soup of the Day, Mushroom Risotto, Kids Ice Cream",25.00,0.00,25.00,4.17,T52956362,Counter iPad,,Payment,Eat in,,
2026-06-26,12:19:00,Europe/London,Starters,Salt & Pepper Squid,1,Regular,,9.50,0.00,9.50,1.58,T52956362,Counter iPad,,Payment,Eat in,,
2026-06-26,12:19:00,Europe/London,Mains,Hake,1,Regular,,22.00,0.00,22.00,3.67,T52956362,Counter iPad,,Payment,Takeaway,,
2026-06-26,12:19:00,Europe/London,Starters,Mackerel Pate,1,Regular,,8.50,0.00,8.50,1.42,T52956362,Counter iPad,,Payment,Eat in,,
2026-06-26,12:19:00,Europe/London,Mains,Chicken Supreme,1,Regular,,19.00,0.00,19.00,3.17,T52956362,Counter iPad,,Payment,Eat in,,
2026-06-26,12:19:00,Europe/London,Sides,Bread & Butter,1,Regular,,4.00,0.00,4.00,0.67,T52956362,Counter iPad,,Payment,Eat in,,
2026-06-26,12:19:00,Europe/London,Drinks,Lager Pint,3,Regular,,18.60,0.00,18.60,3.10,T52956362,Counter iPad,,Payment,Eat in,,
2026-06-26,12:19:00,Europe/London,Drinks,Coke,1,Regular,,3.00,0.00,3.00,0.50,T52956362,Counter iPad,,Payment,Eat in,,
2026-06-26,12:19:00,Europe/London,Drinks,Espresso,2,Regular,,5.60,0.00,5.60,0.93,T52956362,Counter iPad,,Payment,Takeaway,,
2026-06-26,12:36:00,Europe/London,Set Menu,Set Lunch - 2 Courses,2,Regular,"Soup of the Day, Fish & Chips (Small), Mackerel Pate, Fish & Chips (Small)",40.00,0.00,40.00,6.67,T25554194,Counter iPad,,Payment,Eat in,,
2026-06-26,12:36:00,Europe/London,Starters,Mackerel Pate,1,Regular,,8.50,0.00,8.50,1.42,T25554194,Counter iPad,,Payment,Takeaway,,
2026-06-26,12:36:00,Europe/London,Mains,SPECIAL - Crab Linguine,1,Regular,,18.00,0.00,18.00,3.00,T25554194,Counter iPad,,Payment,Eat in,,
2026-06-26,12:36:00,Europe/London,Sides,Truffle Fries,1,Regular,,6.00,0.00,6.00,1.00,T25554194,Counter iPad,,Payment,Eat in,,
2026-06-26,12:36:00,Europe/London,Starters,Salt & Pepper Squid,1,Regular,,9.50,0.00,9.50,1.58,T25554194,Counter iPad,,Payment,Eat in,,
2026-06-26,12:36:00,Europe/London,Mains,Fish & Chips,1,Regular,,17.50,0.00,17.50,2.92,T25554194,Counter iPad,,Payment,Takeaway,,
2026-06-26,12:36:00,Europe/London,Mains,Steak Frites,1,Regular,,24.00,0.00,24.00,4.00,T25554194,Counter iPad,,Payment,Eat in,,
2026-06-26,12:36:00,Europe/London,Drinks,Lager Pint,4,Regular,,24.80,0.00,24.80,4.13,T25554194,Counter iPad,,Payment,Eat in,,
2026-06-26,12:36:00,Europe/London,Drinks,House White 175ml,1,Regular,,7.00,0.00,7.00,1.17,T25554194,Counter iPad,,Payment,Eat in,,
2026-06-26,12:36:00,Europe/London,Drinks,House Red 175ml,1,Regular,,7.00,0.00,7.00,1.17,T25554194,Counter iPad,,Payment,Eat in,,
2026-06-26,12:36:00,Europe/London,Drinks,Coke,4,Regular,,12.00,0.00,12.00,2.00,T25554194,Counter iPad,,Payment,Eat in,,
2026-06-26,12:36:00,Europe/London,Drinks,Espresso,2,Regular,,5.60,0.00,5.60,0.93,T25554194,Counter iPad,,Payment,Eat in,,
2026-06-26,14:18:00,Europe/London,Kids,Kids Burger,1,Regular,,7.50,0.00,7.50,1.25,T97793200,Counter iPad,,Payment,Eat in,,
2026-06-26,14:18:00,Europe/London,Kids,Kids Ice Cream,2,Regular,,7.00,0.00,7.00,1.17,T97793200,Counter iPad,,Payment,Eat in,,
2026-06-26,14:18:00,Europe/London,Kids,Kids Fish & Chips,1,Regular,,8.00,0.00,8.00,1.33,T97793200,Counter iPad,,Payment,Takeaway,,
2026-06-26,14:18:00,Europe/London,Set Menu,Set Lunch - 2 Courses,2,Regular,"Soup of the Day, Fish & Chips (Small), Soup of the Day, Fish & Chips (Small)",40.00,0.00,40.00,6.67,T97793200,Counter iPad,,Payment,Eat in,,
2026-06-26,14:18:00,Europe/London,Drinks,Lager Pint,4,Regular,,24.80,0.00,24.80,4.13,T97793200,Counter iPad,,Payment,Eat in,,
2026-06-26,14:18:00,Europe/London,Drinks,House White 175ml,1,Regular,,7.00,0.00,7.00,1.17,T97793200,Counter iPad,,Payment,Eat in,,
2026-06-26,14:18:00,Europe/London,Drinks,Coke,1,Regular,,3.00,0.00,3.00,0.50,T97793200,Counter iPad,,Payment,Eat in,,
2026-06-26,14:18:00,Europe/London,Drinks,Espresso,2,Regular,,5.60,0.00,5.60,0.93,T97793200,Counter iPad,,Payment,Eat in,,
2026-06-26,14:18:00,Europe/London,Drinks,Flat White,1,Regular,,3.40,0.00,3.40,0.57,T97793200,Counter iPad,,Payment,Eat in,,
2026-06-26,14:58:00,Europe/London,Kids,Kids Fish & Chips,2,Regular,,16.00,0.00,16.00,2.67,T72916034,Counter iPad,,Payment,Eat in,C349,Sample Customer 349
2026-06-26,14:58:00,Europe/London,Kids,Kids Ice Cream,1,Regular,,3.50,0.00,3.50,0.58,T72916034,Counter iPad,,Payment,Eat in,C349,Sample Customer 349
2026-06-26,14:58:00,Europe/London,Set Menu,Set Lunch - 3 Courses,1,Regular,"Soup of the Day, Fish & Chips (Small), Sticky Toffee Pudding",25.00,0.00,25.00,4.17,T72916034,Counter iPad,,Payment,Eat in,C349,Sample Customer 349
2026-06-26,14:58:00,Europe/London,Mains,Steak Frites,1,Regular,,24.00,0.00,24.00,4.00,T72916034,Counter iPad,,Payment,Eat in,C349,Sample Customer 349
2026-06-26,14:58:00,Europe/London,Drinks,Lager Pint,1,Regular,,6.20,0.00,6.20,1.03,T72916034,Counter iPad,,Payment,Eat in,C349,Sample Customer 349
2026-06-26,14:58:00,Europe/London,Drinks,House White 175ml,3,Regular,,21.00,0.00,21.00,3.50,T72916034,Counter iPad,,Payment,Eat in,C349,Sample Customer 349
2026-06-26,14:58:00,Europe/London,Drinks,House Red 175ml,1,Regular,,7.00,0.00,7.00,1.17,T72916034,Counter iPad,,Payment,Eat in,C349,Sample Customer 349
2026-06-26,14:58:00,Europe/London,Drinks,Sparkling Water 750ml,1,Regular,,4.00,0.00,4.00,0.67,T72916034,Counter iPad,,Payment,Eat in,C349,Sample Customer 349
2026-06-26,14:58:00,Europe/London,Drinks,Espresso,1,Regular,,2.80,0.00,2.80,0.47,T72916034,Counter iPad,,Payment,Takeaway,C349,Sample Customer 349
2026-06-26,18:08:00,Europe/London,Starters,Mackerel Pate,1,Regular,,8.50,0.00,8.50,1.42,T54999395,Counter iPad,,Payment,Eat in,,
2026-06-26,18:08:00,Europe/London,Mains,Chicken Supreme,1,Regular,,19.00,0.00,19.00,3.17,T54999395,Counter iPad,,Payment,Eat in,,
2026-06-26,18:08:00,Europe/London,Mains,Steak Frites,1,Regular,,24.00,0.00,24.00,4.00,T54999395,Counter iPad,,Payment,Eat in,,
2026-06-26,18:08:00,Europe/London,Sides,Peppercorn Sauce,1,Regular,,3.00,0.00,3.00,0.50,T54999395,Counter iPad,,Payment,Takeaway,,
2026-06-26,18:08:00,Europe/London,Sides,Chips,1,Regular,,4.50,0.00,4.50,0.75,T54999395,Counter iPad,,Payment,Eat in,,
2026-06-26,18:08:00,Europe/London,Starters,Pork Belly Bites,1,Regular,,8.00,0.00,8.00,1.33,T54999395,Counter iPad,,Payment,Eat in,,
2026-06-26,18:08:00,Europe/London,Mains,Fish & Chips,1,Regular,,17.50,0.00,17.50,2.92,T54999395,Counter iPad,,Payment,Eat in,,
2026-06-26,18:08:00,Europe/London,Sides,Bread & Butter,1,Regular,,4.00,0.00,4.00,0.67,T54999395,Counter iPad,,Payment,Eat in,,
2026-06-26,18:08:00,Europe/London,Drinks,Lager Pint,1,Regular,,6.20,0.00,6.20,1.03,T54999395,Counter iPad,,Payment,Takeaway,,
2026-06-26,18:08:00,Europe/London,Drinks,House Red 175ml,1,Regular,,7.00,0.00,7.00,1.17,T54999395,Counter iPad,,Payment,Eat in,,
2026-06-26,18:08:00,Europe/London,Drinks,Coke,1,Regular,,3.00,0.00,3.00,0.50,T54999395,Counter iPad,,Payment,Eat in,,
2026-06-26,18:08:00,Europe/London,Drinks,Espresso,1,Regular,,2.80,0.00,2.80,0.47,T54999395,Counter iPad,,Payment,Takeaway,,
2026-06-26,18:08:00,Europe/London,Starters,Salt & Pepper Squid,1,Regular,,9.50,0.00,9.50,1.58,T94408407,Counter iPad,,Payment,Eat in,,
2026-06-26,18:08:00,Europe/London,Sides,Truffle Fries,1,Regular,,6.00,0.00,6.00,1.00,T94408407,Counter iPad,,Payment,Takeaway,,
2026-06-26,18:08:00,Europe/London,Mains,Fish & Chips,1,Regular,,17.50,0.00,17.50,2.92,T94408407,Counter iPad,,Payment,Takeaway,,
2026-06-26,18:08:00,Europe/London,Sides,Bread & Butter,1,Regular,,4.00,0.00,4.00,0.67,T94408407,Counter iPad,,Payment,Eat in,,
2026-06-26,18:08:00,Europe/London,Drinks,Espresso,1,Regular,,2.80,0.00,2.80,0.47,T94408407,Counter iPad,,Payment,Eat in,,
2026-06-26,18:15:00,Europe/London,Mains,Chicken Supreme,1,Regular,,19.00,0.00,19.00,3.17,T40561082,Counter iPad,,Payment,Eat in,,
2026-06-26,18:15:00,Europe/London,Sides,Tenderstem,1,Regular,,5.00,0.00,5.00,0.83,T40561082,Counter iPad,,Payment,Takeaway,,
2026-06-26,18:15:00,Europe/London,Mains,Tidewater Burger,1,Regular,Add Cheese,16.50,0.00,16.50,2.75,T40561082,Counter iPad,,Payment,Eat in,,
2026-06-26,18:15:00,Europe/London,Sides,House Salad,1,Regular,,4.50,0.00,4.50,0.75,T40561082,Counter iPad,,Payment,Eat in,,
2026-06-26,18:15:00,Europe/London,Drinks,Lager Pint,1,Regular,,6.20,0.00,6.20,1.03,T40561082,Counter iPad,,Payment,Eat in,,
2026-06-26,18:15:00,Europe/London,Drinks,House Red 175ml,1,Regular,,7.00,0.00,7.00,1.17,T40561082,Counter iPad,,Payment,Eat in,,
2026-06-26,18:19:00,Europe/London,Starters,Mackerel Pate,2,Regular,,17.00,0.00,17.00,2.83,T70587425,Counter iPad,,Payment,Eat in,,
2026-06-26,18:19:00,Europe/London,Mains,Lemon Sole (MP),2,Regular,,52.00,0.00,52.00,8.67,T70587425,Counter iPad,,Payment,Eat in,,
2026-06-26,18:19:00,Europe/London,Sides,Chips,1,Regular,,4.50,0.00,4.50,0.75,T70587425,Counter iPad,,Payment,Eat in,,
2026-06-26,18:19:00,Europe/London,Mains,Tidewater Burger,1,Regular,,16.50,0.00,16.50,2.75,T70587425,Counter iPad,,Payment,Eat in,,
2026-06-26,18:19:00,Europe/London,Desserts,Affogato,1,Regular,,6.00,0.00,6.00,1.00,T70587425,Counter iPad,,Payment,Eat in,,
2026-06-26,18:19:00,Europe/London,Sides,Truffle Fries,1,Regular,,6.00,0.00,6.00,1.00,T70587425,Counter iPad,,Payment,Eat in,,
2026-06-26,18:19:00,Europe/London,Drinks,Lager Pint,3,Regular,,18.60,0.00,18.60,3.10,T70587425,Counter iPad,,Payment,Takeaway,,
2026-06-26,18:19:00,Europe/London,Drinks,House White 175ml,1,Regular,,7.00,0.00,7.00,1.17,T70587425,Counter iPad,,Payment,Eat in,,
2026-06-26,18:19:00,Europe/London,Drinks,House Red 175ml,2,Regular,,14.00,0.00,14.00,2.33,T70587425,Counter iPad,,Payment,Eat in,,
2026-06-26,18:19:00,Europe/London,Drinks,Coke,1,Regular,,3.00,0.00,3.00,0.50,T70587425,Counter iPad,,Payment,Eat in,,
2026-06-26,18:19:00,Europe/London,Drinks,Sparkling Water 750ml,1,Regular,,4.00,0.00,4.00,0.67,T70587425,Counter iPad,,Payment,Eat in,,
2026-06-26,18:19:00,Europe/London,Drinks,Flat White,1,Regular,,3.40,0.00,3.40,0.57,T70587425,Counter iPad,,Payment,Takeaway,,
2026-06-26,18:23:00,Europe/London,Starters,Rock Oysters,1,x6,,16.00,0.00,16.00,2.67,T87793616,Counter iPad,,Payment,Eat in,,
2026-06-26,18:23:00,Europe/London,Mains,Fish & Chips,1,Small,,13.00,0.00,13.00,2.17,T87793616,Counter iPad,,Payment,Eat in,,
2026-06-26,18:23:00,Europe/London,Sides,Chips,1,Regular,,4.50,0.00,4.50,0.75,T87793616,Counter iPad,,Payment,Takeaway,,
2026-06-26,18:23:00,Europe/London,Mains,SPECIAL - Crab Linguine,1,Regular,,18.00,0.00,18.00,3.00,T87793616,Counter iPad,,Payment,Takeaway,,
2026-06-26,18:23:00,Europe/London,Desserts,Sticky Toffee Pudding,1,Regular,,8.00,0.00,8.00,1.33,T87793616,Counter iPad,,Payment,Eat in,,
2026-06-26,18:23:00,Europe/London,Drinks,House White 175ml,1,Regular,,7.00,0.00,7.00,1.17,T87793616,Counter iPad,,Payment,Takeaway,,
2026-06-26,18:23:00,Europe/London,Drinks,House Red 175ml,1,Regular,,7.00,0.00,7.00,1.17,T87793616,Counter iPad,,Payment,Takeaway,,
2026-06-26,19:17:00,Europe/London,Starters,Burrata,1,Regular,,10.00,0.00,10.00,1.67,T88444022,Counter iPad,,Payment,Eat in,,
2026-06-26,19:17:00,Europe/London,Mains,Tidewater Burger,1,Regular,,16.50,0.00,16.50,2.75,T88444022,Counter iPad,,Payment,Eat in,,
2026-06-26,19:17:00,Europe/London,Mains,Steak Frites,1,Regular,,24.00,0.00,24.00,4.00,T88444022,Counter iPad,,Payment,Eat in,,
2026-06-26,19:17:00,Europe/London,Sides,Chips,1,Regular,,4.50,0.00,4.50,0.75,T88444022,Counter iPad,,Payment,Eat in,,
2026-06-26,19:17:00,Europe/London,Desserts,Sticky Toffee Pudding,1,Regular,,8.00,0.00,8.00,1.33,T88444022,Counter iPad,,Payment,Eat in,,
2026-06-26,19:17:00,Europe/London,Sides,Bread & Butter,1,Regular,,4.00,0.00,4.00,0.67,T88444022,Counter iPad,,Payment,Eat in,,
2026-06-26,19:17:00,Europe/London,Drinks,Lager Pint,1,Regular,,6.20,0.00,6.20,1.03,T88444022,Counter iPad,,Payment,Eat in,,
2026-06-26,19:17:00,Europe/London,Drinks,House White 175ml,1,Regular,,7.00,0.00,7.00,1.17,T88444022,Counter iPad,,Payment,Eat in,,
2026-06-26,19:17:00,Europe/London,Drinks,Espresso,1,Regular,,2.80,0.00,2.80,0.47,T88444022,Counter iPad,,Payment,Eat in,,
2026-06-26,19:34:00,Europe/London,Mains,Steak Frites,2,Regular,,48.00,0.00,48.00,8.00,T28050406,Counter iPad,,Payment,Eat in,,
2026-06-26,19:34:00,Europe/London,Sides,Tenderstem,1,Regular,,5.00,0.00,5.00,0.83,T28050406,Counter iPad,,Payment,Eat in,,
2026-06-26,19:34:00,Europe/London,Starters,Soup of the Day,1,Regular,,7.00,0.00,7.00,1.17,T28050406,Counter iPad,,Payment,Eat in,,
2026-06-26,19:34:00,Europe/London,Sides,Peppercorn Sauce,1,Regular,,3.00,0.00,3.00,0.50,T28050406,Counter iPad,,Payment,Eat in,,
2026-06-26,19:34:00,Europe/London,Drinks,Lager Pint,1,Regular,,6.20,0.00,6.20,1.03,T28050406,Counter iPad,,Payment,Eat in,,
2026-06-26,19:34:00,Europe/London,Drinks,House White 175ml,1,Regular,,7.00,0.00,7.00,1.17,T28050406,Counter iPad,,Payment,Takeaway,,
2026-06-26,19:34:00,Europe/London,Drinks,Sparkling Water 750ml,1,Regular,,4.00,0.00,4.00,0.67,T28050406,Counter iPad,,Payment,Eat in,,
2026-06-26,19:45:00,Europe/London,Mains,SPECIAL - Crab Linguine,2,Regular,,36.00,0.00,36.00,6.00,T11874853,Counter iPad,,Payment,Takeaway,,
2026-06-26,19:45:00,Europe/London,Sides,Chips,3,Regular,,13.50,0.00,13.50,2.25,T11874853,Counter iPad,,Payment,Eat in,,
2026-06-26,19:45:00,Europe/London,Starters,Soup of the Day,1,Regular,,7.00,0.00,7.00,1.17,T11874853,Counter iPad,,Payment,Takeaway,,
2026-06-26,19:45:00,Europe/London,Mains,Mushroom Risotto,3,Regular,,45.00,0.00,45.00,7.50,T11874853,Counter iPad,,Payment,Eat in,,
2026-06-26,19:45:00,Europe/London,Desserts,Cheeseboard,1,5,,16.00,0.00,16.00,2.67,T11874853,Counter iPad,,Payment,Takeaway,,
2026-06-26,19:45:00,Europe/London,Starters,Burrata,1,Regular,,10.00,0.00,10.00,1.67,T11874853,Counter iPad,,Payment,Eat in,,
2026-06-26,19:45:00,Europe/London,Starters,Rock Oysters,1,x6,,16.00,0.00,16.00,2.67,T11874853,Counter iPad,,Payment,Eat in,,
2026-06-26,19:45:00,Europe/London,Desserts,Sticky Toffee Pudding,1,Regular,,8.00,0.00,8.00,1.33,T11874853,Counter iPad,,Payment,Eat in,,
2026-06-26,19:45:00,Europe/London,Starters,Pork Belly Bites,1,Regular,,8.00,0.00,8.00,1.33,T11874853,Counter iPad,,Payment,Eat in,,
2026-06-26,19:45:00,Europe/London,Mains,Lamb Rump,1,Regular,,26.00,0.00,26.00,4.33,T11874853,Counter iPad,,Payment,Eat in,,
2026-06-26,19:45:00,Europe/London,Sides,Tenderstem,1,Regular,,5.00,0.00,5.00,0.83,T11874853,Counter iPad,,Payment,Eat in,,
2026-06-26,19:45:00,Europe/London,Drinks,Lager Pint,3,Regular,,18.60,0.00,18.60,3.10,T11874853,Counter iPad,,Payment,Takeaway,,
2026-06-26,19:45:00,Europe/London,Drinks,House White 175ml,2,Regular,,14.00,0.00,14.00,2.33,T11874853,Counter iPad,,Payment,Eat in,,
2026-06-26,19:45:00,Europe/London,Drinks,House Red 175ml,1,Regular,,7.00,0.00,7.00,1.17,T11874853,Counter iPad,,Payment,Takeaway,,
2026-06-26,19:45:00,Europe/London,Drinks,Coke,1,Regular,,3.00,0.00,3.00,0.50,T11874853,Counter iPad,,Payment,Eat in,,
2026-06-26,19:45:00,Europe/London,Drinks,Sparkling Water 750ml,1,Regular,,4.00,0.00,4.00,0.67,T11874853,Counter iPad,,Payment,Takeaway,,
2026-06-26,19:45:00,Europe/London,Drinks,Espresso,1,Regular,,2.80,0.00,2.80,0.47,T11874853,Counter iPad,,Payment,Eat in,,
2026-06-26,19:57:00,Europe/London,Starters,Soup of the Day,1,Regular,,7.00,0.00,7.00,1.17,T66445392,Counter iPad,,Payment,Eat in,,
2026-06-26,19:57:00,Europe/London,Mains,Hake,1,Regular,,22.00,0.00,22.00,3.67,T66445392,Counter iPad,,Payment,Takeaway,,
2026-06-26,19:57:00,Europe/London,Sides,Chips,1,Regular,,4.50,0.00,4.50,0.75,T66445392,Counter iPad,,Payment,Eat in,,
2026-06-26,19:57:00,Europe/London,Desserts,Crème Brûlée,1,Regular,,7.50,0.00,7.50,1.25,T66445392,Counter iPad,,Payment,Eat in,,
2026-06-26,19:57:00,Europe/London,Starters,Burrata,1,Regular,,10.00,0.00,10.00,1.67,T66445392,Counter iPad,,Payment,Eat in,,
2026-06-26,19:57:00,Europe/London,Starters,Rock Oysters,1,x6,,16.00,0.00,16.00,2.67,T66445392,Counter iPad,,Payment,Takeaway,,
2026-06-26,19:57:00,Europe/London,Mains,Chicken Supreme,1,Regular,,19.00,0.00,19.00,3.17,T66445392,Counter iPad,,Payment,Eat in,,
2026-06-26,19:57:00,Europe/London,Sides,Bread & Butter,1,Regular,,4.00,0.00,4.00,0.67,T66445392,Counter iPad,,Payment,Takeaway,,
2026-06-26,19:57:00,Europe/London,Drinks,Lager Pint,2,Regular,,12.40,0.00,12.40,2.07,T66445392,Counter iPad,,Payment,Takeaway,,
2026-06-26,20:04:00,Europe/London,Kids,Kids Burger,1,Regular,,7.50,0.00,7.50,1.25,T41484983,Counter iPad,,Payment,Eat in,,
2026-06-26,20:04:00,Europe/London,Kids,Kids Ice Cream,2,Regular,,7.00,0.00,7.00,1.17,T41484983,Counter iPad,,Payment,Eat in,,
2026-06-26,20:04:00,Europe/London,Kids,Kids Fish & Chips,1,Regular,,8.00,0.00,8.00,1.33,T41484983,Counter iPad,,Payment,Takeaway,,
2026-06-26,20:04:00,Europe/London,Starters,Burrata,1,Regular,,10.00,0.00,10.00,1.67,T41484983,Counter iPad,,Payment,Eat in,,
2026-06-26,20:04:00,Europe/London,Mains,SPECIAL - Crab Linguine,1,Regular,,18.00,0.00,18.00,3.00,T41484983,Counter iPad,,Payment,Eat in,,
2026-06-26,20:04:00,Europe/London,Sides,Truffle Fries,1,Regular,,6.00,0.00,6.00,1.00,T41484983,Counter iPad,,Payment,Eat in,,
2026-06-26,20:04:00,Europe/London,Desserts,Affogato,1,Regular,,6.00,0.00,6.00,1.00,T41484983,Counter iPad,,Payment,Eat in,,
2026-06-26,20:04:00,Europe/London,Mains,Hake,1,Regular,,22.00,0.00,22.00,3.67,T41484983,Counter iPad,,Payment,Eat in,,
2026-06-26,20:04:00,Europe/London,Desserts,Sticky Toffee Pudding,1,Regular,,8.00,0.00,8.00,1.33,T41484983,Counter iPad,,Payment,Eat in,,
2026-06-26,20:04:00,Europe/London,Mains,Steak Frites,1,Regular,,24.00,0.00,24.00,4.00,T41484983,Counter iPad,,Payment,Eat in,,
2026-06-26,20:04:00,Europe/London,Drinks,Lager Pint,3,Regular,,18.60,0.00,18.60,3.10,T41484983,Counter iPad,,Payment,Eat in,,
2026-06-26,20:04:00,Europe/London,Drinks,House White 175ml,4,Regular,,28.00,0.00,28.00,4.67,T41484983,Counter iPad,,Payment,Eat in,,
2026-06-26,20:04:00,Europe/London,Drinks,House Red 175ml,1,Regular,,7.00,0.00,7.00,1.17,T41484983,Counter iPad,,Payment,Eat in,,
2026-06-26,16:30:00,Europe/London,Other,Staff Meal,1,Regular,Burger,10.00,-10.00,0.00,0.00,T57248264,Counter iPad,,Payment,Eat in,,
2026-06-26,20:27:00,Europe/London,Mains,Fish & Chips,1,Small,,13.00,0.00,13.00,2.17,T96438951,Counter iPad,,Payment,Eat in,C205,Sample Customer 205
2026-06-26,20:27:00,Europe/London,Sides,Chips,1,Regular,,4.50,0.00,4.50,0.75,T96438951,Counter iPad,,Payment,Takeaway,C205,Sample Customer 205
2026-06-26,20:27:00,Europe/London,Mains,Steak Frites,2,Regular,,48.00,0.00,48.00,8.00,T96438951,Counter iPad,,Payment,Eat in,C205,Sample Customer 205
2026-06-26,20:27:00,Europe/London,Sides,Peppercorn Sauce,1,Regular,,3.00,0.00,3.00,0.50,T96438951,Counter iPad,,Payment,Eat in,C205,Sample Customer 205
2026-06-26,20:27:00,Europe/London,Sides,Tenderstem,1,Regular,,5.00,0.00,5.00,0.83,T96438951,Counter iPad,,Payment,Eat in,C205,Sample Customer 205
2026-06-26,20:27:00,Europe/London,Desserts,Crème Brûlée,1,Regular,,7.50,0.00,7.50,1.25,T96438951,Counter iPad,,Payment,Eat in,C205,Sample Customer 205
2026-06-26,20:27:00,Europe/London,Starters,Soup of the Day,1,Regular,,7.00,0.00,7.00,1.17,T96438951,Counter iPad,,Payment,Eat in,C205,Sample Customer 205
2026-06-26,20:27:00,Europe/London,Desserts,Cheeseboard,1,3,,11.00,0.00,11.00,1.83,T96438951,Counter iPad,,Payment,Eat in,C205,Sample Customer 205
2026-06-26,20:27:00,Europe/London,Mains,Chicken Supreme,1,Regular,,19.00,0.00,19.00,3.17,T96438951,Counter iPad,,Payment,Eat in,C205,Sample Customer 205
2026-06-26,20:27:00,Europe/London,Sides,Truffle Fries,1,Regular,,6.00,0.00,6.00,1.00,T96438951,Counter iPad,,Payment,Eat in,C205,Sample Customer 205
2026-06-26,20:27:00,Europe/London,Desserts,Choc Tart,1,Regular,,8.00,0.00,8.00,1.33,T96438951,Counter iPad,,Payment,Eat in,C205,Sample Customer 205
2026-06-26,20:27:00,Europe/London,Drinks,Lager Pint,1,Regular,,6.20,0.00,6.20,1.03,T96438951,Counter iPad,,Payment,Eat in,C205,Sample Customer 205
2026-06-26,20:27:00,Europe/London,Drinks,House White 175ml,2,Regular,,14.00,0.00,14.00,2.33,T96438951,Counter iPad,,Payment,Takeaway,C205,Sample Customer 205
2026-06-26,20:27:00,Europe/London,Drinks,Coke,1,Regular,,3.00,0.00,3.00,0.50,T96438951,Counter iPad,,Payment,Eat in,C205,Sample Customer 205
2026-06-26,20:27:00,Europe/London,Drinks,Espresso,1,Regular,,2.80,0.00,2.80,0.47,T96438951,Counter iPad,,Payment,Eat in,C205,Sample Customer 205
2026-06-26,20:27:00,Europe/London,Drinks,Flat White,1,Regular,,3.40,0.00,3.40,0.57,T96438951,Counter iPad,,Payment,Eat in,C205,Sample Customer 205
2026-06-26,20:43:00,Europe/London,Mains,Steak Frites,1,Regular,,24.00,0.00,24.00,4.00,T30680190,Counter iPad,,Payment,Takeaway,,
2026-06-26,20:43:00,Europe/London,Sides,Peppercorn Sauce,1,Regular,,3.00,0.00,3.00,0.50,T30680190,Counter iPad,,Payment,Eat in,,
2026-06-26,20:43:00,Europe/London,Sides,House Salad,1,Regular,,4.50,0.00,4.50,0.75,T30680190,Counter iPad,,Payment,Eat in,,
2026-06-26,20:43:00,Europe/London,Starters,Burrata,1,Regular,,10.00,0.00,10.00,1.67,T30680190,Counter iPad,,Payment,Eat in,,
2026-06-26,20:43:00,Europe/London,Mains,Tidewater Burger,2,Regular,,33.00,0.00,33.00,5.50,T30680190,Counter iPad,,Payment,Takeaway,,
2026-06-26,20:43:00,Europe/London,Sides,Chips,1,Regular,,4.50,0.00,4.50,0.75,T30680190,Counter iPad,,Payment,Takeaway,,
2026-06-26,20:43:00,Europe/London,Sides,Tenderstem,1,Regular,,5.00,0.00,5.00,0.83,T30680190,Counter iPad,,Payment,Eat in,,
2026-06-26,20:43:00,Europe/London,Desserts,Choc Tart,1,Regular,,8.00,0.00,8.00,1.33,T30680190,Counter iPad,,Payment,Eat in,,
2026-06-26,20:43:00,Europe/London,Drinks,Lager Pint,1,Regular,,6.20,0.00,6.20,1.03,T30680190,Counter iPad,,Payment,Eat in,,
2026-06-26,20:43:00,Europe/London,Drinks,House Red 175ml,1,Regular,,7.00,0.00,7.00,1.17,T30680190,Counter iPad,,Payment,Takeaway,,
2026-06-26,21:06:00,Europe/London,Mains,Burger,1,Regular,"Add Bacon, Add Cheese",16.50,0.00,16.50,2.75,T41330291,Bar iPad,,Payment,Takeaway,,
2026-06-26,21:06:00,Europe/London,Sides,Fries,1,Regular,,4.50,0.00,4.50,0.75,T41330291,Bar iPad,,Payment,Eat in,,
2026-06-26,21:06:00,Europe/London,Starters,Pork Belly Bites,1,Regular,,8.00,0.00,8.00,1.33,T41330291,Bar iPad,,Payment,Eat in,,
2026-06-26,21:06:00,Europe/London,Mains,Hake,1,Regular,,22.00,0.00,22.00,3.67,T41330291,Bar iPad,,Payment,Eat in,,
2026-06-26,21:06:00,Europe/London,Drinks,Coke,1,Regular,,3.00,0.00,3.00,0.50,T41330291,Bar iPad,,Payment,Takeaway,,
2026-06-26,21:13:00,Europe/London,Starters,Pork Belly Bites,1,Regular,,8.00,0.00,8.00,1.33,T44995549,Counter iPad,,Payment,Eat in,,
2026-06-26,21:13:00,Europe/London,Mains,Fish & Chips,1,Regular,,17.50,0.00,17.50,2.92,T44995549,Counter iPad,,Payment,Eat in,,
2026-06-26,21:13:00,Europe/London,Mains,Mushroom Risotto,1,Regular,,15.00,0.00,15.00,2.50,T44995549,Counter iPad,,Payment,Eat in,,
2026-06-26,21:13:00,Europe/London,Drinks,House White 175ml,1,Regular,,7.00,0.00,7.00,1.17,T44995549,Counter iPad,,Payment,Eat in,,
2026-06-26,22:26:00,Europe/London,Kids,Kids Fish & Chips,1,Regular,,8.00,0.00,8.00,1.33,T63372274,Bar iPad,,Payment,Eat in,,
2026-06-26,22:26:00,Europe/London,Mains,Hake,2,Regular,,44.00,0.00,44.00,7.33,T63372274,Bar iPad,,Payment,Eat in,,
2026-06-26,22:26:00,Europe/London,Starters,Burrata,1,Regular,,10.00,0.00,10.00,1.67,T63372274,Bar iPad,,Payment,Takeaway,,
2026-06-26,22:26:00,Europe/London,Drinks,Lager Pint,2,Regular,,12.40,0.00,12.40,2.07,T63372274,Bar iPad,,Payment,Eat in,,
2026-06-26,22:26:00,Europe/London,Drinks,House White 175ml,1,Regular,,7.00,0.00,7.00,1.17,T63372274,Bar iPad,,Payment,Eat in,,
2026-06-26,22:26:00,Europe/London,Drinks,House Red 175ml,2,Regular,,14.00,0.00,14.00,2.33,T63372274,Bar iPad,,Payment,Eat in,,
2026-06-26,22:26:00,Europe/London,Drinks,Coke,1,Regular,,3.00,0.00,3.00,0.50,T63372274,Bar iPad,,Payment,Eat in,,
2026-06-26,22:56:00,Europe/London,Kids,Kids Burger,1,Regular,,7.50,0.00,7.50,1.25,T39696124,Bar iPad,Table 5 - call 07700 900674 when ready,Payment,Eat in,,
2026-06-26,22:56:00,Europe/London,Starters,Soup of the Day,1,Regular,,7.00,0.00,7.00,1.17,T39696124,Bar iPad,Table 5 - call 07700 900674 when ready,Payment,Eat in,,
2026-06-26,22:56:00,Europe/London,Mains,Burger,1,Regular,,16.50,0.00,16.50,2.75,T39696124,Bar iPad,Table 5 - call 07700 900674 when ready,Payment,Eat in,,
2026-06-26,22:56:00,Europe/London,Sides,Fries,2,Regular,,9.00,0.00,9.00,1.50,T39696124,Bar iPad,Table 5 - call 07700 900674 when ready,Payment,Takeaway,,
2026-06-26,22:56:00,Europe/London,Mains,Fish & Chips,1,Regular,,17.50,0.00,17.50,2.92,T39696124,Bar iPad,Table 5 - call 07700 900674 when ready,Payment,Takeaway,,
2026-06-26,22:56:00,Europe/London,Sides,Bread & Butter,1,Regular,,4.00,0.00,4.00,0.67,T39696124,Bar iPad,Table 5 - call 07700 900674 when ready,Payment,Eat in,,
2026-06-26,22:56:00,Europe/London,Drinks,Lager Pint,2,Regular,,12.40,0.00,12.40,2.07,T39696124,Bar iPad,Table 5 - call 07700 900674 when ready,Payment,Takeaway,,
2026-06-26,22:56:00,Europe/London,Drinks,House White 175ml,1,Regular,,7.00,0.00,7.00,1.17,T39696124,Bar iPad,Table 5 - call 07700 900674 when ready,Payment,Eat in,,
2026-06-26,22:56:00,Europe/London,Drinks,Coke,2,Regular,,6.00,0.00,6.00,1.00,T39696124,Bar iPad,Table 5 - call 07700 900674 when ready,Payment,Eat in,,
2026-06-26,22:56:00,Europe/London,Drinks,Sparkling Water 750ml,2,Regular,,8.00,0.00,8.00,1.33,T39696124,Bar iPad,Table 5 - call 07700 900674 when ready,Payment,Eat in,,
2026-06-26,22:56:00,Europe/London,Drinks,Flat White,1,Regular,,3.40,0.00,3.40,0.57,T39696124,Bar iPad,Table 5 - call 07700 900674 when ready,Payment,Eat in,,
2026-06-26,23:23:00,Europe/London,Mains,Steak Frites,2,Regular,,48.00,0.00,48.00,8.00,T87834024,Counter iPad,,Payment,Eat in,,
2026-06-26,23:23:00,Europe/London,Starters,Burrata,1,Regular,,10.00,0.00,10.00,1.67,T87834024,Counter iPad,,Payment,Takeaway,,
2026-06-26,23:23:00,Europe/London,Sides,Peppercorn Sauce,1,Regular,,3.00,0.00,3.00,0.50,T87834024,Counter iPad,,Payment,Eat in,,
2026-06-26,23:23:00,Europe/London,Sides,Truffle Fries,2,Regular,,12.00,0.00,12.00,2.00,T87834024,Counter iPad,,Payment,Eat in,,
2026-06-26,23:23:00,Europe/London,Desserts,Choc Tart,1,Regular,,8.00,0.00,8.00,1.33,T87834024,Counter iPad,,Payment,Eat in,,
2026-06-26,23:23:00,Europe/London,Starters,Mackerel Pate,1,Regular,,8.50,0.00,8.50,1.42,T87834024,Counter iPad,,Payment,Eat in,,
2026-06-26,23:23:00,Europe/London,Mains,Tidewater Burger,2,Regular,Add Bacon,33.00,0.00,33.00,5.50,T87834024,Counter iPad,,Payment,Eat in,,
2026-06-26,23:23:00,Europe/London,Desserts,Sticky Toffee Pudding,1,Regular,,8.00,0.00,8.00,1.33,T87834024,Counter iPad,,Payment,Eat in,,
2026-06-26,23:23:00,Europe/London,Starters,Salt & Pepper Squid,1,Regular,,9.50,0.00,9.50,1.58,T87834024,Counter iPad,,Payment,Eat in,,
2026-06-26,23:23:00,Europe/London,Drinks,Lager Pint,2,Regular,,12.40,0.00,12.40,2.07,T87834024,Counter iPad,,Payment,Takeaway,,
2026-06-26,23:23:00,Europe/London,Drinks,House Red 175ml,1,Regular,,7.00,0.00,7.00,1.17,T87834024,Counter iPad,,Payment,Eat in,,
2026-06-26,23:23:00,Europe/London,Drinks,Sparkling Water 750ml,1,Regular,,4.00,0.00,4.00,0.67,T87834024,Counter iPad,,Payment,Eat in,,
2026-06-26,23:23:00,Europe/London,Drinks,Espresso,1,Regular,,2.80,0.00,2.80,0.47,T87834024,Counter iPad,,Payment,Takeaway,,
2026-06-26,23:34:00,Europe/London,Starters,Mackerel Pate,1,Regular,,8.50,0.00,8.50,1.42,T76106081,Counter iPad,,Payment,Takeaway,,
2026-06-26,23:34:00,Europe/London,Mains,Steak Frites,1,Regular,,24.00,0.00,24.00,4.00,T76106081,Counter iPad,,Payment,Takeaway,,
2026-06-26,23:34:00,Europe/London,Mains,SPECIAL - Crab Linguine,1,Regular,,18.00,0.00,18.00,3.00,T76106081,Counter iPad,,Payment,Takeaway,,
2026-06-26,23:34:00,Europe/London,Sides,Truffle Fries,1,Regular,,6.00,0.00,6.00,1.00,T76106081,Counter iPad,,Payment,Eat in,,
2026-06-26,23:34:00,Europe/London,Starters,Salt & Pepper Squid,1,Regular,,9.50,0.00,9.50,1.58,T76106081,Counter iPad,,Payment,Takeaway,,
2026-06-26,23:34:00,Europe/London,Mains,Tidewater Burger,1,Regular,,16.50,0.00,16.50,2.75,T76106081,Counter iPad,,Payment,Eat in,,
2026-06-26,23:34:00,Europe/London,Sides,Chips,1,Regular,,4.50,0.00,4.50,0.75,T76106081,Counter iPad,,Payment,Eat in,,
2026-06-26,23:34:00,Europe/London,Sides,Bread & Butter,1,Regular,,4.00,0.00,4.00,0.67,T76106081,Counter iPad,,Payment,Eat in,,
2026-06-26,23:34:00,Europe/London,Drinks,Lager Pint,1,Regular,,6.20,0.00,6.20,1.03,T76106081,Counter iPad,,Payment,Eat in,,
2026-06-26,23:34:00,Europe/London,Drinks,House White 175ml,2,Regular,,14.00,0.00,14.00,2.33,T76106081,Counter iPad,,Payment,Eat in,,
2026-06-26,23:34:00,Europe/London,Drinks,Coke,1,Regular,,3.00,0.00,3.00,0.50,T76106081,Counter iPad,,Payment,Takeaway,,
2026-06-26,23:34:00,Europe/London,Drinks,Flat White,1,Regular,,3.40,0.00,3.40,0.57,T76106081,Counter iPad,,Payment,Eat in,,
2026-06-27,12:20:00,Europe/London,Starters,Soup of the Day,1,Regular,,7.00,0.00,7.00,1.17,T14568032,Bar iPad,,Payment,Eat in,,
2026-06-27,12:20:00,Europe/London,Mains,Lamb Rump,1,Regular,,26.00,0.00,26.00,4.33,T14568032,Bar iPad,,Payment,Takeaway,,
2026-06-27,12:20:00,Europe/London,Desserts,Sticky Toffee Pudding,2,Regular,,16.00,0.00,16.00,2.67,T14568032,Bar iPad,,Payment,Takeaway,,
2026-06-27,12:20:00,Europe/London,Mains,Lemon Sole (MP),1,Regular,,24.00,0.00,24.00,4.00,T14568032,Bar iPad,,Payment,Eat in,,
2026-06-27,12:20:00,Europe/London,Sides,Truffle Fries,1,Regular,,6.00,0.00,6.00,1.00,T14568032,Bar iPad,,Payment,Eat in,,
2026-06-27,12:20:00,Europe/London,Desserts,Affogato,1,Regular,,6.00,0.00,6.00,1.00,T14568032,Bar iPad,,Payment,Eat in,,
2026-06-27,12:20:00,Europe/London,Sides,Fries,1,Regular,,4.50,0.00,4.50,0.75,T14568032,Bar iPad,,Payment,Takeaway,,
2026-06-27,12:20:00,Europe/London,Mains,Fish & Chips,1,Regular,,17.50,0.00,17.50,2.92,T14568032,Bar iPad,,Payment,Eat in,,
2026-06-27,12:20:00,Europe/London,Sides,Tenderstem,1,Regular,,5.00,0.00,5.00,0.83,T14568032,Bar iPad,,Payment,Eat in,,
2026-06-27,12:20:00,Europe/London,Sides,Bread & Butter,1,Regular,,4.00,0.00,4.00,0.67,T14568032,Bar iPad,,Payment,Takeaway,,
2026-06-27,12:20:00,Europe/London,Drinks,Lager Pint,1,Regular,,6.20,0.00,6.20,1.03,T14568032,Bar iPad,,Payment,Takeaway,,
2026-06-27,12:20:00,Europe/London,Drinks,House White 175ml,2,Regular,,14.00,0.00,14.00,2.33,T14568032,Bar iPad,,Payment,Eat in,,
2026-06-27,12:20:00,Europe/London,Drinks,Coke,1,Regular,,3.00,0.00,3.00,0.50,T14568032,Bar iPad,,Payment,Eat in,,
2026-06-27,12:20:00,Europe/London,Drinks,Espresso,1,Regular,,2.80,0.00,2.80,0.47,T14568032,Bar iPad,,Payment,Takeaway,,
2026-06-27,12:21:00,Europe/London,Starters,Mackerel Pate,1,Regular,,8.50,0.00,8.50,1.42,T76366453,Counter iPad,,Payment,Eat in,,
2026-06-27,12:21:00,Europe/London,Mains,Fish & Chips,1,Regular,,17.50,0.00,17.50,2.92,T76366453,Counter iPad,,Payment,Eat in,,
2026-06-27,12:21:00,Europe/London,Desserts,Sticky Toffee Pudding,1,Regular,,8.00,0.00,8.00,1.33,T76366453,Counter iPad,,Payment,Takeaway,,
2026-06-27,12:21:00,Europe/London,Mains,Tidewater Burger,2,Regular,Add Cheese,33.00,0.00,33.00,5.50,T76366453,Counter iPad,,Payment,Eat in,,
2026-06-27,12:21:00,Europe/London,Sides,Chips,2,Regular,,9.00,0.00,9.00,1.50,T76366453,Counter iPad,,Payment,Takeaway,,
2026-06-27,12:21:00,Europe/London,Desserts,Cheeseboard,1,5,,16.00,0.00,16.00,2.67,T76366453,Counter iPad,,Payment,Takeaway,,
2026-06-27,12:21:00,Europe/London,Sides,House Salad,1,Regular,,4.50,0.00,4.50,0.75,T76366453,Counter iPad,,Payment,Eat in,,
2026-06-27,12:21:00,Europe/London,Desserts,Crème Brûlée,1,Regular,,7.50,0.00,7.50,1.25,T76366453,Counter iPad,,Payment,Takeaway,,
2026-06-27,12:21:00,Europe/London,Starters,Salt & Pepper Squid,1,Regular,,9.50,0.00,9.50,1.58,T76366453,Counter iPad,,Payment,Eat in,,
2026-06-27,12:21:00,Europe/London,Mains,Chicken Supreme,1,Regular,,19.00,0.00,19.00,3.17,T76366453,Counter iPad,,Payment,Takeaway,,
2026-06-27,13:01:00,Europe/London,Mains,Chicken Supreme,1,Regular,,-19.00,0.00,-19.00,-3.17,T76366453,Counter iPad,sent back,Refund,Eat in,,
2026-06-27,12:21:00,Europe/London,Drinks,Lager Pint,2,Regular,,12.40,0.00,12.40,2.07,T76366453,Counter iPad,,Payment,Takeaway,,
2026-06-27,12:21:00,Europe/London,Drinks,House White 175ml,3,Regular,,21.00,0.00,21.00,3.50,T76366453,Counter iPad,,Payment,Eat in,,
2026-06-27,12:21:00,Europe/London,Drinks,House Red 175ml,1,Regular,,7.00,0.00,7.00,1.17,T76366453,Counter iPad,,Payment,Eat in,,
2026-06-27,12:21:00,Europe/London,Drinks,Coke,1,Regular,,3.00,0.00,3.00,0.50,T76366453,Counter iPad,,Payment,Eat in,,
2026-06-27,12:21:00,Europe/London,Drinks,Espresso,2,Regular,,5.60,0.00,5.60,0.93,T76366453,Counter iPad,,Payment,Takeaway,,
2026-06-27,12:21:00,Europe/London,Drinks,Flat White,1,Regular,,3.40,0.00,3.40,0.57,T76366453,Counter iPad,,Payment,Eat in,,
2026-06-27,12:27:00,Europe/London,Starters,Mackerel Pate,1,Regular,,8.50,0.00,8.50,1.42,T11595166,Counter iPad,,Payment,Eat in,,
2026-06-27,12:27:00,Europe/London,Mains,Fish & Chips,1,Small,,13.00,0.00,13.00,2.17,T11595166,Counter iPad,,Payment,Eat in,,
2026-06-27,12:27:00,Europe/London,Desserts,Sticky Toffee Pudding,1,Regular,,8.00,0.00,8.00,1.33,T11595166,Counter iPad,,Payment,Eat in,,
2026-06-27,12:27:00,Europe/London,Starters,Soup of the Day,1,Regular,,7.00,0.00,7.00,1.17,T11595166,Counter iPad,,Payment,Eat in,,
2026-06-27,12:27:00,Europe/London,Mains,Steak Frites,1,Regular,,24.00,0.00,24.00,4.00,T11595166,Counter iPad,,Payment,Takeaway,,
2026-06-27,12:27:00,Europe/London,Sides,Tenderstem,1,Regular,,5.00,0.00,5.00,0.83,T11595166,Counter iPad,,Payment,Eat in,,
2026-06-27,12:27:00,Europe/London,Desserts,Crème Brûlée,1,Regular,,7.50,0.00,7.50,1.25,T11595166,Counter iPad,,Payment,Eat in,,
2026-06-27,12:27:00,Europe/London,Drinks,Lager Pint,2,Regular,,12.40,0.00,12.40,2.07,T11595166,Counter iPad,,Payment,Eat in,,
2026-06-27,12:27:00,Europe/London,Drinks,House White 175ml,1,Regular,,7.00,0.00,7.00,1.17,T11595166,Counter iPad,,Payment,Takeaway,,
2026-06-27,12:27:00,Europe/London,Drinks,Flat White,1,Regular,,3.40,0.00,3.40,0.57,T11595166,Counter iPad,,Payment,Eat in,,
2026-06-27,12:27:00,Europe/London,Other,Custom Amount,1,Regular,,5.00,0.00,5.00,0.83,T11595166,Counter iPad,,Payment,Eat in,,
2026-06-27,13:22:00,Europe/London,Starters,Soup of the Day,1,Regular,,7.00,0.00,7.00,1.17,T62483850,Counter iPad,,Payment,Eat in,,
2026-06-27,13:22:00,Europe/London,Mains,Tidewater Burger,1,Regular,"Add Bacon, Add Cheese",16.50,0.00,16.50,2.75,T62483850,Counter iPad,,Payment,Eat in,,
2026-06-27,13:22:00,Europe/London,Starters,Mackerel Pate,1,Regular,,8.50,0.00,8.50,1.42,T62483850,Counter iPad,,Payment,Eat in,,
2026-06-27,13:22:00,Europe/London,Mains,Mushroom Risotto,1,Regular,,15.00,0.00,15.00,2.50,T62483850,Counter iPad,,Payment,Eat in,,
2026-06-27,13:22:00,Europe/London,Sides,Truffle Fries,1,Regular,,6.00,0.00,6.00,1.00,T62483850,Counter iPad,,Payment,Eat in,,
2026-06-27,13:22:00,Europe/London,Sides,Bread & Butter,1,Regular,,4.00,0.00,4.00,0.67,T62483850,Counter iPad,,Payment,Takeaway,,
2026-06-27,13:22:00,Europe/London,Drinks,Lager Pint,2,Regular,,12.40,0.00,12.40,2.07,T62483850,Counter iPad,,Payment,Eat in,,
2026-06-27,13:22:00,Europe/London,Drinks,Coke,1,Regular,,3.00,0.00,3.00,0.50,T62483850,Counter iPad,,Payment,Eat in,,
2026-06-27,14:05:00,Europe/London,Starters,Burrata,1,Regular,,10.00,0.00,10.00,1.67,T14587779,Bar iPad,,Payment,Eat in,C622,Sample Customer 622
2026-06-27,14:05:00,Europe/London,Mains,Fish & Chips,1,Regular,,17.50,0.00,17.50,2.92,T14587779,Bar iPad,,Payment,Eat in,C622,Sample Customer 622
2026-06-27,14:05:00,Europe/London,Sides,House Salad,1,Regular,,4.50,0.00,4.50,0.75,T14587779,Bar iPad,,Payment,Eat in,C622,Sample Customer 622
2026-06-27,14:05:00,Europe/London,Starters,Soup of the Day,2,Regular,,14.00,0.00,14.00,2.33,T14587779,Bar iPad,,Payment,Eat in,C622,Sample Customer 622
2026-06-27,14:05:00,Europe/London,Mains,Mushroom Risotto,2,Regular,,30.00,0.00,30.00,5.00,T14587779,Bar iPad,,Payment,Takeaway,C622,Sample Customer 622
2026-06-27,14:05:00,Europe/London,Starters,Salt & Pepper Squid,1,Regular,,9.50,0.00,9.50,1.58,T14587779,Bar iPad,,Payment,Takeaway,C622,Sample Customer 622
2026-06-27,14:05:00,Europe/London,Mains,Lamb Rump,1,Regular,,26.00,0.00,26.00,4.33,T14587779,Bar iPad,,Payment,Eat in,C622,Sample Customer 622
2026-06-27,14:05:00,Europe/London,Desserts,Choc Tart,1,Regular,,8.00,0.00,8.00,1.33,T14587779,Bar iPad,,Payment,Eat in,C622,Sample Customer 622
2026-06-27,14:05:00,Europe/London,Sides,Truffle Fries,2,Regular,,12.00,0.00,12.00,2.00,T14587779,Bar iPad,,Payment,Eat in,C622,Sample Customer 622
2026-06-27,14:05:00,Europe/London,Desserts,Cheeseboard,1,5,,16.00,0.00,16.00,2.67,T14587779,Bar iPad,,Payment,Eat in,C622,Sample Customer 622
2026-06-27,14:05:00,Europe/London,Mains,Fish & Chips,1,Small,,13.00,0.00,13.00,2.17,T14587779,Bar iPad,,Payment,Eat in,C622,Sample Customer 622
2026-06-27,14:05:00,Europe/London,Drinks,Lager Pint,5,Regular,,31.00,0.00,31.00,5.17,T14587779,Bar iPad,,Payment,Takeaway,C622,Sample Customer 622
2026-06-27,14:05:00,Europe/London,Drinks,House White 175ml,2,Regular,,14.00,0.00,14.00,2.33,T14587779,Bar iPad,,Payment,Takeaway,C622,Sample Customer 622
2026-06-27,14:05:00,Europe/London,Drinks,House Red 175ml,2,Regular,,14.00,0.00,14.00,2.33,T14587779,Bar iPad,,Payment,Eat in,C622,Sample Customer 622
2026-06-27,14:05:00,Europe/London,Drinks,Coke,2,Regular,,6.00,0.00,6.00,1.00,T14587779,Bar iPad,,Payment,Takeaway,C622,Sample Customer 622
2026-06-27,14:05:00,Europe/London,Drinks,Sparkling Water 750ml,1,Regular,,4.00,0.00,4.00,0.67,T14587779,Bar iPad,,Payment,Eat in,C622,Sample Customer 622
2026-06-27,14:05:00,Europe/London,Drinks,Espresso,1,Regular,,2.80,0.00,2.80,0.47,T14587779,Bar iPad,,Payment,Eat in,C622,Sample Customer 622
2026-06-27,14:05:00,Europe/London,Drinks,Flat White,1,Regular,,3.40,0.00,3.40,0.57,T14587779,Bar iPad,,Payment,Eat in,C622,Sample Customer 622
2026-06-27,14:44:00,Europe/London,Starters,Salt & Pepper Squid,2,Regular,,19.00,0.00,19.00,3.17,T56219912,Counter iPad,,Payment,Eat in,,
2026-06-27,14:44:00,Europe/London,Mains,Steak Frites,3,Regular,,72.00,0.00,72.00,12.00,T56219912,Counter iPad,,Payment,Eat in,,
2026-06-27,14:44:00,Europe/London,Desserts,Sticky Toffee Pudding,3,Regular,,24.00,0.00,24.00,4.00,T56219912,Counter iPad,,Payment,Eat in,,
2026-06-27,14:44:00,Europe/London,Mains,Tidewater Burger,2,Regular,,33.00,0.00,33.00,5.50,T56219912,Counter iPad,,Payment,Eat in,,
2026-06-27,14:44:00,Europe/London,Sides,Tenderstem,1,Regular,,5.00,0.00,5.00,0.83,T56219912,Counter iPad,,Payment,Eat in,,
2026-06-27,14:44:00,Europe/London,Desserts,Affogato,1,Regular,,6.00,0.00,6.00,1.00,T56219912,Counter iPad,,Payment,Eat in,,
2026-06-27,14:44:00,Europe/London,Starters,Rock Oysters,2,x3,,18.00,0.00,18.00,3.00,T56219912,Counter iPad,,Payment,Takeaway,,
2026-06-27,14:44:00,Europe/London,Sides,Truffle Fries,2,Regular,,12.00,0.00,12.00,2.00,T56219912,Counter iPad,,Payment,Eat in,,
2026-06-27,14:44:00,Europe/London,Drinks,Lager Pint,3,Regular,,18.60,0.00,18.60,3.10,T56219912,Counter iPad,,Payment,Eat in,,
2026-06-27,14:44:00,Europe/London,Drinks,House White 175ml,1,Regular,,7.00,0.00,7.00,1.17,T56219912,Counter iPad,,Payment,Eat in,,
2026-06-27,14:44:00,Europe/London,Drinks,House Red 175ml,1,Regular,,7.00,0.00,7.00,1.17,T56219912,Counter iPad,,Payment,Takeaway,,
2026-06-27,14:44:00,Europe/London,Drinks,Coke,1,Regular,,3.00,0.00,3.00,0.50,T56219912,Counter iPad,,Payment,Eat in,,
2026-06-27,14:44:00,Europe/London,Drinks,Sparkling Water 750ml,1,Regular,,4.00,0.00,4.00,0.67,T56219912,Counter iPad,,Payment,Eat in,,
2026-06-27,14:44:00,Europe/London,Drinks,Flat White,1,Regular,,3.40,0.00,3.40,0.57,T56219912,Counter iPad,,Payment,Eat in,,
2026-06-27,18:05:00,Europe/London,Kids,Kids Burger,1,Regular,,7.50,0.00,7.50,1.25,T71514638,Bar iPad,,Payment,Eat in,,
2026-06-27,18:05:00,Europe/London,Kids,Kids Ice Cream,1,Regular,,3.50,0.00,3.50,0.58,T71514638,Bar iPad,,Payment,Eat in,,
2026-06-27,18:05:00,Europe/London,Starters,Salt & Pepper Squid,2,Regular,,19.00,0.00,19.00,3.17,T71514638,Bar iPad,,Payment,Eat in,,
2026-06-27,18:05:00,Europe/London,Mains,Burger,1,Regular,,16.50,0.00,16.50,2.75,T71514638,Bar iPad,,Payment,Takeaway,,
2026-06-27,18:05:00,Europe/London,Mains,Lamb Rump,1,Regular,,26.00,0.00,26.00,4.33,T71514638,Bar iPad,,Payment,Eat in,,
2026-06-27,18:05:00,Europe/London,Sides,Bread & Butter,1,Regular,,4.00,0.00,4.00,0.67,T71514638,Bar iPad,,Payment,Takeaway,,
2026-06-27,18:05:00,Europe/London,Drinks,Lager Pint,1,Regular,,6.20,0.00,6.20,1.03,T71514638,Bar iPad,,Payment,Takeaway,,
2026-06-27,18:05:00,Europe/London,Drinks,House White 175ml,1,Regular,,7.00,0.00,7.00,1.17,T71514638,Bar iPad,,Payment,Eat in,,
2026-06-27,18:05:00,Europe/London,Drinks,House Red 175ml,1,Regular,,7.00,0.00,7.00,1.17,T71514638,Bar iPad,,Payment,Eat in,,
2026-06-27,18:05:00,Europe/London,Drinks,Coke,1,Regular,,3.00,0.00,3.00,0.50,T71514638,Bar iPad,,Payment,Eat in,,
2026-06-27,18:09:00,Europe/London,Mains,SPECIAL - Crab Linguine,1,Regular,,18.00,0.00,18.00,3.00,T99290250,Counter iPad,,Payment,Eat in,,
2026-06-27,18:49:00,Europe/London,Mains,SPECIAL - Crab Linguine,1,Regular,,-18.00,0.00,-18.00,-3.00,T99290250,Counter iPad,sent back,Refund,Eat in,,
2026-06-27,18:09:00,Europe/London,Starters,Pork Belly Bites,1,Regular,,8.00,0.00,8.00,1.33,T99290250,Counter iPad,,Payment,Eat in,,
2026-06-27,18:09:00,Europe/London,Mains,Tidewater Burger,2,Regular,,33.00,0.00,33.00,5.50,T99290250,Counter iPad,,Payment,Eat in,,
2026-06-27,18:09:00,Europe/London,Starters,Salt & Pepper Squid,1,Regular,,9.50,0.00,9.50,1.58,T99290250,Counter iPad,,Payment,Eat in,,
2026-06-27,18:09:00,Europe/London,Desserts,Crème Brûlée,2,Regular,,15.00,0.00,15.00,2.50,T99290250,Counter iPad,,Payment,Takeaway,,
2026-06-27,18:09:00,Europe/London,Starters,Mackerel Pate,1,Regular,,8.50,0.00,8.50,1.42,T99290250,Counter iPad,,Payment,Eat in,,
2026-06-27,18:09:00,Europe/London,Mains,Steak Frites,1,Regular,,24.00,0.00,24.00,4.00,T99290250,Counter iPad,,Payment,Eat in,,
2026-06-27,18:09:00,Europe/London,Sides,Truffle Fries,1,Regular,,6.00,0.00,6.00,1.00,T99290250,Counter iPad,,Payment,Takeaway,,
2026-06-27,18:09:00,Europe/London,Mains,Fish & Chips,1,Regular,,17.50,0.00,17.50,2.92,T99290250,Counter iPad,,Payment,Eat in,,
2026-06-27,18:09:00,Europe/London,Desserts,Affogato,1,Regular,,6.00,0.00,6.00,1.00,T99290250,Counter iPad,,Payment,Takeaway,,
2026-06-27,18:09:00,Europe/London,Drinks,Lager Pint,3,Regular,,18.60,0.00,18.60,3.10,T99290250,Counter iPad,,Payment,Takeaway,,
2026-06-27,18:09:00,Europe/London,Drinks,House White 175ml,3,Regular,,21.00,0.00,21.00,3.50,T99290250,Counter iPad,,Payment,Eat in,,
2026-06-27,18:09:00,Europe/London,Drinks,House Red 175ml,2,Regular,,14.00,0.00,14.00,2.33,T99290250,Counter iPad,,Payment,Eat in,,
2026-06-27,18:09:00,Europe/London,Drinks,Coke,1,Regular,,3.00,0.00,3.00,0.50,T99290250,Counter iPad,,Payment,Takeaway,,
2026-06-27,18:09:00,Europe/London,Drinks,Sparkling Water 750ml,1,Regular,,4.00,0.00,4.00,0.67,T99290250,Counter iPad,,Payment,Eat in,,
2026-06-27,18:09:00,Europe/London,Drinks,Espresso,1,Regular,,2.80,0.00,2.80,0.47,T99290250,Counter iPad,,Payment,Eat in,,
2026-06-27,18:09:00,Europe/London,Drinks,Flat White,2,Regular,,6.80,0.00,6.80,1.13,T99290250,Counter iPad,,Payment,Takeaway,,
2026-06-27,18:31:00,Europe/London,Mains,Tidewater Burger,2,Regular,,33.00,0.00,33.00,5.50,T57872381,Counter iPad,,Payment,Takeaway,,
2026-06-27,18:31:00,Europe/London,Mains,Lemon Sole (MP),1,Regular,,27.00,0.00,27.00,4.50,T57872381,Counter iPad,,Payment,Eat in,,
2026-06-27,18:31:00,Europe/London,Sides,Chips,1,Regular,,4.50,0.00,4.50,0.75,T57872381,Counter iPad,,Payment,Eat in,,
2026-06-27,18:31:00,Europe/London,Starters,Pork Belly Bites,1,Regular,,8.00,0.00,8.00,1.33,T57872381,Counter iPad,,Payment,Eat in,,
2026-06-27,18:31:00,Europe/London,Mains,SPECIAL - Crab Linguine,2,Regular,,36.00,0.00,36.00,6.00,T57872381,Counter iPad,,Payment,Eat in,,
2026-06-27,18:31:00,Europe/London,Mains,Chicken Supreme,1,Regular,,19.00,0.00,19.00,3.17,T57872381,Counter iPad,,Payment,Takeaway,,
2026-06-27,18:31:00,Europe/London,Desserts,Sticky Toffee Pudding,2,Regular,,16.00,0.00,16.00,2.67,T57872381,Counter iPad,,Payment,Eat in,,
2026-06-27,18:31:00,Europe/London,Starters,Salt & Pepper Squid,1,Regular,,9.50,0.00,9.50,1.58,T57872381,Counter iPad,,Payment,Eat in,,
2026-06-27,18:31:00,Europe/London,Starters,Rock Oysters,1,x3,,9.00,0.00,9.00,1.50,T57872381,Counter iPad,,Payment,Eat in,,
2026-06-27,18:31:00,Europe/London,Drinks,Lager Pint,4,Regular,,24.80,0.00,24.80,4.13,T57872381,Counter iPad,,Payment,Eat in,,
2026-06-27,18:31:00,Europe/London,Drinks,House White 175ml,1,Regular,,7.00,0.00,7.00,1.17,T57872381,Counter iPad,,Payment,Eat in,,
2026-06-27,18:31:00,Europe/London,Drinks,House Red 175ml,2,Regular,,14.00,0.00,14.00,2.33,T57872381,Counter iPad,,Payment,Eat in,,
2026-06-27,18:31:00,Europe/London,Drinks,Coke,2,Regular,,6.00,0.00,6.00,1.00,T57872381,Counter iPad,,Payment,Takeaway,,
2026-06-27,18:31:00,Europe/London,Drinks,Sparkling Water 750ml,1,Regular,,4.00,0.00,4.00,0.67,T57872381,Counter iPad,,Payment,Eat in,,
2026-06-27,18:31:00,Europe/London,Drinks,Espresso,2,Regular,,5.60,0.00,5.60,0.93,T57872381,Counter iPad,,Payment,Eat in,,
2026-06-27,18:44:00,Europe/London,Mains,Tidewater Burger,2,Regular,Add Cheese,33.00,0.00,33.00,5.50,T48181211,Counter iPad,,Payment,Eat in,,
2026-06-27,18:44:00,Europe/London,Starters,Salt & Pepper Squid,1,Regular,,9.50,0.00,9.50,1.58,T48181211,Counter iPad,,Payment,Eat in,,
2026-06-27,18:44:00,Europe/London,Sides,Bread & Butter,1,Regular,,4.00,0.00,4.00,0.67,T48181211,Counter iPad,,Payment,Eat in,,
2026-06-27,18:44:00,Europe/London,Drinks,Lager Pint,1,Regular,,6.20,0.00,6.20,1.03,T48181211,Counter iPad,,Payment,Eat in,,
2026-06-27,18:44:00,Europe/London,Drinks,House Red 175ml,2,Regular,,14.00,0.00,14.00,2.33,T48181211,Counter iPad,,Payment,Eat in,,
2026-06-27,18:44:00,Europe/London,Drinks,Flat White,1,Regular,,3.40,0.00,3.40,0.57,T48181211,Counter iPad,,Payment,Eat in,,
2026-06-27,19:10:00,Europe/London,Starters,Soup of the Day,1,Regular,,7.00,0.00,7.00,1.17,T36970837,Counter iPad,,Payment,Eat in,,
2026-06-27,19:10:00,Europe/London,Mains,Chicken Supreme,1,Regular,,19.00,0.00,19.00,3.17,T36970837,Counter iPad,,Payment,Takeaway,,
2026-06-27,19:10:00,Europe/London,Mains,Tidewater Burger,1,Regular,,16.50,0.00,16.50,2.75,T36970837,Counter iPad,,Payment,Eat in,,
2026-06-27,19:10:00,Europe/London,Sides,Chips,1,Regular,,4.50,0.00,4.50,0.75,T36970837,Counter iPad,,Payment,Eat in,,
2026-06-27,19:10:00,Europe/London,Starters,Salt & Pepper Squid,1,Regular,,9.50,0.00,9.50,1.58,T36970837,Counter iPad,,Payment,Takeaway,,
2026-06-27,19:10:00,Europe/London,Mains,Fish & Chips,1,Small,,13.00,0.00,13.00,2.17,T36970837,Counter iPad,,Payment,Eat in,,
2026-06-27,19:10:00,Europe/London,Sides,House Salad,1,Regular,,4.50,0.00,4.50,0.75,T36970837,Counter iPad,,Payment,Eat in,,
2026-06-27,19:10:00,Europe/London,Desserts,Cheeseboard,1,5,,16.00,0.00,16.00,2.67,T36970837,Counter iPad,,Payment,Eat in,,
2026-06-27,19:10:00,Europe/London,Drinks,Lager Pint,2,Regular,,12.40,0.00,12.40,2.07,T36970837,Counter iPad,,Payment,Eat in,,
2026-06-27,19:10:00,Europe/London,Drinks,House White 175ml,1,Regular,,7.00,0.00,7.00,1.17,T36970837,Counter iPad,,Payment,Takeaway,,
2026-06-27,19:10:00,Europe/London,Drinks,House Red 175ml,2,Regular,,14.00,0.00,14.00,2.33,T36970837,Counter iPad,,Payment,Takeaway,,
2026-06-27,19:18:00,Europe/London,Starters,Pork Belly Bites,1,Regular,,8.00,0.00,8.00,1.33,T35898697,Counter iPad,,Payment,Eat in,,
2026-06-27,19:18:00,Europe/London,Mains,Tidewater Burger,1,Regular,,16.50,0.00,16.50,2.75,T35898697,Counter iPad,,Payment,Eat in,,
2026-06-27,19:18:00,Europe/London,Starters,Rock Oysters,1,x3,,9.00,0.00,9.00,1.50,T35898697,Counter iPad,,Payment,Eat in,,
2026-06-27,19:18:00,Europe/London,Mains,Fish & Chips,1,Regular,,17.50,0.00,17.50,2.92,T35898697,Counter iPad,,Payment,Eat in,,
2026-06-27,19:18:00,Europe/London,Desserts,Crème Brûlée,1,Regular,,7.50,0.00,7.50,1.25,T35898697,Counter iPad,,Payment,Takeaway,,
2026-06-27,19:18:00,Europe/London,Drinks,Lager Pint,1,Regular,,6.20,0.00,6.20,1.03,T35898697,Counter iPad,,Payment,Takeaway,,
2026-06-27,19:18:00,Europe/London,Drinks,House White 175ml,1,Regular,,7.00,0.00,7.00,1.17,T35898697,Counter iPad,,Payment,Takeaway,,
2026-06-27,19:18:00,Europe/London,Drinks,Coke,1,Regular,,3.00,0.00,3.00,0.50,T35898697,Counter iPad,,Payment,Eat in,,
2026-06-27,19:18:00,Europe/London,Drinks,Sparkling Water 750ml,1,Regular,,4.00,0.00,4.00,0.67,T35898697,Counter iPad,,Payment,Eat in,,
2026-06-27,19:36:00,Europe/London,Starters,Soup of the Day,1,Regular,,7.00,0.00,7.00,1.17,T25437010,Counter iPad,,Payment,Eat in,,
2026-06-27,19:36:00,Europe/London,Mains,Mushroom Risotto,1,Regular,,15.00,0.00,15.00,2.50,T25437010,Counter iPad,,Payment,Eat in,,
2026-06-27,19:36:00,Europe/London,Sides,Tenderstem,1,Regular,,5.00,0.00,5.00,0.83,T25437010,Counter iPad,,Payment,Eat in,,
2026-06-27,19:36:00,Europe/London,Starters,Mackerel Pate,1,Regular,,8.50,0.00,8.50,1.42,T25437010,Counter iPad,,Payment,Eat in,,
2026-06-27,19:36:00,Europe/London,Starters,Rock Oysters,1,x3,,9.00,0.00,9.00,1.50,T25437010,Counter iPad,,Payment,Takeaway,,
2026-06-27,19:36:00,Europe/London,Mains,Tidewater Burger,2,Regular,,33.00,0.00,33.00,5.50,T25437010,Counter iPad,,Payment,Eat in,,
2026-06-27,19:36:00,Europe/London,Starters,Salt & Pepper Squid,1,Regular,,9.50,0.00,9.50,1.58,T25437010,Counter iPad,,Payment,Eat in,,
2026-06-27,19:36:00,Europe/London,Drinks,Lager Pint,2,Regular,,12.40,0.00,12.40,2.07,T25437010,Counter iPad,,Payment,Takeaway,,
2026-06-27,19:36:00,Europe/London,Drinks,House White 175ml,2,Regular,,14.00,0.00,14.00,2.33,T25437010,Counter iPad,,Payment,Eat in,,
2026-06-27,19:36:00,Europe/London,Drinks,Coke,1,Regular,,3.00,0.00,3.00,0.50,T25437010,Counter iPad,,Payment,Eat in,,
2026-06-27,19:36:00,Europe/London,Drinks,Sparkling Water 750ml,1,Regular,,4.00,0.00,4.00,0.67,T25437010,Counter iPad,,Payment,Eat in,,
2026-06-27,20:35:00,Europe/London,Mains,Fish & Chips,1,Regular,,17.50,0.00,17.50,2.92,T81622318,Counter iPad,nut allergy table,Payment,Eat in,,
2026-06-27,20:35:00,Europe/London,Starters,Pork Belly Bites,1,Regular,,8.00,-8.00,0.00,0.00,T81622318,Counter iPad,comp - long wait,Payment,Takeaway,,
2026-06-27,20:35:00,Europe/London,Mains,Chicken Supreme,1,Regular,,19.00,0.00,19.00,3.17,T81622318,Counter iPad,nut allergy table,Payment,Takeaway,,
2026-06-27,20:35:00,Europe/London,Desserts,Choc Tart,1,Regular,,8.00,0.00,8.00,1.33,T81622318,Counter iPad,nut allergy table,Payment,Takeaway,,
2026-06-27,20:37:00,Europe/London,Desserts,Choc Tart,1,Regular,,0.00,0.00,0.00,0.00,T81622318,Counter iPad,wrong table,Void,Eat in,,
2026-06-27,20:35:00,Europe/London,Sides,Bread & Butter,1,Regular,,4.00,0.00,4.00,0.67,T81622318,Counter iPad,nut allergy table,Payment,Takeaway,,
2026-06-27,20:35:00,Europe/London,Drinks,Lager Pint,1,Regular,,6.20,0.00,6.20,1.03,T81622318,Counter iPad,nut allergy table,Payment,Eat in,,
2026-06-27,20:35:00,Europe/London,Drinks,House White 175ml,2,Regular,,14.00,0.00,14.00,2.33,T81622318,Counter iPad,nut allergy table,Payment,Eat in,,
2026-06-27,21:05:00,Europe/London,Mains,Hake,1,Regular,,22.00,0.00,22.00,3.67,T89504519,Counter iPad,,Payment,Eat in,,
2026-06-27,21:05:00,Europe/London,Desserts,Crème Brûlée,2,Regular,,15.00,0.00,15.00,2.50,T89504519,Counter iPad,,Payment,Eat in,,
2026-06-27,21:05:00,Europe/London,Mains,Tidewater Burger,1,Regular,"Add Bacon, Add Cheese",16.50,0.00,16.50,2.75,T89504519,Counter iPad,,Payment,Eat in,,
2026-06-27,21:05:00,Europe/London,Mains,Mushroom Risotto,1,Regular,,15.00,0.00,15.00,2.50,T89504519,Counter iPad,,Payment,Takeaway,,
2026-06-27,21:05:00,Europe/London,Mains,Chicken Supreme,1,Regular,,19.00,0.00,19.00,3.17,T89504519,Counter iPad,,Payment,Eat in,,
2026-06-27,21:05:00,Europe/London,Sides,Bread & Butter,1,Regular,,4.00,0.00,4.00,0.67,T89504519,Counter iPad,,Payment,Takeaway,,
2026-06-27,21:05:00,Europe/London,Drinks,Lager Pint,2,Regular,,12.40,0.00,12.40,2.07,T89504519,Counter iPad,,Payment,Takeaway,,
2026-06-27,21:05:00,Europe/London,Drinks,House Red 175ml,1,Regular,,7.00,0.00,7.00,1.17,T89504519,Counter iPad,,Payment,Eat in,,
2026-06-27,21:05:00,Europe/London,Drinks,Sparkling Water 750ml,1,Regular,,4.00,0.00,4.00,0.67,T89504519,Counter iPad,,Payment,Eat in,,
2026-06-27,21:05:00,Europe/London,Drinks,Espresso,1,Regular,,2.80,0.00,2.80,0.47,T89504519,Counter iPad,,Payment,Eat in,,
2026-06-27,21:05:00,Europe/London,Drinks,Flat White,1,Regular,,3.40,0.00,3.40,0.57,T89504519,Counter iPad,,Payment,Eat in,,
2026-06-27,21:39:00,Europe/London,Mains,Mushroom Risotto,1,Regular,,15.00,0.00,15.00,2.50,T87770861,Counter iPad,,Payment,Takeaway,,
2026-06-27,21:39:00,Europe/London,Sides,Chips,1,Regular,,4.50,0.00,4.50,0.75,T87770861,Counter iPad,,Payment,Eat in,,
2026-06-27,21:39:00,Europe/London,Mains,Steak Frites,1,Regular,,24.00,0.00,24.00,4.00,T87770861,Counter iPad,,Payment,Eat in,,
2026-06-27,21:39:00,Europe/London,Sides,Peppercorn Sauce,1,Regular,,3.00,0.00,3.00,0.50,T87770861,Counter iPad,,Payment,Eat in,,
2026-06-27,21:39:00,Europe/London,Desserts,Cheeseboard,1,3,,11.00,0.00,11.00,1.83,T87770861,Counter iPad,,Payment,Eat in,,
2026-06-27,21:39:00,Europe/London,Sides,Bread & Butter,1,Regular,,4.00,0.00,4.00,0.67,T87770861,Counter iPad,,Payment,Eat in,,
2026-06-27,21:39:00,Europe/London,Drinks,Lager Pint,1,Regular,,6.20,0.00,6.20,1.03,T87770861,Counter iPad,,Payment,Eat in,,
2026-06-27,21:39:00,Europe/London,Drinks,House White 175ml,1,Regular,,7.00,0.00,7.00,1.17,T87770861,Counter iPad,,Payment,Eat in,,
2026-06-27,21:39:00,Europe/London,Drinks,Flat White,1,Regular,,3.40,0.00,3.40,0.57,T87770861,Counter iPad,,Payment,Eat in,,
2026-06-27,21:45:00,Europe/London,Starters,Burrata,1,Regular,,10.00,0.00,10.00,1.67,T57209253,Counter iPad,,Payment,Takeaway,,
2026-06-27,21:45:00,Europe/London,Mains,Fish & Chips,3,Regular,,52.50,0.00,52.50,8.75,T57209253,Counter iPad,,Payment,Eat in,,
2026-06-27,21:45:00,Europe/London,Desserts,Sticky Toffee Pudding,1,Regular,,8.00,0.00,8.00,1.33,T57209253,Counter iPad,,Payment,Takeaway,,
2026-06-27,21:45:00,Europe/London,Sides,Tenderstem,1,Regular,,5.00,0.00,5.00,0.83,T57209253,Counter iPad,,Payment,Eat in,,
2026-06-27,21:45:00,Europe/London,Desserts,Crème Brûlée,1,Regular,,7.50,0.00,7.50,1.25,T57209253,Counter iPad,,Payment,Eat in,,
2026-06-27,21:45:00,Europe/London,Mains,Hake,1,Regular,,22.00,0.00,22.00,3.67,T57209253,Counter iPad,,Payment,Eat in,,
2026-06-27,21:45:00,Europe/London,Sides,Bread & Butter,1,Regular,,4.00,0.00,4.00,0.67,T57209253,Counter iPad,,Payment,Eat in,,
2026-06-27,21:45:00,Europe/London,Drinks,Lager Pint,3,Regular,,18.60,0.00,18.60,3.10,T57209253,Counter iPad,,Payment,Takeaway,,
2026-06-27,21:45:00,Europe/London,Drinks,House White 175ml,1,Regular,,7.00,0.00,7.00,1.17,T57209253,Counter iPad,,Payment,Eat in,,
2026-06-27,21:45:00,Europe/London,Drinks,Coke,2,Regular,,6.00,0.00,6.00,1.00,T57209253,Counter iPad,,Payment,Eat in,,
2026-06-27,21:45:00,Europe/London,Drinks,Espresso,1,Regular,,2.80,0.00,2.80,0.47,T57209253,Counter iPad,,Payment,Eat in,,
2026-06-27,21:45:00,Europe/London,Drinks,Flat White,1,Regular,,3.40,0.00,3.40,0.57,T57209253,Counter iPad,,Payment,Eat in,,
2026-06-27,21:46:00,Europe/London,Starters,Salt & Pepper Squid,1,Regular,,9.50,0.00,9.50,1.58,T16669573,Counter iPad,,Payment,Eat in,,
2026-06-27,21:46:00,Europe/London,Mains,Tidewater Burger,1,Regular,,16.50,0.00,16.50,2.75,T16669573,Counter iPad,,Payment,Eat in,,
2026-06-27,21:46:00,Europe/London,Desserts,Affogato,1,Regular,,6.00,0.00,6.00,1.00,T16669573,Counter iPad,,Payment,Takeaway,,
2026-06-27,21:46:00,Europe/London,Starters,Pork Belly Bites,2,Regular,,16.00,0.00,16.00,2.67,T16669573,Counter iPad,,Payment,Eat in,,
2026-06-27,21:46:00,Europe/London,Mains,Fish & Chips,1,Regular,,17.50,0.00,17.50,2.92,T16669573,Counter iPad,,Payment,Eat in,,
2026-06-27,21:46:00,Europe/London,Sides,Tenderstem,1,Regular,,5.00,0.00,5.00,0.83,T16669573,Counter iPad,,Payment,Eat in,,
2026-06-27,21:46:00,Europe/London,Mains,Steak Frites,1,Regular,,24.00,0.00,24.00,4.00,T16669573,Counter iPad,,Payment,Eat in,,
2026-06-27,21:46:00,Europe/London,Sides,Peppercorn Sauce,1,Regular,,3.00,0.00,3.00,0.50,T16669573,Counter iPad,,Payment,Eat in,,
2026-06-27,21:46:00,Europe/London,Mains,Mushroom Risotto,1,Regular,,15.00,0.00,15.00,2.50,T16669573,Counter iPad,,Payment,Takeaway,,
2026-06-27,21:46:00,Europe/London,Drinks,Lager Pint,2,Regular,,12.40,0.00,12.40,2.07,T16669573,Counter iPad,,Payment,Eat in,,
2026-06-27,21:46:00,Europe/London,Drinks,Sparkling Water 750ml,1,Regular,,4.00,0.00,4.00,0.67,T16669573,Counter iPad,,Payment,Eat in,,
2026-06-27,21:46:00,Europe/London,Drinks,Espresso,1,Regular,,2.80,0.00,2.80,0.47,T16669573,Counter iPad,,Payment,Eat in,,
2026-06-27,21:46:00,Europe/London,Drinks,Flat White,1,Regular,,3.40,0.00,3.40,0.57,T16669573,Counter iPad,,Payment,Eat in,,
2026-06-27,22:01:00,Europe/London,Starters,Salt & Pepper Squid,2,Regular,,19.00,0.00,19.00,3.17,T11275826,Counter iPad,,Payment,Eat in,,
2026-06-27,22:01:00,Europe/London,Mains,Tidewater Burger,1,Regular,,16.50,0.00,16.50,2.75,T11275826,Counter iPad,,Payment,Eat in,,
2026-06-27,22:01:00,Europe/London,Desserts,Sticky Toffee Pudding,2,Regular,,16.00,0.00,16.00,2.67,T11275826,Counter iPad,,Payment,Eat in,,
2026-06-27,22:01:00,Europe/London,Starters,Soup of the Day,1,Regular,,7.00,0.00,7.00,1.17,T11275826,Counter iPad,,Payment,Eat in,,
2026-06-27,22:01:00,Europe/London,Mains,Mushroom Risotto,2,Regular,,30.00,0.00,30.00,5.00,T11275826,Counter iPad,,Payment,Eat in,,
2026-06-27,22:01:00,Europe/London,Mains,Fish & Chips,1,Regular,,17.50,0.00,17.50,2.92,T11275826,Counter iPad,,Payment,Eat in,,
2026-06-27,22:01:00,Europe/London,Sides,House Salad,1,Regular,,4.50,0.00,4.50,0.75,T11275826,Counter iPad,,Payment,Eat in,,
2026-06-27,22:01:00,Europe/London,Mains,Hake,1,Regular,,22.00,0.00,22.00,3.67,T11275826,Counter iPad,,Payment,Takeaway,,
2026-06-27,22:01:00,Europe/London,Sides,Tenderstem,1,Regular,,5.00,0.00,5.00,0.83,T11275826,Counter iPad,,Payment,Eat in,,
2026-06-27,22:01:00,Europe/London,Drinks,Lager Pint,4,Regular,,24.80,0.00,24.80,4.13,T11275826,Counter iPad,,Payment,Takeaway,,
2026-06-27,22:01:00,Europe/London,Drinks,House White 175ml,1,Regular,,7.00,0.00,7.00,1.17,T11275826,Counter iPad,,Payment,Eat in,,
2026-06-27,22:01:00,Europe/London,Drinks,House Red 175ml,1,Regular,,7.00,0.00,7.00,1.17,T11275826,Counter iPad,,Payment,Eat in,,
2026-06-27,22:01:00,Europe/London,Drinks,Sparkling Water 750ml,1,Regular,,4.00,0.00,4.00,0.67,T11275826,Counter iPad,,Payment,Eat in,,
2026-06-27,22:01:00,Europe/London,Drinks,Espresso,1,Regular,,2.80,0.00,2.80,0.47,T11275826,Counter iPad,,Payment,Eat in,,
2026-06-27,22:02:00,Europe/London,Mains,Steak Frites,2,Regular,,48.00,0.00,48.00,8.00,T42843330,Counter iPad,,Payment,Eat in,,
2026-06-27,22:02:00,Europe/London,Sides,Peppercorn Sauce,1,Regular,,3.00,0.00,3.00,0.50,T42843330,Counter iPad,,Payment,Takeaway,,
2026-06-27,22:02:00,Europe/London,Sides,Chips,1,Regular,,4.50,0.00,4.50,0.75,T42843330,Counter iPad,,Payment,Eat in,,
2026-06-27,22:02:00,Europe/London,Drinks,Lager Pint,1,Regular,,6.20,0.00,6.20,1.03,T42843330,Counter iPad,,Payment,Eat in,,
2026-06-27,22:02:00,Europe/London,Drinks,House White 175ml,2,Regular,,14.00,0.00,14.00,2.33,T42843330,Counter iPad,,Payment,Eat in,,
2026-06-27,22:37:00,Europe/London,Starters,Mackerel Pate,1,Regular,,8.50,0.00,8.50,1.42,T50276920,Bar iPad,Table 2 - call 07700 900678 when ready,Payment,Takeaway,,
2026-06-27,22:37:00,Europe/London,Mains,Lamb Rump,1,Regular,,26.00,0.00,26.00,4.33,T50276920,Bar iPad,Table 2 - call 07700 900678 when ready,Payment,Takeaway,,
2026-06-27,22:37:00,Europe/London,Sides,Truffle Fries,1,Regular,,6.00,0.00,6.00,1.00,T50276920,Bar iPad,Table 2 - call 07700 900678 when ready,Payment,Eat in,,
2026-06-27,22:37:00,Europe/London,Mains,Lemon Sole (MP),1,Regular,,24.00,0.00,24.00,4.00,T50276920,Bar iPad,Table 2 - call 07700 900678 when ready,Payment,Takeaway,,
2026-06-27,22:37:00,Europe/London,Desserts,Creme Brulee,1,Regular,,7.50,0.00,7.50,1.25,T50276920,Bar iPad,Table 2 - call 07700 900678 when ready,Payment,Takeaway,,
2026-06-27,22:37:00,Europe/London,Drinks,Lager Pint,1,Regular,,6.20,0.00,6.20,1.03,T50276920,Bar iPad,Table 2 - call 07700 900678 when ready,Payment,Eat in,,
2026-06-27,22:37:00,Europe/London,Drinks,House Red 175ml,1,Regular,,7.00,0.00,7.00,1.17,T50276920,Bar iPad,Table 2 - call 07700 900678 when ready,Payment,Eat in,,
2026-06-27,22:37:00,Europe/London,Drinks,Flat White,1,Regular,,3.40,0.00,3.40,0.57,T50276920,Bar iPad,Table 2 - call 07700 900678 when ready,Payment,Takeaway,,
2026-06-27,23:10:00,Europe/London,Mains,Hake,1,Regular,,22.00,0.00,22.00,3.67,T85836302,Bar iPad,,Payment,Takeaway,,
2026-06-27,23:10:00,Europe/London,Sides,Fries,2,Regular,,9.00,0.00,9.00,1.50,T85836302,Bar iPad,,Payment,Eat in,,
2026-06-27,23:10:00,Europe/London,Starters,Salt & Pepper Squid,1,Regular,,9.50,0.00,9.50,1.58,T85836302,Bar iPad,,Payment,Eat in,,
2026-06-27,23:10:00,Europe/London,Mains,Fish & Chips,1,Regular,,17.50,0.00,17.50,2.92,T85836302,Bar iPad,,Payment,Eat in,,
2026-06-27,23:10:00,Europe/London,Sides,Bread & Butter,1,Regular,,4.00,0.00,4.00,0.67,T85836302,Bar iPad,,Payment,Eat in,,
2026-06-27,23:10:00,Europe/London,Drinks,Lager Pint,2,Regular,,12.40,0.00,12.40,2.07,T85836302,Bar iPad,,Payment,Eat in,,
2026-06-27,23:10:00,Europe/London,Drinks,House White 175ml,2,Regular,,14.00,0.00,14.00,2.33,T85836302,Bar iPad,,Payment,Takeaway,,
2026-06-27,23:10:00,Europe/London,Drinks,Coke,1,Regular,,3.00,0.00,3.00,0.50,T85836302,Bar iPad,,Payment,Eat in,,
2026-06-27,23:10:00,Europe/London,Drinks,Espresso,1,Regular,,2.80,0.00,2.80,0.47,T85836302,Bar iPad,,Payment,Eat in,,
2026-06-28,12:18:00,Europe/London,Starters,Salt & Pepper Squid,1,Regular,,9.50,0.00,9.50,1.58,T84353215,Bar iPad,,Payment,Eat in,,
2026-06-28,12:18:00,Europe/London,Mains,Sunday Roast,1,Regular,,24.00,-24.00,0.00,0.00,T84353215,Bar iPad,comp - long wait,Payment,Eat in,,
2026-06-28,12:18:00,Europe/London,Sides,Fries,1,Regular,,4.50,0.00,4.50,0.75,T84353215,Bar iPad,,Payment,Takeaway,,
2026-06-28,12:18:00,Europe/London,Drinks,Lager Pint,1,Regular,,6.20,0.00,6.20,1.03,T84353215,Bar iPad,,Payment,Eat in,,
2026-06-28,12:33:00,Europe/London,Mains,Sunday Roast,1,Regular,,24.00,0.00,24.00,4.00,T26033978,Counter iPad,,Payment,Takeaway,,
2026-06-28,12:33:00,Europe/London,Mains,Tidewater Burger,1,Regular,,16.50,0.00,16.50,2.75,T26033978,Counter iPad,,Payment,Takeaway,,
2026-06-28,12:33:00,Europe/London,Sides,Chips,1,Regular,,4.50,0.00,4.50,0.75,T26033978,Counter iPad,,Payment,Eat in,,
2026-06-28,12:33:00,Europe/London,Drinks,Lager Pint,1,Regular,,6.20,0.00,6.20,1.03,T26033978,Counter iPad,,Payment,Eat in,,
2026-06-28,12:33:00,Europe/London,Drinks,House White 175ml,1,Regular,,7.00,0.00,7.00,1.17,T26033978,Counter iPad,,Payment,Eat in,,
2026-06-28,12:33:00,Europe/London,Drinks,House Red 175ml,2,Regular,,14.00,0.00,14.00,2.33,T26033978,Counter iPad,,Payment,Takeaway,,
2026-06-28,12:33:00,Europe/London,Drinks,Coke,1,Regular,,3.00,0.00,3.00,0.50,T26033978,Counter iPad,,Payment,Takeaway,,
2026-06-28,12:37:00,Europe/London,Mains,Steak Frites,1,Regular,,24.00,0.00,24.00,4.00,T74188820,Counter iPad,,Payment,Eat in,,
2026-06-28,12:37:00,Europe/London,Mains,Sunday Roast,1,Regular,,24.00,0.00,24.00,4.00,T74188820,Counter iPad,,Payment,Eat in,,
2026-06-28,12:37:00,Europe/London,Drinks,House White 175ml,1,Regular,,7.00,0.00,7.00,1.17,T74188820,Counter iPad,,Payment,Takeaway,,
2026-06-28,12:37:00,Europe/London,Drinks,Sparkling Water 750ml,1,Regular,,4.00,0.00,4.00,0.67,T74188820,Counter iPad,,Payment,Eat in,,
2026-06-28,12:37:00,Europe/London,Drinks,Flat White,1,Regular,,3.40,0.00,3.40,0.57,T74188820,Counter iPad,,Payment,Eat in,,
2026-06-28,12:50:00,Europe/London,Mains,Sunday Roast,1,Regular,,24.00,0.00,24.00,4.00,T19074444,Bar iPad,Table 11 - call 07700 900809 when ready,Payment,Takeaway,,
2026-06-28,12:50:00,Europe/London,Sides,Fries,1,Regular,,4.50,0.00,4.50,0.75,T19074444,Bar iPad,Table 11 - call 07700 900809 when ready,Payment,Takeaway,,
2026-06-28,12:50:00,Europe/London,Desserts,Sticky Toffee Pudding,1,Regular,,8.00,0.00,8.00,1.33,T19074444,Bar iPad,Table 11 - call 07700 900809 when ready,Payment,Eat in,,
2026-06-28,12:50:00,Europe/London,Starters,Salt & Pepper Squid,1,Regular,,9.50,0.00,9.50,1.58,T19074444,Bar iPad,Table 11 - call 07700 900809 when ready,Payment,Eat in,,
2026-06-28,12:50:00,Europe/London,Mains,Lamb Rump,1,Regular,,26.00,0.00,26.00,4.33,T19074444,Bar iPad,Table 11 - call 07700 900809 when ready,Payment,Eat in,,
2026-06-28,12:50:00,Europe/London,Desserts,Cheeseboard,1,3,,11.00,0.00,11.00,1.83,T19074444,Bar iPad,Table 11 - call 07700 900809 when ready,Payment,Eat in,,
2026-06-28,12:50:00,Europe/London,Drinks,Lager Pint,1,Regular,,6.20,0.00,6.20,1.03,T19074444,Bar iPad,Table 11 - call 07700 900809 when ready,Payment,Eat in,,
2026-06-28,12:50:00,Europe/London,Drinks,House Red 175ml,1,Regular,,7.00,0.00,7.00,1.17,T19074444,Bar iPad,Table 11 - call 07700 900809 when ready,Payment,Eat in,,
2026-06-28,12:50:00,Europe/London,Drinks,Coke,1,Regular,,3.00,0.00,3.00,0.50,T19074444,Bar iPad,Table 11 - call 07700 900809 when ready,Payment,Takeaway,,
2026-06-28,12:50:00,Europe/London,Drinks,Sparkling Water 750ml,1,Regular,,4.00,0.00,4.00,0.67,T19074444,Bar iPad,Table 11 - call 07700 900809 when ready,Payment,Takeaway,,
2026-06-28,12:50:00,Europe/London,Drinks,Espresso,1,Regular,,2.80,0.00,2.80,0.47,T19074444,Bar iPad,Table 11 - call 07700 900809 when ready,Payment,Eat in,,
2026-06-28,12:56:00,Europe/London,Starters,Salt & Pepper Squid,2,Regular,,19.00,0.00,19.00,3.17,T96123312,Counter iPad,,Payment,Takeaway,,
2026-06-28,12:56:00,Europe/London,Mains,Tidewater Burger,1,Regular,,16.50,0.00,16.50,2.75,T96123312,Counter iPad,,Payment,Eat in,,
2026-06-28,12:56:00,Europe/London,Sides,House Salad,1,Regular,,4.50,0.00,4.50,0.75,T96123312,Counter iPad,,Payment,Eat in,,
2026-06-28,12:56:00,Europe/London,Desserts,Cheeseboard,2,3,,22.00,0.00,22.00,3.67,T96123312,Counter iPad,,Payment,Takeaway,,
2026-06-28,12:56:00,Europe/London,Mains,Sunday Roast,1,Regular,,24.00,0.00,24.00,4.00,T96123312,Counter iPad,,Payment,Eat in,,
2026-06-28,12:56:00,Europe/London,Mains,Mushroom Risotto,1,Regular,,15.00,0.00,15.00,2.50,T96123312,Counter iPad,,Payment,Eat in,,
2026-06-28,12:56:00,Europe/London,Mains,Fish & Chips,1,Regular,,17.50,0.00,17.50,2.92,T96123312,Counter iPad,,Payment,Eat in,,
2026-06-28,12:56:00,Europe/London,Sides,Tenderstem,1,Regular,,5.00,0.00,5.00,0.83,T96123312,Counter iPad,,Payment,Eat in,,
2026-06-28,12:56:00,Europe/London,Desserts,Crème Brûlée,1,Regular,,7.50,0.00,7.50,1.25,T96123312,Counter iPad,,Payment,Eat in,,
2026-06-28,12:56:00,Europe/London,Drinks,Lager Pint,2,Regular,,12.40,0.00,12.40,2.07,T96123312,Counter iPad,,Payment,Takeaway,,
2026-06-28,12:56:00,Europe/London,Drinks,House Red 175ml,1,Regular,,7.00,0.00,7.00,1.17,T96123312,Counter iPad,,Payment,Eat in,,
2026-06-28,12:56:00,Europe/London,Starters,Pork Belly Bites,1,Regular,,8.00,0.00,8.00,1.33,T73946980,Bar iPad,,Payment,Eat in,,
2026-06-28,12:56:00,Europe/London,Mains,Hake,1,Regular,,22.00,0.00,22.00,3.67,T73946980,Bar iPad,,Payment,Takeaway,,
2026-06-28,12:56:00,Europe/London,Desserts,Cheeseboard,1,3,,11.00,0.00,11.00,1.83,T73946980,Bar iPad,,Payment,Takeaway,,
2026-06-28,12:56:00,Europe/London,Drinks,House Red 175ml,1,Regular,,7.00,0.00,7.00,1.17,T73946980,Bar iPad,,Payment,Eat in,,
2026-06-28,12:56:00,Europe/London,Drinks,Coke,1,Regular,,3.00,0.00,3.00,0.50,T73946980,Bar iPad,,Payment,Takeaway,,
2026-06-28,12:56:00,Europe/London,Drinks,Sparkling Water 750ml,1,Regular,,4.00,0.00,4.00,0.67,T73946980,Bar iPad,,Payment,Eat in,,
2026-06-28,13:40:00,Europe/London,Starters,Burrata,1,Regular,,10.00,0.00,10.00,1.67,T24228401,Counter iPad,,Payment,Eat in,,
2026-06-28,13:40:00,Europe/London,Desserts,Affogato,1,Regular,,6.00,0.00,6.00,1.00,T24228401,Counter iPad,,Payment,Takeaway,,
2026-06-28,13:40:00,Europe/London,Mains,Sunday Roast,1,Regular,,24.00,0.00,24.00,4.00,T24228401,Counter iPad,,Payment,Eat in,,
2026-06-28,13:40:00,Europe/London,Drinks,House White 175ml,1,Regular,,7.00,0.00,7.00,1.17,T24228401,Counter iPad,,Payment,Eat in,,
2026-06-28,13:40:00,Europe/London,Drinks,Espresso,1,Regular,,2.80,0.00,2.80,0.47,T24228401,Counter iPad,,Payment,Eat in,,
2026-06-28,16:30:00,Europe/London,Other,Staff Meal,1,Regular,Risotto,10.00,-10.00,0.00,0.00,T82802943,Counter iPad,,Payment,Eat in,,
2026-06-28,13:44:00,Europe/London,Starters,Mackerel Pate,1,Regular,,8.50,0.00,8.50,1.42,T59747174,Counter iPad,,Payment,Eat in,,
2026-06-28,13:44:00,Europe/London,Mains,Sunday Roast,3,Regular,,72.00,0.00,72.00,12.00,T59747174,Counter iPad,,Payment,Eat in,,
2026-06-28,13:44:00,Europe/London,Starters,Soup of the Day,1,Regular,,7.00,0.00,7.00,1.17,T59747174,Counter iPad,,Payment,Eat in,,
2026-06-28,13:44:00,Europe/London,Sides,Chips,1,Regular,,4.50,0.00,4.50,0.75,T59747174,Counter iPad,,Payment,Eat in,,
2026-06-28,13:44:00,Europe/London,Starters,Salt & Pepper Squid,1,Regular,,9.50,0.00,9.50,1.58,T59747174,Counter iPad,,Payment,Eat in,,
2026-06-28,13:44:00,Europe/London,Mains,Tidewater Burger,1,Regular,"Add Bacon, Add Cheese",16.50,0.00,16.50,2.75,T59747174,Counter iPad,,Payment,Eat in,,
2026-06-28,13:44:00,Europe/London,Drinks,Lager Pint,1,Regular,,6.20,0.00,6.20,1.03,T59747174,Counter iPad,,Payment,Eat in,,
2026-06-28,13:44:00,Europe/London,Drinks,Coke,1,Regular,,3.00,0.00,3.00,0.50,T59747174,Counter iPad,,Payment,Eat in,,
2026-06-28,13:44:00,Europe/London,Drinks,Sparkling Water 750ml,1,Regular,,4.00,0.00,4.00,0.67,T59747174,Counter iPad,,Payment,Eat in,,
2026-06-28,13:44:00,Europe/London,Drinks,Espresso,2,Regular,,5.60,0.00,5.60,0.93,T59747174,Counter iPad,,Payment,Eat in,,
2026-06-28,13:44:00,Europe/London,Drinks,Flat White,1,Regular,,3.40,0.00,3.40,0.57,T59747174,Counter iPad,,Payment,Eat in,,
2026-06-28,13:45:00,Europe/London,Mains,Tidewater Burger,1,Regular,,16.50,0.00,16.50,2.75,T13004766,Counter iPad,,Payment,Takeaway,,
2026-06-28,13:45:00,Europe/London,Mains,Sunday Roast,1,Regular,,24.00,0.00,24.00,4.00,T13004766,Counter iPad,,Payment,Eat in,,
2026-06-28,13:45:00,Europe/London,Drinks,Lager Pint,1,Regular,,6.20,0.00,6.20,1.03,T13004766,Counter iPad,,Payment,Eat in,,
2026-06-28,13:45:00,Europe/London,Drinks,Sparkling Water 750ml,2,Regular,,8.00,0.00,8.00,1.33,T13004766,Counter iPad,,Payment,Eat in,,
2026-06-28,13:45:00,Europe/London,Drinks,Espresso,1,Regular,,2.80,0.00,2.80,0.47,T13004766,Counter iPad,,Payment,Takeaway,,
2026-06-28,13:51:00,Europe/London,Kids,Kids Burger,1,Regular,,7.50,0.00,7.50,1.25,T31157283,Bar iPad,,Payment,Takeaway,,
2026-06-28,13:51:00,Europe/London,Mains,Sunday Roast,2,Regular,,48.00,0.00,48.00,8.00,T31157283,Bar iPad,,Payment,Eat in,,
2026-06-28,13:51:00,Europe/London,Sides,Truffle Fries,1,Regular,,6.00,0.00,6.00,1.00,T31157283,Bar iPad,,Payment,Takeaway,,
2026-06-28,13:51:00,Europe/London,Mains,Burger,1,Regular,"Add Bacon, Add Cheese",16.50,0.00,16.50,2.75,T31157283,Bar iPad,,Payment,Eat in,,
2026-06-28,13:51:00,Europe/London,Sides,Tenderstem,1,Regular,,5.00,0.00,5.00,0.83,T31157283,Bar iPad,,Payment,Eat in,,
2026-06-28,13:51:00,Europe/London,Desserts,Affogato,1,Regular,,6.00,0.00,6.00,1.00,T31157283,Bar iPad,,Payment,Eat in,,
2026-06-28,13:51:00,Europe/London,Sides,Bread & Butter,1,Regular,,4.00,0.00,4.00,0.67,T31157283,Bar iPad,,Payment,Eat in,,
2026-06-28,13:51:00,Europe/London,Drinks,Lager Pint,4,Regular,,24.80,0.00,24.80,4.13,T31157283,Bar iPad,,Payment,Takeaway,,
2026-06-28,13:51:00,Europe/London,Drinks,House White 175ml,2,Regular,,14.00,0.00,14.00,2.33,T31157283,Bar iPad,,Payment,Takeaway,,
2026-06-28,13:51:00,Europe/London,Drinks,House Red 175ml,2,Regular,,14.00,0.00,14.00,2.33,T31157283,Bar iPad,,Payment,Eat in,,
2026-06-28,13:51:00,Europe/London,Drinks,Flat White,1,Regular,,3.40,0.00,3.40,0.57,T31157283,Bar iPad,,Payment,Eat in,,
2026-06-28,14:03:00,Europe/London,Mains,Burger,1,Regular,,16.50,0.00,16.50,2.75,T26504767,Bar iPad,,Payment,Takeaway,,
2026-06-28,14:03:00,Europe/London,Sides,Truffle Fries,1,Regular,,6.00,0.00,6.00,1.00,T26504767,Bar iPad,,Payment,Eat in,,
2026-06-28,14:03:00,Europe/London,Desserts,Choc Tart,1,Regular,,8.00,0.00,8.00,1.33,T26504767,Bar iPad,,Payment,Takeaway,,
2026-06-28,14:03:00,Europe/London,Starters,Pork Belly Bites,1,Regular,,8.00,0.00,8.00,1.33,T26504767,Bar iPad,,Payment,Takeaway,,
2026-06-28,14:03:00,Europe/London,Mains,Sunday Roast,1,Regular,,24.00,0.00,24.00,4.00,T26504767,Bar iPad,,Payment,Eat in,,
2026-06-28,14:03:00,Europe/London,Sides,Fries,1,Regular,,4.50,0.00,4.50,0.75,T26504767,Bar iPad,,Payment,Eat in,,
2026-06-28,14:03:00,Europe/London,Desserts,Sticky Toffee Pudding,1,Regular,,8.00,0.00,8.00,1.33,T26504767,Bar iPad,,Payment,Eat in,,
2026-06-28,14:03:00,Europe/London,Drinks,Lager Pint,1,Regular,,6.20,0.00,6.20,1.03,T26504767,Bar iPad,,Payment,Eat in,,
2026-06-28,14:03:00,Europe/London,Drinks,House White 175ml,1,Regular,,7.00,0.00,7.00,1.17,T26504767,Bar iPad,,Payment,Eat in,,
2026-06-28,14:14:00,Europe/London,Sides,Truffle Fries,1,Regular,,6.00,0.00,6.00,1.00,T90402415,Counter iPad,,Payment,Eat in,,
2026-06-28,14:14:00,Europe/London,Desserts,Cheeseboard,1,3,,11.00,0.00,11.00,1.83,T90402415,Counter iPad,,Payment,Eat in,,
2026-06-28,14:14:00,Europe/London,Sides,Bread & Butter,1,Regular,,4.00,0.00,4.00,0.67,T90402415,Counter iPad,,Payment,Eat in,,
2026-06-28,14:14:00,Europe/London,Drinks,Lager Pint,1,Regular,,6.20,0.00,6.20,1.03,T90402415,Counter iPad,,Payment,Eat in,,
2026-06-28,14:14:00,Europe/London,Drinks,Coke,1,Regular,,3.00,0.00,3.00,0.50,T90402415,Counter iPad,,Payment,Eat in,,
2026-06-28,14:30:00,Europe/London,Mains,Tidewater Burger,2,Regular,,33.00,0.00,33.00,5.50,T12798679,Counter iPad,,Payment,Eat in,,
2026-06-28,14:30:00,Europe/London,Starters,Pork Belly Bites,1,Regular,,8.00,0.00,8.00,1.33,T12798679,Counter iPad,,Payment,Eat in,,
2026-06-28,14:30:00,Europe/London,Drinks,Lager Pint,1,Regular,,6.20,0.00,6.20,1.03,T12798679,Counter iPad,,Payment,Eat in,,
2026-06-28,14:30:00,Europe/London,Drinks,Coke,2,Regular,,6.00,0.00,6.00,1.00,T12798679,Counter iPad,,Payment,Eat in,,
2026-06-28,14:38:00,Europe/London,Starters,Pork Belly Bites,1,Regular,,8.00,0.00,8.00,1.33,T41033100,Bar iPad,,Payment,Eat in,,
2026-06-28,14:38:00,Europe/London,Mains,Chicken Supreme,1,Regular,,19.00,0.00,19.00,3.17,T41033100,Bar iPad,,Payment,Eat in,,
2026-06-28,14:38:00,Europe/London,Mains,Sunday Roast,1,Regular,,24.00,0.00,24.00,4.00,T41033100,Bar iPad,,Payment,Eat in,,
2026-06-28,14:38:00,Europe/London,Drinks,House White 175ml,2,Regular,,14.00,0.00,14.00,2.33,T41033100,Bar iPad,,Payment,Eat in,,
2026-06-28,14:38:00,Europe/London,Drinks,House Red 175ml,1,Regular,,7.00,0.00,7.00,1.17,T41033100,Bar iPad,,Payment,Eat in,,
2026-06-28,14:38:00,Europe/London,Drinks,Coke,1,Regular,,3.00,0.00,3.00,0.50,T41033100,Bar iPad,,Payment,Eat in,,
2026-06-28,14:38:00,Europe/London,Drinks,Espresso,1,Regular,,2.80,0.00,2.80,0.47,T41033100,Bar iPad,,Payment,Eat in,,
2026-06-28,14:39:00,Europe/London,Mains,Sunday Roast,1,Regular,,24.00,0.00,24.00,4.00,T76403298,Counter iPad,,Payment,Eat in,,
2026-06-28,14:39:00,Europe/London,Starters,Salt & Pepper Squid,1,Regular,,9.50,0.00,9.50,1.58,T76403298,Counter iPad,,Payment,Eat in,,
2026-06-28,14:39:00,Europe/London,Mains,Steak Frites,1,Regular,,24.00,0.00,24.00,4.00,T76403298,Counter iPad,,Payment,Takeaway,,
2026-06-28,14:39:00,Europe/London,Desserts,Choc Tart,1,Regular,,8.00,0.00,8.00,1.33,T76403298,Counter iPad,,Payment,Eat in,,
2026-06-28,14:39:00,Europe/London,Mains,Fish & Chips,1,Regular,,17.50,0.00,17.50,2.92,T76403298,Counter iPad,,Payment,Eat in,,
2026-06-28,14:39:00,Europe/London,Sides,Truffle Fries,1,Regular,,6.00,0.00,6.00,1.00,T76403298,Counter iPad,,Payment,Eat in,,
2026-06-28,14:39:00,Europe/London,Drinks,Lager Pint,2,Regular,,12.40,0.00,12.40,2.07,T76403298,Counter iPad,,Payment,Eat in,,
2026-06-28,14:39:00,Europe/London,Drinks,House White 175ml,1,Regular,,7.00,0.00,7.00,1.17,T76403298,Counter iPad,,Payment,Takeaway,,
2026-06-28,14:39:00,Europe/London,Drinks,House Red 175ml,1,Regular,,7.00,0.00,7.00,1.17,T76403298,Counter iPad,,Payment,Eat in,,
2026-06-28,14:39:00,Europe/London,Drinks,Coke,1,Regular,,3.00,0.00,3.00,0.50,T76403298,Counter iPad,,Payment,Eat in,,
2026-06-28,14:39:00,Europe/London,Drinks,Espresso,1,Regular,,2.80,0.00,2.80,0.47,T76403298,Counter iPad,,Payment,Takeaway,,
2026-06-28,14:39:00,Europe/London,Starters,Salt & Pepper Squid,2,Regular,,19.00,0.00,19.00,3.17,T24653894,Counter iPad,,Payment,Eat in,,
2026-06-28,14:39:00,Europe/London,Mains,Fish & Chips,2,Regular,,35.00,0.00,35.00,5.83,T24653894,Counter iPad,,Payment,Eat in,,
2026-06-28,14:39:00,Europe/London,Desserts,Sticky Toffee Pudding,1,Regular,,8.00,0.00,8.00,1.33,T24653894,Counter iPad,,Payment,Takeaway,,
2026-06-28,14:39:00,Europe/London,Mains,Sunday Roast,2,Regular,,48.00,0.00,48.00,8.00,T24653894,Counter iPad,,Payment,Takeaway,,
2026-06-28,14:39:00,Europe/London,Sides,Chips,1,Regular,,4.50,0.00,4.50,0.75,T24653894,Counter iPad,,Payment,Takeaway,,
2026-06-28,14:39:00,Europe/London,Sides,Bread & Butter,1,Regular,,4.00,0.00,4.00,0.67,T24653894,Counter iPad,,Payment,Takeaway,,
2026-06-28,14:39:00,Europe/London,Drinks,Lager Pint,1,Regular,,6.20,0.00,6.20,1.03,T24653894,Counter iPad,,Payment,Eat in,,
2026-06-28,14:39:00,Europe/London,Drinks,House White 175ml,2,Regular,,14.00,0.00,14.00,2.33,T24653894,Counter iPad,,Payment,Takeaway,,
2026-06-28,14:39:00,Europe/London,Drinks,Sparkling Water 750ml,1,Regular,,4.00,0.00,4.00,0.67,T24653894,Counter iPad,,Payment,Eat in,,
2026-06-28,14:39:00,Europe/London,Drinks,Espresso,1,Regular,,2.80,0.00,2.80,0.47,T24653894,Counter iPad,,Payment,Takeaway,,
2026-06-28,14:44:00,Europe/London,Starters,Salt & Pepper Squid,1,Regular,,9.50,0.00,9.50,1.58,T37663583,Counter iPad,,Payment,Takeaway,C403,Sample Customer 403
2026-06-28,14:44:00,Europe/London,Mains,Sunday Roast,2,Regular,,48.00,0.00,48.00,8.00,T37663583,Counter iPad,,Payment,Eat in,C403,Sample Customer 403
2026-06-28,14:44:00,Europe/London,Starters,Pork Belly Bites,1,Regular,,8.00,0.00,8.00,1.33,T37663583,Counter iPad,,Payment,Eat in,C403,Sample Customer 403
2026-06-28,14:44:00,Europe/London,Drinks,Lager Pint,1,Regular,,6.20,0.00,6.20,1.03,T37663583,Counter iPad,,Payment,Eat in,C403,Sample Customer 403
2026-06-28,14:44:00,Europe/London,Drinks,House White 175ml,1,Regular,,7.00,0.00,7.00,1.17,T37663583,Counter iPad,,Payment,Eat in,C403,Sample Customer 403
2026-06-28,14:44:00,Europe/London,Drinks,Sparkling Water 750ml,1,Regular,,4.00,0.00,4.00,0.67,T37663583,Counter iPad,,Payment,Takeaway,C403,Sample Customer 403
2026-06-28,14:46:00,Europe/London,Mains,Sunday Roast,1,Regular,,24.00,0.00,24.00,4.00,T68450206,Counter iPad,,Payment,Eat in,,
2026-06-28,14:46:00,Europe/London,Mains,Fish & Chips,1,Regular,,17.50,0.00,17.50,2.92,T68450206,Counter iPad,,Payment,Takeaway,,
2026-06-28,14:46:00,Europe/London,Sides,Truffle Fries,1,Regular,,6.00,0.00,6.00,1.00,T68450206,Counter iPad,,Payment,Takeaway,,
2026-06-28,14:46:00,Europe/London,Desserts,Crème Brûlée,1,Regular,,7.50,0.00,7.50,1.25,T68450206,Counter iPad,,Payment,Eat in,,
2026-06-28,14:46:00,Europe/London,Drinks,Lager Pint,1,Regular,,6.20,0.00,6.20,1.03,T68450206,Counter iPad,,Payment,Eat in,,
2026-06-28,14:46:00,Europe/London,Drinks,House Red 175ml,1,Regular,,7.00,0.00,7.00,1.17,T68450206,Counter iPad,,Payment,Eat in,,
2026-06-28,14:54:00,Europe/London,Mains,Mushroom Risotto,2,Regular,,30.00,0.00,30.00,5.00,T76590253,Bar iPad,Table 12 - call 07700 900414 when ready,Payment,Eat in,,
2026-06-28,14:54:00,Europe/London,Sides,Truffle Fries,2,Regular,,12.00,0.00,12.00,2.00,T76590253,Bar iPad,Table 12 - call 07700 900414 when ready,Payment,Eat in,,
2026-06-28,14:54:00,Europe/London,Desserts,Creme Brulee,1,Regular,,7.50,0.00,7.50,1.25,T76590253,Bar iPad,Table 12 - call 07700 900414 when ready,Payment,Eat in,,
2026-06-28,14:54:00,Europe/London,Desserts,Cheeseboard,1,5,,16.00,0.00,16.00,2.67,T76590253,Bar iPad,Table 12 - call 07700 900414 when ready,Payment,Takeaway,,
2026-06-28,14:54:00,Europe/London,Starters,Mackerel Pate,1,Regular,,8.50,0.00,8.50,1.42,T76590253,Bar iPad,Table 12 - call 07700 900414 when ready,Payment,Eat in,,
2026-06-28,14:54:00,Europe/London,Mains,Lemon Sole (MP),1,Regular,,26.00,0.00,26.00,4.33,T76590253,Bar iPad,Table 12 - call 07700 900414 when ready,Payment,Eat in,,
2026-06-28,14:54:00,Europe/London,Mains,Steak Frites,1,Regular,,24.00,0.00,24.00,4.00,T76590253,Bar iPad,Table 12 - call 07700 900414 when ready,Payment,Eat in,,
2026-06-28,14:54:00,Europe/London,Drinks,Lager Pint,3,Regular,,18.60,0.00,18.60,3.10,T76590253,Bar iPad,Table 12 - call 07700 900414 when ready,Payment,Takeaway,,
2026-06-28,14:54:00,Europe/London,Drinks,House White 175ml,2,Regular,,14.00,0.00,14.00,2.33,T76590253,Bar iPad,Table 12 - call 07700 900414 when ready,Payment,Eat in,,
2026-06-28,14:54:00,Europe/London,Drinks,House Red 175ml,2,Regular,,14.00,0.00,14.00,2.33,T76590253,Bar iPad,Table 12 - call 07700 900414 when ready,Payment,Eat in,,
2026-06-28,14:54:00,Europe/London,Drinks,Espresso,1,Regular,,2.80,0.00,2.80,0.47,T76590253,Bar iPad,Table 12 - call 07700 900414 when ready,Payment,Eat in,,
2026-06-28,14:54:00,Europe/London,Drinks,Flat White,1,Regular,,3.40,0.00,3.40,0.57,T76590253,Bar iPad,Table 12 - call 07700 900414 when ready,Payment,Takeaway,,
2026-06-28,14:54:00,Europe/London,Other,Custom Amount,1,Regular,,5.00,0.00,5.00,0.83,T76590253,Bar iPad,,Payment,Eat in,,
2026-06-28,19:08:00,Europe/London,Mains,Chicken Supreme,1,Regular,,19.00,0.00,19.00,3.17,T37521968,Counter iPad,,Payment,Eat in,C224,Sample Customer 224
2026-06-28,19:08:00,Europe/London,Sides,House Salad,1,Regular,,4.50,0.00,4.50,0.75,T37521968,Counter iPad,,Payment,Eat in,C224,Sample Customer 224
2026-06-28,19:08:00,Europe/London,Sides,Bread & Butter,1,Regular,,4.00,0.00,4.00,0.67,T37521968,Counter iPad,,Payment,Takeaway,C224,Sample Customer 224
2026-06-28,19:08:00,Europe/London,Drinks,Espresso,1,Regular,,2.80,0.00,2.80,0.47,T37521968,Counter iPad,,Payment,Takeaway,C224,Sample Customer 224
2026-06-28,20:34:00,Europe/London,Starters,Pork Belly Bites,2,Regular,,16.00,0.00,16.00,2.67,T82468418,Counter iPad,,Payment,Eat in,,
2026-06-28,21:14:00,Europe/London,Starters,Pork Belly Bites,1,Regular,,-8.00,0.00,-8.00,-1.33,T82468418,Counter iPad,sent back,Refund,Eat in,,
2026-06-28,20:34:00,Europe/London,Mains,Fish & Chips,1,Small,,13.00,0.00,13.00,2.17,T82468418,Counter iPad,,Payment,Eat in,,
2026-06-28,20:34:00,Europe/London,Desserts,Sticky Toffee Pudding,2,Regular,,16.00,0.00,16.00,2.67,T82468418,Counter iPad,,Payment,Takeaway,,
2026-06-28,20:34:00,Europe/London,Starters,Burrata,1,Regular,,10.00,0.00,10.00,1.67,T82468418,Counter iPad,,Payment,Eat in,,
2026-06-28,20:34:00,Europe/London,Starters,Soup of the Day,1,Regular,,7.00,0.00,7.00,1.17,T82468418,Counter iPad,,Payment,Eat in,,
2026-06-28,20:34:00,Europe/London,Mains,Sunday Roast,2,Regular,,48.00,0.00,48.00,8.00,T82468418,Counter iPad,,Payment,Eat in,,
2026-06-28,20:34:00,Europe/London,Sides,Truffle Fries,1,Regular,,6.00,0.00,6.00,1.00,T82468418,Counter iPad,,Payment,Eat in,,
2026-06-28,20:34:00,Europe/London,Sides,Chips,1,Regular,,4.50,0.00,4.50,0.75,T82468418,Counter iPad,,Payment,Takeaway,,
2026-06-28,20:34:00,Europe/London,Drinks,Lager Pint,3,Regular,,18.60,0.00,18.60,3.10,T82468418,Counter iPad,,Payment,Eat in,,
2026-06-28,20:34:00,Europe/London,Drinks,House White 175ml,2,Regular,,14.00,0.00,14.00,2.33,T82468418,Counter iPad,,Payment,Eat in,,
2026-06-28,20:34:00,Europe/London,Drinks,Coke,1,Regular,,3.00,0.00,3.00,0.50,T82468418,Counter iPad,,Payment,Eat in,,
2026-06-28,20:34:00,Europe/London,Drinks,Sparkling Water 750ml,1,Regular,,4.00,0.00,4.00,0.67,T82468418,Counter iPad,,Payment,Eat in,,
2026-06-28,21:04:00,Europe/London,Mains,Sunday Roast,1,Regular,,24.00,0.00,24.00,4.00,T96659233,Bar iPad,,Payment,Takeaway,,
2026-06-28,21:04:00,Europe/London,Starters,Mackerel Pate,1,Regular,,8.50,0.00,8.50,1.42,T96659233,Bar iPad,,Payment,Eat in,,
2026-06-28,21:04:00,Europe/London,Mains,Burger,1,Regular,,16.50,0.00,16.50,2.75,T96659233,Bar iPad,,Payment,Eat in,,
2026-06-28,21:04:00,Europe/London,Desserts,Sticky Toffee Pudding,1,Regular,,8.00,0.00,8.00,1.33,T96659233,Bar iPad,,Payment,Eat in,,
2026-06-28,21:04:00,Europe/London,Drinks,House White 175ml,1,Regular,,7.00,0.00,7.00,1.17,T96659233,Bar iPad,,Payment,Eat in,,
2026-06-28,21:04:00,Europe/London,Drinks,House Red 175ml,1,Regular,,7.00,0.00,7.00,1.17,T96659233,Bar iPad,,Payment,Eat in,,
2026-06-28,21:04:00,Europe/London,Drinks,Sparkling Water 750ml,2,Regular,,8.00,0.00,8.00,1.33,T96659233,Bar iPad,,Payment,Takeaway,,
2026-06-28,21:07:00,Europe/London,Starters,Pork Belly Bites,1,Regular,,8.00,0.00,8.00,1.33,T96730276,Counter iPad,,Payment,Takeaway,,
2026-06-28,21:07:00,Europe/London,Mains,Tidewater Burger,1,Regular,,16.50,0.00,16.50,2.75,T96730276,Counter iPad,,Payment,Eat in,,
2026-06-28,21:07:00,Europe/London,Mains,Sunday Roast,1,Regular,,24.00,0.00,24.00,4.00,T96730276,Counter iPad,,Payment,Takeaway,,
2026-06-28,21:07:00,Europe/London,Drinks,Lager Pint,1,Regular,,6.20,0.00,6.20,1.03,T96730276,Counter iPad,,Payment,Eat in,,
2026-06-28,21:07:00,Europe/London,Drinks,House Red 175ml,1,Regular,,7.00,0.00,7.00,1.17,T96730276,Counter iPad,,Payment,Eat in,,
2026-06-28,21:07:00,Europe/London,Drinks,Flat White,1,Regular,,3.40,0.00,3.40,0.57,T96730276,Counter iPad,,Payment,Eat in,,
2026-06-28,21:41:00,Europe/London,Kids,Kids Fish & Chips,2,Regular,,16.00,0.00,16.00,2.67,T93061753,Counter iPad,,Payment,Takeaway,,
2026-06-28,21:41:00,Europe/London,Kids,Kids Ice Cream,1,Regular,,3.50,0.00,3.50,0.58,T93061753,Counter iPad,,Payment,Eat in,,
2026-06-28,21:41:00,Europe/London,Mains,Sunday Roast,1,Regular,,24.00,0.00,24.00,4.00,T93061753,Counter iPad,,Payment,Eat in,,
2026-06-28,21:41:00,Europe/London,Sides,Truffle Fries,1,Regular,,6.00,0.00,6.00,1.00,T93061753,Counter iPad,,Payment,Eat in,,
2026-06-28,21:41:00,Europe/London,Mains,Lamb Rump,1,Regular,,26.00,0.00,26.00,4.33,T93061753,Counter iPad,,Payment,Eat in,,
2026-06-28,21:41:00,Europe/London,Drinks,Lager Pint,2,Regular,,12.40,0.00,12.40,2.07,T93061753,Counter iPad,,Payment,Eat in,,
2026-06-28,21:41:00,Europe/London,Drinks,House White 175ml,2,Regular,,14.00,0.00,14.00,2.33,T93061753,Counter iPad,,Payment,Eat in,,
2026-06-28,21:41:00,Europe/London,Drinks,Coke,1,Regular,,3.00,0.00,3.00,0.50,T93061753,Counter iPad,,Payment,Takeaway,,
2026-06-28,21:41:00,Europe/London,Drinks,Sparkling Water 750ml,1,Regular,,4.00,0.00,4.00,0.67,T93061753,Counter iPad,,Payment,Takeaway,,
2026-06-28,22:33:00,Europe/London,Starters,Salt & Pepper Squid,1,Regular,,9.50,0.00,9.50,1.58,T76889462,Counter iPad,,Payment,Eat in,,
2026-06-28,22:33:00,Europe/London,Mains,Sunday Roast,2,Regular,,48.00,0.00,48.00,8.00,T76889462,Counter iPad,,Payment,Eat in,,
2026-06-28,22:33:00,Europe/London,Sides,House Salad,1,Regular,,4.50,0.00,4.50,0.75,T76889462,Counter iPad,,Payment,Eat in,,
2026-06-28,22:33:00,Europe/London,Desserts,Sticky Toffee Pudding,2,Regular,,16.00,0.00,16.00,2.67,T76889462,Counter iPad,,Payment,Eat in,,
2026-06-28,22:33:00,Europe/London,Sides,Bread & Butter,1,Regular,,4.00,0.00,4.00,0.67,T76889462,Counter iPad,,Payment,Eat in,,
2026-06-28,22:33:00,Europe/London,Drinks,Lager Pint,1,Regular,,6.20,0.00,6.20,1.03,T76889462,Counter iPad,,Payment,Eat in,,
2026-06-28,22:33:00,Europe/London,Drinks,House Red 175ml,1,Regular,,7.00,0.00,7.00,1.17,T76889462,Counter iPad,,Payment,Eat in,,
2026-06-28,22:33:00,Europe/London,Drinks,Coke,1,Regular,,3.00,0.00,3.00,0.50,T76889462,Counter iPad,,Payment,Eat in,,
2026-06-30,13:25:00,Europe/London,Mains,Hake,1,Regular,,22.00,0.00,22.00,3.67,T27518317,Bar iPad,,Payment,Eat in,,
2026-06-30,13:25:00,Europe/London,Mains,Fish & Chips,1,Small,,13.00,0.00,13.00,2.17,T27518317,Bar iPad,,Payment,Eat in,,
2026-06-30,13:25:00,Europe/London,Sides,Fries,1,Regular,,4.50,0.00,4.50,0.75,T27518317,Bar iPad,,Payment,Eat in,,
2026-06-30,13:25:00,Europe/London,Mains,Steak Frites,1,Regular,,24.00,0.00,24.00,4.00,T27518317,Bar iPad,,Payment,Eat in,,
2026-06-30,13:25:00,Europe/London,Sides,Tenderstem,1,Regular,,5.00,0.00,5.00,0.83,T27518317,Bar iPad,,Payment,Takeaway,,
2026-06-30,13:25:00,Europe/London,Sides,Bread & Butter,1,Regular,,4.00,0.00,4.00,0.67,T27518317,Bar iPad,,Payment,Eat in,,
2026-06-30,13:25:00,Europe/London,Drinks,Lager Pint,2,Regular,,12.40,0.00,12.40,2.07,T27518317,Bar iPad,,Payment,Eat in,,
2026-06-30,13:25:00,Europe/London,Drinks,House White 175ml,1,Regular,,7.00,0.00,7.00,1.17,T27518317,Bar iPad,,Payment,Takeaway,,
2026-06-30,13:25:00,Europe/London,Drinks,House Red 175ml,1,Regular,,7.00,0.00,7.00,1.17,T27518317,Bar iPad,,Payment,Eat in,,
2026-06-30,13:25:00,Europe/London,Drinks,Coke,1,Regular,,3.00,0.00,3.00,0.50,T27518317,Bar iPad,,Payment,Eat in,,
2026-06-30,13:25:00,Europe/London,Drinks,Flat White,1,Regular,,3.40,0.00,3.40,0.57,T27518317,Bar iPad,,Payment,Eat in,,
2026-06-30,13:42:00,Europe/London,Set Menu,Set Lunch - 2 Courses,1,Regular,"Soup of the Day, Mushroom Risotto",20.00,0.00,20.00,3.33,T25174674,Counter iPad,,Payment,Eat in,,
2026-06-30,13:42:00,Europe/London,Mains,Hake,1,Regular,,22.00,0.00,22.00,3.67,T25174674,Counter iPad,,Payment,Takeaway,,
2026-06-30,13:42:00,Europe/London,Sides,Chips,1,Regular,,4.50,0.00,4.50,0.75,T25174674,Counter iPad,,Payment,Eat in,,
2026-06-30,13:42:00,Europe/London,Mains,Lamb Rump,1,Regular,,26.00,0.00,26.00,4.33,T25174674,Counter iPad,,Payment,Takeaway,,
2026-06-30,13:42:00,Europe/London,Sides,Truffle Fries,1,Regular,,6.00,0.00,6.00,1.00,T25174674,Counter iPad,,Payment,Eat in,,
2026-06-30,13:42:00,Europe/London,Desserts,Crème Brûlée,1,Regular,,7.50,0.00,7.50,1.25,T25174674,Counter iPad,,Payment,Takeaway,,
2026-06-30,13:42:00,Europe/London,Mains,Fish & Chips,1,Regular,,17.50,0.00,17.50,2.92,T25174674,Counter iPad,,Payment,Eat in,,
2026-06-30,13:42:00,Europe/London,Drinks,Lager Pint,2,Regular,,12.40,0.00,12.40,2.07,T25174674,Counter iPad,,Payment,Eat in,,
2026-06-30,13:42:00,Europe/London,Drinks,House White 175ml,2,Regular,,14.00,0.00,14.00,2.33,T25174674,Counter iPad,,Payment,Eat in,,
2026-06-30,13:42:00,Europe/London,Drinks,Coke,1,Regular,,3.00,0.00,3.00,0.50,T25174674,Counter iPad,,Payment,Eat in,,
2026-06-30,13:42:00,Europe/London,Drinks,Sparkling Water 750ml,1,Regular,,4.00,0.00,4.00,0.67,T25174674,Counter iPad,,Payment,Takeaway,,
2026-06-30,13:42:00,Europe/London,Drinks,Espresso,1,Regular,,2.80,0.00,2.80,0.47,T25174674,Counter iPad,,Payment,Eat in,,
2026-06-30,14:47:00,Europe/London,Set Menu,Set Lunch - 2 Courses,1,Regular,"Mackerel Pate, Fish & Chips (Small)",20.00,0.00,20.00,3.33,T22344739,Bar iPad,,Payment,Eat in,,
2026-06-30,14:47:00,Europe/London,Set Menu,Set Lunch - 3 Courses,1,Regular,"Soup of the Day, Fish & Chips (Small), Kids Ice Cream",25.00,0.00,25.00,4.17,T22344739,Bar iPad,,Payment,Eat in,,
2026-06-30,14:47:00,Europe/London,Drinks,Lager Pint,1,Regular,,6.20,0.00,6.20,1.03,T22344739,Bar iPad,,Payment,Eat in,,
2026-06-30,14:47:00,Europe/London,Drinks,House White 175ml,1,Regular,,7.00,0.00,7.00,1.17,T22344739,Bar iPad,,Payment,Eat in,,
2026-06-30,14:47:00,Europe/London,Drinks,Flat White,1,Regular,,3.40,0.00,3.40,0.57,T22344739,Bar iPad,,Payment,Eat in,,
2026-06-30,19:15:00,Europe/London,Starters,Salt & Pepper Squid,1,Regular,,9.50,0.00,9.50,1.58,T21170886,Counter iPad,,Payment,Takeaway,,
2026-06-30,19:15:00,Europe/London,Mains,Tidewater Burger,1,Regular,,16.50,0.00,16.50,2.75,T21170886,Counter iPad,,Payment,Eat in,,
2026-06-30,19:15:00,Europe/London,Mains,Fish & Chips,1,Regular,,17.50,0.00,17.50,2.92,T21170886,Counter iPad,,Payment,Eat in,,
2026-06-30,19:15:00,Europe/London,Sides,Bread & Butter,1,Regular,,4.00,0.00,4.00,0.67,T21170886,Counter iPad,,Payment,Takeaway,,
2026-06-30,19:15:00,Europe/London,Drinks,Lager Pint,1,Regular,,6.20,0.00,6.20,1.03,T21170886,Counter iPad,,Payment,Eat in,,
2026-06-30,19:15:00,Europe/London,Drinks,House White 175ml,1,Regular,,7.00,0.00,7.00,1.17,T21170886,Counter iPad,,Payment,Eat in,,
2026-06-30,19:15:00,Europe/London,Drinks,Coke,1,Regular,,3.00,0.00,3.00,0.50,T21170886,Counter iPad,,Payment,Takeaway,,
2026-06-30,19:15:00,Europe/London,Drinks,Sparkling Water 750ml,1,Regular,,4.00,0.00,4.00,0.67,T21170886,Counter iPad,,Payment,Eat in,,
2026-06-30,19:15:00,Europe/London,Drinks,Espresso,1,Regular,,2.80,0.00,2.80,0.47,T21170886,Counter iPad,,Payment,Eat in,,
2026-06-30,19:15:00,Europe/London,Drinks,Flat White,2,Regular,,6.80,0.00,6.80,1.13,T21170886,Counter iPad,,Payment,Eat in,,
2026-06-30,21:06:00,Europe/London,Starters,Mackerel Pate,1,Regular,,8.50,0.00,8.50,1.42,T67995618,Counter iPad,,Payment,Eat in,C992,Sample Customer 992
2026-06-30,21:06:00,Europe/London,Mains,Tidewater Burger,2,Regular,,33.00,0.00,33.00,5.50,T67995618,Counter iPad,,Payment,Eat in,C992,Sample Customer 992
2026-06-30,21:06:00,Europe/London,Sides,Chips,1,Regular,,4.50,0.00,4.50,0.75,T67995618,Counter iPad,,Payment,Eat in,C992,Sample Customer 992
2026-06-30,21:06:00,Europe/London,Desserts,Sticky Toffee Pudding,1,Regular,,8.00,0.00,8.00,1.33,T67995618,Counter iPad,,Payment,Takeaway,C992,Sample Customer 992
2026-06-30,21:06:00,Europe/London,Mains,Steak Frites,1,Regular,,24.00,0.00,24.00,4.00,T67995618,Counter iPad,,Payment,Eat in,C992,Sample Customer 992
2026-06-30,21:06:00,Europe/London,Drinks,Lager Pint,1,Regular,,6.20,0.00,6.20,1.03,T67995618,Counter iPad,,Payment,Eat in,C992,Sample Customer 992
2026-06-30,21:06:00,Europe/London,Drinks,House White 175ml,2,Regular,,14.00,0.00,14.00,2.33,T67995618,Counter iPad,,Payment,Takeaway,C992,Sample Customer 992
2026-06-30,21:06:00,Europe/London,Drinks,Coke,3,Regular,,9.00,0.00,9.00,1.50,T67995618,Counter iPad,,Payment,Eat in,C992,Sample Customer 992
2026-06-30,21:06:00,Europe/London,Drinks,Espresso,1,Regular,,2.80,0.00,2.80,0.47,T67995618,Counter iPad,,Payment,Takeaway,C992,Sample Customer 992
2026-06-30,21:14:00,Europe/London,Starters,Mackerel Pate,1,Regular,,8.50,0.00,8.50,1.42,T69122571,Counter iPad,,Payment,Eat in,,
2026-06-30,21:14:00,Europe/London,Mains,Hake,1,Regular,,22.00,0.00,22.00,3.67,T69122571,Counter iPad,,Payment,Eat in,,
2026-06-30,21:14:00,Europe/London,Starters,Soup of the Day,1,Regular,,7.00,0.00,7.00,1.17,T69122571,Counter iPad,,Payment,Takeaway,,
2026-06-30,21:14:00,Europe/London,Mains,Fish & Chips,1,Regular,,17.50,0.00,17.50,2.92,T69122571,Counter iPad,,Payment,Eat in,,
2026-06-30,21:14:00,Europe/London,Mains,Chicken Supreme,1,Regular,,19.00,0.00,19.00,3.17,T69122571,Counter iPad,,Payment,Eat in,,
2026-06-30,21:14:00,Europe/London,Sides,Truffle Fries,1,Regular,,6.00,0.00,6.00,1.00,T69122571,Counter iPad,,Payment,Eat in,,
2026-06-30,21:14:00,Europe/London,Mains,Mushroom Risotto,1,Regular,,15.00,0.00,15.00,2.50,T69122571,Counter iPad,,Payment,Takeaway,,
2026-06-30,21:14:00,Europe/London,Desserts,Affogato,1,Regular,,6.00,0.00,6.00,1.00,T69122571,Counter iPad,,Payment,Eat in,,
2026-06-30,21:14:00,Europe/London,Drinks,House White 175ml,2,Regular,,14.00,0.00,14.00,2.33,T69122571,Counter iPad,,Payment,Takeaway,,
2026-06-30,21:14:00,Europe/London,Drinks,Coke,2,Regular,,6.00,0.00,6.00,1.00,T69122571,Counter iPad,,Payment,Eat in,,
2026-06-30,21:14:00,Europe/London,Drinks,Sparkling Water 750ml,2,Regular,,8.00,0.00,8.00,1.33,T69122571,Counter iPad,,Payment,Eat in,,
2026-06-30,21:14:00,Europe/London,Drinks,Flat White,1,Regular,,3.40,0.00,3.40,0.57,T69122571,Counter iPad,,Payment,Eat in,,
2026-06-30,21:33:00,Europe/London,Starters,Salt & Pepper Squid,1,Regular,,9.50,0.00,9.50,1.58,T61389968,Counter iPad,,Payment,Takeaway,,
2026-06-30,21:33:00,Europe/London,Mains,Tidewater Burger,1,Regular,,16.50,0.00,16.50,2.75,T61389968,Counter iPad,,Payment,Takeaway,,
2026-06-30,21:33:00,Europe/London,Sides,Bread & Butter,1,Regular,,4.00,0.00,4.00,0.67,T61389968,Counter iPad,,Payment,Eat in,,
2026-06-30,21:33:00,Europe/London,Drinks,House White 175ml,1,Regular,,7.00,0.00,7.00,1.17,T61389968,Counter iPad,,Payment,Eat in,,
2026-06-30,21:33:00,Europe/London,Drinks,Espresso,1,Regular,,2.80,0.00,2.80,0.47,T61389968,Counter iPad,,Payment,Takeaway,,
2026-06-30,22:35:00,Europe/London,Starters,Salt & Pepper Squid,1,Regular,,9.50,0.00,9.50,1.58,T67065006,Counter iPad,,Payment,Eat in,,
2026-06-30,22:35:00,Europe/London,Mains,Chicken Supreme,2,Regular,,38.00,0.00,38.00,6.33,T67065006,Counter iPad,,Payment,Eat in,,
2026-06-30,22:35:00,Europe/London,Sides,Truffle Fries,1,Regular,,6.00,0.00,6.00,1.00,T67065006,Counter iPad,,Payment,Eat in,,
2026-06-30,22:35:00,Europe/London,Desserts,Affogato,1,Regular,,6.00,0.00,6.00,1.00,T67065006,Counter iPad,,Payment,Eat in,,
2026-06-30,22:35:00,Europe/London,Starters,Burrata,1,Regular,,10.00,0.00,10.00,1.67,T67065006,Counter iPad,,Payment,Eat in,,
2026-06-30,22:35:00,Europe/London,Starters,Rock Oysters,1,x3,,9.00,0.00,9.00,1.50,T67065006,Counter iPad,,Payment,Eat in,,
2026-06-30,22:35:00,Europe/London,Desserts,Cheeseboard,1,5,,16.00,0.00,16.00,2.67,T67065006,Counter iPad,,Payment,Eat in,,
2026-06-30,22:35:00,Europe/London,Sides,Bread & Butter,1,Regular,,4.00,0.00,4.00,0.67,T67065006,Counter iPad,,Payment,Eat in,,
2026-06-30,22:35:00,Europe/London,Drinks,Lager Pint,1,Regular,,6.20,0.00,6.20,1.03,T67065006,Counter iPad,,Payment,Takeaway,,
2026-06-30,22:35:00,Europe/London,Drinks,House Red 175ml,1,Regular,,7.00,0.00,7.00,1.17,T67065006,Counter iPad,,Payment,Eat in,,
2026-06-30,22:35:00,Europe/London,Drinks,Coke,1,Regular,,3.00,0.00,3.00,0.50,T67065006,Counter iPad,,Payment,Takeaway,,
2026-06-30,22:38:00,Europe/London,Starters,Rock Oysters,1,x3,,9.00,0.00,9.00,1.50,T21315121,Counter iPad,,Payment,Takeaway,,
2026-06-30,22:38:00,Europe/London,Mains,Hake,1,Regular,,22.00,0.00,22.00,3.67,T21315121,Counter iPad,,Payment,Takeaway,,
2026-06-30,22:38:00,Europe/London,Sides,Chips,1,Regular,,4.50,0.00,4.50,0.75,T21315121,Counter iPad,,Payment,Takeaway,,
2026-06-30,22:38:00,Europe/London,Mains,Steak Frites,2,Regular,,48.00,0.00,48.00,8.00,T21315121,Counter iPad,,Payment,Eat in,,
2026-06-30,22:38:00,Europe/London,Sides,Peppercorn Sauce,2,Regular,,6.00,0.00,6.00,1.00,T21315121,Counter iPad,,Payment,Takeaway,,
2026-06-30,22:38:00,Europe/London,Starters,Burrata,1,Regular,,10.00,0.00,10.00,1.67,T21315121,Counter iPad,,Payment,Eat in,,
2026-06-30,22:38:00,Europe/London,Mains,Chicken Supreme,1,Regular,,19.00,0.00,19.00,3.17,T21315121,Counter iPad,,Payment,Eat in,,
2026-06-30,22:38:00,Europe/London,Desserts,Choc Tart,1,Regular,,8.00,0.00,8.00,1.33,T21315121,Counter iPad,,Payment,Takeaway,,
2026-06-30,22:38:00,Europe/London,Starters,Pork Belly Bites,1,Regular,,8.00,0.00,8.00,1.33,T21315121,Counter iPad,,Payment,Eat in,,
2026-06-30,22:38:00,Europe/London,Sides,House Salad,1,Regular,,4.50,0.00,4.50,0.75,T21315121,Counter iPad,,Payment,Eat in,,
2026-06-30,22:38:00,Europe/London,Sides,Bread & Butter,1,Regular,,4.00,0.00,4.00,0.67,T21315121,Counter iPad,,Payment,Takeaway,,
2026-06-30,22:38:00,Europe/London,Drinks,Lager Pint,2,Regular,,12.40,0.00,12.40,2.07,T21315121,Counter iPad,,Payment,Eat in,,
2026-06-30,22:38:00,Europe/London,Drinks,House White 175ml,2,Regular,,14.00,0.00,14.00,2.33,T21315121,Counter iPad,,Payment,Eat in,,
2026-06-30,22:38:00,Europe/London,Drinks,House Red 175ml,1,Regular,,7.00,0.00,7.00,1.17,T21315121,Counter iPad,,Payment,Eat in,,
2026-06-30,22:38:00,Europe/London,Drinks,Coke,3,Regular,,9.00,0.00,9.00,1.50,T21315121,Counter iPad,,Payment,Eat in,,
2026-06-30,22:38:00,Europe/London,Drinks,Sparkling Water 750ml,2,Regular,,8.00,0.00,8.00,1.33,T21315121,Counter iPad,,Payment,Eat in,,
2026-06-30,22:53:00,Europe/London,Starters,Soup of the Day,1,Regular,,7.00,0.00,7.00,1.17,T86236505,Counter iPad,,Payment,Eat in,C323,Sample Customer 323
2026-06-30,22:53:00,Europe/London,Sides,Chips,1,Regular,,4.50,0.00,4.50,0.75,T86236505,Counter iPad,,Payment,Takeaway,C323,Sample Customer 323
2026-06-30,22:53:00,Europe/London,Desserts,Sticky Toffee Pudding,1,Regular,,8.00,0.00,8.00,1.33,T86236505,Counter iPad,,Payment,Eat in,C323,Sample Customer 323
2026-06-30,22:53:00,Europe/London,Mains,Tidewater Burger,1,Regular,,16.50,0.00,16.50,2.75,T86236505,Counter iPad,,Payment,Eat in,C323,Sample Customer 323
2026-06-30,22:53:00,Europe/London,Sides,Truffle Fries,1,Regular,,6.00,0.00,6.00,1.00,T86236505,Counter iPad,,Payment,Eat in,C323,Sample Customer 323
2026-06-30,22:53:00,Europe/London,Drinks,Lager Pint,1,Regular,,6.20,0.00,6.20,1.03,T86236505,Counter iPad,,Payment,Eat in,C323,Sample Customer 323
2026-06-30,22:53:00,Europe/London,Drinks,House White 175ml,1,Regular,,7.00,0.00,7.00,1.17,T86236505,Counter iPad,,Payment,Eat in,C323,Sample Customer 323
