Date,Time,Time Zone,Category,Item,Qty,Price Point Name,Modifiers Applied,Gross Sales,Discounts,Net Sales,Tax,Transaction ID,Device Name,Notes,Event Type,Dining Option,Customer ID,Customer Name
2026-07-01,13:14:00,Europe/London,Set Menu,Set Lunch - 3 Courses,1,Regular,"Soup of the Day, Mushroom Risotto, Kids Ice Cream",25.00,0.00,25.00,4.17,T57781748,Counter iPad,,Payment,Eat in,C225,Sample Customer 225
2026-07-01,13:14:00,Europe/London,Mains,Fish & Chips,1,Regular,,17.50,0.00,17.50,2.92,T57781748,Counter iPad,,Payment,Eat in,C225,Sample Customer 225
2026-07-01,13:14:00,Europe/London,Starters,Pork Belly Bites,1,Regular,,8.00,0.00,8.00,1.33,T57781748,Counter iPad,,Payment,Eat in,C225,Sample Customer 225
2026-07-01,13:14:00,Europe/London,Drinks,Lager Pint,1,Regular,,6.20,0.00,6.20,1.03,T57781748,Counter iPad,,Payment,Eat in,C225,Sample Customer 225
2026-07-01,13:14:00,Europe/London,Drinks,House White 175ml,1,Regular,,7.00,0.00,7.00,1.17,T57781748,Counter iPad,,Payment,Takeaway,C225,Sample Customer 225
2026-07-01,13:14:00,Europe/London,Drinks,Sparkling Water 750ml,1,Regular,,4.00,0.00,4.00,0.67,T57781748,Counter iPad,,Payment,Takeaway,C225,Sample Customer 225
2026-07-01,16:30:00,Europe/London,Other,Staff Meal,1,Regular,Risotto,10.00,-10.00,0.00,0.00,T12594154,Counter iPad,,Payment,Eat in,,
2026-07-01,13:28:00,Europe/London,Mains,Tidewater Burger,1,Regular,,16.50,0.00,16.50,2.75,T91249712,Counter iPad,,Payment,Eat in,C406,Sample Customer 406
2026-07-01,13:28:00,Europe/London,Starters,Soup of the Day,1,Regular,,7.00,0.00,7.00,1.17,T91249712,Counter iPad,,Payment,Eat in,C406,Sample Customer 406
2026-07-01,13:28:00,Europe/London,Starters,Rock Oysters,1,x6,,16.00,0.00,16.00,2.67,T91249712,Counter iPad,,Payment,Eat in,C406,Sample Customer 406
2026-07-01,13:28:00,Europe/London,Mains,Steak Frites,1,Regular,,24.00,0.00,24.00,4.00,T91249712,Counter iPad,,Payment,Takeaway,C406,Sample Customer 406
2026-07-01,13:28:00,Europe/London,Drinks,Lager Pint,2,Regular,,12.40,0.00,12.40,2.07,T91249712,Counter iPad,,Payment,Eat in,C406,Sample Customer 406
2026-07-01,13:28:00,Europe/London,Drinks,Flat White,2,Regular,,6.80,0.00,6.80,1.13,T91249712,Counter iPad,,Payment,Eat in,C406,Sample Customer 406
2026-07-01,13:56:00,Europe/London,Set Menu,Set Lunch - 3 Courses,1,Regular,"Mackerel Pate, Fish & Chips (Small), Sticky Toffee Pudding",25.00,0.00,25.00,4.17,T49794834,Counter iPad,,Payment,Eat in,,
2026-07-01,13:56:00,Europe/London,Mains,Fish & Chips,1,Regular,,17.50,0.00,17.50,2.92,T49794834,Counter iPad,,Payment,Takeaway,,
2026-07-01,13:56:00,Europe/London,Desserts,Affogato,1,Regular,,6.00,0.00,6.00,1.00,T49794834,Counter iPad,,Payment,Eat in,,
2026-07-01,13:56:00,Europe/London,Drinks,Lager Pint,2,Regular,,12.40,0.00,12.40,2.07,T49794834,Counter iPad,,Payment,Eat in,,
2026-07-01,13:56:00,Europe/London,Drinks,Sparkling Water 750ml,1,Regular,,4.00,0.00,4.00,0.67,T49794834,Counter iPad,,Payment,Eat in,,
2026-07-01,13:56:00,Europe/London,Drinks,Flat White,1,Regular,,3.40,0.00,3.40,0.57,T49794834,Counter iPad,,Payment,Eat in,,
2026-07-01,14:42:00,Europe/London,Starters,Soup of the Day,1,Regular,,7.00,0.00,7.00,1.17,T74958813,Counter iPad,regulars,Payment,Eat in,,
2026-07-01,14:42:00,Europe/London,Mains,Steak Frites,1,Regular,,24.00,0.00,24.00,4.00,T74958813,Counter iPad,regulars,Payment,Eat in,,
2026-07-01,14:42:00,Europe/London,Desserts,Sticky Toffee Pudding,1,Regular,,8.00,0.00,8.00,1.33,T74958813,Counter iPad,regulars,Payment,Eat in,,
2026-07-01,14:42:00,Europe/London,Mains,Fish & Chips,1,Regular,,17.50,0.00,17.50,2.92,T74958813,Counter iPad,regulars,Payment,Eat in,,
2026-07-01,14:46:00,Europe/London,Set Menu,Set Lunch - 2 Courses,1,Regular,"Soup of the Day, Fish & Chips (Small)",20.00,0.00,20.00,3.33,T77879730,Bar iPad,,Payment,Eat in,,
2026-07-01,14:46:00,Europe/London,Starters,Soup of the Day,1,Regular,,7.00,0.00,7.00,1.17,T77879730,Bar iPad,,Payment,Eat in,,
2026-07-01,14:46:00,Europe/London,Sides,Bread & Butter,1,Regular,,4.00,0.00,4.00,0.67,T77879730,Bar iPad,,Payment,Takeaway,,
2026-07-01,14:46:00,Europe/London,Drinks,Lager Pint,1,Regular,,6.20,0.00,6.20,1.03,T77879730,Bar iPad,,Payment,Eat in,,
2026-07-01,19:20:00,Europe/London,Mains,Hake,1,Regular,,22.00,0.00,22.00,3.67,T41061686,Counter iPad,,Payment,Eat in,,
2026-07-01,19:20:00,Europe/London,Starters,Salt & Pepper Squid,1,Regular,,9.50,0.00,9.50,1.58,T41061686,Counter iPad,,Payment,Eat in,,
2026-07-01,19:20:00,Europe/London,Mains,Lamb Rump,1,Regular,,26.00,0.00,26.00,4.33,T41061686,Counter iPad,,Payment,Eat in,,
2026-07-01,19:20:00,Europe/London,Mains,Fish & Chips,1,Regular,,17.50,0.00,17.50,2.92,T41061686,Counter iPad,,Payment,Takeaway,,
2026-07-01,19:20:00,Europe/London,Desserts,Sticky Toffee Pudding,1,Regular,,8.00,0.00,8.00,1.33,T41061686,Counter iPad,,Payment,Takeaway,,
2026-07-01,19:20:00,Europe/London,Mains,Tidewater Burger,1,Regular,,16.50,0.00,16.50,2.75,T41061686,Counter iPad,,Payment,Eat in,,
2026-07-01,19:20:00,Europe/London,Drinks,Lager Pint,2,Regular,,12.40,0.00,12.40,2.07,T41061686,Counter iPad,,Payment,Eat in,,
2026-07-01,19:20:00,Europe/London,Drinks,House Red 175ml,2,Regular,,14.00,0.00,14.00,2.33,T41061686,Counter iPad,,Payment,Takeaway,,
2026-07-01,19:20:00,Europe/London,Drinks,Coke,1,Regular,,3.00,0.00,3.00,0.50,T41061686,Counter iPad,,Payment,Takeaway,,
2026-07-01,19:20:00,Europe/London,Drinks,Flat White,1,Regular,,3.40,0.00,3.40,0.57,T41061686,Counter iPad,,Payment,Eat in,,
2026-07-01,19:44:00,Europe/London,Mains,Tidewater Burger,1,Regular,,16.50,0.00,16.50,2.75,T97026518,Counter iPad,,Payment,Eat in,,
2026-07-01,19:44:00,Europe/London,Sides,Chips,1,Regular,,4.50,0.00,4.50,0.75,T97026518,Counter iPad,,Payment,Eat in,,
2026-07-01,19:44:00,Europe/London,Mains,Fish & Chips,1,Regular,,17.50,0.00,17.50,2.92,T97026518,Counter iPad,,Payment,Eat in,,
2026-07-01,19:44:00,Europe/London,Sides,Tenderstem,1,Regular,,5.00,0.00,5.00,0.83,T97026518,Counter iPad,,Payment,Eat in,,
2026-07-01,19:44:00,Europe/London,Sides,Bread & Butter,1,Regular,,4.00,0.00,4.00,0.67,T97026518,Counter iPad,,Payment,Takeaway,,
2026-07-01,19:44:00,Europe/London,Drinks,House White 175ml,1,Regular,,7.00,0.00,7.00,1.17,T97026518,Counter iPad,,Payment,Eat in,,
2026-07-01,19:44:00,Europe/London,Drinks,House Red 175ml,1,Regular,,7.00,0.00,7.00,1.17,T97026518,Counter iPad,,Payment,Eat in,,
2026-07-01,19:44:00,Europe/London,Drinks,Sparkling Water 750ml,1,Regular,,4.00,0.00,4.00,0.67,T97026518,Counter iPad,,Payment,Eat in,,
2026-07-01,20:51:00,Europe/London,Starters,Burrata,1,Regular,,10.00,0.00,10.00,1.67,T35272963,Counter iPad,,Payment,Eat in,,
2026-07-01,20:51:00,Europe/London,Mains,Tidewater Burger,1,Regular,,16.50,0.00,16.50,2.75,T35272963,Counter iPad,,Payment,Eat in,,
2026-07-01,20:51:00,Europe/London,Sides,House Salad,1,Regular,,4.50,0.00,4.50,0.75,T35272963,Counter iPad,,Payment,Takeaway,,
2026-07-01,20:51:00,Europe/London,Mains,Hake,1,Regular,,22.00,0.00,22.00,3.67,T35272963,Counter iPad,,Payment,Eat in,,
2026-07-01,20:51:00,Europe/London,Drinks,House White 175ml,1,Regular,,7.00,0.00,7.00,1.17,T35272963,Counter iPad,,Payment,Eat in,,
2026-07-01,20:51:00,Europe/London,Drinks,House Red 175ml,1,Regular,,7.00,0.00,7.00,1.17,T35272963,Counter iPad,,Payment,Takeaway,,
2026-07-01,21:10:00,Europe/London,Starters,Soup of the Day,1,Regular,,7.00,0.00,7.00,1.17,T18537844,Counter iPad,,Payment,Takeaway,,
2026-07-01,21:10:00,Europe/London,Mains,Fish & Chips,2,Regular,,35.00,0.00,35.00,5.83,T18537844,Counter iPad,,Payment,Eat in,,
2026-07-01,21:10:00,Europe/London,Sides,Truffle Fries,1,Regular,,6.00,0.00,6.00,1.00,T18537844,Counter iPad,,Payment,Eat in,,
2026-07-01,21:10:00,Europe/London,Starters,Salt & Pepper Squid,1,Regular,,9.50,0.00,9.50,1.58,T18537844,Counter iPad,,Payment,Eat in,,
2026-07-01,21:10:00,Europe/London,Sides,House Salad,1,Regular,,4.50,0.00,4.50,0.75,T18537844,Counter iPad,,Payment,Eat in,,
2026-07-01,21:10:00,Europe/London,Drinks,Lager Pint,1,Regular,,6.20,0.00,6.20,1.03,T18537844,Counter iPad,,Payment,Eat in,,
2026-07-01,21:10:00,Europe/London,Drinks,Coke,1,Regular,,3.00,0.00,3.00,0.50,T18537844,Counter iPad,,Payment,Takeaway,,
2026-07-01,21:10:00,Europe/London,Drinks,Espresso,1,Regular,,2.80,0.00,2.80,0.47,T18537844,Counter iPad,,Payment,Eat in,,
2026-07-01,21:34:00,Europe/London,Mains,Hake,3,Regular,,66.00,0.00,66.00,11.00,T40311454,Counter iPad,,Payment,Eat in,,
2026-07-01,21:34:00,Europe/London,Starters,Salt & Pepper Squid,2,Regular,,19.00,0.00,19.00,3.17,T40311454,Counter iPad,,Payment,Takeaway,,
2026-07-01,21:34:00,Europe/London,Drinks,Lager Pint,2,Regular,,12.40,0.00,12.40,2.07,T40311454,Counter iPad,,Payment,Eat in,,
2026-07-01,21:34:00,Europe/London,Drinks,House White 175ml,2,Regular,,14.00,0.00,14.00,2.33,T40311454,Counter iPad,,Payment,Takeaway,,
2026-07-01,21:34:00,Europe/London,Drinks,House Red 175ml,1,Regular,,7.00,0.00,7.00,1.17,T40311454,Counter iPad,,Payment,Eat in,,
2026-07-01,21:34:00,Europe/London,Drinks,Coke,1,Regular,,3.00,0.00,3.00,0.50,T40311454,Counter iPad,,Payment,Eat in,,
2026-07-01,21:34:00,Europe/London,Drinks,Espresso,1,Regular,,2.80,0.00,2.80,0.47,T40311454,Counter iPad,,Payment,Takeaway,,
2026-07-01,21:52:00,Europe/London,Mains,Hake,1,Regular,,22.00,0.00,22.00,3.67,T72779240,Counter iPad,,Payment,Eat in,C179,Sample Customer 179
2026-07-01,21:52:00,Europe/London,Desserts,Sticky Toffee Pudding,2,Regular,,16.00,0.00,16.00,2.67,T72779240,Counter iPad,,Payment,Eat in,C179,Sample Customer 179
2026-07-01,21:52:00,Europe/London,Mains,Mushroom Risotto,1,Regular,,15.00,0.00,15.00,2.50,T72779240,Counter iPad,,Payment,Eat in,C179,Sample Customer 179
2026-07-01,21:52:00,Europe/London,Drinks,Flat White,1,Regular,,3.40,0.00,3.40,0.57,T72779240,Counter iPad,,Payment,Eat in,C179,Sample Customer 179
2026-07-01,22:14:00,Europe/London,Mains,Tidewater Burger,1,Regular,Add Cheese,16.50,0.00,16.50,2.75,T66607036,Counter iPad,,Payment,Takeaway,,
2026-07-01,22:14:00,Europe/London,Desserts,Sticky Toffee Pudding,1,Regular,,8.00,0.00,8.00,1.33,T66607036,Counter iPad,,Payment,Takeaway,,
2026-07-01,22:14:00,Europe/London,Desserts,Cheeseboard,1,3,,11.00,0.00,11.00,1.83,T66607036,Counter iPad,,Payment,Eat in,,
2026-07-01,22:14:00,Europe/London,Sides,Bread & Butter,1,Regular,,4.00,0.00,4.00,0.67,T66607036,Counter iPad,,Payment,Eat in,,
2026-07-01,22:14:00,Europe/London,Drinks,Lager Pint,1,Regular,,6.20,0.00,6.20,1.03,T66607036,Counter iPad,,Payment,Takeaway,,
2026-07-01,22:14:00,Europe/London,Drinks,House White 175ml,1,Regular,,7.00,0.00,7.00,1.17,T66607036,Counter iPad,,Payment,Eat in,,
2026-07-01,22:14:00,Europe/London,Drinks,Coke,1,Regular,,3.00,0.00,3.00,0.50,T66607036,Counter iPad,,Payment,Eat in,,
2026-07-01,22:14:00,Europe/London,Drinks,Espresso,1,Regular,,2.80,0.00,2.80,0.47,T66607036,Counter iPad,,Payment,Takeaway,,
2026-07-01,22:34:00,Europe/London,Kids,Kids Fish & Chips,1,Regular,,8.00,0.00,8.00,1.33,T56462837,Bar iPad,Table 1 - call 07700 900979 when ready,Payment,Eat in,C815,Sample Customer 815
2026-07-01,22:34:00,Europe/London,Kids,Kids Ice Cream,1,Regular,,3.50,0.00,3.50,0.58,T56462837,Bar iPad,Table 1 - call 07700 900979 when ready,Payment,Takeaway,C815,Sample Customer 815
2026-07-01,22:34:00,Europe/London,Starters,Burrata,1,Regular,,10.00,0.00,10.00,1.67,T56462837,Bar iPad,Table 1 - call 07700 900979 when ready,Payment,Eat in,C815,Sample Customer 815
2026-07-01,22:34:00,Europe/London,Mains,Burger,2,Regular,Add Bacon,33.00,0.00,33.00,5.50,T56462837,Bar iPad,Table 1 - call 07700 900979 when ready,Payment,Eat in,C815,Sample Customer 815
2026-07-01,22:34:00,Europe/London,Sides,Tenderstem,1,Regular,,5.00,0.00,5.00,0.83,T56462837,Bar iPad,Table 1 - call 07700 900979 when ready,Payment,Eat in,C815,Sample Customer 815
2026-07-01,22:34:00,Europe/London,Mains,Mushroom Risotto,1,Regular,,15.00,0.00,15.00,2.50,T56462837,Bar iPad,Table 1 - call 07700 900979 when ready,Payment,Eat in,C815,Sample Customer 815
2026-07-01,22:34:00,Europe/London,Sides,Truffle Fries,1,Regular,,6.00,0.00,6.00,1.00,T56462837,Bar iPad,Table 1 - call 07700 900979 when ready,Payment,Eat in,C815,Sample Customer 815
2026-07-01,22:34:00,Europe/London,Desserts,Creme Brulee,1,Regular,,7.50,0.00,7.50,1.25,T56462837,Bar iPad,Table 1 - call 07700 900979 when ready,Payment,Takeaway,C815,Sample Customer 815
2026-07-01,22:34:00,Europe/London,Drinks,Lager Pint,2,Regular,,12.40,0.00,12.40,2.07,T56462837,Bar iPad,Table 1 - call 07700 900979 when ready,Payment,Eat in,C815,Sample Customer 815
2026-07-01,22:34:00,Europe/London,Drinks,House White 175ml,1,Regular,,7.00,0.00,7.00,1.17,T56462837,Bar iPad,Table 1 - call 07700 900979 when ready,Payment,Eat in,C815,Sample Customer 815
2026-07-01,22:34:00,Europe/London,Drinks,House Red 175ml,1,Regular,,7.00,0.00,7.00,1.17,T56462837,Bar iPad,Table 1 - call 07700 900979 when ready,Payment,Takeaway,C815,Sample Customer 815
2026-07-01,22:54:00,Europe/London,Mains,Fish & Chips,1,Regular,,17.50,0.00,17.50,2.92,T84875202,Counter iPad,,Payment,Eat in,,
2026-07-01,22:54:00,Europe/London,Desserts,Sticky Toffee Pudding,1,Regular,,8.00,0.00,8.00,1.33,T84875202,Counter iPad,,Payment,Eat in,,
2026-07-01,22:54:00,Europe/London,Starters,Pork Belly Bites,1,Regular,,8.00,0.00,8.00,1.33,T84875202,Counter iPad,,Payment,Eat in,,
2026-07-01,22:54:00,Europe/London,Mains,Chicken Supreme,1,Regular,,19.00,0.00,19.00,3.17,T84875202,Counter iPad,,Payment,Eat in,,
2026-07-01,22:54:00,Europe/London,Drinks,Lager Pint,1,Regular,,6.20,0.00,6.20,1.03,T84875202,Counter iPad,,Payment,Eat in,,
2026-07-01,22:54:00,Europe/London,Drinks,Coke,1,Regular,,3.00,0.00,3.00,0.50,T84875202,Counter iPad,,Payment,Takeaway,,
2026-07-01,22:55:00,Europe/London,Mains,Mushroom Risotto,1,Regular,,15.00,0.00,15.00,2.50,T79487449,Bar iPad,,Payment,Eat in,,
2026-07-01,22:55:00,Europe/London,Desserts,Affogato,1,Regular,,6.00,0.00,6.00,1.00,T79487449,Bar iPad,,Payment,Eat in,,
2026-07-01,22:55:00,Europe/London,Starters,Salt & Pepper Squid,1,Regular,,9.50,0.00,9.50,1.58,T79487449,Bar iPad,,Payment,Eat in,,
2026-07-01,22:55:00,Europe/London,Mains,Fish & Chips,1,Regular,,17.50,0.00,17.50,2.92,T79487449,Bar iPad,,Payment,Eat in,,
2026-07-01,22:55:00,Europe/London,Desserts,Cheeseboard,1,3,,11.00,0.00,11.00,1.83,T79487449,Bar iPad,,Payment,Eat in,,
2026-07-01,22:55:00,Europe/London,Sides,Bread & Butter,1,Regular,,4.00,0.00,4.00,0.67,T79487449,Bar iPad,,Payment,Eat in,,
2026-07-01,22:55:00,Europe/London,Drinks,Lager Pint,1,Regular,,6.20,0.00,6.20,1.03,T79487449,Bar iPad,,Payment,Takeaway,,
2026-07-01,22:55:00,Europe/London,Drinks,Espresso,1,Regular,,2.80,0.00,2.80,0.47,T79487449,Bar iPad,,Payment,Eat in,,
2026-07-01,22:55:00,Europe/London,Drinks,Flat White,2,Regular,,6.80,0.00,6.80,1.13,T79487449,Bar iPad,,Payment,Eat in,,
2026-07-01,23:12:00,Europe/London,Mains,Mushroom Risotto,1,Regular,,15.00,0.00,15.00,2.50,T73767308,Bar iPad,,Payment,Eat in,,
2026-07-01,23:12:00,Europe/London,Sides,Bread & Butter,1,Regular,,4.00,0.00,4.00,0.67,T73767308,Bar iPad,,Payment,Eat in,,
2026-07-01,23:22:00,Europe/London,Sides,Truffle Fries,1,Regular,,6.00,0.00,6.00,1.00,T37555589,Counter iPad,,Payment,Eat in,,
2026-07-01,23:22:00,Europe/London,Desserts,Sticky Toffee Pudding,1,Regular,,8.00,0.00,8.00,1.33,T37555589,Counter iPad,,Payment,Eat in,,
2026-07-01,23:22:00,Europe/London,Starters,Soup of the Day,1,Regular,,7.00,0.00,7.00,1.17,T37555589,Counter iPad,,Payment,Eat in,,
2026-07-01,23:22:00,Europe/London,Mains,Fish & Chips,1,Regular,,17.50,0.00,17.50,2.92,T37555589,Counter iPad,,Payment,Takeaway,,
2026-07-01,23:22:00,Europe/London,Drinks,Lager Pint,2,Regular,,12.40,0.00,12.40,2.07,T37555589,Counter iPad,,Payment,Takeaway,,
2026-07-01,23:22:00,Europe/London,Drinks,House Red 175ml,1,Regular,,7.00,0.00,7.00,1.17,T37555589,Counter iPad,,Payment,Eat in,,
2026-07-01,23:22:00,Europe/London,Drinks,Coke,1,Regular,,3.00,0.00,3.00,0.50,T37555589,Counter iPad,,Payment,Eat in,,
2026-07-01,23:22:00,Europe/London,Drinks,Sparkling Water 750ml,1,Regular,,4.00,0.00,4.00,0.67,T37555589,Counter iPad,,Payment,Eat in,,
2026-07-01,23:30:00,Europe/London,Mains,Chicken Supreme,1,Regular,,19.00,0.00,19.00,3.17,T91153244,Counter iPad,,Payment,Eat in,,
2026-07-01,23:30:00,Europe/London,Drinks,Lager Pint,1,Regular,,6.20,0.00,6.20,1.03,T91153244,Counter iPad,,Payment,Eat in,,
2026-07-02,12:14:00,Europe/London,Starters,Rock Oysters,1,x3,,9.00,0.00,9.00,1.50,T65798297,Counter iPad,,Payment,Eat in,,
2026-07-02,12:14:00,Europe/London,Mains,Fish & Chips,1,Regular,,17.50,0.00,17.50,2.92,T65798297,Counter iPad,,Payment,Eat in,,
2026-07-02,12:14:00,Europe/London,Sides,Truffle Fries,1,Regular,,6.00,0.00,6.00,1.00,T65798297,Counter iPad,,Payment,Eat in,,
2026-07-02,12:14:00,Europe/London,Set Menu,Set Lunch - 2 Courses,1,Regular,"Mackerel Pate, Fish & Chips (Small)",20.00,0.00,20.00,3.33,T65798297,Counter iPad,,Payment,Eat in,,
2026-07-02,12:14:00,Europe/London,Sides,Bread & Butter,1,Regular,,4.00,0.00,4.00,0.67,T65798297,Counter iPad,,Payment,Eat in,,
2026-07-02,12:14:00,Europe/London,Drinks,Lager Pint,1,Regular,,6.20,0.00,6.20,1.03,T65798297,Counter iPad,,Payment,Eat in,,
2026-07-02,12:14:00,Europe/London,Drinks,House White 175ml,1,Regular,,7.00,0.00,7.00,1.17,T65798297,Counter iPad,,Payment,Eat in,,
2026-07-02,13:22:00,Europe/London,Kids,Kids Fish & Chips,1,Regular,,8.00,0.00,8.00,1.33,T35743299,Counter iPad,,Payment,Eat in,,
2026-07-02,13:22:00,Europe/London,Kids,Kids Ice Cream,3,Regular,,10.50,0.00,10.50,1.75,T35743299,Counter iPad,,Payment,Eat in,,
2026-07-02,13:22:00,Europe/London,Kids,Kids Burger,2,Regular,,15.00,0.00,15.00,2.50,T35743299,Counter iPad,,Payment,Eat in,,
2026-07-02,13:22:00,Europe/London,Starters,Soup of the Day,1,Regular,,7.00,0.00,7.00,1.17,T35743299,Counter iPad,,Payment,Eat in,,
2026-07-02,13:22:00,Europe/London,Mains,Steak Frites,1,Regular,,24.00,0.00,24.00,4.00,T35743299,Counter iPad,,Payment,Eat in,,
2026-07-02,13:22:00,Europe/London,Set Menu,Set Lunch - 3 Courses,1,Regular,"Mackerel Pate, Mushroom Risotto, Kids Ice Cream",25.00,0.00,25.00,4.17,T35743299,Counter iPad,,Payment,Eat in,,
2026-07-02,13:22:00,Europe/London,Drinks,Lager Pint,2,Regular,,12.40,0.00,12.40,2.07,T35743299,Counter iPad,,Payment,Eat in,,
2026-07-02,13:22:00,Europe/London,Drinks,House White 175ml,2,Regular,,14.00,0.00,14.00,2.33,T35743299,Counter iPad,,Payment,Takeaway,,
2026-07-02,13:22:00,Europe/London,Drinks,Coke,1,Regular,,3.00,0.00,3.00,0.50,T35743299,Counter iPad,,Payment,Eat in,,
2026-07-02,13:22:00,Europe/London,Drinks,Sparkling Water 750ml,1,Regular,,4.00,0.00,4.00,0.67,T35743299,Counter iPad,,Payment,Eat in,,
2026-07-02,13:22:00,Europe/London,Drinks,Espresso,1,Regular,,2.80,0.00,2.80,0.47,T35743299,Counter iPad,,Payment,Takeaway,,
2026-07-02,13:35:00,Europe/London,Kids,Kids Fish & Chips,1,Regular,,8.00,0.00,8.00,1.33,T24592417,Counter iPad,,Payment,Takeaway,,
2026-07-02,13:35:00,Europe/London,Kids,Kids Burger,1,Regular,,7.50,0.00,7.50,1.25,T24592417,Counter iPad,,Payment,Eat in,,
2026-07-02,13:35:00,Europe/London,Kids,Kids Ice Cream,1,Regular,,3.50,0.00,3.50,0.58,T24592417,Counter iPad,,Payment,Eat in,,
2026-07-02,13:35:00,Europe/London,Set Menu,Set Lunch - 2 Courses,1,Regular,"Soup of the Day, Fish & Chips (Small)",20.00,0.00,20.00,3.33,T24592417,Counter iPad,,Payment,Eat in,,
2026-07-02,13:35:00,Europe/London,Starters,Soup of the Day,1,Regular,,7.00,0.00,7.00,1.17,T24592417,Counter iPad,,Payment,Takeaway,,
2026-07-02,13:35:00,Europe/London,Mains,Fish & Chips,1,Regular,,17.50,0.00,17.50,2.92,T24592417,Counter iPad,,Payment,Eat in,,
2026-07-02,13:35:00,Europe/London,Sides,Truffle Fries,1,Regular,,6.00,0.00,6.00,1.00,T24592417,Counter iPad,,Payment,Eat in,,
2026-07-02,13:35:00,Europe/London,Sides,Bread & Butter,1,Regular,,4.00,0.00,4.00,0.67,T24592417,Counter iPad,,Payment,Eat in,,
2026-07-02,14:23:00,Europe/London,Set Menu,Set Lunch - 3 Courses,1,Regular,"Mackerel Pate, Mushroom Risotto, Sticky Toffee Pudding",25.00,0.00,25.00,4.17,T16824652,Counter iPad,,Payment,Eat in,,
2026-07-02,14:23:00,Europe/London,Starters,Soup of the Day,1,Regular,,7.00,0.00,7.00,1.17,T16824652,Counter iPad,,Payment,Eat in,,
2026-07-02,14:23:00,Europe/London,Mains,Fish & Chips,1,Regular,,17.50,0.00,17.50,2.92,T16824652,Counter iPad,,Payment,Eat in,,
2026-07-02,14:23:00,Europe/London,Drinks,Lager Pint,1,Regular,,6.20,0.00,6.20,1.03,T16824652,Counter iPad,,Payment,Eat in,,
2026-07-02,14:23:00,Europe/London,Drinks,Coke,1,Regular,,3.00,0.00,3.00,0.50,T16824652,Counter iPad,,Payment,Eat in,,
2026-07-02,14:23:00,Europe/London,Drinks,Flat White,1,Regular,,3.40,0.00,3.40,0.57,T16824652,Counter iPad,,Payment,Eat in,,
2026-07-02,14:43:00,Europe/London,Set Menu,Set Lunch - 2 Courses,1,Regular,"Mackerel Pate, Fish & Chips (Small)",20.00,0.00,20.00,3.33,T63212788,Counter iPad,,Payment,Eat in,,
2026-07-02,14:43:00,Europe/London,Set Menu,Set Lunch - 3 Courses,1,Regular,"Soup of the Day, Fish & Chips (Small), Kids Ice Cream",25.00,0.00,25.00,4.17,T63212788,Counter iPad,,Payment,Eat in,,
2026-07-02,14:43:00,Europe/London,Drinks,Lager Pint,1,Regular,,6.20,0.00,6.20,1.03,T63212788,Counter iPad,,Payment,Eat in,,
2026-07-02,14:43:00,Europe/London,Drinks,House White 175ml,1,Regular,,7.00,0.00,7.00,1.17,T63212788,Counter iPad,,Payment,Eat in,,
2026-07-02,18:21:00,Europe/London,Starters,Pork Belly Bites,1,Regular,,8.00,0.00,8.00,1.33,T93066232,Bar iPad,,Payment,Takeaway,,
2026-07-02,18:21:00,Europe/London,Mains,Burger,1,Regular,,16.50,0.00,16.50,2.75,T93066232,Bar iPad,,Payment,Takeaway,,
2026-07-02,18:21:00,Europe/London,Desserts,Choc Tart,1,Regular,,8.00,0.00,8.00,1.33,T93066232,Bar iPad,,Payment,Takeaway,,
2026-07-02,18:21:00,Europe/London,Mains,Chicken Supreme,1,Regular,,19.00,0.00,19.00,3.17,T93066232,Bar iPad,,Payment,Eat in,,
2026-07-02,18:21:00,Europe/London,Desserts,Sticky Toffee Pudding,1,Regular,,8.00,0.00,8.00,1.33,T93066232,Bar iPad,,Payment,Takeaway,,
2026-07-02,18:21:00,Europe/London,Drinks,House White 175ml,2,Regular,,14.00,0.00,14.00,2.33,T93066232,Bar iPad,,Payment,Eat in,,
2026-07-02,18:21:00,Europe/London,Drinks,Coke,1,Regular,,3.00,0.00,3.00,0.50,T93066232,Bar iPad,,Payment,Eat in,,
2026-07-02,18:21:00,Europe/London,Drinks,Sparkling Water 750ml,1,Regular,,4.00,0.00,4.00,0.67,T93066232,Bar iPad,,Payment,Eat in,,
2026-07-02,18:22:00,Europe/London,Mains,Fish & Chips,1,Small,,13.00,0.00,13.00,2.17,T55948206,Counter iPad,,Payment,Eat in,,
2026-07-02,18:22:00,Europe/London,Sides,Truffle Fries,1,Regular,,6.00,0.00,6.00,1.00,T55948206,Counter iPad,,Payment,Eat in,,
2026-07-02,18:22:00,Europe/London,Starters,Salt & Pepper Squid,1,Regular,,9.50,0.00,9.50,1.58,T55948206,Counter iPad,,Payment,Takeaway,,
2026-07-02,18:22:00,Europe/London,Mains,Chicken Supreme,1,Regular,,19.00,0.00,19.00,3.17,T55948206,Counter iPad,,Payment,Eat in,,
2026-07-02,18:22:00,Europe/London,Mains,Tidewater Burger,1,Regular,Add Cheese,16.50,0.00,16.50,2.75,T55948206,Counter iPad,,Payment,Eat in,,
2026-07-02,18:22:00,Europe/London,Drinks,Lager Pint,2,Regular,,12.40,0.00,12.40,2.07,T55948206,Counter iPad,,Payment,Eat in,,
2026-07-02,18:22:00,Europe/London,Drinks,Espresso,1,Regular,,2.80,0.00,2.80,0.47,T55948206,Counter iPad,,Payment,Eat in,,
2026-07-02,18:22:00,Europe/London,Drinks,Flat White,1,Regular,,3.40,0.00,3.40,0.57,T55948206,Counter iPad,,Payment,Takeaway,,
2026-07-02,19:17:00,Europe/London,Starters,Soup of the Day,1,Regular,,7.00,0.00,7.00,1.17,T28030857,Counter iPad,,Payment,Takeaway,,
2026-07-02,19:17:00,Europe/London,Sides,Truffle Fries,1,Regular,,6.00,0.00,6.00,1.00,T28030857,Counter iPad,,Payment,Eat in,,
2026-07-02,19:17:00,Europe/London,Starters,Salt & Pepper Squid,1,Regular,,9.50,0.00,9.50,1.58,T28030857,Counter iPad,,Payment,Eat in,,
2026-07-02,19:17:00,Europe/London,Mains,Chicken Supreme,1,Regular,,19.00,0.00,19.00,3.17,T28030857,Counter iPad,,Payment,Takeaway,,
2026-07-02,19:17:00,Europe/London,Sides,Bread & Butter,1,Regular,,4.00,0.00,4.00,0.67,T28030857,Counter iPad,,Payment,Takeaway,,
2026-07-02,19:17:00,Europe/London,Drinks,Lager Pint,1,Regular,,6.20,0.00,6.20,1.03,T28030857,Counter iPad,,Payment,Takeaway,,
2026-07-02,19:17:00,Europe/London,Drinks,House White 175ml,1,Regular,,7.00,0.00,7.00,1.17,T28030857,Counter iPad,,Payment,Eat in,,
2026-07-02,19:17:00,Europe/London,Drinks,House Red 175ml,1,Regular,,7.00,0.00,7.00,1.17,T28030857,Counter iPad,,Payment,Eat in,,
2026-07-02,19:17:00,Europe/London,Drinks,Coke,1,Regular,,3.00,0.00,3.00,0.50,T28030857,Counter iPad,,Payment,Eat in,,
2026-07-02,19:18:00,Europe/London,Mains,Chicken Supreme,1,Regular,,19.00,0.00,19.00,3.17,T15890342,Counter iPad,,Payment,Eat in,C908,Sample Customer 908
2026-07-02,19:18:00,Europe/London,Sides,Truffle Fries,1,Regular,,6.00,0.00,6.00,1.00,T15890342,Counter iPad,,Payment,Eat in,C908,Sample Customer 908
2026-07-02,19:18:00,Europe/London,Mains,SPECIAL - Crab Linguine,1,Regular,,18.00,0.00,18.00,3.00,T15890342,Counter iPad,,Payment,Eat in,C908,Sample Customer 908
2026-07-02,19:18:00,Europe/London,Sides,Chips,1,Regular,,4.50,0.00,4.50,0.75,T15890342,Counter iPad,,Payment,Eat in,C908,Sample Customer 908
2026-07-02,19:18:00,Europe/London,Drinks,Lager Pint,2,Regular,,12.40,0.00,12.40,2.07,T15890342,Counter iPad,,Payment,Eat in,C908,Sample Customer 908
2026-07-02,19:18:00,Europe/London,Drinks,House White 175ml,2,Regular,,14.00,0.00,14.00,2.33,T15890342,Counter iPad,,Payment,Eat in,C908,Sample Customer 908
2026-07-02,19:18:00,Europe/London,Drinks,Coke,1,Regular,,3.00,0.00,3.00,0.50,T15890342,Counter iPad,,Payment,Eat in,C908,Sample Customer 908
2026-07-02,20:11:00,Europe/London,Mains,Lemon Sole (MP),1,Regular,,27.00,0.00,27.00,4.50,T86883397,Counter iPad,,Payment,Eat in,C904,Sample Customer 904
2026-07-02,20:11:00,Europe/London,Desserts,Affogato,1,Regular,,6.00,0.00,6.00,1.00,T86883397,Counter iPad,,Payment,Eat in,C904,Sample Customer 904
2026-07-02,20:11:00,Europe/London,Starters,Salt & Pepper Squid,1,Regular,,9.50,0.00,9.50,1.58,T86883397,Counter iPad,,Payment,Eat in,C904,Sample Customer 904
2026-07-02,20:11:00,Europe/London,Mains,Fish & Chips,1,Regular,,17.50,0.00,17.50,2.92,T86883397,Counter iPad,,Payment,Eat in,C904,Sample Customer 904
2026-07-02,20:11:00,Europe/London,Desserts,Choc Tart,1,Regular,,8.00,0.00,8.00,1.33,T86883397,Counter iPad,,Payment,Eat in,C904,Sample Customer 904
2026-07-02,20:11:00,Europe/London,Starters,Pork Belly Bites,1,Regular,,8.00,0.00,8.00,1.33,T86883397,Counter iPad,,Payment,Eat in,C904,Sample Customer 904
2026-07-02,20:11:00,Europe/London,Mains,Tidewater Burger,1,Regular,"Add Bacon, Add Cheese",16.50,0.00,16.50,2.75,T86883397,Counter iPad,,Payment,Eat in,C904,Sample Customer 904
2026-07-02,20:11:00,Europe/London,Drinks,Lager Pint,2,Regular,,12.40,0.00,12.40,2.07,T86883397,Counter iPad,,Payment,Eat in,C904,Sample Customer 904
2026-07-02,20:11:00,Europe/London,Drinks,House Red 175ml,1,Regular,,7.00,0.00,7.00,1.17,T86883397,Counter iPad,,Payment,Eat in,C904,Sample Customer 904
2026-07-02,20:11:00,Europe/London,Drinks,Coke,1,Regular,,3.00,0.00,3.00,0.50,T86883397,Counter iPad,,Payment,Eat in,C904,Sample Customer 904
2026-07-02,20:11:00,Europe/London,Drinks,Espresso,2,Regular,,5.60,0.00,5.60,0.93,T86883397,Counter iPad,,Payment,Takeaway,C904,Sample Customer 904
2026-07-02,20:45:00,Europe/London,Starters,Salt & Pepper Squid,2,Regular,,19.00,0.00,19.00,3.17,T38575424,Counter iPad,,Payment,Eat in,,
2026-07-02,20:45:00,Europe/London,Mains,Mushroom Risotto,2,Regular,,30.00,0.00,30.00,5.00,T38575424,Counter iPad,,Payment,Takeaway,,
2026-07-02,20:45:00,Europe/London,Drinks,House White 175ml,1,Regular,,7.00,0.00,7.00,1.17,T38575424,Counter iPad,,Payment,Eat in,,
2026-07-02,20:45:00,Europe/London,Drinks,Espresso,1,Regular,,2.80,0.00,2.80,0.47,T38575424,Counter iPad,,Payment,Eat in,,
2026-07-02,21:36:00,Europe/London,Mains,Steak Frites,1,Regular,,24.00,0.00,24.00,4.00,T24907340,Bar iPad,,Payment,Eat in,,
2026-07-02,21:36:00,Europe/London,Sides,Peppercorn Sauce,1,Regular,,3.00,0.00,3.00,0.50,T24907340,Bar iPad,,Payment,Eat in,,
2026-07-02,21:36:00,Europe/London,Sides,Fries,1,Regular,,4.50,0.00,4.50,0.75,T24907340,Bar iPad,,Payment,Takeaway,,
2026-07-02,21:36:00,Europe/London,Starters,Salt & Pepper Squid,1,Regular,,9.50,0.00,9.50,1.58,T24907340,Bar iPad,,Payment,Eat in,,
2026-07-02,21:36:00,Europe/London,Mains,Burger,1,Regular,Add Bacon,16.50,0.00,16.50,2.75,T24907340,Bar iPad,,Payment,Eat in,,
2026-07-02,21:36:00,Europe/London,Sides,Truffle Fries,1,Regular,,6.00,0.00,6.00,1.00,T24907340,Bar iPad,,Payment,Eat in,,
2026-07-02,21:36:00,Europe/London,Drinks,Lager Pint,1,Regular,,6.20,0.00,6.20,1.03,T24907340,Bar iPad,,Payment,Eat in,,
2026-07-02,21:36:00,Europe/London,Drinks,Coke,1,Regular,,3.00,0.00,3.00,0.50,T24907340,Bar iPad,,Payment,Takeaway,,
2026-07-02,22:35:00,Europe/London,Starters,Salt & Pepper Squid,1,Regular,,9.50,0.00,9.50,1.58,T23188208,Counter iPad,,Payment,Eat in,,
2026-07-02,22:35:00,Europe/London,Mains,Chicken Supreme,1,Regular,,19.00,0.00,19.00,3.17,T23188208,Counter iPad,,Payment,Eat in,,
2026-07-02,22:35:00,Europe/London,Desserts,Choc Tart,1,Regular,,8.00,0.00,8.00,1.33,T23188208,Counter iPad,,Payment,Eat in,,
2026-07-02,22:35:00,Europe/London,Mains,Steak Frites,1,Regular,,24.00,0.00,24.00,4.00,T23188208,Counter iPad,,Payment,Takeaway,,
2026-07-02,22:35:00,Europe/London,Sides,Chips,1,Regular,,4.50,0.00,4.50,0.75,T23188208,Counter iPad,,Payment,Eat in,,
2026-07-02,22:35:00,Europe/London,Desserts,Crème Brûlée,1,Regular,,7.50,0.00,7.50,1.25,T23188208,Counter iPad,,Payment,Takeaway,,
2026-07-02,22:35:00,Europe/London,Drinks,Lager Pint,1,Regular,,6.20,0.00,6.20,1.03,T23188208,Counter iPad,,Payment,Eat in,,
2026-07-02,22:35:00,Europe/London,Drinks,House White 175ml,1,Regular,,7.00,0.00,7.00,1.17,T23188208,Counter iPad,,Payment,Eat in,,
2026-07-02,22:35:00,Europe/London,Drinks,Espresso,1,Regular,,2.80,0.00,2.80,0.47,T23188208,Counter iPad,,Payment,Eat in,,
2026-07-02,22:46:00,Europe/London,Kids,Kids Burger,3,Regular,,22.50,0.00,22.50,3.75,T64863809,Counter iPad,,Payment,Eat in,,
2026-07-02,22:46:00,Europe/London,Kids,Kids Ice Cream,2,Regular,,7.00,0.00,7.00,1.17,T64863809,Counter iPad,,Payment,Eat in,,
2026-07-02,22:46:00,Europe/London,Starters,Soup of the Day,1,Regular,,7.00,0.00,7.00,1.17,T64863809,Counter iPad,,Payment,Eat in,,
2026-07-02,22:46:00,Europe/London,Mains,Fish & Chips,1,Regular,,17.50,0.00,17.50,2.92,T64863809,Counter iPad,,Payment,Takeaway,,
2026-07-02,22:46:00,Europe/London,Desserts,Choc Tart,1,Regular,,8.00,0.00,8.00,1.33,T64863809,Counter iPad,,Payment,Eat in,,
2026-07-02,22:46:00,Europe/London,Starters,Burrata,1,Regular,,10.00,0.00,10.00,1.67,T64863809,Counter iPad,,Payment,Eat in,,
2026-07-02,22:46:00,Europe/London,Mains,Chicken Supreme,1,Regular,,19.00,0.00,19.00,3.17,T64863809,Counter iPad,,Payment,Eat in,,
2026-07-02,22:46:00,Europe/London,Sides,Bread & Butter,1,Regular,,4.00,0.00,4.00,0.67,T64863809,Counter iPad,,Payment,Eat in,,
2026-07-02,22:46:00,Europe/London,Drinks,Lager Pint,1,Regular,,6.20,0.00,6.20,1.03,T64863809,Counter iPad,,Payment,Eat in,,
2026-07-02,22:46:00,Europe/London,Drinks,House White 175ml,2,Regular,,14.00,0.00,14.00,2.33,T64863809,Counter iPad,,Payment,Takeaway,,
2026-07-02,22:46:00,Europe/London,Drinks,House Red 175ml,3,Regular,,21.00,0.00,21.00,3.50,T64863809,Counter iPad,,Payment,Eat in,,
2026-07-02,22:46:00,Europe/London,Drinks,Coke,1,Regular,,3.00,0.00,3.00,0.50,T64863809,Counter iPad,,Payment,Eat in,,
2026-07-02,22:46:00,Europe/London,Drinks,Sparkling Water 750ml,1,Regular,,4.00,0.00,4.00,0.67,T64863809,Counter iPad,,Payment,Eat in,,
2026-07-02,22:46:00,Europe/London,Drinks,Espresso,2,Regular,,5.60,0.00,5.60,0.93,T64863809,Counter iPad,,Payment,Eat in,,
2026-07-02,23:00:00,Europe/London,Starters,Salt & Pepper Squid,1,Regular,,9.50,0.00,9.50,1.58,T22950875,Counter iPad,,Payment,Eat in,,
2026-07-02,23:00:00,Europe/London,Mains,Fish & Chips,2,Regular,,35.00,0.00,35.00,5.83,T22950875,Counter iPad,,Payment,Takeaway,,
2026-07-02,23:00:00,Europe/London,Desserts,Cheeseboard,1,3,,11.00,0.00,11.00,1.83,T22950875,Counter iPad,,Payment,Eat in,,
2026-07-02,23:00:00,Europe/London,Sides,Bread & Butter,1,Regular,,4.00,0.00,4.00,0.67,T22950875,Counter iPad,,Payment,Takeaway,,
2026-07-02,23:00:00,Europe/London,Drinks,Lager Pint,2,Regular,,12.40,0.00,12.40,2.07,T22950875,Counter iPad,,Payment,Takeaway,,
2026-07-02,23:00:00,Europe/London,Drinks,House White 175ml,1,Regular,,7.00,0.00,7.00,1.17,T22950875,Counter iPad,,Payment,Eat in,,
2026-07-02,23:00:00,Europe/London,Drinks,Flat White,1,Regular,,3.40,0.00,3.40,0.57,T22950875,Counter iPad,,Payment,Takeaway,,
2026-07-02,23:47:00,Europe/London,Mains,Chicken Supreme,1,Regular,,19.00,0.00,19.00,3.17,T95288807,Counter iPad,,Payment,Takeaway,,
2026-07-02,23:47:00,Europe/London,Starters,Salt & Pepper Squid,1,Regular,,9.50,0.00,9.50,1.58,T95288807,Counter iPad,,Payment,Eat in,,
2026-07-02,23:47:00,Europe/London,Mains,Lemon Sole (MP),2,Regular,,48.00,0.00,48.00,8.00,T95288807,Counter iPad,,Payment,Eat in,,
2026-07-02,23:47:00,Europe/London,Mains,Fish & Chips,1,Regular,,17.50,0.00,17.50,2.92,T95288807,Counter iPad,,Payment,Eat in,,
2026-07-02,23:47:00,Europe/London,Starters,Soup of the Day,1,Regular,,7.00,0.00,7.00,1.17,T95288807,Counter iPad,,Payment,Eat in,,
2026-07-02,23:47:00,Europe/London,Drinks,Lager Pint,1,Regular,,6.20,0.00,6.20,1.03,T95288807,Counter iPad,,Payment,Eat in,,
2026-07-02,23:47:00,Europe/London,Drinks,House White 175ml,2,Regular,,14.00,0.00,14.00,2.33,T95288807,Counter iPad,,Payment,Eat in,,
2026-07-02,23:47:00,Europe/London,Drinks,House Red 175ml,1,Regular,,7.00,0.00,7.00,1.17,T95288807,Counter iPad,,Payment,Eat in,,
2026-07-02,23:47:00,Europe/London,Drinks,Coke,3,Regular,,9.00,0.00,9.00,1.50,T95288807,Counter iPad,,Payment,Takeaway,,
2026-07-03,12:54:00,Europe/London,Set Menu,Set Lunch - 2 Courses,1,Regular,"Soup of the Day, Mushroom Risotto",20.00,0.00,20.00,3.33,T63276700,Bar iPad,,Payment,Eat in,C279,Sample Customer 279
2026-07-03,12:54:00,Europe/London,Starters,Mackerel Pate,1,Regular,,8.50,0.00,8.50,1.42,T63276700,Bar iPad,,Payment,Takeaway,C279,Sample Customer 279
2026-07-03,12:54:00,Europe/London,Mains,Chicken Supreme,1,Regular,,19.00,0.00,19.00,3.17,T63276700,Bar iPad,,Payment,Eat in,C279,Sample Customer 279
2026-07-03,12:54:00,Europe/London,Sides,Bread & Butter,1,Regular,,4.00,0.00,4.00,0.67,T63276700,Bar iPad,,Payment,Eat in,C279,Sample Customer 279
2026-07-03,12:54:00,Europe/London,Drinks,Lager Pint,2,Regular,,12.40,0.00,12.40,2.07,T63276700,Bar iPad,,Payment,Takeaway,C279,Sample Customer 279
2026-07-03,12:54:00,Europe/London,Drinks,Coke,1,Regular,,3.00,0.00,3.00,0.50,T63276700,Bar iPad,,Payment,Eat in,C279,Sample Customer 279
2026-07-03,13:34:00,Europe/London,Drinks,Coke,1,Regular,,-3.00,0.00,-3.00,-0.50,T63276700,Bar iPad,sent back,Refund,Eat in,C279,Sample Customer 279
2026-07-03,12:54:00,Europe/London,Drinks,Espresso,1,Regular,,2.80,0.00,2.80,0.47,T63276700,Bar iPad,,Payment,Takeaway,C279,Sample Customer 279
2026-07-03,12:54:00,Europe/London,Drinks,Flat White,1,Regular,,3.40,0.00,3.40,0.57,T63276700,Bar iPad,,Payment,Takeaway,C279,Sample Customer 279
2026-07-03,13:15:00,Europe/London,Starters,Pork Belly Bites,1,Regular,,8.00,0.00,8.00,1.33,T98646184,Counter iPad,,Payment,Eat in,,
2026-07-03,13:15:00,Europe/London,Mains,Steak Frites,1,Regular,,24.00,0.00,24.00,4.00,T98646184,Counter iPad,,Payment,Takeaway,,
2026-07-03,13:15:00,Europe/London,Sides,Bread & Butter,1,Regular,,4.00,0.00,4.00,0.67,T98646184,Counter iPad,,Payment,Eat in,,
2026-07-03,13:15:00,Europe/London,Drinks,Sparkling Water 750ml,1,Regular,,4.00,0.00,4.00,0.67,T98646184,Counter iPad,,Payment,Eat in,,
2026-07-03,13:17:00,Europe/London,Set Menu,Set Lunch - 3 Courses,1,Regular,"Mackerel Pate, Fish & Chips (Small), Sticky Toffee Pudding",25.00,0.00,25.00,4.17,T28940890,Counter iPad,,Payment,Eat in,C187,Sample Customer 187
2026-07-03,13:17:00,Europe/London,Mains,Tidewater Burger,1,Regular,,16.50,0.00,16.50,2.75,T28940890,Counter iPad,,Payment,Takeaway,C187,Sample Customer 187
2026-07-03,13:17:00,Europe/London,Drinks,Lager Pint,1,Regular,,6.20,0.00,6.20,1.03,T28940890,Counter iPad,,Payment,Eat in,C187,Sample Customer 187
2026-07-03,13:17:00,Europe/London,Drinks,House Red 175ml,1,Regular,,7.00,0.00,7.00,1.17,T28940890,Counter iPad,,Payment,Takeaway,C187,Sample Customer 187
2026-07-03,13:17:00,Europe/London,Drinks,Espresso,2,Regular,,5.60,0.00,5.60,0.93,T28940890,Counter iPad,,Payment,Eat in,C187,Sample Customer 187
2026-07-03,13:31:00,Europe/London,Starters,Rock Oysters,1,x3,,9.00,0.00,9.00,1.50,T61987819,Bar iPad,,Payment,Takeaway,,
2026-07-03,13:31:00,Europe/London,Mains,Burger,2,Regular,,33.00,0.00,33.00,5.50,T61987819,Bar iPad,,Payment,Eat in,,
2026-07-03,13:31:00,Europe/London,Set Menu,Set Lunch - 2 Courses,1,Regular,"Soup of the Day, Fish & Chips (Small)",20.00,0.00,20.00,3.33,T61987819,Bar iPad,,Payment,Takeaway,,
2026-07-03,13:31:00,Europe/London,Starters,Pork Belly Bites,1,Regular,,8.00,0.00,8.00,1.33,T61987819,Bar iPad,,Payment,Eat in,,
2026-07-03,13:31:00,Europe/London,Set Menu,Set Lunch - 3 Courses,1,Regular,"Soup of the Day, Fish & Chips (Small), Kids Ice Cream",25.00,0.00,25.00,4.17,T61987819,Bar iPad,,Payment,Eat in,,
2026-07-03,13:31:00,Europe/London,Sides,Bread & Butter,1,Regular,,4.00,0.00,4.00,0.67,T61987819,Bar iPad,,Payment,Eat in,,
2026-07-03,13:31:00,Europe/London,Drinks,Lager Pint,2,Regular,,12.40,0.00,12.40,2.07,T61987819,Bar iPad,,Payment,Takeaway,,
2026-07-03,13:31:00,Europe/London,Drinks,Espresso,1,Regular,,2.80,0.00,2.80,0.47,T61987819,Bar iPad,,Payment,Takeaway,,
2026-07-03,16:30:00,Europe/London,Other,Staff Meal,1,Regular,Burger,10.00,-10.00,0.00,0.00,T41946188,Counter iPad,,Payment,Eat in,,
2026-07-03,13:50:00,Europe/London,Mains,Fish & Chips,1,Regular,,17.50,0.00,17.50,2.92,T59361641,Counter iPad,,Payment,Eat in,C243,Sample Customer 243
2026-07-03,13:50:00,Europe/London,Desserts,Choc Tart,1,Regular,,8.00,0.00,8.00,1.33,T59361641,Counter iPad,,Payment,Eat in,C243,Sample Customer 243
2026-07-03,13:50:00,Europe/London,Set Menu,Set Lunch - 2 Courses,2,Regular,"Soup of the Day, Fish & Chips (Small), Mackerel Pate, Fish & Chips (Small)",40.00,0.00,40.00,6.67,T59361641,Counter iPad,,Payment,Eat in,C243,Sample Customer 243
2026-07-03,13:50:00,Europe/London,Mains,Chicken Supreme,1,Regular,,19.00,0.00,19.00,3.17,T59361641,Counter iPad,,Payment,Takeaway,C243,Sample Customer 243
2026-07-03,13:50:00,Europe/London,Sides,Chips,1,Regular,,4.50,0.00,4.50,0.75,T59361641,Counter iPad,,Payment,Eat in,C243,Sample Customer 243
2026-07-03,13:50:00,Europe/London,Sides,Bread & Butter,1,Regular,,4.00,0.00,4.00,0.67,T59361641,Counter iPad,,Payment,Takeaway,C243,Sample Customer 243
2026-07-03,13:50:00,Europe/London,Drinks,Lager Pint,2,Regular,,12.40,0.00,12.40,2.07,T59361641,Counter iPad,,Payment,Takeaway,C243,Sample Customer 243
2026-07-03,13:50:00,Europe/London,Drinks,Coke,2,Regular,,6.00,0.00,6.00,1.00,T59361641,Counter iPad,,Payment,Eat in,C243,Sample Customer 243
2026-07-03,13:58:00,Europe/London,Starters,Mackerel Pate,1,Regular,,8.50,0.00,8.50,1.42,T24261743,Counter iPad,,Payment,Eat in,,
2026-07-03,13:58:00,Europe/London,Mains,SPECIAL - Crab Linguine,1,Regular,,18.00,0.00,18.00,3.00,T24261743,Counter iPad,,Payment,Eat in,,
2026-07-03,14:22:00,Europe/London,Mains,Fish & Chips,1,Regular,,17.50,0.00,17.50,2.92,T86788845,Counter iPad,,Payment,Eat in,,
2026-07-03,14:22:00,Europe/London,Desserts,Choc Tart,1,Regular,,8.00,0.00,8.00,1.33,T86788845,Counter iPad,,Payment,Eat in,,
2026-07-03,14:22:00,Europe/London,Set Menu,Set Lunch - 3 Courses,1,Regular,"Mackerel Pate, Mushroom Risotto, Kids Ice Cream",25.00,0.00,25.00,4.17,T86788845,Counter iPad,,Payment,Eat in,,
2026-07-03,14:22:00,Europe/London,Drinks,Lager Pint,2,Regular,,12.40,0.00,12.40,2.07,T86788845,Counter iPad,,Payment,Eat in,,
2026-07-03,14:22:00,Europe/London,Drinks,House White 175ml,1,Regular,,7.00,0.00,7.00,1.17,T86788845,Counter iPad,,Payment,Takeaway,,
2026-07-03,14:22:00,Europe/London,Drinks,Sparkling Water 750ml,1,Regular,,4.00,0.00,4.00,0.67,T86788845,Counter iPad,,Payment,Takeaway,,
2026-07-03,14:22:00,Europe/London,Drinks,Espresso,1,Regular,,2.80,0.00,2.80,0.47,T86788845,Counter iPad,,Payment,Takeaway,,
2026-07-03,14:25:00,Europe/London,Mains,Mushroom Risotto,1,Regular,,15.00,0.00,15.00,2.50,T44416544,Counter iPad,,Payment,Eat in,,
2026-07-03,14:25:00,Europe/London,Set Menu,Set Lunch - 3 Courses,1,Regular,"Soup of the Day, Mushroom Risotto, Kids Ice Cream",25.00,0.00,25.00,4.17,T44416544,Counter iPad,,Payment,Eat in,,
2026-07-03,14:25:00,Europe/London,Drinks,Lager Pint,2,Regular,,12.40,0.00,12.40,2.07,T44416544,Counter iPad,,Payment,Eat in,,
2026-07-03,14:25:00,Europe/London,Drinks,House White 175ml,1,Regular,,7.00,0.00,7.00,1.17,T44416544,Counter iPad,,Payment,Eat in,,
2026-07-03,14:25:00,Europe/London,Drinks,House Red 175ml,2,Regular,,14.00,0.00,14.00,2.33,T44416544,Counter iPad,,Payment,Eat in,,
2026-07-03,14:25:00,Europe/London,Drinks,Espresso,1,Regular,,2.80,0.00,2.80,0.47,T44416544,Counter iPad,,Payment,Eat in,,
2026-07-03,14:37:00,Europe/London,Mains,Fish & Chips,2,Regular,,35.00,0.00,35.00,5.83,T38309991,Counter iPad,,Payment,Eat in,,
2026-07-03,14:37:00,Europe/London,Desserts,Sticky Toffee Pudding,1,Regular,,8.00,0.00,8.00,1.33,T38309991,Counter iPad,,Payment,Eat in,,
2026-07-03,14:37:00,Europe/London,Sides,Chips,1,Regular,,4.50,0.00,4.50,0.75,T38309991,Counter iPad,,Payment,Takeaway,,
2026-07-03,14:37:00,Europe/London,Desserts,Choc Tart,1,Regular,,8.00,0.00,8.00,1.33,T38309991,Counter iPad,,Payment,Eat in,,
2026-07-03,14:37:00,Europe/London,Drinks,Lager Pint,1,Regular,,6.20,0.00,6.20,1.03,T38309991,Counter iPad,,Payment,Eat in,,
2026-07-03,14:37:00,Europe/London,Drinks,House White 175ml,1,Regular,,7.00,0.00,7.00,1.17,T38309991,Counter iPad,,Payment,Eat in,,
2026-07-03,14:37:00,Europe/London,Drinks,House Red 175ml,1,Regular,,7.00,0.00,7.00,1.17,T38309991,Counter iPad,,Payment,Eat in,,
2026-07-03,14:37:00,Europe/London,Drinks,Coke,1,Regular,,3.00,0.00,3.00,0.50,T38309991,Counter iPad,,Payment,Eat in,,
2026-07-03,14:45:00,Europe/London,Starters,Pork Belly Bites,1,Regular,,8.00,0.00,8.00,1.33,T14139586,Counter iPad,,Payment,Eat in,,
2026-07-03,14:45:00,Europe/London,Mains,SPECIAL - Crab Linguine,1,Regular,,18.00,0.00,18.00,3.00,T14139586,Counter iPad,,Payment,Takeaway,,
2026-07-03,14:45:00,Europe/London,Mains,Fish & Chips,1,Regular,,17.50,0.00,17.50,2.92,T14139586,Counter iPad,,Payment,Eat in,,
2026-07-03,14:45:00,Europe/London,Sides,Tenderstem,1,Regular,,5.00,0.00,5.00,0.83,T14139586,Counter iPad,,Payment,Eat in,,
2026-07-03,14:45:00,Europe/London,Desserts,Crème Brûlée,1,Regular,,7.50,0.00,7.50,1.25,T14139586,Counter iPad,,Payment,Eat in,,
2026-07-03,14:45:00,Europe/London,Sides,Bread & Butter,1,Regular,,4.00,0.00,4.00,0.67,T14139586,Counter iPad,,Payment,Takeaway,,
2026-07-03,14:45:00,Europe/London,Drinks,Lager Pint,1,Regular,,6.20,0.00,6.20,1.03,T14139586,Counter iPad,,Payment,Eat in,,
2026-07-03,14:45:00,Europe/London,Drinks,Flat White,1,Regular,,3.40,0.00,3.40,0.57,T14139586,Counter iPad,,Payment,Eat in,,
2026-07-03,18:24:00,Europe/London,Mains,Fish & Chips,2,Regular,,35.00,0.00,35.00,5.83,T83117893,Bar iPad,,Payment,Takeaway,,
2026-07-03,18:24:00,Europe/London,Sides,Truffle Fries,1,Regular,,6.00,0.00,6.00,1.00,T83117893,Bar iPad,,Payment,Eat in,,
2026-07-03,18:24:00,Europe/London,Desserts,Choc Tart,2,Regular,,16.00,0.00,16.00,2.67,T83117893,Bar iPad,,Payment,Takeaway,,
2026-07-03,18:24:00,Europe/London,Starters,Salt & Pepper Squid,1,Regular,,9.50,0.00,9.50,1.58,T83117893,Bar iPad,,Payment,Eat in,,
2026-07-03,18:24:00,Europe/London,Mains,Mushroom Risotto,1,Regular,,15.00,0.00,15.00,2.50,T83117893,Bar iPad,,Payment,Eat in,,
2026-07-03,18:24:00,Europe/London,Sides,Bread & Butter,1,Regular,,4.00,0.00,4.00,0.67,T83117893,Bar iPad,,Payment,Eat in,,
2026-07-03,18:24:00,Europe/London,Drinks,Lager Pint,1,Regular,,6.20,0.00,6.20,1.03,T83117893,Bar iPad,,Payment,Eat in,,
2026-07-03,18:24:00,Europe/London,Drinks,House White 175ml,1,Regular,,7.00,0.00,7.00,1.17,T83117893,Bar iPad,,Payment,Takeaway,,
2026-07-03,18:24:00,Europe/London,Drinks,House Red 175ml,1,Regular,,7.00,0.00,7.00,1.17,T83117893,Bar iPad,,Payment,Takeaway,,
2026-07-03,18:24:00,Europe/London,Drinks,Coke,1,Regular,,3.00,0.00,3.00,0.50,T83117893,Bar iPad,,Payment,Eat in,,
2026-07-03,18:24:00,Europe/London,Drinks,Flat White,1,Regular,,3.40,0.00,3.40,0.57,T83117893,Bar iPad,,Payment,Eat in,,
2026-07-03,18:54:00,Europe/London,Mains,Steak Frites,1,Regular,,24.00,0.00,24.00,4.00,T22996495,Bar iPad,,Payment,Takeaway,,
2026-07-03,18:54:00,Europe/London,Sides,Fries,1,Regular,,4.50,0.00,4.50,0.75,T22996495,Bar iPad,,Payment,Eat in,,
2026-07-03,18:54:00,Europe/London,Desserts,Creme Brulee,1,Regular,,7.50,0.00,7.50,1.25,T22996495,Bar iPad,,Payment,Eat in,,
2026-07-03,18:54:00,Europe/London,Starters,Burrata,1,Regular,,10.00,0.00,10.00,1.67,T22996495,Bar iPad,,Payment,Eat in,,
2026-07-03,18:54:00,Europe/London,Mains,Fish & Chips,1,Regular,,17.50,0.00,17.50,2.92,T22996495,Bar iPad,,Payment,Eat in,,
2026-07-03,18:54:00,Europe/London,Sides,Tenderstem,1,Regular,,5.00,0.00,5.00,0.83,T22996495,Bar iPad,,Payment,Takeaway,,
2026-07-03,18:54:00,Europe/London,Desserts,Affogato,1,Regular,,6.00,0.00,6.00,1.00,T22996495,Bar iPad,,Payment,Takeaway,,
2026-07-03,18:54:00,Europe/London,Sides,Bread & Butter,1,Regular,,4.00,0.00,4.00,0.67,T22996495,Bar iPad,,Payment,Eat in,,
2026-07-03,18:54:00,Europe/London,Drinks,Lager Pint,1,Regular,,6.20,0.00,6.20,1.03,T22996495,Bar iPad,,Payment,Takeaway,,
2026-07-03,18:54:00,Europe/London,Drinks,House White 175ml,1,Regular,,7.00,0.00,7.00,1.17,T22996495,Bar iPad,,Payment,Eat in,,
2026-07-03,18:54:00,Europe/London,Drinks,Flat White,1,Regular,,3.40,0.00,3.40,0.57,T22996495,Bar iPad,,Payment,Takeaway,,
2026-07-03,18:58:00,Europe/London,Kids,Kids Fish & Chips,2,Regular,,16.00,0.00,16.00,2.67,T95540891,Counter iPad,,Payment,Eat in,,
2026-07-03,18:58:00,Europe/London,Desserts,Cheeseboard,1,5,,16.00,0.00,16.00,2.67,T95540891,Counter iPad,,Payment,Takeaway,,
2026-07-03,18:58:00,Europe/London,Starters,Salt & Pepper Squid,1,Regular,,9.50,0.00,9.50,1.58,T95540891,Counter iPad,,Payment,Eat in,,
2026-07-03,18:58:00,Europe/London,Mains,SPECIAL - Crab Linguine,1,Regular,,18.00,0.00,18.00,3.00,T95540891,Counter iPad,,Payment,Eat in,,
2026-07-03,18:58:00,Europe/London,Desserts,Crème Brûlée,1,Regular,,7.50,0.00,7.50,1.25,T95540891,Counter iPad,,Payment,Takeaway,,
2026-07-03,18:58:00,Europe/London,Sides,Bread & Butter,1,Regular,,4.00,0.00,4.00,0.67,T95540891,Counter iPad,,Payment,Eat in,,
2026-07-03,18:58:00,Europe/London,Drinks,Lager Pint,2,Regular,,12.40,0.00,12.40,2.07,T95540891,Counter iPad,,Payment,Eat in,,
2026-07-03,18:58:00,Europe/London,Drinks,Coke,1,Regular,,3.00,0.00,3.00,0.50,T95540891,Counter iPad,,Payment,Eat in,,
2026-07-03,19:08:00,Europe/London,Starters,Soup of the Day,1,Regular,,7.00,0.00,7.00,1.17,T46223840,Counter iPad,,Payment,Takeaway,,
2026-07-03,19:48:00,Europe/London,Starters,Soup of the Day,1,Regular,,-7.00,0.00,-7.00,-1.17,T46223840,Counter iPad,sent back,Refund,Eat in,,
2026-07-03,19:08:00,Europe/London,Mains,Steak Frites,1,Regular,,24.00,0.00,24.00,4.00,T46223840,Counter iPad,,Payment,Eat in,,
2026-07-03,19:08:00,Europe/London,Mains,Hake,1,Regular,,22.00,0.00,22.00,3.67,T46223840,Counter iPad,,Payment,Eat in,,
2026-07-03,19:08:00,Europe/London,Sides,Chips,1,Regular,,4.50,0.00,4.50,0.75,T46223840,Counter iPad,,Payment,Eat in,,
2026-07-03,19:08:00,Europe/London,Sides,Bread & Butter,1,Regular,,4.00,0.00,4.00,0.67,T46223840,Counter iPad,,Payment,Eat in,,
2026-07-03,19:08:00,Europe/London,Drinks,House Red 175ml,1,Regular,,7.00,0.00,7.00,1.17,T46223840,Counter iPad,,Payment,Eat in,,
2026-07-03,19:08:00,Europe/London,Drinks,Sparkling Water 750ml,1,Regular,,4.00,0.00,4.00,0.67,T46223840,Counter iPad,,Payment,Eat in,,
2026-07-03,19:08:00,Europe/London,Starters,Soup of the Day,1,Regular,,7.00,0.00,7.00,1.17,T69961941,Counter iPad,,Payment,Takeaway,C326,Sample Customer 326
2026-07-03,19:08:00,Europe/London,Mains,Fish & Chips,1,Regular,,17.50,0.00,17.50,2.92,T69961941,Counter iPad,,Payment,Eat in,C326,Sample Customer 326
2026-07-03,19:08:00,Europe/London,Desserts,Cheeseboard,1,3,,11.00,0.00,11.00,1.83,T69961941,Counter iPad,,Payment,Eat in,C326,Sample Customer 326
2026-07-03,19:08:00,Europe/London,Starters,Salt & Pepper Squid,1,Regular,,9.50,0.00,9.50,1.58,T69961941,Counter iPad,,Payment,Eat in,C326,Sample Customer 326
2026-07-03,19:08:00,Europe/London,Mains,Chicken Supreme,1,Regular,,19.00,0.00,19.00,3.17,T69961941,Counter iPad,,Payment,Eat in,C326,Sample Customer 326
2026-07-03,19:08:00,Europe/London,Sides,Chips,1,Regular,,4.50,0.00,4.50,0.75,T69961941,Counter iPad,,Payment,Takeaway,C326,Sample Customer 326
2026-07-03,19:08:00,Europe/London,Drinks,Lager Pint,1,Regular,,6.20,0.00,6.20,1.03,T69961941,Counter iPad,,Payment,Eat in,C326,Sample Customer 326
2026-07-03,19:08:00,Europe/London,Drinks,House Red 175ml,1,Regular,,7.00,0.00,7.00,1.17,T69961941,Counter iPad,,Payment,Eat in,C326,Sample Customer 326
2026-07-03,19:48:00,Europe/London,Drinks,House Red 175ml,1,Regular,,-7.00,0.00,-7.00,-1.17,T69961941,Counter iPad,sent back,Refund,Eat in,C326,Sample Customer 326
2026-07-03,19:08:00,Europe/London,Drinks,Coke,1,Regular,,3.00,0.00,3.00,0.50,T69961941,Counter iPad,,Payment,Takeaway,C326,Sample Customer 326
2026-07-03,19:08:00,Europe/London,Drinks,Espresso,2,Regular,,5.60,0.00,5.60,0.93,T69961941,Counter iPad,,Payment,Eat in,C326,Sample Customer 326
2026-07-03,19:36:00,Europe/London,Kids,Kids Burger,1,Regular,,7.50,0.00,7.50,1.25,T97846058,Counter iPad,,Payment,Eat in,,
2026-07-03,19:36:00,Europe/London,Kids,Kids Ice Cream,1,Regular,,3.50,0.00,3.50,0.58,T97846058,Counter iPad,,Payment,Takeaway,,
2026-07-03,19:36:00,Europe/London,Starters,Mackerel Pate,1,Regular,,8.50,0.00,8.50,1.42,T97846058,Counter iPad,,Payment,Takeaway,,
2026-07-03,19:36:00,Europe/London,Mains,Fish & Chips,1,Regular,,17.50,0.00,17.50,2.92,T97846058,Counter iPad,,Payment,Eat in,,
2026-07-03,19:36:00,Europe/London,Sides,Truffle Fries,1,Regular,,6.00,0.00,6.00,1.00,T97846058,Counter iPad,,Payment,Takeaway,,
2026-07-03,19:36:00,Europe/London,Desserts,Sticky Toffee Pudding,2,Regular,,16.00,0.00,16.00,2.67,T97846058,Counter iPad,,Payment,Eat in,,
2026-07-03,19:36:00,Europe/London,Sides,Bread & Butter,1,Regular,,4.00,0.00,4.00,0.67,T97846058,Counter iPad,,Payment,Takeaway,,
2026-07-03,19:36:00,Europe/London,Drinks,Lager Pint,1,Regular,,6.20,0.00,6.20,1.03,T97846058,Counter iPad,,Payment,Eat in,,
2026-07-03,19:36:00,Europe/London,Drinks,House White 175ml,1,Regular,,7.00,0.00,7.00,1.17,T97846058,Counter iPad,,Payment,Eat in,,
2026-07-03,19:36:00,Europe/London,Drinks,House Red 175ml,1,Regular,,7.00,0.00,7.00,1.17,T97846058,Counter iPad,,Payment,Eat in,,
2026-07-03,19:36:00,Europe/London,Drinks,Coke,2,Regular,,6.00,0.00,6.00,1.00,T97846058,Counter iPad,,Payment,Eat in,,
2026-07-03,19:36:00,Europe/London,Drinks,Sparkling Water 750ml,1,Regular,,4.00,0.00,4.00,0.67,T97846058,Counter iPad,,Payment,Eat in,,
2026-07-03,19:43:00,Europe/London,Mains,Fish & Chips,1,Regular,,17.50,0.00,17.50,2.92,T92646111,Bar iPad,,Payment,Eat in,,
2026-07-03,19:43:00,Europe/London,Desserts,Choc Tart,1,Regular,,8.00,0.00,8.00,1.33,T92646111,Bar iPad,,Payment,Takeaway,,
2026-07-03,19:45:00,Europe/London,Desserts,Choc Tart,1,Regular,,0.00,0.00,0.00,0.00,T92646111,Bar iPad,wrong table,Void,Eat in,,
2026-07-03,19:43:00,Europe/London,Drinks,Lager Pint,2,Regular,,12.40,0.00,12.40,2.07,T92646111,Bar iPad,,Payment,Takeaway,,
2026-07-03,19:43:00,Europe/London,Drinks,Coke,1,Regular,,3.00,0.00,3.00,0.50,T92646111,Bar iPad,,Payment,Takeaway,,
2026-07-03,20:30:00,Europe/London,Kids,Kids Fish & Chips,1,Regular,,8.00,0.00,8.00,1.33,T93328829,Counter iPad,,Payment,Eat in,,
2026-07-03,20:30:00,Europe/London,Kids,Kids Ice Cream,1,Regular,,3.50,0.00,3.50,0.58,T93328829,Counter iPad,,Payment,Eat in,,
2026-07-03,20:30:00,Europe/London,Mains,Mushroom Risotto,1,Regular,,15.00,0.00,15.00,2.50,T93328829,Counter iPad,,Payment,Takeaway,,
2026-07-03,20:30:00,Europe/London,Sides,Truffle Fries,1,Regular,,6.00,0.00,6.00,1.00,T93328829,Counter iPad,,Payment,Eat in,,
2026-07-03,20:30:00,Europe/London,Starters,Soup of the Day,1,Regular,,7.00,0.00,7.00,1.17,T93328829,Counter iPad,,Payment,Takeaway,,
2026-07-03,20:30:00,Europe/London,Mains,Hake,1,Regular,,22.00,0.00,22.00,3.67,T93328829,Counter iPad,,Payment,Eat in,,
2026-07-03,20:30:00,Europe/London,Sides,Bread & Butter,1,Regular,,4.00,0.00,4.00,0.67,T93328829,Counter iPad,,Payment,Eat in,,
2026-07-03,20:30:00,Europe/London,Drinks,Lager Pint,1,Regular,,6.20,0.00,6.20,1.03,T93328829,Counter iPad,,Payment,Eat in,,
2026-07-03,20:30:00,Europe/London,Drinks,House Red 175ml,1,Regular,,7.00,0.00,7.00,1.17,T93328829,Counter iPad,,Payment,Eat in,,
2026-07-03,20:30:00,Europe/London,Drinks,Flat White,1,Regular,,3.40,0.00,3.40,0.57,T93328829,Counter iPad,,Payment,Eat in,,
2026-07-03,20:30:00,Europe/London,Other,Custom Amount,1,Regular,,5.00,0.00,5.00,0.83,T93328829,Counter iPad,,Payment,Eat in,,
2026-07-03,20:34:00,Europe/London,Starters,Soup of the Day,1,Regular,,7.00,0.00,7.00,1.17,T96337664,Counter iPad,,Payment,Eat in,,
2026-07-03,21:14:00,Europe/London,Starters,Soup of the Day,1,Regular,,-7.00,0.00,-7.00,-1.17,T96337664,Counter iPad,sent back,Refund,Eat in,,
2026-07-03,20:34:00,Europe/London,Mains,Tidewater Burger,1,Regular,,16.50,0.00,16.50,2.75,T96337664,Counter iPad,,Payment,Eat in,,
2026-07-03,20:34:00,Europe/London,Starters,Rock Oysters,1,x3,,9.00,0.00,9.00,1.50,T96337664,Counter iPad,,Payment,Eat in,,
2026-07-03,20:34:00,Europe/London,Mains,Mushroom Risotto,1,Regular,,15.00,0.00,15.00,2.50,T96337664,Counter iPad,,Payment,Eat in,,
2026-07-03,20:34:00,Europe/London,Sides,Chips,1,Regular,,4.50,0.00,4.50,0.75,T96337664,Counter iPad,,Payment,Eat in,,
2026-07-03,20:34:00,Europe/London,Sides,Bread & Butter,1,Regular,,4.00,0.00,4.00,0.67,T96337664,Counter iPad,,Payment,Eat in,,
2026-07-03,20:34:00,Europe/London,Drinks,Lager Pint,1,Regular,,6.20,0.00,6.20,1.03,T96337664,Counter iPad,,Payment,Takeaway,,
2026-07-03,20:34:00,Europe/London,Drinks,House White 175ml,2,Regular,,14.00,0.00,14.00,2.33,T96337664,Counter iPad,,Payment,Eat in,,
2026-07-03,21:24:00,Europe/London,Starters,Mackerel Pate,1,Regular,,8.50,0.00,8.50,1.42,T45908461,Counter iPad,,Payment,Takeaway,,
2026-07-03,21:24:00,Europe/London,Mains,Mushroom Risotto,1,Regular,,15.00,0.00,15.00,2.50,T45908461,Counter iPad,,Payment,Eat in,,
2026-07-03,21:24:00,Europe/London,Desserts,Choc Tart,1,Regular,,8.00,0.00,8.00,1.33,T45908461,Counter iPad,,Payment,Takeaway,,
2026-07-03,21:24:00,Europe/London,Mains,Steak Frites,1,Regular,,24.00,0.00,24.00,4.00,T45908461,Counter iPad,,Payment,Takeaway,,
2026-07-03,21:24:00,Europe/London,Mains,Tidewater Burger,1,Regular,,16.50,0.00,16.50,2.75,T45908461,Counter iPad,,Payment,Eat in,,
2026-07-03,21:24:00,Europe/London,Sides,Bread & Butter,1,Regular,,4.00,0.00,4.00,0.67,T45908461,Counter iPad,,Payment,Eat in,,
2026-07-03,21:24:00,Europe/London,Drinks,Lager Pint,1,Regular,,6.20,0.00,6.20,1.03,T45908461,Counter iPad,,Payment,Eat in,,
2026-07-03,21:24:00,Europe/London,Drinks,Coke,1,Regular,,3.00,0.00,3.00,0.50,T45908461,Counter iPad,,Payment,Eat in,,
2026-07-03,21:24:00,Europe/London,Drinks,Sparkling Water 750ml,1,Regular,,4.00,0.00,4.00,0.67,T45908461,Counter iPad,,Payment,Eat in,,
2026-07-03,21:28:00,Europe/London,Mains,Hake,1,Regular,,22.00,0.00,22.00,3.67,T44363454,Counter iPad,,Payment,Eat in,,
2026-07-03,21:28:00,Europe/London,Sides,Bread & Butter,1,Regular,,4.00,0.00,4.00,0.67,T44363454,Counter iPad,,Payment,Takeaway,,
2026-07-03,21:28:00,Europe/London,Drinks,House White 175ml,1,Regular,,7.00,0.00,7.00,1.17,T44363454,Counter iPad,,Payment,Eat in,,
2026-07-03,21:28:00,Europe/London,Drinks,House Red 175ml,1,Regular,,7.00,0.00,7.00,1.17,T44363454,Counter iPad,,Payment,Eat in,,
2026-07-03,22:18:00,Europe/London,Starters,Pork Belly Bites,1,Regular,,8.00,0.00,8.00,1.33,T16642337,Counter iPad,,Payment,Takeaway,,
2026-07-03,22:18:00,Europe/London,Mains,Hake,1,Regular,,22.00,0.00,22.00,3.67,T16642337,Counter iPad,,Payment,Eat in,,
2026-07-03,22:18:00,Europe/London,Sides,Chips,2,Regular,,9.00,0.00,9.00,1.50,T16642337,Counter iPad,,Payment,Eat in,,
2026-07-03,22:18:00,Europe/London,Mains,Mushroom Risotto,1,Regular,,15.00,0.00,15.00,2.50,T16642337,Counter iPad,,Payment,Eat in,,
2026-07-03,22:18:00,Europe/London,Sides,Bread & Butter,1,Regular,,4.00,0.00,4.00,0.67,T16642337,Counter iPad,,Payment,Eat in,,
2026-07-03,22:18:00,Europe/London,Drinks,Lager Pint,1,Regular,,6.20,0.00,6.20,1.03,T16642337,Counter iPad,,Payment,Eat in,,
2026-07-03,22:18:00,Europe/London,Drinks,House White 175ml,1,Regular,,7.00,0.00,7.00,1.17,T16642337,Counter iPad,,Payment,Takeaway,,
2026-07-03,22:18:00,Europe/London,Drinks,House Red 175ml,1,Regular,,7.00,0.00,7.00,1.17,T16642337,Counter iPad,,Payment,Eat in,,
2026-07-03,22:18:00,Europe/London,Drinks,Sparkling Water 750ml,1,Regular,,4.00,0.00,4.00,0.67,T16642337,Counter iPad,,Payment,Eat in,,
2026-07-03,22:46:00,Europe/London,Mains,Fish & Chips,1,Regular,,17.50,0.00,17.50,2.92,T11961023,Counter iPad,,Payment,Eat in,C718,Sample Customer 718
2026-07-03,22:46:00,Europe/London,Starters,Pork Belly Bites,1,Regular,,8.00,0.00,8.00,1.33,T11961023,Counter iPad,,Payment,Eat in,C718,Sample Customer 718
2026-07-03,22:46:00,Europe/London,Mains,Mushroom Risotto,1,Regular,,15.00,0.00,15.00,2.50,T11961023,Counter iPad,,Payment,Eat in,C718,Sample Customer 718
2026-07-03,22:46:00,Europe/London,Desserts,Sticky Toffee Pudding,1,Regular,,8.00,0.00,8.00,1.33,T11961023,Counter iPad,,Payment,Eat in,C718,Sample Customer 718
2026-07-03,22:46:00,Europe/London,Starters,Salt & Pepper Squid,1,Regular,,9.50,0.00,9.50,1.58,T11961023,Counter iPad,,Payment,Eat in,C718,Sample Customer 718
2026-07-03,22:46:00,Europe/London,Mains,Steak Frites,1,Regular,,24.00,0.00,24.00,4.00,T11961023,Counter iPad,,Payment,Eat in,C718,Sample Customer 718
2026-07-03,22:46:00,Europe/London,Sides,Peppercorn Sauce,1,Regular,,3.00,0.00,3.00,0.50,T11961023,Counter iPad,,Payment,Eat in,C718,Sample Customer 718
2026-07-03,22:46:00,Europe/London,Starters,Soup of the Day,1,Regular,,7.00,0.00,7.00,1.17,T11961023,Counter iPad,,Payment,Eat in,C718,Sample Customer 718
2026-07-03,22:46:00,Europe/London,Mains,Fish & Chips,1,Small,,13.00,0.00,13.00,2.17,T11961023,Counter iPad,,Payment,Eat in,C718,Sample Customer 718
2026-07-03,22:46:00,Europe/London,Sides,Bread & Butter,1,Regular,,4.00,0.00,4.00,0.67,T11961023,Counter iPad,,Payment,Eat in,C718,Sample Customer 718
2026-07-03,22:46:00,Europe/London,Drinks,Lager Pint,3,Regular,,18.60,0.00,18.60,3.10,T11961023,Counter iPad,,Payment,Takeaway,C718,Sample Customer 718
2026-07-03,22:46:00,Europe/London,Drinks,Coke,1,Regular,,3.00,0.00,3.00,0.50,T11961023,Counter iPad,,Payment,Eat in,C718,Sample Customer 718
2026-07-03,22:46:00,Europe/London,Drinks,Espresso,1,Regular,,2.80,0.00,2.80,0.47,T11961023,Counter iPad,,Payment,Eat in,C718,Sample Customer 718
2026-07-03,23:18:00,Europe/London,Mains,Burger,1,Regular,,16.50,0.00,16.50,2.75,T71499882,Bar iPad,,Payment,Eat in,,
2026-07-03,23:18:00,Europe/London,Mains,Mushroom Risotto,1,Regular,,15.00,0.00,15.00,2.50,T71499882,Bar iPad,,Payment,Takeaway,,
2026-07-03,23:18:00,Europe/London,Desserts,Affogato,1,Regular,,6.00,0.00,6.00,1.00,T71499882,Bar iPad,,Payment,Eat in,,
2026-07-03,23:18:00,Europe/London,Drinks,Lager Pint,1,Regular,,6.20,0.00,6.20,1.03,T71499882,Bar iPad,,Payment,Eat in,,
2026-07-03,23:18:00,Europe/London,Drinks,House White 175ml,1,Regular,,7.00,0.00,7.00,1.17,T71499882,Bar iPad,,Payment,Takeaway,,
2026-07-03,23:18:00,Europe/London,Drinks,Sparkling Water 750ml,1,Regular,,4.00,0.00,4.00,0.67,T71499882,Bar iPad,,Payment,Takeaway,,
2026-07-03,23:33:00,Europe/London,Starters,Mackerel Pate,1,Regular,,8.50,0.00,8.50,1.42,T77356599,Bar iPad,,Payment,Eat in,,
2026-07-03,23:33:00,Europe/London,Mains,SPECIAL - Crab Linguine,1,Regular,,18.00,0.00,18.00,3.00,T77356599,Bar iPad,,Payment,Eat in,,
2026-07-03,23:33:00,Europe/London,Sides,Fries,1,Regular,,4.50,0.00,4.50,0.75,T77356599,Bar iPad,,Payment,Eat in,,
2026-07-03,23:33:00,Europe/London,Sides,Bread & Butter,1,Regular,,4.00,0.00,4.00,0.67,T77356599,Bar iPad,,Payment,Eat in,,
2026-07-03,23:33:00,Europe/London,Drinks,Lager Pint,1,Regular,,6.20,0.00,6.20,1.03,T77356599,Bar iPad,,Payment,Takeaway,,
2026-07-03,23:33:00,Europe/London,Drinks,Sparkling Water 750ml,1,Regular,,4.00,0.00,4.00,0.67,T77356599,Bar iPad,,Payment,Eat in,,
2026-07-03,23:33:00,Europe/London,Drinks,Flat White,1,Regular,,3.40,0.00,3.40,0.57,T77356599,Bar iPad,,Payment,Eat in,,
2026-07-03,23:48:00,Europe/London,Starters,Salt & Pepper Squid,2,Regular,,19.00,0.00,19.00,3.17,T62697089,Counter iPad,,Payment,Eat in,,
2026-07-03,23:48:00,Europe/London,Mains,Lamb Rump,1,Regular,,26.00,0.00,26.00,4.33,T62697089,Counter iPad,,Payment,Takeaway,,
2026-07-03,23:48:00,Europe/London,Mains,Chicken Supreme,2,Regular,,38.00,0.00,38.00,6.33,T62697089,Counter iPad,,Payment,Eat in,,
2026-07-03,23:48:00,Europe/London,Sides,Chips,2,Regular,,9.00,0.00,9.00,1.50,T62697089,Counter iPad,,Payment,Takeaway,,
2026-07-03,23:48:00,Europe/London,Mains,Mushroom Risotto,1,Regular,,15.00,0.00,15.00,2.50,T62697089,Counter iPad,,Payment,Eat in,,
2026-07-03,23:48:00,Europe/London,Sides,Truffle Fries,1,Regular,,6.00,0.00,6.00,1.00,T62697089,Counter iPad,,Payment,Eat in,,
2026-07-03,23:48:00,Europe/London,Drinks,Lager Pint,2,Regular,,12.40,0.00,12.40,2.07,T62697089,Counter iPad,,Payment,Eat in,,
2026-07-03,23:48:00,Europe/London,Drinks,House White 175ml,1,Regular,,7.00,0.00,7.00,1.17,T62697089,Counter iPad,,Payment,Eat in,,
2026-07-03,23:48:00,Europe/London,Drinks,House Red 175ml,1,Regular,,7.00,0.00,7.00,1.17,T62697089,Counter iPad,,Payment,Eat in,,
2026-07-03,23:48:00,Europe/London,Drinks,Coke,1,Regular,,3.00,0.00,3.00,0.50,T62697089,Counter iPad,,Payment,Eat in,,
2026-07-03,23:48:00,Europe/London,Drinks,Sparkling Water 750ml,1,Regular,,4.00,0.00,4.00,0.67,T62697089,Counter iPad,,Payment,Eat in,,
2026-07-04,12:08:00,Europe/London,Mains,Fish & Chips,1,Regular,,17.50,0.00,17.50,2.92,T74958010,Counter iPad,,Payment,Eat in,,
2026-07-04,12:08:00,Europe/London,Desserts,Affogato,1,Regular,,6.00,0.00,6.00,1.00,T74958010,Counter iPad,,Payment,Eat in,,
2026-07-04,12:08:00,Europe/London,Sides,Bread & Butter,1,Regular,,4.00,0.00,4.00,0.67,T74958010,Counter iPad,,Payment,Eat in,,
2026-07-04,12:08:00,Europe/London,Drinks,Lager Pint,2,Regular,,12.40,0.00,12.40,2.07,T74958010,Counter iPad,,Payment,Eat in,,
2026-07-04,12:08:00,Europe/London,Drinks,Espresso,1,Regular,,2.80,0.00,2.80,0.47,T74958010,Counter iPad,,Payment,Eat in,,
2026-07-04,12:13:00,Europe/London,Starters,Salt & Pepper Squid,1,Regular,,9.50,0.00,9.50,1.58,T39226553,Counter iPad,,Payment,Eat in,,
2026-07-04,12:13:00,Europe/London,Mains,Tidewater Burger,1,Regular,"Add Bacon, Add Cheese",16.50,0.00,16.50,2.75,T39226553,Counter iPad,,Payment,Eat in,,
2026-07-04,12:13:00,Europe/London,Sides,Chips,2,Regular,,9.00,0.00,9.00,1.50,T39226553,Counter iPad,,Payment,Eat in,,
2026-07-04,12:13:00,Europe/London,Mains,Hake,1,Regular,,22.00,0.00,22.00,3.67,T39226553,Counter iPad,,Payment,Eat in,,
2026-07-04,12:13:00,Europe/London,Starters,Soup of the Day,1,Regular,,7.00,0.00,7.00,1.17,T39226553,Counter iPad,,Payment,Eat in,,
2026-07-04,12:13:00,Europe/London,Mains,Fish & Chips,1,Regular,,17.50,0.00,17.50,2.92,T39226553,Counter iPad,,Payment,Eat in,,
2026-07-04,12:13:00,Europe/London,Desserts,Choc Tart,1,Regular,,8.00,0.00,8.00,1.33,T39226553,Counter iPad,,Payment,Eat in,,
2026-07-04,12:13:00,Europe/London,Starters,Mackerel Pate,1,Regular,,8.50,0.00,8.50,1.42,T39226553,Counter iPad,,Payment,Eat in,,
2026-07-04,12:13:00,Europe/London,Mains,Chicken Supreme,1,Regular,,19.00,0.00,19.00,3.17,T39226553,Counter iPad,,Payment,Eat in,,
2026-07-04,12:13:00,Europe/London,Sides,Bread & Butter,1,Regular,,4.00,0.00,4.00,0.67,T39226553,Counter iPad,,Payment,Eat in,,
2026-07-04,12:13:00,Europe/London,Drinks,Lager Pint,4,Regular,,24.80,0.00,24.80,4.13,T39226553,Counter iPad,,Payment,Eat in,,
2026-07-04,12:13:00,Europe/London,Drinks,House White 175ml,1,Regular,,7.00,0.00,7.00,1.17,T39226553,Counter iPad,,Payment,Eat in,,
2026-07-04,12:13:00,Europe/London,Drinks,House Red 175ml,1,Regular,,7.00,0.00,7.00,1.17,T39226553,Counter iPad,,Payment,Takeaway,,
2026-07-04,12:14:00,Europe/London,Mains,Lamb Rump,2,Regular,,52.00,0.00,52.00,8.67,T89679030,Bar iPad,,Payment,Eat in,,
2026-07-04,12:14:00,Europe/London,Desserts,Affogato,1,Regular,,6.00,0.00,6.00,1.00,T89679030,Bar iPad,,Payment,Eat in,,
2026-07-04,12:14:00,Europe/London,Starters,Salt & Pepper Squid,1,Regular,,9.50,0.00,9.50,1.58,T89679030,Bar iPad,,Payment,Takeaway,,
2026-07-04,12:14:00,Europe/London,Sides,Truffle Fries,1,Regular,,6.00,0.00,6.00,1.00,T89679030,Bar iPad,,Payment,Takeaway,,
2026-07-04,12:14:00,Europe/London,Desserts,Choc Tart,1,Regular,,8.00,0.00,8.00,1.33,T89679030,Bar iPad,,Payment,Takeaway,,
2026-07-04,12:14:00,Europe/London,Drinks,Lager Pint,1,Regular,,6.20,0.00,6.20,1.03,T89679030,Bar iPad,,Payment,Takeaway,,
2026-07-04,12:14:00,Europe/London,Drinks,House White 175ml,1,Regular,,7.00,0.00,7.00,1.17,T89679030,Bar iPad,,Payment,Eat in,,
2026-07-04,12:15:00,Europe/London,Mains,Lamb Rump,1,Regular,,26.00,0.00,26.00,4.33,T92722236,Counter iPad,,Payment,Eat in,,
2026-07-04,12:15:00,Europe/London,Sides,Truffle Fries,1,Regular,,6.00,0.00,6.00,1.00,T92722236,Counter iPad,,Payment,Eat in,,
2026-07-04,12:15:00,Europe/London,Starters,Salt & Pepper Squid,1,Regular,,9.50,0.00,9.50,1.58,T92722236,Counter iPad,,Payment,Eat in,,
2026-07-04,12:15:00,Europe/London,Mains,SPECIAL - Crab Linguine,1,Regular,,18.00,0.00,18.00,3.00,T92722236,Counter iPad,,Payment,Takeaway,,
2026-07-04,12:15:00,Europe/London,Desserts,Crème Brûlée,1,Regular,,7.50,0.00,7.50,1.25,T92722236,Counter iPad,,Payment,Takeaway,,
2026-07-04,12:15:00,Europe/London,Sides,Bread & Butter,1,Regular,,4.00,0.00,4.00,0.67,T92722236,Counter iPad,,Payment,Takeaway,,
2026-07-04,12:15:00,Europe/London,Drinks,Lager Pint,2,Regular,,12.40,0.00,12.40,2.07,T92722236,Counter iPad,,Payment,Eat in,,
2026-07-04,12:15:00,Europe/London,Drinks,House White 175ml,2,Regular,,14.00,0.00,14.00,2.33,T92722236,Counter iPad,,Payment,Eat in,,
2026-07-04,12:16:00,Europe/London,Starters,Salt & Pepper Squid,1,Regular,,9.50,0.00,9.50,1.58,T59882003,Counter iPad,Table 7 - call 07700 900546 when ready,Payment,Takeaway,,
2026-07-04,12:16:00,Europe/London,Mains,Hake,1,Regular,,22.00,0.00,22.00,3.67,T59882003,Counter iPad,Table 7 - call 07700 900546 when ready,Payment,Eat in,,
2026-07-04,12:16:00,Europe/London,Mains,Tidewater Burger,1,Regular,,16.50,0.00,16.50,2.75,T59882003,Counter iPad,Table 7 - call 07700 900546 when ready,Payment,Eat in,,
2026-07-04,12:16:00,Europe/London,Drinks,Lager Pint,1,Regular,,6.20,0.00,6.20,1.03,T59882003,Counter iPad,Table 7 - call 07700 900546 when ready,Payment,Eat in,,
2026-07-04,12:16:00,Europe/London,Drinks,House White 175ml,1,Regular,,7.00,0.00,7.00,1.17,T59882003,Counter iPad,Table 7 - call 07700 900546 when ready,Payment,Eat in,,
2026-07-04,12:16:00,Europe/London,Drinks,House Red 175ml,1,Regular,,7.00,0.00,7.00,1.17,T59882003,Counter iPad,Table 7 - call 07700 900546 when ready,Payment,Eat in,,
2026-07-04,12:16:00,Europe/London,Drinks,Coke,1,Regular,,3.00,0.00,3.00,0.50,T59882003,Counter iPad,Table 7 - call 07700 900546 when ready,Payment,Eat in,,
2026-07-04,12:16:00,Europe/London,Drinks,Flat White,1,Regular,,3.40,0.00,3.40,0.57,T59882003,Counter iPad,Table 7 - call 07700 900546 when ready,Payment,Eat in,,
2026-07-04,12:52:00,Europe/London,Mains,Steak Frites,3,Regular,,72.00,0.00,72.00,12.00,T64112704,Counter iPad,,Payment,Eat in,,
2026-07-04,12:52:00,Europe/London,Sides,Chips,2,Regular,,9.00,0.00,9.00,1.50,T64112704,Counter iPad,,Payment,Eat in,,
2026-07-04,12:52:00,Europe/London,Desserts,Cheeseboard,1,3,,11.00,0.00,11.00,1.83,T64112704,Counter iPad,,Payment,Eat in,,
2026-07-04,12:52:00,Europe/London,Desserts,Crème Brûlée,1,Regular,,7.50,0.00,7.50,1.25,T64112704,Counter iPad,,Payment,Takeaway,,
2026-07-04,12:52:00,Europe/London,Sides,Truffle Fries,1,Regular,,6.00,0.00,6.00,1.00,T64112704,Counter iPad,,Payment,Eat in,,
2026-07-04,12:52:00,Europe/London,Sides,Bread & Butter,1,Regular,,4.00,0.00,4.00,0.67,T64112704,Counter iPad,,Payment,Eat in,,
2026-07-04,12:52:00,Europe/London,Drinks,Lager Pint,1,Regular,,6.20,0.00,6.20,1.03,T64112704,Counter iPad,,Payment,Eat in,,
2026-07-04,12:52:00,Europe/London,Drinks,House White 175ml,2,Regular,,14.00,0.00,14.00,2.33,T64112704,Counter iPad,,Payment,Takeaway,,
2026-07-04,13:04:00,Europe/London,Starters,Pork Belly Bites,1,Regular,,8.00,0.00,8.00,1.33,T73719368,Counter iPad,,Payment,Eat in,,
2026-07-04,13:04:00,Europe/London,Mains,Fish & Chips,1,Regular,,17.50,0.00,17.50,2.92,T73719368,Counter iPad,,Payment,Eat in,,
2026-07-04,13:04:00,Europe/London,Starters,Mackerel Pate,1,Regular,,8.50,0.00,8.50,1.42,T73719368,Counter iPad,,Payment,Eat in,,
2026-07-04,13:04:00,Europe/London,Mains,Lamb Rump,1,Regular,,26.00,0.00,26.00,4.33,T73719368,Counter iPad,,Payment,Eat in,,
2026-07-04,13:04:00,Europe/London,Sides,Bread & Butter,1,Regular,,4.00,0.00,4.00,0.67,T73719368,Counter iPad,,Payment,Takeaway,,
2026-07-04,13:04:00,Europe/London,Drinks,House Red 175ml,1,Regular,,7.00,0.00,7.00,1.17,T73719368,Counter iPad,,Payment,Eat in,,
2026-07-04,13:04:00,Europe/London,Drinks,Coke,1,Regular,,3.00,0.00,3.00,0.50,T73719368,Counter iPad,,Payment,Takeaway,,
2026-07-04,13:04:00,Europe/London,Drinks,Espresso,2,Regular,,5.60,0.00,5.60,0.93,T73719368,Counter iPad,,Payment,Eat in,,
2026-07-04,13:21:00,Europe/London,Starters,Pork Belly Bites,1,Regular,,8.00,0.00,8.00,1.33,T10117430,Counter iPad,,Payment,Eat in,,
2026-07-04,13:21:00,Europe/London,Mains,Fish & Chips,1,Regular,,17.50,0.00,17.50,2.92,T10117430,Counter iPad,,Payment,Eat in,,
2026-07-04,13:21:00,Europe/London,Mains,Tidewater Burger,1,Regular,"Add Bacon, Add Cheese",16.50,0.00,16.50,2.75,T10117430,Counter iPad,,Payment,Eat in,,
2026-07-04,13:21:00,Europe/London,Sides,Truffle Fries,1,Regular,,6.00,0.00,6.00,1.00,T10117430,Counter iPad,,Payment,Eat in,,
2026-07-04,13:21:00,Europe/London,Starters,Rock Oysters,1,x3,,9.00,0.00,9.00,1.50,T10117430,Counter iPad,,Payment,Eat in,,
2026-07-04,13:21:00,Europe/London,Drinks,Lager Pint,1,Regular,,6.20,0.00,6.20,1.03,T10117430,Counter iPad,,Payment,Eat in,,
2026-07-04,13:21:00,Europe/London,Drinks,House Red 175ml,1,Regular,,7.00,0.00,7.00,1.17,T10117430,Counter iPad,,Payment,Eat in,,
2026-07-04,13:21:00,Europe/London,Drinks,Coke,2,Regular,,6.00,0.00,6.00,1.00,T10117430,Counter iPad,,Payment,Eat in,,
2026-07-04,13:21:00,Europe/London,Drinks,Sparkling Water 750ml,2,Regular,,8.00,0.00,8.00,1.33,T10117430,Counter iPad,,Payment,Eat in,,
2026-07-04,13:21:00,Europe/London,Drinks,Espresso,1,Regular,,2.80,0.00,2.80,0.47,T10117430,Counter iPad,,Payment,Eat in,,
2026-07-04,13:21:00,Europe/London,Drinks,Flat White,2,Regular,,6.80,0.00,6.80,1.13,T10117430,Counter iPad,,Payment,Eat in,,
2026-07-04,13:22:00,Europe/London,Mains,Fish & Chips,1,Regular,,17.50,0.00,17.50,2.92,T64209388,Bar iPad,,Payment,Eat in,,
2026-07-04,13:22:00,Europe/London,Sides,Truffle Fries,1,Regular,,6.00,0.00,6.00,1.00,T64209388,Bar iPad,,Payment,Eat in,,
2026-07-04,13:22:00,Europe/London,Starters,Burrata,1,Regular,,10.00,0.00,10.00,1.67,T64209388,Bar iPad,,Payment,Takeaway,,
2026-07-04,13:22:00,Europe/London,Mains,Burger,1,Regular,,16.50,0.00,16.50,2.75,T64209388,Bar iPad,,Payment,Eat in,,
2026-07-04,13:22:00,Europe/London,Sides,Fries,1,Regular,,4.50,0.00,4.50,0.75,T64209388,Bar iPad,,Payment,Eat in,,
2026-07-04,13:22:00,Europe/London,Drinks,Lager Pint,1,Regular,,6.20,0.00,6.20,1.03,T64209388,Bar iPad,,Payment,Takeaway,,
2026-07-04,13:22:00,Europe/London,Drinks,House Red 175ml,1,Regular,,7.00,0.00,7.00,1.17,T64209388,Bar iPad,,Payment,Eat in,,
2026-07-04,13:33:00,Europe/London,Kids,Kids Fish & Chips,1,Regular,,8.00,0.00,8.00,1.33,T32102657,Bar iPad,,Payment,Eat in,C603,Sample Customer 603
2026-07-04,13:33:00,Europe/London,Starters,Mackerel Pate,1,Regular,,8.50,0.00,8.50,1.42,T32102657,Bar iPad,,Payment,Eat in,C603,Sample Customer 603
2026-07-04,13:33:00,Europe/London,Mains,Burger,1,Regular,Add Cheese,16.50,0.00,16.50,2.75,T32102657,Bar iPad,,Payment,Eat in,C603,Sample Customer 603
2026-07-04,13:33:00,Europe/London,Desserts,Sticky Toffee Pudding,1,Regular,,8.00,0.00,8.00,1.33,T32102657,Bar iPad,,Payment,Eat in,C603,Sample Customer 603
2026-07-04,13:33:00,Europe/London,Mains,Fish & Chips,1,Regular,,17.50,0.00,17.50,2.92,T32102657,Bar iPad,,Payment,Eat in,C603,Sample Customer 603
2026-07-04,13:33:00,Europe/London,Desserts,Creme Brulee,1,Regular,,7.50,0.00,7.50,1.25,T32102657,Bar iPad,,Payment,Eat in,C603,Sample Customer 603
2026-07-04,13:33:00,Europe/London,Sides,Bread & Butter,1,Regular,,4.00,0.00,4.00,0.67,T32102657,Bar iPad,,Payment,Eat in,C603,Sample Customer 603
2026-07-04,13:33:00,Europe/London,Drinks,Lager Pint,2,Regular,,12.40,0.00,12.40,2.07,T32102657,Bar iPad,,Payment,Takeaway,C603,Sample Customer 603
2026-07-04,13:33:00,Europe/London,Drinks,Coke,2,Regular,,6.00,0.00,6.00,1.00,T32102657,Bar iPad,,Payment,Eat in,C603,Sample Customer 603
2026-07-04,13:48:00,Europe/London,Mains,Burger,1,Regular,Add Cheese,16.50,0.00,16.50,2.75,T59899134,Bar iPad,,Payment,Eat in,,
2026-07-04,13:50:00,Europe/London,Mains,Burger,1,Regular,,0.00,0.00,0.00,0.00,T59899134,Bar iPad,wrong table,Void,Eat in,,
2026-07-04,13:48:00,Europe/London,Sides,Truffle Fries,1,Regular,,6.00,0.00,6.00,1.00,T59899134,Bar iPad,,Payment,Takeaway,,
2026-07-04,13:48:00,Europe/London,Starters,Mackerel Pate,1,Regular,,8.50,0.00,8.50,1.42,T59899134,Bar iPad,,Payment,Eat in,,
2026-07-04,13:48:00,Europe/London,Mains,Lamb Rump,1,Regular,,26.00,0.00,26.00,4.33,T59899134,Bar iPad,,Payment,Eat in,,
2026-07-04,13:48:00,Europe/London,Drinks,House White 175ml,1,Regular,,7.00,0.00,7.00,1.17,T59899134,Bar iPad,,Payment,Eat in,,
2026-07-04,13:48:00,Europe/London,Drinks,House Red 175ml,2,Regular,,14.00,0.00,14.00,2.33,T59899134,Bar iPad,,Payment,Eat in,,
2026-07-04,13:48:00,Europe/London,Drinks,Coke,1,Regular,,3.00,0.00,3.00,0.50,T59899134,Bar iPad,,Payment,Takeaway,,
2026-07-04,14:31:00,Europe/London,Mains,Hake,2,Regular,,44.00,0.00,44.00,7.33,T83248989,Counter iPad,,Payment,Takeaway,,
2026-07-04,14:31:00,Europe/London,Starters,Salt & Pepper Squid,2,Regular,,19.00,0.00,19.00,3.17,T83248989,Counter iPad,,Payment,Eat in,,
2026-07-04,14:31:00,Europe/London,Mains,SPECIAL - Crab Linguine,1,Regular,,18.00,0.00,18.00,3.00,T83248989,Counter iPad,,Payment,Eat in,,
2026-07-04,14:31:00,Europe/London,Sides,Chips,1,Regular,,4.50,0.00,4.50,0.75,T83248989,Counter iPad,,Payment,Eat in,,
2026-07-04,14:31:00,Europe/London,Starters,Rock Oysters,1,x3,,9.00,0.00,9.00,1.50,T83248989,Counter iPad,,Payment,Eat in,,
2026-07-04,14:31:00,Europe/London,Drinks,Lager Pint,2,Regular,,12.40,0.00,12.40,2.07,T83248989,Counter iPad,,Payment,Eat in,,
2026-07-04,14:31:00,Europe/London,Drinks,House White 175ml,1,Regular,,7.00,0.00,7.00,1.17,T83248989,Counter iPad,,Payment,Eat in,,
2026-07-04,14:33:00,Europe/London,Drinks,House White 175ml,1,Regular,,0.00,0.00,0.00,0.00,T83248989,Counter iPad,wrong table,Void,Eat in,,
2026-07-04,18:10:00,Europe/London,Starters,Mackerel Pate,2,Regular,,17.00,0.00,17.00,2.83,T80084805,Counter iPad,,Payment,Eat in,,
2026-07-04,18:10:00,Europe/London,Starters,Rock Oysters,1,x3,,9.00,0.00,9.00,1.50,T80084805,Counter iPad,,Payment,Takeaway,,
2026-07-04,18:10:00,Europe/London,Mains,Chicken Supreme,1,Regular,,19.00,0.00,19.00,3.17,T80084805,Counter iPad,,Payment,Takeaway,,
2026-07-04,18:10:00,Europe/London,Desserts,Crème Brûlée,1,Regular,,7.50,0.00,7.50,1.25,T80084805,Counter iPad,,Payment,Eat in,,
2026-07-04,18:10:00,Europe/London,Mains,Fish & Chips,1,Regular,,17.50,0.00,17.50,2.92,T80084805,Counter iPad,,Payment,Eat in,,
2026-07-04,18:10:00,Europe/London,Desserts,Sticky Toffee Pudding,1,Regular,,8.00,0.00,8.00,1.33,T80084805,Counter iPad,,Payment,Eat in,,
2026-07-04,18:10:00,Europe/London,Sides,Bread & Butter,1,Regular,,4.00,0.00,4.00,0.67,T80084805,Counter iPad,,Payment,Eat in,,
2026-07-04,18:10:00,Europe/London,Drinks,Lager Pint,1,Regular,,6.20,0.00,6.20,1.03,T80084805,Counter iPad,,Payment,Eat in,,
2026-07-04,18:10:00,Europe/London,Drinks,Flat White,1,Regular,,3.40,0.00,3.40,0.57,T80084805,Counter iPad,,Payment,Eat in,,
2026-07-04,18:18:00,Europe/London,Starters,Salt & Pepper Squid,2,Regular,,19.00,0.00,19.00,3.17,T66543666,Counter iPad,,Payment,Eat in,,
2026-07-04,18:18:00,Europe/London,Mains,Tidewater Burger,1,Regular,Add Bacon,16.50,0.00,16.50,2.75,T66543666,Counter iPad,,Payment,Takeaway,,
2026-07-04,18:18:00,Europe/London,Sides,Chips,1,Regular,,4.50,0.00,4.50,0.75,T66543666,Counter iPad,,Payment,Takeaway,,
2026-07-04,18:18:00,Europe/London,Desserts,Sticky Toffee Pudding,2,Regular,,16.00,0.00,16.00,2.67,T66543666,Counter iPad,,Payment,Eat in,,
2026-07-04,18:18:00,Europe/London,Mains,SPECIAL - Crab Linguine,1,Regular,,18.00,0.00,18.00,3.00,T66543666,Counter iPad,,Payment,Eat in,,
2026-07-04,18:18:00,Europe/London,Drinks,Lager Pint,1,Regular,,6.20,0.00,6.20,1.03,T66543666,Counter iPad,,Payment,Takeaway,,
2026-07-04,18:18:00,Europe/London,Drinks,Sparkling Water 750ml,1,Regular,,4.00,0.00,4.00,0.67,T66543666,Counter iPad,,Payment,Eat in,,
2026-07-04,18:18:00,Europe/London,Drinks,Espresso,1,Regular,,2.80,0.00,2.80,0.47,T66543666,Counter iPad,,Payment,Takeaway,,
2026-07-04,18:47:00,Europe/London,Starters,Soup of the Day,1,Regular,,7.00,0.00,7.00,1.17,T45372921,Counter iPad,,Payment,Eat in,,
2026-07-04,18:47:00,Europe/London,Mains,Fish & Chips,1,Regular,,17.50,0.00,17.50,2.92,T45372921,Counter iPad,,Payment,Eat in,,
2026-07-04,18:47:00,Europe/London,Desserts,Crème Brûlée,1,Regular,,7.50,0.00,7.50,1.25,T45372921,Counter iPad,,Payment,Takeaway,,
2026-07-04,18:47:00,Europe/London,Starters,Rock Oysters,1,x6,,16.00,0.00,16.00,2.67,T45372921,Counter iPad,,Payment,Eat in,,
2026-07-04,18:47:00,Europe/London,Mains,Tidewater Burger,2,Regular,,33.00,0.00,33.00,5.50,T45372921,Counter iPad,,Payment,Eat in,,
2026-07-04,18:47:00,Europe/London,Sides,Truffle Fries,1,Regular,,6.00,0.00,6.00,1.00,T45372921,Counter iPad,,Payment,Eat in,,
2026-07-04,18:47:00,Europe/London,Starters,Salt & Pepper Squid,1,Regular,,9.50,0.00,9.50,1.58,T45372921,Counter iPad,,Payment,Takeaway,,
2026-07-04,18:47:00,Europe/London,Desserts,Affogato,1,Regular,,6.00,0.00,6.00,1.00,T45372921,Counter iPad,,Payment,Takeaway,,
2026-07-04,18:47:00,Europe/London,Drinks,Lager Pint,2,Regular,,12.40,0.00,12.40,2.07,T45372921,Counter iPad,,Payment,Eat in,,
2026-07-04,18:47:00,Europe/London,Drinks,House White 175ml,2,Regular,,14.00,0.00,14.00,2.33,T45372921,Counter iPad,,Payment,Eat in,,
2026-07-04,18:47:00,Europe/London,Drinks,Coke,2,Regular,,6.00,0.00,6.00,1.00,T45372921,Counter iPad,,Payment,Eat in,,
2026-07-04,18:47:00,Europe/London,Drinks,Sparkling Water 750ml,2,Regular,,8.00,0.00,8.00,1.33,T45372921,Counter iPad,,Payment,Eat in,,
2026-07-04,18:47:00,Europe/London,Drinks,Espresso,2,Regular,,5.60,0.00,5.60,0.93,T45372921,Counter iPad,,Payment,Eat in,,
2026-07-04,18:47:00,Europe/London,Drinks,Flat White,1,Regular,,3.40,0.00,3.40,0.57,T45372921,Counter iPad,,Payment,Eat in,,
2026-07-04,16:30:00,Europe/London,Other,Staff Meal,1,Regular,Fish & Chips,10.00,-10.00,0.00,0.00,T31273132,Counter iPad,,Payment,Eat in,,
2026-07-04,18:49:00,Europe/London,Kids,Kids Burger,1,Regular,,7.50,0.00,7.50,1.25,T28834038,Counter iPad,,Payment,Eat in,,
2026-07-04,18:49:00,Europe/London,Kids,Kids Ice Cream,1,Regular,,3.50,0.00,3.50,0.58,T28834038,Counter iPad,,Payment,Eat in,,
2026-07-04,18:49:00,Europe/London,Mains,Tidewater Burger,1,Regular,,16.50,0.00,16.50,2.75,T28834038,Counter iPad,,Payment,Eat in,,
2026-07-04,18:49:00,Europe/London,Mains,Fish & Chips,1,Small,,13.00,0.00,13.00,2.17,T28834038,Counter iPad,,Payment,Takeaway,,
2026-07-04,18:49:00,Europe/London,Sides,Chips,2,Regular,,9.00,0.00,9.00,1.50,T28834038,Counter iPad,,Payment,Eat in,,
2026-07-04,18:49:00,Europe/London,Mains,SPECIAL - Crab Linguine,1,Regular,,18.00,0.00,18.00,3.00,T28834038,Counter iPad,,Payment,Eat in,,
2026-07-04,18:49:00,Europe/London,Desserts,Crème Brûlée,1,Regular,,7.50,0.00,7.50,1.25,T28834038,Counter iPad,,Payment,Eat in,,
2026-07-04,18:49:00,Europe/London,Sides,Bread & Butter,1,Regular,,4.00,0.00,4.00,0.67,T28834038,Counter iPad,,Payment,Takeaway,,
2026-07-04,18:49:00,Europe/London,Drinks,Lager Pint,1,Regular,,6.20,0.00,6.20,1.03,T28834038,Counter iPad,,Payment,Takeaway,,
2026-07-04,18:49:00,Europe/London,Drinks,House White 175ml,2,Regular,,14.00,0.00,14.00,2.33,T28834038,Counter iPad,,Payment,Eat in,,
2026-07-04,18:49:00,Europe/London,Drinks,House Red 175ml,2,Regular,,14.00,0.00,14.00,2.33,T28834038,Counter iPad,,Payment,Takeaway,,
2026-07-04,18:49:00,Europe/London,Drinks,Coke,1,Regular,,3.00,0.00,3.00,0.50,T28834038,Counter iPad,,Payment,Eat in,,
2026-07-04,18:49:00,Europe/London,Drinks,Espresso,1,Regular,,2.80,0.00,2.80,0.47,T28834038,Counter iPad,,Payment,Eat in,,
2026-07-04,18:54:00,Europe/London,Mains,Fish & Chips,1,Regular,,17.50,0.00,17.50,2.92,T61416572,Counter iPad,,Payment,Eat in,,
2026-07-04,18:54:00,Europe/London,Starters,Mackerel Pate,1,Regular,,8.50,0.00,8.50,1.42,T61416572,Counter iPad,,Payment,Takeaway,,
2026-07-04,18:54:00,Europe/London,Mains,SPECIAL - Crab Linguine,1,Regular,,18.00,0.00,18.00,3.00,T61416572,Counter iPad,,Payment,Takeaway,,
2026-07-04,18:54:00,Europe/London,Sides,Chips,1,Regular,,4.50,0.00,4.50,0.75,T61416572,Counter iPad,,Payment,Eat in,,
2026-07-04,18:54:00,Europe/London,Desserts,Sticky Toffee Pudding,1,Regular,,8.00,0.00,8.00,1.33,T61416572,Counter iPad,,Payment,Eat in,,
2026-07-04,18:54:00,Europe/London,Starters,Salt & Pepper Squid,1,Regular,,9.50,0.00,9.50,1.58,T61416572,Counter iPad,,Payment,Eat in,,
2026-07-04,18:54:00,Europe/London,Mains,Chicken Supreme,1,Regular,,19.00,0.00,19.00,3.17,T61416572,Counter iPad,,Payment,Eat in,,
2026-07-04,18:54:00,Europe/London,Sides,Bread & Butter,1,Regular,,4.00,0.00,4.00,0.67,T61416572,Counter iPad,,Payment,Eat in,,
2026-07-04,18:54:00,Europe/London,Drinks,Lager Pint,1,Regular,,6.20,0.00,6.20,1.03,T61416572,Counter iPad,,Payment,Eat in,,
2026-07-04,18:54:00,Europe/London,Drinks,House White 175ml,1,Regular,,7.00,0.00,7.00,1.17,T61416572,Counter iPad,,Payment,Eat in,,
2026-07-04,18:54:00,Europe/London,Drinks,House Red 175ml,1,Regular,,7.00,0.00,7.00,1.17,T61416572,Counter iPad,,Payment,Takeaway,,
2026-07-04,18:54:00,Europe/London,Drinks,Coke,2,Regular,,6.00,0.00,6.00,1.00,T61416572,Counter iPad,,Payment,Eat in,,
2026-07-04,19:14:00,Europe/London,Starters,Salt & Pepper Squid,1,Regular,,9.50,0.00,9.50,1.58,T82135444,Counter iPad,,Payment,Eat in,,
2026-07-04,19:14:00,Europe/London,Mains,Tidewater Burger,2,Regular,,33.00,0.00,33.00,5.50,T82135444,Counter iPad,,Payment,Takeaway,,
2026-07-04,19:14:00,Europe/London,Sides,Chips,1,Regular,,4.50,0.00,4.50,0.75,T82135444,Counter iPad,,Payment,Eat in,,
2026-07-04,19:14:00,Europe/London,Starters,Burrata,1,Regular,,10.00,0.00,10.00,1.67,T82135444,Counter iPad,,Payment,Eat in,,
2026-07-04,19:14:00,Europe/London,Mains,Fish & Chips,1,Regular,,17.50,0.00,17.50,2.92,T82135444,Counter iPad,,Payment,Takeaway,,
2026-07-04,19:14:00,Europe/London,Sides,Tenderstem,1,Regular,,5.00,0.00,5.00,0.83,T82135444,Counter iPad,,Payment,Takeaway,,
2026-07-04,19:14:00,Europe/London,Desserts,Sticky Toffee Pudding,1,Regular,,8.00,0.00,8.00,1.33,T82135444,Counter iPad,,Payment,Takeaway,,
2026-07-04,19:14:00,Europe/London,Drinks,Lager Pint,1,Regular,,6.20,0.00,6.20,1.03,T82135444,Counter iPad,,Payment,Eat in,,
2026-07-04,19:43:00,Europe/London,Starters,Salt & Pepper Squid,1,Regular,,9.50,0.00,9.50,1.58,T32458006,Counter iPad,,Payment,Eat in,,
2026-07-04,19:43:00,Europe/London,Mains,Chicken Supreme,2,Regular,,38.00,0.00,38.00,6.33,T32458006,Counter iPad,,Payment,Eat in,,
2026-07-04,19:43:00,Europe/London,Desserts,Crème Brûlée,1,Regular,,7.50,0.00,7.50,1.25,T32458006,Counter iPad,,Payment,Eat in,,
2026-07-04,19:43:00,Europe/London,Mains,Lamb Rump,1,Regular,,26.00,0.00,26.00,4.33,T32458006,Counter iPad,,Payment,Eat in,,
2026-07-04,19:43:00,Europe/London,Sides,Truffle Fries,2,Regular,,12.00,0.00,12.00,2.00,T32458006,Counter iPad,,Payment,Eat in,,
2026-07-04,19:43:00,Europe/London,Desserts,Affogato,1,Regular,,6.00,0.00,6.00,1.00,T32458006,Counter iPad,,Payment,Takeaway,,
2026-07-04,19:43:00,Europe/London,Starters,Rock Oysters,1,x3,,9.00,0.00,9.00,1.50,T32458006,Counter iPad,,Payment,Takeaway,,
2026-07-04,19:43:00,Europe/London,Mains,Tidewater Burger,1,Regular,,16.50,0.00,16.50,2.75,T32458006,Counter iPad,,Payment,Takeaway,,
2026-07-04,19:43:00,Europe/London,Starters,Burrata,1,Regular,,10.00,0.00,10.00,1.67,T32458006,Counter iPad,,Payment,Eat in,,
2026-07-04,19:43:00,Europe/London,Drinks,Lager Pint,2,Regular,,12.40,0.00,12.40,2.07,T32458006,Counter iPad,,Payment,Eat in,,
2026-07-04,19:43:00,Europe/London,Drinks,House White 175ml,2,Regular,,14.00,0.00,14.00,2.33,T32458006,Counter iPad,,Payment,Takeaway,,
2026-07-04,19:43:00,Europe/London,Drinks,Coke,1,Regular,,3.00,0.00,3.00,0.50,T32458006,Counter iPad,,Payment,Eat in,,
2026-07-04,19:43:00,Europe/London,Drinks,Flat White,1,Regular,,3.40,0.00,3.40,0.57,T32458006,Counter iPad,,Payment,Takeaway,,
2026-07-04,20:31:00,Europe/London,Mains,Steak Frites,1,Regular,,24.00,0.00,24.00,4.00,T49890538,Counter iPad,,Payment,Eat in,,
2026-07-04,20:31:00,Europe/London,Sides,Chips,1,Regular,,4.50,0.00,4.50,0.75,T49890538,Counter iPad,,Payment,Eat in,,
2026-07-04,20:31:00,Europe/London,Desserts,Sticky Toffee Pudding,2,Regular,,16.00,0.00,16.00,2.67,T49890538,Counter iPad,,Payment,Eat in,,
2026-07-04,20:31:00,Europe/London,Starters,Soup of the Day,1,Regular,,7.00,0.00,7.00,1.17,T49890538,Counter iPad,,Payment,Takeaway,,
2026-07-04,20:31:00,Europe/London,Mains,Chicken Supreme,1,Regular,,19.00,0.00,19.00,3.17,T49890538,Counter iPad,,Payment,Eat in,,
2026-07-04,20:31:00,Europe/London,Sides,Bread & Butter,1,Regular,,4.00,0.00,4.00,0.67,T49890538,Counter iPad,,Payment,Eat in,,
2026-07-04,20:31:00,Europe/London,Drinks,Lager Pint,1,Regular,,6.20,0.00,6.20,1.03,T49890538,Counter iPad,,Payment,Eat in,,
2026-07-04,20:46:00,Europe/London,Starters,Rock Oysters,1,x3,,9.00,0.00,9.00,1.50,T85093132,Counter iPad,,Payment,Eat in,,
2026-07-04,20:46:00,Europe/London,Mains,Fish & Chips,4,Regular,,70.00,0.00,70.00,11.67,T85093132,Counter iPad,,Payment,Eat in,,
2026-07-04,20:46:00,Europe/London,Desserts,Cheeseboard,1,5,,16.00,0.00,16.00,2.67,T85093132,Counter iPad,,Payment,Eat in,,
2026-07-04,20:46:00,Europe/London,Desserts,Choc Tart,1,Regular,,8.00,0.00,8.00,1.33,T85093132,Counter iPad,,Payment,Eat in,,
2026-07-04,20:46:00,Europe/London,Starters,Burrata,1,Regular,,10.00,0.00,10.00,1.67,T85093132,Counter iPad,,Payment,Eat in,,
2026-07-04,20:46:00,Europe/London,Sides,Truffle Fries,2,Regular,,12.00,0.00,12.00,2.00,T85093132,Counter iPad,,Payment,Eat in,,
2026-07-04,20:46:00,Europe/London,Desserts,Sticky Toffee Pudding,1,Regular,,8.00,0.00,8.00,1.33,T85093132,Counter iPad,,Payment,Eat in,,
2026-07-04,20:46:00,Europe/London,Sides,Bread & Butter,1,Regular,,4.00,0.00,4.00,0.67,T85093132,Counter iPad,,Payment,Eat in,,
2026-07-04,20:46:00,Europe/London,Drinks,Lager Pint,2,Regular,,12.40,0.00,12.40,2.07,T85093132,Counter iPad,,Payment,Eat in,,
2026-07-04,20:46:00,Europe/London,Drinks,House White 175ml,1,Regular,,7.00,0.00,7.00,1.17,T85093132,Counter iPad,,Payment,Takeaway,,
2026-07-04,20:46:00,Europe/London,Drinks,Coke,3,Regular,,9.00,0.00,9.00,1.50,T85093132,Counter iPad,,Payment,Eat in,,
2026-07-04,20:46:00,Europe/London,Drinks,Flat White,2,Regular,,6.80,0.00,6.80,1.13,T85093132,Counter iPad,,Payment,Takeaway,,
2026-07-04,20:47:00,Europe/London,Mains,Steak Frites,1,Regular,,24.00,0.00,24.00,4.00,T44753456,Bar iPad,nut allergy table,Payment,Eat in,,
2026-07-04,20:47:00,Europe/London,Mains,Fish & Chips,1,Regular,,17.50,0.00,17.50,2.92,T44753456,Bar iPad,nut allergy table,Payment,Takeaway,,
2026-07-04,20:47:00,Europe/London,Sides,Bread & Butter,1,Regular,,4.00,0.00,4.00,0.67,T44753456,Bar iPad,nut allergy table,Payment,Takeaway,,
2026-07-04,20:47:00,Europe/London,Drinks,Coke,1,Regular,,3.00,0.00,3.00,0.50,T44753456,Bar iPad,nut allergy table,Payment,Takeaway,,
2026-07-04,20:57:00,Europe/London,Mains,Tidewater Burger,1,Regular,Add Bacon,16.50,0.00,16.50,2.75,T51860733,Counter iPad,,Payment,Eat in,,
2026-07-04,20:57:00,Europe/London,Sides,Truffle Fries,1,Regular,,6.00,0.00,6.00,1.00,T51860733,Counter iPad,,Payment,Eat in,,
2026-07-04,20:57:00,Europe/London,Starters,Soup of the Day,1,Regular,,7.00,0.00,7.00,1.17,T51860733,Counter iPad,,Payment,Eat in,,
2026-07-04,20:57:00,Europe/London,Starters,Rock Oysters,1,x3,,9.00,0.00,9.00,1.50,T51860733,Counter iPad,,Payment,Eat in,,
2026-07-04,20:57:00,Europe/London,Sides,Chips,1,Regular,,4.50,0.00,4.50,0.75,T51860733,Counter iPad,,Payment,Takeaway,,
2026-07-04,20:57:00,Europe/London,Drinks,Lager Pint,1,Regular,,6.20,0.00,6.20,1.03,T51860733,Counter iPad,,Payment,Eat in,,
2026-07-04,20:59:00,Europe/London,Drinks,Lager Pint,1,Regular,,0.00,0.00,0.00,0.00,T51860733,Counter iPad,wrong table,Void,Eat in,,
2026-07-04,20:57:00,Europe/London,Drinks,Coke,1,Regular,,3.00,0.00,3.00,0.50,T51860733,Counter iPad,,Payment,Eat in,,
2026-07-04,20:57:00,Europe/London,Drinks,Sparkling Water 750ml,2,Regular,,8.00,0.00,8.00,1.33,T51860733,Counter iPad,,Payment,Eat in,,
2026-07-04,20:57:00,Europe/London,Drinks,Espresso,1,Regular,,2.80,0.00,2.80,0.47,T51860733,Counter iPad,,Payment,Eat in,,
2026-07-04,22:06:00,Europe/London,Mains,Fish & Chips,1,Regular,,17.50,0.00,17.50,2.92,T49532411,Counter iPad,,Payment,Takeaway,,
2026-07-04,22:06:00,Europe/London,Drinks,House Red 175ml,1,Regular,,7.00,0.00,7.00,1.17,T49532411,Counter iPad,,Payment,Eat in,,
2026-07-04,22:06:00,Europe/London,Drinks,Coke,1,Regular,,3.00,0.00,3.00,0.50,T49532411,Counter iPad,,Payment,Eat in,,
2026-07-04,22:21:00,Europe/London,Starters,Soup of the Day,2,Regular,,14.00,0.00,14.00,2.33,T61568285,Counter iPad,,Payment,Eat in,C640,Sample Customer 640
2026-07-04,22:21:00,Europe/London,Mains,Tidewater Burger,2,Regular,,33.00,0.00,33.00,5.50,T61568285,Counter iPad,,Payment,Eat in,C640,Sample Customer 640
2026-07-04,22:21:00,Europe/London,Starters,Rock Oysters,1,x3,,9.00,0.00,9.00,1.50,T61568285,Counter iPad,,Payment,Eat in,C640,Sample Customer 640
2026-07-04,22:21:00,Europe/London,Mains,Chicken Supreme,2,Regular,,38.00,0.00,38.00,6.33,T61568285,Counter iPad,,Payment,Eat in,C640,Sample Customer 640
2026-07-04,22:21:00,Europe/London,Sides,Tenderstem,1,Regular,,5.00,0.00,5.00,0.83,T61568285,Counter iPad,,Payment,Eat in,C640,Sample Customer 640
2026-07-04,22:21:00,Europe/London,Starters,Pork Belly Bites,1,Regular,,8.00,0.00,8.00,1.33,T61568285,Counter iPad,,Payment,Takeaway,C640,Sample Customer 640
2026-07-04,22:21:00,Europe/London,Desserts,Sticky Toffee Pudding,1,Regular,,8.00,0.00,8.00,1.33,T61568285,Counter iPad,,Payment,Eat in,C640,Sample Customer 640
2026-07-04,22:21:00,Europe/London,Drinks,Lager Pint,1,Regular,,6.20,0.00,6.20,1.03,T61568285,Counter iPad,,Payment,Eat in,C640,Sample Customer 640
2026-07-04,22:21:00,Europe/London,Drinks,House White 175ml,1,Regular,,7.00,0.00,7.00,1.17,T61568285,Counter iPad,,Payment,Takeaway,C640,Sample Customer 640
2026-07-04,22:21:00,Europe/London,Drinks,Coke,1,Regular,,3.00,0.00,3.00,0.50,T61568285,Counter iPad,,Payment,Eat in,C640,Sample Customer 640
2026-07-04,22:21:00,Europe/London,Drinks,Sparkling Water 750ml,3,Regular,,12.00,0.00,12.00,2.00,T61568285,Counter iPad,,Payment,Eat in,C640,Sample Customer 640
2026-07-04,22:21:00,Europe/London,Drinks,Espresso,1,Regular,,2.80,0.00,2.80,0.47,T61568285,Counter iPad,,Payment,Eat in,C640,Sample Customer 640
2026-07-04,22:30:00,Europe/London,Mains,Fish & Chips,1,Regular,,17.50,0.00,17.50,2.92,T70732310,Counter iPad,,Payment,Takeaway,,
2026-07-04,22:30:00,Europe/London,Mains,Lamb Rump,1,Regular,,26.00,0.00,26.00,4.33,T70732310,Counter iPad,,Payment,Eat in,,
2026-07-04,22:30:00,Europe/London,Starters,Salt & Pepper Squid,1,Regular,,9.50,0.00,9.50,1.58,T70732310,Counter iPad,,Payment,Eat in,,
2026-07-04,22:30:00,Europe/London,Mains,Chicken Supreme,1,Regular,,19.00,0.00,19.00,3.17,T70732310,Counter iPad,,Payment,Eat in,,
2026-07-04,22:30:00,Europe/London,Desserts,Choc Tart,1,Regular,,8.00,0.00,8.00,1.33,T70732310,Counter iPad,,Payment,Eat in,,
2026-07-04,22:30:00,Europe/London,Sides,Bread & Butter,1,Regular,,4.00,0.00,4.00,0.67,T70732310,Counter iPad,,Payment,Takeaway,,
2026-07-04,22:30:00,Europe/London,Drinks,Lager Pint,3,Regular,,18.60,0.00,18.60,3.10,T70732310,Counter iPad,,Payment,Takeaway,,
2026-07-04,22:30:00,Europe/London,Drinks,House Red 175ml,1,Regular,,7.00,0.00,7.00,1.17,T70732310,Counter iPad,,Payment,Takeaway,,
2026-07-04,22:30:00,Europe/London,Drinks,Coke,1,Regular,,3.00,0.00,3.00,0.50,T70732310,Counter iPad,,Payment,Eat in,,
2026-07-04,22:30:00,Europe/London,Drinks,Flat White,1,Regular,,3.40,0.00,3.40,0.57,T70732310,Counter iPad,,Payment,Takeaway,,
2026-07-04,22:46:00,Europe/London,Mains,Chicken Supreme,1,Regular,,19.00,0.00,19.00,3.17,T10884018,Counter iPad,,Payment,Eat in,,
2026-07-04,22:46:00,Europe/London,Sides,House Salad,1,Regular,,4.50,0.00,4.50,0.75,T10884018,Counter iPad,,Payment,Eat in,,
2026-07-04,22:46:00,Europe/London,Mains,Tidewater Burger,1,Regular,,16.50,0.00,16.50,2.75,T10884018,Counter iPad,,Payment,Eat in,,
2026-07-04,22:46:00,Europe/London,Sides,Chips,1,Regular,,4.50,0.00,4.50,0.75,T10884018,Counter iPad,,Payment,Eat in,,
2026-07-04,22:46:00,Europe/London,Sides,Bread & Butter,1,Regular,,4.00,0.00,4.00,0.67,T10884018,Counter iPad,,Payment,Eat in,,
2026-07-04,22:46:00,Europe/London,Drinks,House Red 175ml,1,Regular,,7.00,0.00,7.00,1.17,T10884018,Counter iPad,,Payment,Takeaway,,
2026-07-04,23:01:00,Europe/London,Starters,Pork Belly Bites,1,Regular,,8.00,0.00,8.00,1.33,T68600776,Bar iPad,,Payment,Takeaway,,
2026-07-04,23:01:00,Europe/London,Mains,Burger,1,Regular,Add Bacon,16.50,0.00,16.50,2.75,T68600776,Bar iPad,,Payment,Eat in,,
2026-07-04,23:01:00,Europe/London,Sides,Fries,1,Regular,,4.50,0.00,4.50,0.75,T68600776,Bar iPad,,Payment,Takeaway,,
2026-07-04,23:01:00,Europe/London,Mains,Steak Frites,1,Regular,,24.00,0.00,24.00,4.00,T68600776,Bar iPad,,Payment,Eat in,,
2026-07-04,23:01:00,Europe/London,Desserts,Choc Tart,1,Regular,,8.00,0.00,8.00,1.33,T68600776,Bar iPad,,Payment,Eat in,,
2026-07-04,23:01:00,Europe/London,Sides,Bread & Butter,1,Regular,,4.00,0.00,4.00,0.67,T68600776,Bar iPad,,Payment,Eat in,,
2026-07-04,23:01:00,Europe/London,Drinks,Lager Pint,1,Regular,,6.20,0.00,6.20,1.03,T68600776,Bar iPad,,Payment,Eat in,,
2026-07-04,23:01:00,Europe/London,Drinks,House Red 175ml,2,Regular,,14.00,0.00,14.00,2.33,T68600776,Bar iPad,,Payment,Eat in,,
2026-07-04,23:01:00,Europe/London,Drinks,Coke,1,Regular,,3.00,0.00,3.00,0.50,T68600776,Bar iPad,,Payment,Takeaway,,
2026-07-04,23:10:00,Europe/London,Mains,SPECIAL - Crab Linguine,1,Regular,,18.00,0.00,18.00,3.00,T27391375,Counter iPad,,Payment,Eat in,,
2026-07-04,23:10:00,Europe/London,Starters,Pork Belly Bites,1,Regular,,8.00,0.00,8.00,1.33,T27391375,Counter iPad,,Payment,Eat in,,
2026-07-04,23:10:00,Europe/London,Mains,Fish & Chips,1,Regular,,17.50,0.00,17.50,2.92,T27391375,Counter iPad,,Payment,Eat in,,
2026-07-04,23:10:00,Europe/London,Desserts,Sticky Toffee Pudding,1,Regular,,8.00,0.00,8.00,1.33,T27391375,Counter iPad,,Payment,Eat in,,
2026-07-04,23:10:00,Europe/London,Drinks,House White 175ml,1,Regular,,7.00,0.00,7.00,1.17,T27391375,Counter iPad,,Payment,Eat in,,
2026-07-04,23:10:00,Europe/London,Drinks,House Red 175ml,1,Regular,,7.00,0.00,7.00,1.17,T27391375,Counter iPad,,Payment,Eat in,,
2026-07-04,23:18:00,Europe/London,Mains,Lamb Rump,1,Regular,,26.00,0.00,26.00,4.33,T47513073,Bar iPad,regulars,Payment,Eat in,,
2026-07-04,23:18:00,Europe/London,Sides,Tenderstem,1,Regular,,5.00,0.00,5.00,0.83,T47513073,Bar iPad,regulars,Payment,Takeaway,,
2026-07-04,23:18:00,Europe/London,Mains,Burger,1,Regular,,16.50,0.00,16.50,2.75,T47513073,Bar iPad,regulars,Payment,Eat in,,
2026-07-04,23:18:00,Europe/London,Sides,Bread & Butter,1,Regular,,4.00,0.00,4.00,0.67,T47513073,Bar iPad,regulars,Payment,Eat in,,
2026-07-04,23:18:00,Europe/London,Drinks,House White 175ml,1,Regular,,7.00,0.00,7.00,1.17,T47513073,Bar iPad,regulars,Payment,Eat in,,
2026-07-04,23:18:00,Europe/London,Drinks,Sparkling Water 750ml,1,Regular,,4.00,0.00,4.00,0.67,T47513073,Bar iPad,regulars,Payment,Eat in,,
2026-07-04,23:38:00,Europe/London,Starters,Pork Belly Bites,1,Regular,,8.00,0.00,8.00,1.33,T51150293,Counter iPad,,Payment,Eat in,,
2026-07-04,23:38:00,Europe/London,Mains,SPECIAL - Crab Linguine,1,Regular,,18.00,0.00,18.00,3.00,T51150293,Counter iPad,,Payment,Takeaway,,
2026-07-04,23:38:00,Europe/London,Sides,Tenderstem,1,Regular,,5.00,0.00,5.00,0.83,T51150293,Counter iPad,,Payment,Eat in,,
2026-07-04,23:38:00,Europe/London,Starters,Soup of the Day,1,Regular,,7.00,0.00,7.00,1.17,T51150293,Counter iPad,,Payment,Takeaway,,
2026-07-04,23:38:00,Europe/London,Mains,Tidewater Burger,1,Regular,,16.50,0.00,16.50,2.75,T51150293,Counter iPad,,Payment,Takeaway,,
2026-07-04,23:38:00,Europe/London,Desserts,Crème Brûlée,1,Regular,,7.50,0.00,7.50,1.25,T51150293,Counter iPad,,Payment,Eat in,,
2026-07-04,23:38:00,Europe/London,Drinks,Lager Pint,1,Regular,,6.20,0.00,6.20,1.03,T51150293,Counter iPad,,Payment,Eat in,,
2026-07-04,23:38:00,Europe/London,Drinks,Sparkling Water 750ml,1,Regular,,4.00,0.00,4.00,0.67,T51150293,Counter iPad,,Payment,Eat in,,
2026-07-04,23:38:00,Europe/London,Drinks,Espresso,1,Regular,,2.80,0.00,2.80,0.47,T51150293,Counter iPad,,Payment,Takeaway,,
2026-07-04,23:43:00,Europe/London,Starters,Soup of the Day,1,Regular,,7.00,0.00,7.00,1.17,T38765198,Counter iPad,,Payment,Eat in,,
2026-07-04,23:43:00,Europe/London,Mains,Steak Frites,1,Regular,,24.00,0.00,24.00,4.00,T38765198,Counter iPad,,Payment,Takeaway,,
2026-07-04,23:43:00,Europe/London,Sides,Peppercorn Sauce,1,Regular,,3.00,0.00,3.00,0.50,T38765198,Counter iPad,,Payment,Eat in,,
2026-07-04,23:43:00,Europe/London,Desserts,Affogato,1,Regular,,6.00,0.00,6.00,1.00,T38765198,Counter iPad,,Payment,Takeaway,,
2026-07-04,23:43:00,Europe/London,Mains,Fish & Chips,1,Regular,,17.50,0.00,17.50,2.92,T38765198,Counter iPad,,Payment,Eat in,,
2026-07-04,23:43:00,Europe/London,Drinks,Lager Pint,1,Regular,,6.20,0.00,6.20,1.03,T38765198,Counter iPad,,Payment,Eat in,,
2026-07-04,23:43:00,Europe/London,Drinks,House White 175ml,1,Regular,,7.00,0.00,7.00,1.17,T38765198,Counter iPad,,Payment,Eat in,,
2026-07-04,23:43:00,Europe/London,Drinks,Coke,1,Regular,,3.00,0.00,3.00,0.50,T38765198,Counter iPad,,Payment,Eat in,,
2026-07-05,12:05:00,Europe/London,Mains,Sunday Roast,3,Regular,,72.00,0.00,72.00,12.00,T99923569,Bar iPad,,Payment,Eat in,C153,Sample Customer 153
2026-07-05,12:05:00,Europe/London,Sides,Truffle Fries,2,Regular,,12.00,0.00,12.00,2.00,T99923569,Bar iPad,,Payment,Eat in,C153,Sample Customer 153
2026-07-05,12:05:00,Europe/London,Starters,Salt & Pepper Squid,2,Regular,,19.00,0.00,19.00,3.17,T99923569,Bar iPad,,Payment,Eat in,C153,Sample Customer 153
2026-07-05,12:05:00,Europe/London,Sides,Tenderstem,1,Regular,,5.00,0.00,5.00,0.83,T99923569,Bar iPad,,Payment,Eat in,C153,Sample Customer 153
2026-07-05,12:05:00,Europe/London,Sides,Fries,1,Regular,,4.50,0.00,4.50,0.75,T99923569,Bar iPad,,Payment,Eat in,C153,Sample Customer 153
2026-07-05,12:05:00,Europe/London,Desserts,Sticky Toffee Pudding,1,Regular,,8.00,0.00,8.00,1.33,T99923569,Bar iPad,,Payment,Eat in,C153,Sample Customer 153
2026-07-05,12:05:00,Europe/London,Drinks,Lager Pint,1,Regular,,6.20,0.00,6.20,1.03,T99923569,Bar iPad,,Payment,Eat in,C153,Sample Customer 153
2026-07-05,12:05:00,Europe/London,Drinks,House White 175ml,1,Regular,,7.00,0.00,7.00,1.17,T99923569,Bar iPad,,Payment,Eat in,C153,Sample Customer 153
2026-07-05,12:05:00,Europe/London,Drinks,House Red 175ml,2,Regular,,14.00,0.00,14.00,2.33,T99923569,Bar iPad,,Payment,Eat in,C153,Sample Customer 153
2026-07-05,12:05:00,Europe/London,Drinks,Coke,1,Regular,,3.00,0.00,3.00,0.50,T99923569,Bar iPad,,Payment,Eat in,C153,Sample Customer 153
2026-07-05,12:33:00,Europe/London,Starters,Salt & Pepper Squid,2,Regular,,19.00,0.00,19.00,3.17,T92603684,Counter iPad,,Payment,Eat in,,
2026-07-05,12:33:00,Europe/London,Mains,Sunday Roast,3,Regular,,72.00,0.00,72.00,12.00,T92603684,Counter iPad,,Payment,Takeaway,,
2026-07-05,12:33:00,Europe/London,Sides,Chips,2,Regular,,9.00,0.00,9.00,1.50,T92603684,Counter iPad,,Payment,Takeaway,,
2026-07-05,12:33:00,Europe/London,Starters,Soup of the Day,1,Regular,,7.00,0.00,7.00,1.17,T92603684,Counter iPad,,Payment,Eat in,,
2026-07-05,12:33:00,Europe/London,Starters,Rock Oysters,1,x6,,16.00,0.00,16.00,2.67,T92603684,Counter iPad,,Payment,Eat in,,
2026-07-05,12:33:00,Europe/London,Mains,Hake,1,Regular,,22.00,0.00,22.00,3.67,T92603684,Counter iPad,,Payment,Eat in,,
2026-07-05,12:33:00,Europe/London,Sides,Tenderstem,2,Regular,,10.00,0.00,10.00,1.67,T92603684,Counter iPad,,Payment,Eat in,,
2026-07-05,12:33:00,Europe/London,Starters,Mackerel Pate,1,Regular,,8.50,0.00,8.50,1.42,T92603684,Counter iPad,,Payment,Takeaway,,
2026-07-05,12:33:00,Europe/London,Desserts,Sticky Toffee Pudding,1,Regular,,8.00,0.00,8.00,1.33,T92603684,Counter iPad,,Payment,Eat in,,
2026-07-05,12:33:00,Europe/London,Mains,Tidewater Burger,1,Regular,,16.50,0.00,16.50,2.75,T92603684,Counter iPad,,Payment,Eat in,,
2026-07-05,12:33:00,Europe/London,Desserts,Crème Brûlée,1,Regular,,7.50,0.00,7.50,1.25,T92603684,Counter iPad,,Payment,Eat in,,
2026-07-05,13:13:00,Europe/London,Desserts,Crème Brûlée,1,Regular,,-7.50,0.00,-7.50,-1.25,T92603684,Counter iPad,sent back,Refund,Eat in,,
2026-07-05,12:33:00,Europe/London,Drinks,Lager Pint,3,Regular,,18.60,0.00,18.60,3.10,T92603684,Counter iPad,,Payment,Eat in,,
2026-07-05,12:33:00,Europe/London,Drinks,House White 175ml,1,Regular,,7.00,0.00,7.00,1.17,T92603684,Counter iPad,,Payment,Eat in,,
2026-07-05,12:33:00,Europe/London,Drinks,House Red 175ml,2,Regular,,14.00,0.00,14.00,2.33,T92603684,Counter iPad,,Payment,Takeaway,,
2026-07-05,12:33:00,Europe/London,Drinks,Coke,1,Regular,,3.00,0.00,3.00,0.50,T92603684,Counter iPad,,Payment,Eat in,,
2026-07-05,12:33:00,Europe/London,Drinks,Espresso,1,Regular,,2.80,0.00,2.80,0.47,T92603684,Counter iPad,,Payment,Takeaway,,
2026-07-05,12:42:00,Europe/London,Starters,Salt & Pepper Squid,1,Regular,,9.50,0.00,9.50,1.58,T31556218,Counter iPad,,Payment,Takeaway,,
2026-07-05,12:42:00,Europe/London,Mains,Fish & Chips,2,Regular,,35.00,0.00,35.00,5.83,T31556218,Counter iPad,,Payment,Eat in,,
2026-07-05,12:42:00,Europe/London,Desserts,Sticky Toffee Pudding,1,Regular,,8.00,0.00,8.00,1.33,T31556218,Counter iPad,,Payment,Eat in,,
2026-07-05,12:42:00,Europe/London,Desserts,Crème Brûlée,1,Regular,,7.50,0.00,7.50,1.25,T31556218,Counter iPad,,Payment,Takeaway,,
2026-07-05,12:42:00,Europe/London,Mains,Sunday Roast,1,Regular,,24.00,0.00,24.00,4.00,T31556218,Counter iPad,,Payment,Eat in,,
2026-07-05,12:42:00,Europe/London,Drinks,Lager Pint,2,Regular,,12.40,0.00,12.40,2.07,T31556218,Counter iPad,,Payment,Eat in,,
2026-07-05,12:42:00,Europe/London,Drinks,House White 175ml,1,Regular,,7.00,0.00,7.00,1.17,T31556218,Counter iPad,,Payment,Eat in,,
2026-07-05,12:42:00,Europe/London,Drinks,Sparkling Water 750ml,1,Regular,,4.00,0.00,4.00,0.67,T31556218,Counter iPad,,Payment,Eat in,,
2026-07-05,12:51:00,Europe/London,Mains,Fish & Chips,1,Regular,,17.50,0.00,17.50,2.92,T48648552,Counter iPad,,Payment,Takeaway,C718,Sample Customer 718
2026-07-05,12:51:00,Europe/London,Mains,Mushroom Risotto,1,Regular,,15.00,0.00,15.00,2.50,T48648552,Counter iPad,,Payment,Eat in,C718,Sample Customer 718
2026-07-05,12:51:00,Europe/London,Sides,Truffle Fries,1,Regular,,6.00,0.00,6.00,1.00,T48648552,Counter iPad,,Payment,Eat in,C718,Sample Customer 718
2026-07-05,12:51:00,Europe/London,Drinks,Lager Pint,1,Regular,,6.20,0.00,6.20,1.03,T48648552,Counter iPad,,Payment,Eat in,C718,Sample Customer 718
2026-07-05,12:51:00,Europe/London,Drinks,House White 175ml,1,Regular,,7.00,0.00,7.00,1.17,T48648552,Counter iPad,,Payment,Eat in,C718,Sample Customer 718
2026-07-05,12:51:00,Europe/London,Drinks,House Red 175ml,1,Regular,,7.00,0.00,7.00,1.17,T48648552,Counter iPad,,Payment,Eat in,C718,Sample Customer 718
2026-07-05,12:51:00,Europe/London,Drinks,Coke,1,Regular,,3.00,0.00,3.00,0.50,T48648552,Counter iPad,,Payment,Eat in,C718,Sample Customer 718
2026-07-05,12:51:00,Europe/London,Drinks,Flat White,2,Regular,,6.80,0.00,6.80,1.13,T48648552,Counter iPad,,Payment,Eat in,C718,Sample Customer 718
2026-07-05,12:55:00,Europe/London,Starters,Pork Belly Bites,1,Regular,,8.00,0.00,8.00,1.33,T82642817,Counter iPad,,Payment,Eat in,,
2026-07-05,12:55:00,Europe/London,Sides,Chips,2,Regular,,9.00,0.00,9.00,1.50,T82642817,Counter iPad,,Payment,Eat in,,
2026-07-05,12:55:00,Europe/London,Mains,Sunday Roast,1,Regular,,24.00,0.00,24.00,4.00,T82642817,Counter iPad,,Payment,Eat in,,
2026-07-05,12:55:00,Europe/London,Drinks,Sparkling Water 750ml,1,Regular,,4.00,0.00,4.00,0.67,T82642817,Counter iPad,,Payment,Eat in,,
2026-07-05,13:17:00,Europe/London,Mains,Burger,1,Regular,"Add Bacon, Add Cheese",16.50,0.00,16.50,2.75,T21146825,Bar iPad,,Payment,Eat in,C625,Sample Customer 625
2026-07-05,13:17:00,Europe/London,Starters,Mackerel Pate,1,Regular,,8.50,0.00,8.50,1.42,T21146825,Bar iPad,,Payment,Eat in,C625,Sample Customer 625
2026-07-05,13:17:00,Europe/London,Mains,Steak Frites,2,Regular,,48.00,0.00,48.00,8.00,T21146825,Bar iPad,,Payment,Eat in,C625,Sample Customer 625
2026-07-05,13:17:00,Europe/London,Desserts,Cheeseboard,1,5,,16.00,0.00,16.00,2.67,T21146825,Bar iPad,,Payment,Eat in,C625,Sample Customer 625
2026-07-05,13:17:00,Europe/London,Desserts,Sticky Toffee Pudding,1,Regular,,8.00,0.00,8.00,1.33,T21146825,Bar iPad,,Payment,Takeaway,C625,Sample Customer 625
2026-07-05,13:17:00,Europe/London,Sides,Bread & Butter,1,Regular,,4.00,0.00,4.00,0.67,T21146825,Bar iPad,,Payment,Eat in,C625,Sample Customer 625
2026-07-05,13:17:00,Europe/London,Drinks,Lager Pint,2,Regular,,12.40,0.00,12.40,2.07,T21146825,Bar iPad,,Payment,Takeaway,C625,Sample Customer 625
2026-07-05,13:17:00,Europe/London,Drinks,House Red 175ml,1,Regular,,7.00,0.00,7.00,1.17,T21146825,Bar iPad,,Payment,Eat in,C625,Sample Customer 625
2026-07-05,13:17:00,Europe/London,Drinks,Coke,1,Regular,,3.00,0.00,3.00,0.50,T21146825,Bar iPad,,Payment,Eat in,C625,Sample Customer 625
2026-07-05,13:33:00,Europe/London,Mains,Sunday Roast,4,Regular,,96.00,0.00,96.00,16.00,T33258232,Counter iPad,,Payment,Eat in,,
2026-07-05,13:33:00,Europe/London,Mains,Tidewater Burger,1,Regular,,16.50,0.00,16.50,2.75,T33258232,Counter iPad,,Payment,Eat in,,
2026-07-05,13:33:00,Europe/London,Desserts,Crème Brûlée,1,Regular,,7.50,0.00,7.50,1.25,T33258232,Counter iPad,,Payment,Eat in,,
2026-07-05,13:33:00,Europe/London,Mains,Steak Frites,1,Regular,,24.00,0.00,24.00,4.00,T33258232,Counter iPad,,Payment,Eat in,,
2026-07-05,13:33:00,Europe/London,Sides,Peppercorn Sauce,1,Regular,,3.00,0.00,3.00,0.50,T33258232,Counter iPad,,Payment,Takeaway,,
2026-07-05,13:33:00,Europe/London,Starters,Salt & Pepper Squid,2,Regular,,19.00,0.00,19.00,3.17,T33258232,Counter iPad,,Payment,Eat in,,
2026-07-05,13:33:00,Europe/London,Sides,Chips,1,Regular,,4.50,0.00,4.50,0.75,T33258232,Counter iPad,,Payment,Eat in,,
2026-07-05,13:33:00,Europe/London,Drinks,Lager Pint,3,Regular,,18.60,0.00,18.60,3.10,T33258232,Counter iPad,,Payment,Takeaway,,
2026-07-05,13:33:00,Europe/London,Drinks,House White 175ml,1,Regular,,7.00,0.00,7.00,1.17,T33258232,Counter iPad,,Payment,Eat in,,
2026-07-05,13:33:00,Europe/London,Drinks,House Red 175ml,1,Regular,,7.00,0.00,7.00,1.17,T33258232,Counter iPad,,Payment,Eat in,,
2026-07-05,13:33:00,Europe/London,Drinks,Sparkling Water 750ml,1,Regular,,4.00,0.00,4.00,0.67,T33258232,Counter iPad,,Payment,Eat in,,
2026-07-05,13:33:00,Europe/London,Other,Service Charge 12.5%,1,Regular,,0.00,0.00,0.00,0.00,T33258232,Counter iPad,,Payment,Eat in,,
2026-07-05,13:43:00,Europe/London,Starters,Soup of the Day,1,Regular,,7.00,0.00,7.00,1.17,T67527008,Counter iPad,,Payment,Takeaway,,
2026-07-05,13:45:00,Europe/London,Starters,Soup of the Day,1,Regular,,0.00,0.00,0.00,0.00,T67527008,Counter iPad,wrong table,Void,Eat in,,
2026-07-05,13:43:00,Europe/London,Starters,Rock Oysters,1,x6,,16.00,0.00,16.00,2.67,T67527008,Counter iPad,,Payment,Eat in,,
2026-07-05,13:43:00,Europe/London,Mains,Sunday Roast,3,Regular,,72.00,0.00,72.00,12.00,T67527008,Counter iPad,,Payment,Takeaway,,
2026-07-05,13:43:00,Europe/London,Starters,Burrata,1,Regular,,10.00,0.00,10.00,1.67,T67527008,Counter iPad,,Payment,Takeaway,,
2026-07-05,13:43:00,Europe/London,Starters,Pork Belly Bites,1,Regular,,8.00,0.00,8.00,1.33,T67527008,Counter iPad,,Payment,Takeaway,,
2026-07-05,13:43:00,Europe/London,Sides,House Salad,1,Regular,,4.50,0.00,4.50,0.75,T67527008,Counter iPad,,Payment,Takeaway,,
2026-07-05,13:43:00,Europe/London,Drinks,Lager Pint,2,Regular,,12.40,0.00,12.40,2.07,T67527008,Counter iPad,,Payment,Eat in,,
2026-07-05,13:43:00,Europe/London,Drinks,House Red 175ml,2,Regular,,14.00,0.00,14.00,2.33,T67527008,Counter iPad,,Payment,Eat in,,
2026-07-05,13:43:00,Europe/London,Drinks,Espresso,1,Regular,,2.80,0.00,2.80,0.47,T67527008,Counter iPad,,Payment,Eat in,,
2026-07-05,13:43:00,Europe/London,Drinks,Flat White,1,Regular,,3.40,0.00,3.40,0.57,T67527008,Counter iPad,,Payment,Eat in,,
2026-07-05,13:44:00,Europe/London,Kids,Kids Fish & Chips,1,Regular,,8.00,0.00,8.00,1.33,T26616231,Bar iPad,,Payment,Eat in,,
2026-07-05,13:44:00,Europe/London,Starters,Pork Belly Bites,1,Regular,,8.00,0.00,8.00,1.33,T26616231,Bar iPad,,Payment,Eat in,,
2026-07-05,13:44:00,Europe/London,Mains,Sunday Roast,1,Regular,,24.00,0.00,24.00,4.00,T26616231,Bar iPad,,Payment,Eat in,,
2026-07-05,13:44:00,Europe/London,Drinks,Lager Pint,1,Regular,,6.20,0.00,6.20,1.03,T26616231,Bar iPad,,Payment,Eat in,,
2026-07-05,13:44:00,Europe/London,Drinks,House Red 175ml,2,Regular,,14.00,0.00,14.00,2.33,T26616231,Bar iPad,,Payment,Eat in,,
2026-07-05,13:44:00,Europe/London,Drinks,Coke,1,Regular,,3.00,0.00,3.00,0.50,T26616231,Bar iPad,,Payment,Eat in,,
2026-07-05,13:44:00,Europe/London,Drinks,Sparkling Water 750ml,1,Regular,,4.00,0.00,4.00,0.67,T26616231,Bar iPad,,Payment,Eat in,,
2026-07-05,13:44:00,Europe/London,Drinks,Flat White,1,Regular,,3.40,0.00,3.40,0.57,T26616231,Bar iPad,,Payment,Eat in,,
2026-07-05,14:03:00,Europe/London,Starters,Soup of the Day,1,Regular,,7.00,0.00,7.00,1.17,T75824626,Counter iPad,,Payment,Eat in,,
2026-07-05,14:03:00,Europe/London,Mains,Hake,1,Regular,,22.00,0.00,22.00,3.67,T75824626,Counter iPad,,Payment,Takeaway,,
2026-07-05,14:03:00,Europe/London,Desserts,Crème Brûlée,1,Regular,,7.50,0.00,7.50,1.25,T75824626,Counter iPad,,Payment,Eat in,,
2026-07-05,14:03:00,Europe/London,Mains,Fish & Chips,1,Regular,,17.50,0.00,17.50,2.92,T75824626,Counter iPad,,Payment,Eat in,,
2026-07-05,14:03:00,Europe/London,Sides,Truffle Fries,1,Regular,,6.00,0.00,6.00,1.00,T75824626,Counter iPad,,Payment,Eat in,,
2026-07-05,14:03:00,Europe/London,Sides,Bread & Butter,1,Regular,,4.00,0.00,4.00,0.67,T75824626,Counter iPad,,Payment,Eat in,,
2026-07-05,14:03:00,Europe/London,Drinks,Sparkling Water 750ml,1,Regular,,4.00,0.00,4.00,0.67,T75824626,Counter iPad,,Payment,Eat in,,
2026-07-05,14:06:00,Europe/London,Starters,Salt & Pepper Squid,1,Regular,,9.50,0.00,9.50,1.58,T98663654,Bar iPad,,Payment,Eat in,,
2026-07-05,14:06:00,Europe/London,Mains,Lamb Rump,1,Regular,,26.00,0.00,26.00,4.33,T98663654,Bar iPad,,Payment,Eat in,,
2026-07-05,14:06:00,Europe/London,Mains,Steak Frites,1,Regular,,24.00,0.00,24.00,4.00,T98663654,Bar iPad,,Payment,Eat in,,
2026-07-05,14:06:00,Europe/London,Sides,Peppercorn Sauce,1,Regular,,3.00,0.00,3.00,0.50,T98663654,Bar iPad,,Payment,Eat in,,
2026-07-05,14:06:00,Europe/London,Mains,Fish & Chips,1,Regular,,17.50,0.00,17.50,2.92,T98663654,Bar iPad,,Payment,Eat in,,
2026-07-05,14:06:00,Europe/London,Mains,Sunday Roast,1,Regular,,24.00,0.00,24.00,4.00,T98663654,Bar iPad,,Payment,Eat in,,
2026-07-05,14:06:00,Europe/London,Desserts,Sticky Toffee Pudding,1,Regular,,8.00,0.00,8.00,1.33,T98663654,Bar iPad,,Payment,Takeaway,,
2026-07-05,14:06:00,Europe/London,Sides,Bread & Butter,1,Regular,,4.00,0.00,4.00,0.67,T98663654,Bar iPad,,Payment,Eat in,,
2026-07-05,14:06:00,Europe/London,Drinks,Lager Pint,2,Regular,,12.40,0.00,12.40,2.07,T98663654,Bar iPad,,Payment,Eat in,,
2026-07-05,14:06:00,Europe/London,Drinks,House White 175ml,1,Regular,,7.00,0.00,7.00,1.17,T98663654,Bar iPad,,Payment,Eat in,,
2026-07-05,14:06:00,Europe/London,Drinks,House Red 175ml,1,Regular,,7.00,0.00,7.00,1.17,T98663654,Bar iPad,,Payment,Eat in,,
2026-07-05,14:20:00,Europe/London,Desserts,Cheeseboard,1,3,,11.00,0.00,11.00,1.83,T69029449,Counter iPad,,Payment,Eat in,,
2026-07-05,14:20:00,Europe/London,Sides,Bread & Butter,1,Regular,,4.00,0.00,4.00,0.67,T69029449,Counter iPad,,Payment,Eat in,,
2026-07-05,14:20:00,Europe/London,Drinks,House Red 175ml,1,Regular,,7.00,0.00,7.00,1.17,T69029449,Counter iPad,,Payment,Eat in,,
2026-07-05,14:20:00,Europe/London,Drinks,Coke,1,Regular,,3.00,0.00,3.00,0.50,T69029449,Counter iPad,,Payment,Takeaway,,
2026-07-05,14:20:00,Europe/London,Drinks,Sparkling Water 750ml,1,Regular,,4.00,0.00,4.00,0.67,T69029449,Counter iPad,,Payment,Takeaway,,
2026-07-05,14:20:00,Europe/London,Drinks,Flat White,1,Regular,,3.40,0.00,3.40,0.57,T69029449,Counter iPad,,Payment,Eat in,,
2026-07-05,14:22:00,Europe/London,Starters,Soup of the Day,1,Regular,,7.00,0.00,7.00,1.17,T73697537,Counter iPad,,Payment,Takeaway,,
2026-07-05,14:22:00,Europe/London,Mains,Sunday Roast,2,Regular,,48.00,0.00,48.00,8.00,T73697537,Counter iPad,,Payment,Eat in,,
2026-07-05,14:22:00,Europe/London,Sides,Chips,1,Regular,,4.50,0.00,4.50,0.75,T73697537,Counter iPad,,Payment,Eat in,,
2026-07-05,14:22:00,Europe/London,Desserts,Affogato,1,Regular,,6.00,0.00,6.00,1.00,T73697537,Counter iPad,,Payment,Eat in,,
2026-07-05,14:22:00,Europe/London,Desserts,Choc Tart,1,Regular,,8.00,0.00,8.00,1.33,T73697537,Counter iPad,,Payment,Takeaway,,
2026-07-05,14:22:00,Europe/London,Drinks,Lager Pint,1,Regular,,6.20,0.00,6.20,1.03,T73697537,Counter iPad,,Payment,Eat in,,
2026-07-05,14:22:00,Europe/London,Drinks,House White 175ml,1,Regular,,7.00,0.00,7.00,1.17,T73697537,Counter iPad,,Payment,Takeaway,,
2026-07-05,14:22:00,Europe/London,Drinks,House Red 175ml,1,Regular,,7.00,0.00,7.00,1.17,T73697537,Counter iPad,,Payment,Takeaway,,
2026-07-05,14:22:00,Europe/London,Drinks,Coke,1,Regular,,3.00,0.00,3.00,0.50,T73697537,Counter iPad,,Payment,Takeaway,,
2026-07-05,14:44:00,Europe/London,Starters,Mackerel Pate,1,Regular,,8.50,0.00,8.50,1.42,T23620422,Bar iPad,,Payment,Eat in,,
2026-07-05,14:44:00,Europe/London,Mains,Burger,1,Regular,,16.50,0.00,16.50,2.75,T23620422,Bar iPad,,Payment,Eat in,,
2026-07-05,14:44:00,Europe/London,Drinks,Lager Pint,1,Regular,,6.20,0.00,6.20,1.03,T23620422,Bar iPad,,Payment,Eat in,,
2026-07-05,14:44:00,Europe/London,Drinks,House Red 175ml,1,Regular,,7.00,0.00,7.00,1.17,T23620422,Bar iPad,,Payment,Eat in,,
2026-07-05,14:44:00,Europe/London,Drinks,Coke,1,Regular,,3.00,0.00,3.00,0.50,T23620422,Bar iPad,,Payment,Eat in,,
2026-07-05,14:44:00,Europe/London,Drinks,Flat White,1,Regular,,3.40,0.00,3.40,0.57,T23620422,Bar iPad,,Payment,Takeaway,,
2026-07-05,14:45:00,Europe/London,Starters,Soup of the Day,1,Regular,,7.00,0.00,7.00,1.17,T29228439,Bar iPad,,Payment,Takeaway,C501,Sample Customer 501
2026-07-05,14:45:00,Europe/London,Mains,Sunday Roast,3,Regular,,72.00,0.00,72.00,12.00,T29228439,Bar iPad,,Payment,Eat in,C501,Sample Customer 501
2026-07-05,14:45:00,Europe/London,Starters,Rock Oysters,1,x3,,9.00,0.00,9.00,1.50,T29228439,Bar iPad,,Payment,Eat in,C501,Sample Customer 501
2026-07-05,14:45:00,Europe/London,Mains,Hake,1,Regular,,22.00,0.00,22.00,3.67,T29228439,Bar iPad,,Payment,Eat in,C501,Sample Customer 501
2026-07-05,14:45:00,Europe/London,Desserts,Sticky Toffee Pudding,1,Regular,,8.00,0.00,8.00,1.33,T29228439,Bar iPad,,Payment,Eat in,C501,Sample Customer 501
2026-07-05,14:45:00,Europe/London,Drinks,Lager Pint,2,Regular,,12.40,0.00,12.40,2.07,T29228439,Bar iPad,,Payment,Takeaway,C501,Sample Customer 501
2026-07-05,14:45:00,Europe/London,Drinks,House White 175ml,1,Regular,,7.00,0.00,7.00,1.17,T29228439,Bar iPad,,Payment,Eat in,C501,Sample Customer 501
2026-07-05,14:45:00,Europe/London,Drinks,House Red 175ml,3,Regular,,21.00,0.00,21.00,3.50,T29228439,Bar iPad,,Payment,Eat in,C501,Sample Customer 501
2026-07-05,14:45:00,Europe/London,Drinks,Coke,2,Regular,,6.00,0.00,6.00,1.00,T29228439,Bar iPad,,Payment,Eat in,C501,Sample Customer 501
2026-07-05,14:45:00,Europe/London,Drinks,Sparkling Water 750ml,1,Regular,,4.00,0.00,4.00,0.67,T29228439,Bar iPad,,Payment,Eat in,C501,Sample Customer 501
2026-07-05,14:47:00,Europe/London,Kids,Kids Burger,1,Regular,,7.50,0.00,7.50,1.25,T90062471,Counter iPad,,Payment,Eat in,,
2026-07-05,14:47:00,Europe/London,Mains,Fish & Chips,1,Regular,,17.50,0.00,17.50,2.92,T90062471,Counter iPad,,Payment,Eat in,,
2026-07-05,14:47:00,Europe/London,Sides,Truffle Fries,1,Regular,,6.00,0.00,6.00,1.00,T90062471,Counter iPad,,Payment,Eat in,,
2026-07-05,14:47:00,Europe/London,Mains,Mushroom Risotto,1,Regular,,15.00,0.00,15.00,2.50,T90062471,Counter iPad,,Payment,Eat in,,
2026-07-05,14:47:00,Europe/London,Desserts,Choc Tart,1,Regular,,8.00,0.00,8.00,1.33,T90062471,Counter iPad,,Payment,Eat in,,
2026-07-05,14:47:00,Europe/London,Drinks,House White 175ml,2,Regular,,14.00,0.00,14.00,2.33,T90062471,Counter iPad,,Payment,Eat in,,
2026-07-05,14:47:00,Europe/London,Drinks,House Red 175ml,1,Regular,,7.00,0.00,7.00,1.17,T90062471,Counter iPad,,Payment,Eat in,,
2026-07-05,14:47:00,Europe/London,Drinks,Flat White,1,Regular,,3.40,0.00,3.40,0.57,T90062471,Counter iPad,,Payment,Eat in,,
2026-07-05,19:00:00,Europe/London,Starters,Mackerel Pate,2,Regular,,17.00,0.00,17.00,2.83,T78240313,Counter iPad,,Payment,Eat in,,
2026-07-05,19:00:00,Europe/London,Mains,Fish & Chips,1,Small,,13.00,0.00,13.00,2.17,T78240313,Counter iPad,,Payment,Eat in,,
2026-07-05,19:00:00,Europe/London,Sides,Truffle Fries,1,Regular,,6.00,0.00,6.00,1.00,T78240313,Counter iPad,,Payment,Takeaway,,
2026-07-05,19:00:00,Europe/London,Desserts,Affogato,1,Regular,,6.00,0.00,6.00,1.00,T78240313,Counter iPad,,Payment,Takeaway,,
2026-07-05,19:00:00,Europe/London,Mains,Sunday Roast,1,Regular,,24.00,0.00,24.00,4.00,T78240313,Counter iPad,,Payment,Eat in,,
2026-07-05,19:00:00,Europe/London,Desserts,Sticky Toffee Pudding,1,Regular,,8.00,0.00,8.00,1.33,T78240313,Counter iPad,,Payment,Eat in,,
2026-07-05,19:00:00,Europe/London,Sides,Bread & Butter,1,Regular,,4.00,0.00,4.00,0.67,T78240313,Counter iPad,,Payment,Eat in,,
2026-07-05,19:00:00,Europe/London,Drinks,Lager Pint,1,Regular,,6.20,0.00,6.20,1.03,T78240313,Counter iPad,,Payment,Takeaway,,
2026-07-05,19:00:00,Europe/London,Drinks,House White 175ml,1,Regular,,7.00,0.00,7.00,1.17,T78240313,Counter iPad,,Payment,Eat in,,
2026-07-05,19:00:00,Europe/London,Drinks,House Red 175ml,1,Regular,,7.00,0.00,7.00,1.17,T78240313,Counter iPad,,Payment,Eat in,,
2026-07-05,20:05:00,Europe/London,Kids,Kids Fish & Chips,2,Regular,,16.00,0.00,16.00,2.67,T57753898,Counter iPad,,Payment,Eat in,,
2026-07-05,20:05:00,Europe/London,Starters,Salt & Pepper Squid,1,Regular,,9.50,0.00,9.50,1.58,T57753898,Counter iPad,,Payment,Eat in,,
2026-07-05,20:05:00,Europe/London,Mains,Sunday Roast,1,Regular,,24.00,0.00,24.00,4.00,T57753898,Counter iPad,,Payment,Eat in,,
2026-07-05,20:05:00,Europe/London,Drinks,Lager Pint,2,Regular,,12.40,0.00,12.40,2.07,T57753898,Counter iPad,,Payment,Eat in,,
2026-07-05,20:05:00,Europe/London,Drinks,Coke,1,Regular,,3.00,0.00,3.00,0.50,T57753898,Counter iPad,,Payment,Takeaway,,
2026-07-05,20:47:00,Europe/London,Mains,Sunday Roast,1,Regular,,24.00,0.00,24.00,4.00,T99519778,Bar iPad,,Payment,Eat in,,
2026-07-05,20:47:00,Europe/London,Sides,Truffle Fries,1,Regular,,6.00,0.00,6.00,1.00,T99519778,Bar iPad,,Payment,Eat in,,
2026-07-05,20:47:00,Europe/London,Starters,Soup of the Day,1,Regular,,7.00,0.00,7.00,1.17,T99519778,Bar iPad,,Payment,Eat in,,
2026-07-05,20:47:00,Europe/London,Mains,Fish & Chips,1,Regular,,17.50,0.00,17.50,2.92,T99519778,Bar iPad,,Payment,Eat in,,
2026-07-05,20:47:00,Europe/London,Sides,Bread & Butter,1,Regular,,4.00,0.00,4.00,0.67,T99519778,Bar iPad,,Payment,Takeaway,,
2026-07-05,20:47:00,Europe/London,Drinks,Lager Pint,1,Regular,,6.20,0.00,6.20,1.03,T99519778,Bar iPad,,Payment,Eat in,,
2026-07-05,20:47:00,Europe/London,Drinks,House White 175ml,1,Regular,,7.00,0.00,7.00,1.17,T99519778,Bar iPad,,Payment,Eat in,,
2026-07-05,20:47:00,Europe/London,Drinks,Flat White,2,Regular,,6.80,0.00,6.80,1.13,T99519778,Bar iPad,,Payment,Eat in,,
2026-07-05,21:07:00,Europe/London,Starters,Salt & Pepper Squid,2,Regular,,19.00,0.00,19.00,3.17,T88767680,Counter iPad,,Payment,Eat in,,
2026-07-05,21:07:00,Europe/London,Mains,Sunday Roast,1,Regular,,24.00,0.00,24.00,4.00,T88767680,Counter iPad,,Payment,Eat in,,
2026-07-05,21:07:00,Europe/London,Mains,Tidewater Burger,1,Regular,"Add Bacon, Add Cheese",16.50,0.00,16.50,2.75,T88767680,Counter iPad,,Payment,Eat in,,
2026-07-05,21:07:00,Europe/London,Sides,Bread & Butter,1,Regular,,4.00,0.00,4.00,0.67,T88767680,Counter iPad,,Payment,Eat in,,
2026-07-05,21:07:00,Europe/London,Drinks,Lager Pint,1,Regular,,6.20,0.00,6.20,1.03,T88767680,Counter iPad,,Payment,Eat in,,
2026-07-05,21:07:00,Europe/London,Drinks,Coke,1,Regular,,3.00,0.00,3.00,0.50,T88767680,Counter iPad,,Payment,Eat in,,
2026-07-05,21:07:00,Europe/London,Drinks,Flat White,1,Regular,,3.40,0.00,3.40,0.57,T88767680,Counter iPad,,Payment,Eat in,,
2026-07-05,16:30:00,Europe/London,Other,Staff Meal,1,Regular,Risotto,10.00,-10.00,0.00,0.00,T45361785,Counter iPad,,Payment,Eat in,,
2026-07-05,21:44:00,Europe/London,Mains,Sunday Roast,1,Regular,,24.00,0.00,24.00,4.00,T51815783,Counter iPad,,Payment,Eat in,,
2026-07-05,21:44:00,Europe/London,Desserts,Sticky Toffee Pudding,2,Regular,,16.00,0.00,16.00,2.67,T51815783,Counter iPad,,Payment,Eat in,,
2026-07-05,21:44:00,Europe/London,Drinks,House White 175ml,1,Regular,,7.00,0.00,7.00,1.17,T51815783,Counter iPad,,Payment,Takeaway,,
2026-07-05,21:44:00,Europe/London,Drinks,Coke,1,Regular,,3.00,0.00,3.00,0.50,T51815783,Counter iPad,,Payment,Eat in,,
2026-07-05,23:23:00,Europe/London,Kids,Kids Burger,1,Regular,,7.50,0.00,7.50,1.25,T71537917,Counter iPad,,Payment,Eat in,,
2026-07-05,23:23:00,Europe/London,Mains,Mushroom Risotto,1,Regular,,15.00,0.00,15.00,2.50,T71537917,Counter iPad,,Payment,Takeaway,,
2026-07-05,23:23:00,Europe/London,Sides,Truffle Fries,1,Regular,,6.00,0.00,6.00,1.00,T71537917,Counter iPad,,Payment,Takeaway,,
2026-07-05,23:23:00,Europe/London,Desserts,Cheeseboard,1,3,,11.00,0.00,11.00,1.83,T71537917,Counter iPad,,Payment,Takeaway,,
2026-07-05,23:23:00,Europe/London,Mains,Tidewater Burger,1,Regular,,16.50,0.00,16.50,2.75,T71537917,Counter iPad,,Payment,Eat in,,
2026-07-05,23:23:00,Europe/London,Starters,Mackerel Pate,1,Regular,,8.50,0.00,8.50,1.42,T71537917,Counter iPad,,Payment,Eat in,,
2026-07-05,23:23:00,Europe/London,Mains,Sunday Roast,1,Regular,,24.00,0.00,24.00,4.00,T71537917,Counter iPad,,Payment,Takeaway,,
2026-07-05,23:23:00,Europe/London,Sides,Chips,1,Regular,,4.50,0.00,4.50,0.75,T71537917,Counter iPad,,Payment,Eat in,,
2026-07-05,23:23:00,Europe/London,Drinks,Lager Pint,3,Regular,,18.60,0.00,18.60,3.10,T71537917,Counter iPad,,Payment,Eat in,,
2026-07-05,23:23:00,Europe/London,Drinks,House White 175ml,2,Regular,,14.00,0.00,14.00,2.33,T71537917,Counter iPad,,Payment,Eat in,,
2026-07-05,23:25:00,Europe/London,Drinks,House White 175ml,1,Regular,,0.00,0.00,0.00,0.00,T71537917,Counter iPad,wrong table,Void,Eat in,,
2026-07-05,23:23:00,Europe/London,Drinks,House Red 175ml,1,Regular,,7.00,0.00,7.00,1.17,T71537917,Counter iPad,,Payment,Takeaway,,
2026-07-05,23:23:00,Europe/London,Drinks,Coke,1,Regular,,3.00,0.00,3.00,0.50,T71537917,Counter iPad,,Payment,Eat in,,
2026-07-05,23:23:00,Europe/London,Drinks,Sparkling Water 750ml,1,Regular,,4.00,0.00,4.00,0.67,T71537917,Counter iPad,,Payment,Eat in,,
2026-07-05,23:23:00,Europe/London,Drinks,Flat White,1,Regular,,3.40,0.00,3.40,0.57,T71537917,Counter iPad,,Payment,Eat in,,
2026-07-07,12:09:00,Europe/London,Set Menu,Set Lunch - 3 Courses,1,Regular,"Soup of the Day, Fish & Chips (Small), Kids Ice Cream",25.00,0.00,25.00,4.17,T23919382,Counter iPad,,Payment,Eat in,,
2026-07-07,12:09:00,Europe/London,Mains,Fish & Chips,1,Regular,,17.50,0.00,17.50,2.92,T23919382,Counter iPad,,Payment,Eat in,,
2026-07-07,12:09:00,Europe/London,Sides,Chips,1,Regular,,4.50,0.00,4.50,0.75,T23919382,Counter iPad,,Payment,Eat in,,
2026-07-07,12:09:00,Europe/London,Drinks,Lager Pint,1,Regular,,6.20,0.00,6.20,1.03,T23919382,Counter iPad,,Payment,Eat in,,
2026-07-07,13:51:00,Europe/London,Set Menu,Set Lunch - 2 Courses,1,Regular,"Soup of the Day, Fish & Chips (Small)",20.00,0.00,20.00,3.33,T75884461,Bar iPad,,Payment,Eat in,C112,Sample Customer 112
2026-07-07,13:51:00,Europe/London,Sides,Bread & Butter,1,Regular,,4.00,0.00,4.00,0.67,T75884461,Bar iPad,,Payment,Takeaway,C112,Sample Customer 112
2026-07-07,13:51:00,Europe/London,Drinks,Lager Pint,2,Regular,,12.40,0.00,12.40,2.07,T75884461,Bar iPad,,Payment,Eat in,C112,Sample Customer 112
2026-07-07,14:46:00,Europe/London,Mains,Mushroom Risotto,1,Regular,,15.00,0.00,15.00,2.50,T92247361,Counter iPad,,Payment,Takeaway,,
2026-07-07,14:46:00,Europe/London,Sides,Chips,1,Regular,,4.50,0.00,4.50,0.75,T92247361,Counter iPad,,Payment,Takeaway,,
2026-07-07,14:46:00,Europe/London,Desserts,Choc Tart,1,Regular,,8.00,0.00,8.00,1.33,T92247361,Counter iPad,,Payment,Eat in,,
2026-07-07,14:46:00,Europe/London,Starters,Salt & Pepper Squid,1,Regular,,9.50,0.00,9.50,1.58,T92247361,Counter iPad,,Payment,Eat in,,
2026-07-07,14:46:00,Europe/London,Mains,Steak Frites,2,Regular,,48.00,0.00,48.00,8.00,T92247361,Counter iPad,,Payment,Eat in,,
2026-07-07,14:46:00,Europe/London,Mains,Tidewater Burger,1,Regular,"Add Bacon, Add Cheese",16.50,0.00,16.50,2.75,T92247361,Counter iPad,,Payment,Eat in,,
2026-07-07,14:46:00,Europe/London,Sides,Peppercorn Sauce,1,Regular,,3.00,0.00,3.00,0.50,T92247361,Counter iPad,,Payment,Eat in,,
2026-07-07,14:46:00,Europe/London,Set Menu,Set Lunch - 2 Courses,1,Regular,"Mackerel Pate, Mushroom Risotto",20.00,0.00,20.00,3.33,T92247361,Counter iPad,,Payment,Eat in,,
2026-07-07,14:46:00,Europe/London,Drinks,Lager Pint,1,Regular,,6.20,0.00,6.20,1.03,T92247361,Counter iPad,,Payment,Eat in,,
2026-07-07,14:46:00,Europe/London,Drinks,House White 175ml,3,Regular,,21.00,0.00,21.00,3.50,T92247361,Counter iPad,,Payment,Eat in,,
2026-07-07,14:46:00,Europe/London,Drinks,House Red 175ml,1,Regular,,7.00,0.00,7.00,1.17,T92247361,Counter iPad,,Payment,Takeaway,,
2026-07-07,14:46:00,Europe/London,Drinks,Coke,1,Regular,,3.00,0.00,3.00,0.50,T92247361,Counter iPad,,Payment,Takeaway,,
2026-07-07,14:46:00,Europe/London,Drinks,Sparkling Water 750ml,1,Regular,,4.00,0.00,4.00,0.67,T92247361,Counter iPad,,Payment,Eat in,,
2026-07-07,14:46:00,Europe/London,Drinks,Espresso,1,Regular,,2.80,0.00,2.80,0.47,T92247361,Counter iPad,,Payment,Eat in,,
2026-07-07,18:03:00,Europe/London,Kids,Kids Fish & Chips,1,Regular,,8.00,0.00,8.00,1.33,T58919433,Counter iPad,,Payment,Eat in,,
2026-07-07,18:03:00,Europe/London,Kids,Kids Ice Cream,1,Regular,,3.50,0.00,3.50,0.58,T58919433,Counter iPad,,Payment,Takeaway,,
2026-07-07,18:03:00,Europe/London,Mains,Tidewater Burger,1,Regular,,16.50,0.00,16.50,2.75,T58919433,Counter iPad,,Payment,Takeaway,,
2026-07-07,18:03:00,Europe/London,Mains,Hake,1,Regular,,22.00,0.00,22.00,3.67,T58919433,Counter iPad,,Payment,Eat in,,
2026-07-07,18:03:00,Europe/London,Sides,Bread & Butter,1,Regular,,4.00,0.00,4.00,0.67,T58919433,Counter iPad,,Payment,Takeaway,,
2026-07-07,18:03:00,Europe/London,Drinks,Lager Pint,1,Regular,,6.20,0.00,6.20,1.03,T58919433,Counter iPad,,Payment,Eat in,,
2026-07-07,18:03:00,Europe/London,Drinks,House White 175ml,1,Regular,,7.00,0.00,7.00,1.17,T58919433,Counter iPad,,Payment,Eat in,,
2026-07-07,18:03:00,Europe/London,Drinks,House Red 175ml,1,Regular,,7.00,0.00,7.00,1.17,T58919433,Counter iPad,,Payment,Takeaway,,
2026-07-07,18:03:00,Europe/London,Drinks,Sparkling Water 750ml,1,Regular,,4.00,0.00,4.00,0.67,T58919433,Counter iPad,,Payment,Eat in,,
2026-07-07,18:03:00,Europe/London,Drinks,Flat White,1,Regular,,3.40,0.00,3.40,0.57,T58919433,Counter iPad,,Payment,Eat in,,
2026-07-07,18:15:00,Europe/London,Kids,Kids Burger,1,Regular,,7.50,0.00,7.50,1.25,T78846838,Counter iPad,,Payment,Takeaway,C648,Sample Customer 648
2026-07-07,18:15:00,Europe/London,Kids,Kids Ice Cream,1,Regular,,3.50,0.00,3.50,0.58,T78846838,Counter iPad,,Payment,Takeaway,C648,Sample Customer 648
2026-07-07,18:15:00,Europe/London,Mains,Fish & Chips,1,Regular,,17.50,0.00,17.50,2.92,T78846838,Counter iPad,,Payment,Eat in,C648,Sample Customer 648
2026-07-07,18:15:00,Europe/London,Mains,Tidewater Burger,1,Regular,,16.50,0.00,16.50,2.75,T78846838,Counter iPad,,Payment,Eat in,C648,Sample Customer 648
2026-07-07,18:15:00,Europe/London,Sides,Tenderstem,1,Regular,,5.00,0.00,5.00,0.83,T78846838,Counter iPad,,Payment,Eat in,C648,Sample Customer 648
2026-07-07,18:15:00,Europe/London,Mains,Chicken Supreme,1,Regular,,19.00,0.00,19.00,3.17,T78846838,Counter iPad,,Payment,Eat in,C648,Sample Customer 648
2026-07-07,18:15:00,Europe/London,Drinks,Lager Pint,2,Regular,,12.40,0.00,12.40,2.07,T78846838,Counter iPad,,Payment,Eat in,C648,Sample Customer 648
2026-07-07,18:15:00,Europe/London,Drinks,House White 175ml,1,Regular,,7.00,0.00,7.00,1.17,T78846838,Counter iPad,,Payment,Eat in,C648,Sample Customer 648
2026-07-07,18:15:00,Europe/London,Drinks,House Red 175ml,1,Regular,,7.00,0.00,7.00,1.17,T78846838,Counter iPad,,Payment,Takeaway,C648,Sample Customer 648
2026-07-07,18:15:00,Europe/London,Drinks,Coke,1,Regular,,3.00,0.00,3.00,0.50,T78846838,Counter iPad,,Payment,Eat in,C648,Sample Customer 648
2026-07-07,18:15:00,Europe/London,Drinks,Sparkling Water 750ml,1,Regular,,4.00,0.00,4.00,0.67,T78846838,Counter iPad,,Payment,Eat in,C648,Sample Customer 648
2026-07-07,18:15:00,Europe/London,Drinks,Flat White,1,Regular,,3.40,0.00,3.40,0.57,T78846838,Counter iPad,,Payment,Eat in,C648,Sample Customer 648
2026-07-07,18:17:00,Europe/London,Mains,Fish & Chips,1,Small,,13.00,0.00,13.00,2.17,T36963595,Counter iPad,,Payment,Eat in,,
2026-07-07,18:17:00,Europe/London,Mains,Fish & Chips,1,Regular,,17.50,0.00,17.50,2.92,T36963595,Counter iPad,,Payment,Eat in,,
2026-07-07,18:17:00,Europe/London,Starters,Pork Belly Bites,1,Regular,,8.00,0.00,8.00,1.33,T36963595,Counter iPad,,Payment,Eat in,,
2026-07-07,18:17:00,Europe/London,Mains,Lamb Rump,1,Regular,,26.00,0.00,26.00,4.33,T36963595,Counter iPad,,Payment,Eat in,,
2026-07-07,18:17:00,Europe/London,Drinks,Lager Pint,1,Regular,,6.20,0.00,6.20,1.03,T36963595,Counter iPad,,Payment,Eat in,,
2026-07-07,18:17:00,Europe/London,Drinks,House White 175ml,1,Regular,,7.00,0.00,7.00,1.17,T36963595,Counter iPad,,Payment,Eat in,,
2026-07-07,18:17:00,Europe/London,Drinks,Sparkling Water 750ml,1,Regular,,4.00,0.00,4.00,0.67,T36963595,Counter iPad,,Payment,Eat in,,
2026-07-07,18:35:00,Europe/London,Starters,Soup of the Day,1,Regular,,7.00,0.00,7.00,1.17,T35312206,Bar iPad,,Payment,Eat in,C722,Sample Customer 722
2026-07-07,18:35:00,Europe/London,Mains,Burger,1,Regular,Add Bacon,16.50,0.00,16.50,2.75,T35312206,Bar iPad,,Payment,Eat in,C722,Sample Customer 722
2026-07-07,18:35:00,Europe/London,Sides,House Salad,1,Regular,,4.50,0.00,4.50,0.75,T35312206,Bar iPad,,Payment,Takeaway,C722,Sample Customer 722
2026-07-07,18:35:00,Europe/London,Desserts,Sticky Toffee Pudding,1,Regular,,8.00,0.00,8.00,1.33,T35312206,Bar iPad,,Payment,Takeaway,C722,Sample Customer 722
2026-07-07,18:35:00,Europe/London,Mains,Fish & Chips,1,Regular,,17.50,0.00,17.50,2.92,T35312206,Bar iPad,,Payment,Eat in,C722,Sample Customer 722
2026-07-07,18:35:00,Europe/London,Desserts,Creme Brulee,1,Regular,,7.50,0.00,7.50,1.25,T35312206,Bar iPad,,Payment,Eat in,C722,Sample Customer 722
2026-07-07,18:35:00,Europe/London,Drinks,House White 175ml,1,Regular,,7.00,0.00,7.00,1.17,T35312206,Bar iPad,,Payment,Eat in,C722,Sample Customer 722
2026-07-07,18:35:00,Europe/London,Drinks,House Red 175ml,1,Regular,,7.00,0.00,7.00,1.17,T35312206,Bar iPad,,Payment,Takeaway,C722,Sample Customer 722
2026-07-07,18:35:00,Europe/London,Drinks,Sparkling Water 750ml,1,Regular,,4.00,0.00,4.00,0.67,T35312206,Bar iPad,,Payment,Takeaway,C722,Sample Customer 722
2026-07-07,19:27:00,Europe/London,Starters,Salt & Pepper Squid,1,Regular,,9.50,0.00,9.50,1.58,T55066862,Counter iPad,,Payment,Eat in,,
2026-07-07,19:27:00,Europe/London,Mains,Lamb Rump,1,Regular,,26.00,0.00,26.00,4.33,T55066862,Counter iPad,,Payment,Eat in,,
2026-07-07,19:27:00,Europe/London,Starters,Mackerel Pate,1,Regular,,8.50,0.00,8.50,1.42,T55066862,Counter iPad,,Payment,Eat in,,
2026-07-07,19:27:00,Europe/London,Mains,Lemon Sole (MP),1,Regular,,24.00,0.00,24.00,4.00,T55066862,Counter iPad,,Payment,Eat in,,
2026-07-07,19:27:00,Europe/London,Desserts,Choc Tart,1,Regular,,8.00,0.00,8.00,1.33,T55066862,Counter iPad,,Payment,Eat in,,
2026-07-07,19:27:00,Europe/London,Drinks,Coke,1,Regular,,3.00,0.00,3.00,0.50,T55066862,Counter iPad,,Payment,Eat in,,
2026-07-07,19:27:00,Europe/London,Drinks,Espresso,1,Regular,,2.80,0.00,2.80,0.47,T55066862,Counter iPad,,Payment,Eat in,,
2026-07-07,20:21:00,Europe/London,Sides,House Salad,1,Regular,,4.50,0.00,4.50,0.75,T14464384,Counter iPad,,Payment,Takeaway,C998,Sample Customer 998
2026-07-07,20:21:00,Europe/London,Sides,Bread & Butter,1,Regular,,4.00,0.00,4.00,0.67,T14464384,Counter iPad,,Payment,Eat in,C998,Sample Customer 998
2026-07-07,20:21:00,Europe/London,Drinks,Lager Pint,1,Regular,,6.20,0.00,6.20,1.03,T14464384,Counter iPad,,Payment,Eat in,C998,Sample Customer 998
2026-07-07,20:33:00,Europe/London,Mains,Lamb Rump,1,Regular,,26.00,0.00,26.00,4.33,T37155978,Counter iPad,,Payment,Takeaway,C502,Sample Customer 502
2026-07-07,20:33:00,Europe/London,Drinks,Lager Pint,1,Regular,,6.20,0.00,6.20,1.03,T37155978,Counter iPad,,Payment,Takeaway,C502,Sample Customer 502
2026-07-07,20:33:00,Europe/London,Drinks,Coke,1,Regular,,3.00,0.00,3.00,0.50,T37155978,Counter iPad,,Payment,Eat in,C502,Sample Customer 502
2026-07-07,22:40:00,Europe/London,Mains,Chicken Supreme,2,Regular,,38.00,0.00,38.00,6.33,T56101358,Counter iPad,,Payment,Eat in,,
2026-07-07,22:40:00,Europe/London,Desserts,Affogato,1,Regular,,6.00,0.00,6.00,1.00,T56101358,Counter iPad,,Payment,Takeaway,,
2026-07-07,22:40:00,Europe/London,Drinks,Lager Pint,1,Regular,,6.20,0.00,6.20,1.03,T56101358,Counter iPad,,Payment,Eat in,,
2026-07-07,22:40:00,Europe/London,Drinks,House White 175ml,1,Regular,,7.00,0.00,7.00,1.17,T56101358,Counter iPad,,Payment,Eat in,,
2026-07-07,22:41:00,Europe/London,Starters,Mackerel Pate,1,Regular,,8.50,0.00,8.50,1.42,T14606363,Counter iPad,,Payment,Eat in,,
2026-07-07,22:41:00,Europe/London,Mains,Chicken Supreme,1,Regular,,19.00,0.00,19.00,3.17,T14606363,Counter iPad,,Payment,Takeaway,,
2026-07-07,22:41:00,Europe/London,Mains,Fish & Chips,2,Regular,,35.00,0.00,35.00,5.83,T14606363,Counter iPad,,Payment,Eat in,,
2026-07-07,22:41:00,Europe/London,Desserts,Affogato,1,Regular,,6.00,0.00,6.00,1.00,T14606363,Counter iPad,,Payment,Eat in,,
2026-07-07,22:41:00,Europe/London,Mains,Steak Frites,1,Regular,,24.00,0.00,24.00,4.00,T14606363,Counter iPad,,Payment,Eat in,,
2026-07-07,22:41:00,Europe/London,Sides,Peppercorn Sauce,1,Regular,,3.00,0.00,3.00,0.50,T14606363,Counter iPad,,Payment,Takeaway,,
2026-07-07,22:41:00,Europe/London,Desserts,Crème Brûlée,1,Regular,,7.50,0.00,7.50,1.25,T14606363,Counter iPad,,Payment,Eat in,,
2026-07-07,22:41:00,Europe/London,Drinks,Lager Pint,2,Regular,,12.40,0.00,12.40,2.07,T14606363,Counter iPad,,Payment,Takeaway,,
2026-07-07,22:41:00,Europe/London,Drinks,House White 175ml,2,Regular,,14.00,0.00,14.00,2.33,T14606363,Counter iPad,,Payment,Eat in,,
2026-07-07,22:41:00,Europe/London,Drinks,House Red 175ml,2,Regular,,14.00,0.00,14.00,2.33,T14606363,Counter iPad,,Payment,Eat in,,
2026-07-07,22:41:00,Europe/London,Drinks,Espresso,3,Regular,,8.40,0.00,8.40,1.40,T14606363,Counter iPad,,Payment,Eat in,,
2026-07-07,22:41:00,Europe/London,Drinks,Flat White,1,Regular,,3.40,0.00,3.40,0.57,T14606363,Counter iPad,,Payment,Eat in,,
2026-07-07,23:40:00,Europe/London,Kids,Kids Burger,1,Regular,,7.50,0.00,7.50,1.25,T46547559,Counter iPad,,Payment,Eat in,,
2026-07-07,23:40:00,Europe/London,Kids,Kids Ice Cream,1,Regular,,3.50,0.00,3.50,0.58,T46547559,Counter iPad,,Payment,Takeaway,,
2026-07-07,23:40:00,Europe/London,Starters,Pork Belly Bites,1,Regular,,8.00,0.00,8.00,1.33,T46547559,Counter iPad,,Payment,Eat in,,
2026-07-07,23:40:00,Europe/London,Mains,Chicken Supreme,2,Regular,,38.00,0.00,38.00,6.33,T46547559,Counter iPad,,Payment,Eat in,,
2026-07-07,23:40:00,Europe/London,Sides,Truffle Fries,1,Regular,,6.00,0.00,6.00,1.00,T46547559,Counter iPad,,Payment,Eat in,,
2026-07-07,23:40:00,Europe/London,Desserts,Sticky Toffee Pudding,1,Regular,,8.00,0.00,8.00,1.33,T46547559,Counter iPad,,Payment,Takeaway,,
2026-07-07,23:40:00,Europe/London,Starters,Mackerel Pate,1,Regular,,8.50,0.00,8.50,1.42,T46547559,Counter iPad,,Payment,Eat in,,
2026-07-07,23:40:00,Europe/London,Drinks,Lager Pint,2,Regular,,12.40,0.00,12.40,2.07,T46547559,Counter iPad,,Payment,Takeaway,,
2026-07-07,23:40:00,Europe/London,Drinks,House White 175ml,1,Regular,,7.00,0.00,7.00,1.17,T46547559,Counter iPad,,Payment,Eat in,,
2026-07-07,23:40:00,Europe/London,Drinks,Espresso,1,Regular,,2.80,0.00,2.80,0.47,T46547559,Counter iPad,,Payment,Eat in,,
2026-07-08,12:23:00,Europe/London,Set Menu,Set Lunch - 2 Courses,3,Regular,"Mackerel Pate, Mushroom Risotto, Soup of the Day, Fish & Chips (Small), Mackerel Pate, Fish & Chips (Small)",60.00,0.00,60.00,10.00,T39807545,Counter iPad,,Payment,Eat in,,
2026-07-08,12:23:00,Europe/London,Sides,Bread & Butter,1,Regular,,4.00,0.00,4.00,0.67,T39807545,Counter iPad,,Payment,Eat in,,
2026-07-08,12:23:00,Europe/London,Drinks,Lager Pint,1,Regular,,6.20,0.00,6.20,1.03,T39807545,Counter iPad,,Payment,Eat in,,
2026-07-08,12:23:00,Europe/London,Drinks,House Red 175ml,1,Regular,,7.00,0.00,7.00,1.17,T39807545,Counter iPad,,Payment,Eat in,,
2026-07-08,12:23:00,Europe/London,Drinks,Espresso,1,Regular,,2.80,0.00,2.80,0.47,T39807545,Counter iPad,,Payment,Eat in,,
2026-07-08,13:03:00,Europe/London,Drinks,Espresso,1,Regular,,-2.80,0.00,-2.80,-0.47,T39807545,Counter iPad,sent back,Refund,Eat in,,
2026-07-08,12:27:00,Europe/London,Starters,Pork Belly Bites,1,Regular,,8.00,0.00,8.00,1.33,T13771689,Counter iPad,,Payment,Eat in,,
2026-07-08,12:27:00,Europe/London,Mains,Fish & Chips,1,Small,,13.00,0.00,13.00,2.17,T13771689,Counter iPad,,Payment,Eat in,,
2026-07-08,12:27:00,Europe/London,Set Menu,Set Lunch - 2 Courses,1,Regular,"Soup of the Day, Fish & Chips (Small)",20.00,0.00,20.00,3.33,T13771689,Counter iPad,,Payment,Eat in,,
2026-07-08,12:27:00,Europe/London,Drinks,Lager Pint,1,Regular,,6.20,0.00,6.20,1.03,T13771689,Counter iPad,,Payment,Eat in,,
2026-07-08,12:27:00,Europe/London,Drinks,House White 175ml,1,Regular,,7.00,0.00,7.00,1.17,T13771689,Counter iPad,,Payment,Takeaway,,
2026-07-08,12:27:00,Europe/London,Drinks,House Red 175ml,1,Regular,,7.00,0.00,7.00,1.17,T13771689,Counter iPad,,Payment,Eat in,,
2026-07-08,12:27:00,Europe/London,Drinks,Sparkling Water 750ml,1,Regular,,4.00,0.00,4.00,0.67,T13771689,Counter iPad,,Payment,Eat in,,
2026-07-08,12:27:00,Europe/London,Drinks,Espresso,1,Regular,,2.80,0.00,2.80,0.47,T13771689,Counter iPad,,Payment,Eat in,,
2026-07-08,12:27:00,Europe/London,Drinks,Flat White,1,Regular,,3.40,0.00,3.40,0.57,T13771689,Counter iPad,,Payment,Eat in,,
2026-07-08,12:38:00,Europe/London,Set Menu,Set Lunch - 2 Courses,2,Regular,"Mackerel Pate, Fish & Chips (Small), Mackerel Pate, Fish & Chips (Small)",40.00,0.00,40.00,6.67,T14990239,Counter iPad,,Payment,Eat in,,
2026-07-08,12:38:00,Europe/London,Starters,Soup of the Day,1,Regular,,7.00,0.00,7.00,1.17,T14990239,Counter iPad,,Payment,Takeaway,,
2026-07-08,12:38:00,Europe/London,Mains,Steak Frites,1,Regular,,24.00,0.00,24.00,4.00,T14990239,Counter iPad,,Payment,Eat in,,
2026-07-08,12:38:00,Europe/London,Sides,Peppercorn Sauce,1,Regular,,3.00,0.00,3.00,0.50,T14990239,Counter iPad,,Payment,Takeaway,,
2026-07-08,12:38:00,Europe/London,Desserts,Affogato,1,Regular,,6.00,0.00,6.00,1.00,T14990239,Counter iPad,,Payment,Takeaway,,
2026-07-08,12:38:00,Europe/London,Mains,Tidewater Burger,1,Regular,,16.50,0.00,16.50,2.75,T14990239,Counter iPad,,Payment,Eat in,,
2026-07-08,12:38:00,Europe/London,Set Menu,Set Lunch - 3 Courses,2,Regular,"Soup of the Day, Mushroom Risotto, Kids Ice Cream, Mackerel Pate, Mushroom Risotto, Sticky Toffee Pudding",50.00,0.00,50.00,8.33,T14990239,Counter iPad,,Payment,Eat in,,
2026-07-08,12:38:00,Europe/London,Sides,Bread & Butter,1,Regular,,4.00,0.00,4.00,0.67,T14990239,Counter iPad,,Payment,Eat in,,
2026-07-08,12:38:00,Europe/London,Drinks,Lager Pint,2,Regular,,12.40,0.00,12.40,2.07,T14990239,Counter iPad,,Payment,Eat in,,
2026-07-08,12:38:00,Europe/London,Drinks,Coke,1,Regular,,3.00,0.00,3.00,0.50,T14990239,Counter iPad,,Payment,Takeaway,,
2026-07-08,12:38:00,Europe/London,Drinks,Espresso,1,Regular,,2.80,0.00,2.80,0.47,T14990239,Counter iPad,,Payment,Eat in,,
2026-07-08,18:47:00,Europe/London,Mains,Fish & Chips,1,Regular,,17.50,-17.50,0.00,0.00,T10439077,Bar iPad,comp - long wait,Payment,Eat in,C536,Sample Customer 536
2026-07-08,18:47:00,Europe/London,Sides,Truffle Fries,1,Regular,,6.00,0.00,6.00,1.00,T10439077,Bar iPad,,Payment,Eat in,C536,Sample Customer 536
2026-07-08,18:47:00,Europe/London,Desserts,Creme Brulee,1,Regular,,7.50,0.00,7.50,1.25,T10439077,Bar iPad,,Payment,Eat in,C536,Sample Customer 536
2026-07-08,18:47:00,Europe/London,Mains,Burger,1,Regular,,16.50,0.00,16.50,2.75,T10439077,Bar iPad,,Payment,Eat in,C536,Sample Customer 536
2026-07-08,18:47:00,Europe/London,Drinks,House White 175ml,2,Regular,,14.00,0.00,14.00,2.33,T10439077,Bar iPad,,Payment,Eat in,C536,Sample Customer 536
2026-07-08,18:47:00,Europe/London,Drinks,House Red 175ml,2,Regular,,14.00,0.00,14.00,2.33,T10439077,Bar iPad,,Payment,Eat in,C536,Sample Customer 536
2026-07-08,18:47:00,Europe/London,Drinks,Coke,1,Regular,,3.00,0.00,3.00,0.50,T10439077,Bar iPad,,Payment,Eat in,C536,Sample Customer 536
2026-07-08,18:47:00,Europe/London,Drinks,Espresso,1,Regular,,2.80,0.00,2.80,0.47,T10439077,Bar iPad,,Payment,Eat in,C536,Sample Customer 536
2026-07-08,19:18:00,Europe/London,Kids,Kids Fish & Chips,1,Regular,,8.00,0.00,8.00,1.33,T94635254,Counter iPad,,Payment,Eat in,,
2026-07-08,19:18:00,Europe/London,Starters,Salt & Pepper Squid,1,Regular,,9.50,0.00,9.50,1.58,T94635254,Counter iPad,,Payment,Eat in,,
2026-07-08,19:18:00,Europe/London,Desserts,Crème Brûlée,1,Regular,,7.50,0.00,7.50,1.25,T94635254,Counter iPad,,Payment,Eat in,,
2026-07-08,19:18:00,Europe/London,Mains,Tidewater Burger,1,Regular,,16.50,0.00,16.50,2.75,T94635254,Counter iPad,,Payment,Eat in,,
2026-07-08,19:18:00,Europe/London,Sides,Chips,1,Regular,,4.50,0.00,4.50,0.75,T94635254,Counter iPad,,Payment,Eat in,,
2026-07-08,19:18:00,Europe/London,Sides,Bread & Butter,1,Regular,,4.00,0.00,4.00,0.67,T94635254,Counter iPad,,Payment,Takeaway,,
2026-07-08,19:18:00,Europe/London,Drinks,Lager Pint,1,Regular,,6.20,0.00,6.20,1.03,T94635254,Counter iPad,,Payment,Eat in,,
2026-07-08,19:18:00,Europe/London,Drinks,House White 175ml,2,Regular,,14.00,0.00,14.00,2.33,T94635254,Counter iPad,,Payment,Eat in,,
2026-07-08,19:18:00,Europe/London,Drinks,House Red 175ml,1,Regular,,7.00,0.00,7.00,1.17,T94635254,Counter iPad,,Payment,Eat in,,
2026-07-08,19:18:00,Europe/London,Drinks,Coke,1,Regular,,3.00,0.00,3.00,0.50,T94635254,Counter iPad,,Payment,Takeaway,,
2026-07-08,19:18:00,Europe/London,Drinks,Flat White,1,Regular,,3.40,0.00,3.40,0.57,T94635254,Counter iPad,,Payment,Eat in,,
2026-07-08,19:26:00,Europe/London,Mains,Lamb Rump,1,Regular,,26.00,0.00,26.00,4.33,T40013287,Counter iPad,,Payment,Eat in,,
2026-07-08,19:26:00,Europe/London,Sides,Truffle Fries,1,Regular,,6.00,0.00,6.00,1.00,T40013287,Counter iPad,,Payment,Eat in,,
2026-07-08,19:26:00,Europe/London,Desserts,Sticky Toffee Pudding,1,Regular,,8.00,0.00,8.00,1.33,T40013287,Counter iPad,,Payment,Eat in,,
2026-07-08,19:26:00,Europe/London,Drinks,Lager Pint,1,Regular,,6.20,0.00,6.20,1.03,T40013287,Counter iPad,,Payment,Eat in,,
2026-07-08,19:26:00,Europe/London,Drinks,House White 175ml,1,Regular,,7.00,0.00,7.00,1.17,T40013287,Counter iPad,,Payment,Eat in,,
2026-07-08,19:26:00,Europe/London,Drinks,House Red 175ml,1,Regular,,7.00,0.00,7.00,1.17,T40013287,Counter iPad,,Payment,Eat in,,
2026-07-08,20:03:00,Europe/London,Starters,Salt & Pepper Squid,1,Regular,,9.50,0.00,9.50,1.58,T58516336,Counter iPad,,Payment,Eat in,,
2026-07-08,20:03:00,Europe/London,Mains,Fish & Chips,1,Regular,,17.50,0.00,17.50,2.92,T58516336,Counter iPad,,Payment,Eat in,,
2026-07-08,20:03:00,Europe/London,Starters,Pork Belly Bites,1,Regular,,8.00,0.00,8.00,1.33,T58516336,Counter iPad,,Payment,Eat in,,
2026-07-08,20:03:00,Europe/London,Mains,Tidewater Burger,1,Regular,,16.50,0.00,16.50,2.75,T58516336,Counter iPad,,Payment,Takeaway,,
2026-07-08,20:03:00,Europe/London,Starters,Soup of the Day,1,Regular,,7.00,0.00,7.00,1.17,T58516336,Counter iPad,,Payment,Eat in,,
2026-07-08,20:03:00,Europe/London,Mains,Lamb Rump,1,Regular,,26.00,0.00,26.00,4.33,T58516336,Counter iPad,,Payment,Eat in,,
2026-07-08,20:03:00,Europe/London,Sides,Chips,1,Regular,,4.50,0.00,4.50,0.75,T58516336,Counter iPad,,Payment,Eat in,,
2026-07-08,20:03:00,Europe/London,Drinks,Lager Pint,1,Regular,,6.20,0.00,6.20,1.03,T58516336,Counter iPad,,Payment,Eat in,,
2026-07-08,20:03:00,Europe/London,Drinks,House White 175ml,1,Regular,,7.00,0.00,7.00,1.17,T58516336,Counter iPad,,Payment,Eat in,,
2026-07-08,20:03:00,Europe/London,Drinks,Sparkling Water 750ml,1,Regular,,4.00,0.00,4.00,0.67,T58516336,Counter iPad,,Payment,Eat in,,
2026-07-08,21:05:00,Europe/London,Kids,Kids Fish & Chips,1,Regular,,8.00,0.00,8.00,1.33,T27922003,Counter iPad,,Payment,Eat in,C694,Sample Customer 694
2026-07-08,21:05:00,Europe/London,Kids,Kids Burger,1,Regular,,7.50,0.00,7.50,1.25,T27922003,Counter iPad,,Payment,Eat in,C694,Sample Customer 694
2026-07-08,21:05:00,Europe/London,Mains,Steak Frites,1,Regular,,24.00,0.00,24.00,4.00,T27922003,Counter iPad,,Payment,Takeaway,C694,Sample Customer 694
2026-07-08,21:05:00,Europe/London,Desserts,Crème Brûlée,1,Regular,,7.50,0.00,7.50,1.25,T27922003,Counter iPad,,Payment,Takeaway,C694,Sample Customer 694
2026-07-08,21:05:00,Europe/London,Starters,Pork Belly Bites,1,Regular,,8.00,0.00,8.00,1.33,T27922003,Counter iPad,,Payment,Eat in,C694,Sample Customer 694
2026-07-08,21:05:00,Europe/London,Mains,Mushroom Risotto,1,Regular,,15.00,0.00,15.00,2.50,T27922003,Counter iPad,,Payment,Eat in,C694,Sample Customer 694
2026-07-08,21:05:00,Europe/London,Sides,Chips,1,Regular,,4.50,0.00,4.50,0.75,T27922003,Counter iPad,,Payment,Eat in,C694,Sample Customer 694
2026-07-08,21:05:00,Europe/London,Sides,Bread & Butter,1,Regular,,4.00,0.00,4.00,0.67,T27922003,Counter iPad,,Payment,Eat in,C694,Sample Customer 694
2026-07-08,21:05:00,Europe/London,Drinks,Lager Pint,2,Regular,,12.40,0.00,12.40,2.07,T27922003,Counter iPad,,Payment,Takeaway,C694,Sample Customer 694
2026-07-08,21:05:00,Europe/London,Drinks,Coke,2,Regular,,6.00,0.00,6.00,1.00,T27922003,Counter iPad,,Payment,Eat in,C694,Sample Customer 694
2026-07-08,21:16:00,Europe/London,Mains,Fish & Chips,1,Regular,,17.50,0.00,17.50,2.92,T87600987,Counter iPad,,Payment,Eat in,,
2026-07-08,21:16:00,Europe/London,Starters,Salt & Pepper Squid,1,Regular,,9.50,0.00,9.50,1.58,T87600987,Counter iPad,,Payment,Eat in,,
2026-07-08,21:16:00,Europe/London,Mains,Chicken Supreme,1,Regular,,19.00,0.00,19.00,3.17,T87600987,Counter iPad,,Payment,Takeaway,,
2026-07-08,21:16:00,Europe/London,Sides,Chips,1,Regular,,4.50,0.00,4.50,0.75,T87600987,Counter iPad,,Payment,Eat in,,
2026-07-08,21:16:00,Europe/London,Drinks,Lager Pint,1,Regular,,6.20,0.00,6.20,1.03,T87600987,Counter iPad,,Payment,Takeaway,,
2026-07-08,21:16:00,Europe/London,Drinks,House White 175ml,2,Regular,,14.00,0.00,14.00,2.33,T87600987,Counter iPad,,Payment,Eat in,,
2026-07-08,21:18:00,Europe/London,Drinks,House White 175ml,1,Regular,,0.00,0.00,0.00,0.00,T87600987,Counter iPad,wrong table,Void,Eat in,,
2026-07-08,21:16:00,Europe/London,Drinks,Espresso,2,Regular,,5.60,0.00,5.60,0.93,T87600987,Counter iPad,,Payment,Takeaway,,
2026-07-08,21:41:00,Europe/London,Mains,Mushroom Risotto,1,Regular,,15.00,0.00,15.00,2.50,T89073460,Counter iPad,,Payment,Eat in,,
2026-07-08,21:41:00,Europe/London,Sides,Truffle Fries,1,Regular,,6.00,0.00,6.00,1.00,T89073460,Counter iPad,,Payment,Takeaway,,
2026-07-08,21:41:00,Europe/London,Starters,Pork Belly Bites,1,Regular,,8.00,0.00,8.00,1.33,T89073460,Counter iPad,,Payment,Eat in,,
2026-07-08,21:41:00,Europe/London,Mains,Chicken Supreme,1,Regular,,19.00,0.00,19.00,3.17,T89073460,Counter iPad,,Payment,Eat in,,
2026-07-08,21:41:00,Europe/London,Sides,Tenderstem,1,Regular,,5.00,0.00,5.00,0.83,T89073460,Counter iPad,,Payment,Eat in,,
2026-07-08,21:41:00,Europe/London,Drinks,Lager Pint,2,Regular,,12.40,0.00,12.40,2.07,T89073460,Counter iPad,,Payment,Eat in,,
2026-07-08,21:41:00,Europe/London,Drinks,Coke,1,Regular,,3.00,0.00,3.00,0.50,T89073460,Counter iPad,,Payment,Takeaway,,
2026-07-08,22:09:00,Europe/London,Starters,Burrata,1,Regular,,10.00,0.00,10.00,1.67,T41151916,Counter iPad,,Payment,Eat in,,
2026-07-08,22:09:00,Europe/London,Mains,Fish & Chips,2,Regular,,35.00,0.00,35.00,5.83,T41151916,Counter iPad,,Payment,Eat in,,
2026-07-08,22:09:00,Europe/London,Sides,Chips,2,Regular,,9.00,0.00,9.00,1.50,T41151916,Counter iPad,,Payment,Eat in,,
2026-07-08,22:09:00,Europe/London,Mains,Tidewater Burger,1,Regular,,16.50,0.00,16.50,2.75,T41151916,Counter iPad,,Payment,Eat in,,
2026-07-08,22:09:00,Europe/London,Drinks,Lager Pint,2,Regular,,12.40,0.00,12.40,2.07,T41151916,Counter iPad,,Payment,Eat in,,
2026-07-08,22:09:00,Europe/London,Drinks,House Red 175ml,1,Regular,,7.00,0.00,7.00,1.17,T41151916,Counter iPad,,Payment,Eat in,,
2026-07-08,22:09:00,Europe/London,Drinks,Sparkling Water 750ml,1,Regular,,4.00,0.00,4.00,0.67,T41151916,Counter iPad,,Payment,Takeaway,,
2026-07-08,22:09:00,Europe/London,Drinks,Espresso,2,Regular,,5.60,0.00,5.60,0.93,T41151916,Counter iPad,,Payment,Takeaway,,
2026-07-08,22:11:00,Europe/London,Starters,Mackerel Pate,1,Regular,,8.50,0.00,8.50,1.42,T18627909,Counter iPad,,Payment,Eat in,,
2026-07-08,22:11:00,Europe/London,Mains,Lamb Rump,1,Regular,,26.00,0.00,26.00,4.33,T18627909,Counter iPad,,Payment,Takeaway,,
2026-07-08,22:11:00,Europe/London,Sides,Tenderstem,1,Regular,,5.00,0.00,5.00,0.83,T18627909,Counter iPad,,Payment,Eat in,,
2026-07-08,22:11:00,Europe/London,Mains,Fish & Chips,1,Regular,,17.50,0.00,17.50,2.92,T18627909,Counter iPad,,Payment,Eat in,,
2026-07-08,22:11:00,Europe/London,Desserts,Sticky Toffee Pudding,1,Regular,,8.00,0.00,8.00,1.33,T18627909,Counter iPad,,Payment,Takeaway,,
2026-07-08,22:11:00,Europe/London,Drinks,Espresso,1,Regular,,2.80,0.00,2.80,0.47,T18627909,Counter iPad,,Payment,Eat in,,
2026-07-08,22:23:00,Europe/London,Mains,Fish & Chips,1,Regular,,17.50,0.00,17.50,2.92,T36577008,Bar iPad,,Payment,Eat in,,
2026-07-08,22:23:00,Europe/London,Mains,Steak Frites,1,Regular,,24.00,0.00,24.00,4.00,T36577008,Bar iPad,,Payment,Takeaway,,
2026-07-08,22:23:00,Europe/London,Drinks,Lager Pint,1,Regular,,6.20,0.00,6.20,1.03,T36577008,Bar iPad,,Payment,Eat in,,
2026-07-08,22:56:00,Europe/London,Starters,Salt & Pepper Squid,1,Regular,,9.50,0.00,9.50,1.58,T81829291,Counter iPad,,Payment,Eat in,,
2026-07-08,22:56:00,Europe/London,Mains,Tidewater Burger,1,Regular,,16.50,0.00,16.50,2.75,T81829291,Counter iPad,,Payment,Takeaway,,
2026-07-08,22:56:00,Europe/London,Desserts,Crème Brûlée,1,Regular,,7.50,0.00,7.50,1.25,T81829291,Counter iPad,,Payment,Eat in,,
2026-07-08,22:56:00,Europe/London,Mains,Chicken Supreme,1,Regular,,19.00,0.00,19.00,3.17,T81829291,Counter iPad,,Payment,Eat in,,
2026-07-08,22:56:00,Europe/London,Sides,Bread & Butter,1,Regular,,4.00,0.00,4.00,0.67,T81829291,Counter iPad,,Payment,Eat in,,
2026-07-08,22:56:00,Europe/London,Drinks,Lager Pint,2,Regular,,12.40,0.00,12.40,2.07,T81829291,Counter iPad,,Payment,Eat in,,
2026-07-08,22:56:00,Europe/London,Drinks,House Red 175ml,1,Regular,,7.00,0.00,7.00,1.17,T81829291,Counter iPad,,Payment,Eat in,,
2026-07-08,22:56:00,Europe/London,Drinks,Espresso,1,Regular,,2.80,0.00,2.80,0.47,T81829291,Counter iPad,,Payment,Takeaway,,
2026-07-08,23:20:00,Europe/London,Kids,Kids Burger,1,Regular,,7.50,0.00,7.50,1.25,T14834453,Counter iPad,,Payment,Eat in,,
2026-07-08,23:20:00,Europe/London,Starters,Pork Belly Bites,1,Regular,,8.00,0.00,8.00,1.33,T14834453,Counter iPad,,Payment,Takeaway,,
2026-07-08,23:20:00,Europe/London,Mains,Steak Frites,1,Regular,,24.00,0.00,24.00,4.00,T14834453,Counter iPad,,Payment,Eat in,,
2026-07-08,23:20:00,Europe/London,Mains,Fish & Chips,1,Regular,,17.50,0.00,17.50,2.92,T14834453,Counter iPad,,Payment,Takeaway,,
2026-07-08,23:20:00,Europe/London,Drinks,Lager Pint,2,Regular,,12.40,0.00,12.40,2.07,T14834453,Counter iPad,,Payment,Takeaway,,
2026-07-08,23:20:00,Europe/London,Drinks,House White 175ml,2,Regular,,14.00,0.00,14.00,2.33,T14834453,Counter iPad,,Payment,Eat in,,
2026-07-08,23:20:00,Europe/London,Drinks,Coke,1,Regular,,3.00,0.00,3.00,0.50,T14834453,Counter iPad,,Payment,Eat in,,
2026-07-08,23:20:00,Europe/London,Drinks,Flat White,1,Regular,,3.40,0.00,3.40,0.57,T14834453,Counter iPad,,Payment,Eat in,,
2026-07-09,13:06:00,Europe/London,Starters,Mackerel Pate,1,Regular,,8.50,0.00,8.50,1.42,T91179461,Counter iPad,,Payment,Eat in,,
2026-07-09,13:06:00,Europe/London,Mains,Fish & Chips,1,Regular,,17.50,0.00,17.50,2.92,T91179461,Counter iPad,,Payment,Eat in,,
2026-07-09,13:06:00,Europe/London,Sides,Tenderstem,1,Regular,,5.00,0.00,5.00,0.83,T91179461,Counter iPad,,Payment,Takeaway,,
2026-07-09,13:06:00,Europe/London,Mains,Mushroom Risotto,1,Regular,,15.00,0.00,15.00,2.50,T91179461,Counter iPad,,Payment,Eat in,,
2026-07-09,13:06:00,Europe/London,Set Menu,Set Lunch - 2 Courses,3,Regular,"Mackerel Pate, Fish & Chips (Small), Mackerel Pate, Mushroom Risotto, Soup of the Day, Mushroom Risotto",60.00,0.00,60.00,10.00,T91179461,Counter iPad,,Payment,Eat in,,
2026-07-09,13:06:00,Europe/London,Sides,Bread & Butter,1,Regular,,4.00,0.00,4.00,0.67,T91179461,Counter iPad,,Payment,Eat in,,
2026-07-09,13:06:00,Europe/London,Drinks,Lager Pint,4,Regular,,24.80,0.00,24.80,4.13,T91179461,Counter iPad,,Payment,Eat in,,
2026-07-09,13:06:00,Europe/London,Drinks,House White 175ml,1,Regular,,7.00,0.00,7.00,1.17,T91179461,Counter iPad,,Payment,Eat in,,
2026-07-09,13:06:00,Europe/London,Drinks,Sparkling Water 750ml,1,Regular,,4.00,0.00,4.00,0.67,T91179461,Counter iPad,,Payment,Eat in,,
2026-07-09,13:51:00,Europe/London,Kids,Kids Fish & Chips,2,Regular,,16.00,0.00,16.00,2.67,T46872717,Counter iPad,,Payment,Eat in,,
2026-07-09,13:51:00,Europe/London,Kids,Kids Ice Cream,1,Regular,,3.50,0.00,3.50,0.58,T46872717,Counter iPad,,Payment,Eat in,,
2026-07-09,13:51:00,Europe/London,Starters,Burrata,1,Regular,,10.00,0.00,10.00,1.67,T46872717,Counter iPad,,Payment,Eat in,,
2026-07-09,13:51:00,Europe/London,Starters,Rock Oysters,1,x6,,16.00,0.00,16.00,2.67,T46872717,Counter iPad,,Payment,Takeaway,,
2026-07-09,13:51:00,Europe/London,Mains,Fish & Chips,1,Small,,13.00,0.00,13.00,2.17,T46872717,Counter iPad,,Payment,Takeaway,,
2026-07-09,13:51:00,Europe/London,Starters,Salt & Pepper Squid,1,Regular,,9.50,0.00,9.50,1.58,T46872717,Counter iPad,,Payment,Eat in,,
2026-07-09,13:51:00,Europe/London,Mains,Fish & Chips,1,Regular,,17.50,0.00,17.50,2.92,T46872717,Counter iPad,,Payment,Eat in,,
2026-07-09,13:51:00,Europe/London,Desserts,Sticky Toffee Pudding,1,Regular,,8.00,0.00,8.00,1.33,T46872717,Counter iPad,,Payment,Takeaway,,
2026-07-09,13:51:00,Europe/London,Sides,Bread & Butter,1,Regular,,4.00,0.00,4.00,0.67,T46872717,Counter iPad,,Payment,Takeaway,,
2026-07-09,13:51:00,Europe/London,Drinks,Lager Pint,2,Regular,,12.40,0.00,12.40,2.07,T46872717,Counter iPad,,Payment,Eat in,,
2026-07-09,13:51:00,Europe/London,Drinks,House Red 175ml,1,Regular,,7.00,0.00,7.00,1.17,T46872717,Counter iPad,,Payment,Takeaway,,
2026-07-09,13:51:00,Europe/London,Drinks,Sparkling Water 750ml,1,Regular,,4.00,0.00,4.00,0.67,T46872717,Counter iPad,,Payment,Eat in,,
2026-07-09,14:43:00,Europe/London,Mains,Tidewater Burger,1,Regular,,16.50,0.00,16.50,2.75,T55926207,Counter iPad,,Payment,Takeaway,,
2026-07-09,14:43:00,Europe/London,Desserts,Crème Brûlée,1,Regular,,7.50,0.00,7.50,1.25,T55926207,Counter iPad,,Payment,Eat in,,
2026-07-09,14:43:00,Europe/London,Set Menu,Set Lunch - 2 Courses,1,Regular,"Soup of the Day, Fish & Chips (Small)",20.00,0.00,20.00,3.33,T55926207,Counter iPad,,Payment,Eat in,,
2026-07-09,14:43:00,Europe/London,Drinks,Lager Pint,1,Regular,,6.20,0.00,6.20,1.03,T55926207,Counter iPad,,Payment,Eat in,,
2026-07-09,14:43:00,Europe/London,Drinks,House White 175ml,1,Regular,,7.00,0.00,7.00,1.17,T55926207,Counter iPad,,Payment,Eat in,,
2026-07-09,14:54:00,Europe/London,Mains,Steak Frites,2,Regular,,48.00,0.00,48.00,8.00,T37610017,Counter iPad,,Payment,Eat in,C546,Sample Customer 546
2026-07-09,14:54:00,Europe/London,Sides,Peppercorn Sauce,2,Regular,,6.00,0.00,6.00,1.00,T37610017,Counter iPad,,Payment,Takeaway,C546,Sample Customer 546
2026-07-09,14:54:00,Europe/London,Desserts,Choc Tart,1,Regular,,8.00,0.00,8.00,1.33,T37610017,Counter iPad,,Payment,Eat in,C546,Sample Customer 546
2026-07-09,14:54:00,Europe/London,Sides,Bread & Butter,1,Regular,,4.00,0.00,4.00,0.67,T37610017,Counter iPad,,Payment,Eat in,C546,Sample Customer 546
2026-07-09,14:54:00,Europe/London,Drinks,House Red 175ml,2,Regular,,14.00,0.00,14.00,2.33,T37610017,Counter iPad,,Payment,Eat in,C546,Sample Customer 546
2026-07-09,14:54:00,Europe/London,Drinks,Coke,2,Regular,,6.00,0.00,6.00,1.00,T37610017,Counter iPad,,Payment,Eat in,C546,Sample Customer 546
2026-07-09,14:54:00,Europe/London,Drinks,Sparkling Water 750ml,2,Regular,,8.00,0.00,8.00,1.33,T37610017,Counter iPad,,Payment,Eat in,C546,Sample Customer 546
2026-07-09,14:54:00,Europe/London,Drinks,Espresso,2,Regular,,5.60,0.00,5.60,0.93,T37610017,Counter iPad,,Payment,Eat in,C546,Sample Customer 546
2026-07-09,18:03:00,Europe/London,Starters,Salt & Pepper Squid,1,Regular,,9.50,0.00,9.50,1.58,T32920352,Counter iPad,,Payment,Takeaway,,
2026-07-09,18:03:00,Europe/London,Mains,Steak Frites,1,Regular,,24.00,0.00,24.00,4.00,T32920352,Counter iPad,,Payment,Eat in,,
2026-07-09,18:03:00,Europe/London,Starters,Soup of the Day,1,Regular,,7.00,0.00,7.00,1.17,T32920352,Counter iPad,,Payment,Eat in,,
2026-07-09,18:03:00,Europe/London,Mains,Tidewater Burger,1,Regular,,16.50,0.00,16.50,2.75,T32920352,Counter iPad,,Payment,Eat in,,
2026-07-09,18:03:00,Europe/London,Sides,Truffle Fries,1,Regular,,6.00,0.00,6.00,1.00,T32920352,Counter iPad,,Payment,Eat in,,
2026-07-09,18:03:00,Europe/London,Drinks,Lager Pint,1,Regular,,6.20,0.00,6.20,1.03,T32920352,Counter iPad,,Payment,Eat in,,
2026-07-09,18:03:00,Europe/London,Drinks,House White 175ml,1,Regular,,7.00,0.00,7.00,1.17,T32920352,Counter iPad,,Payment,Eat in,,
2026-07-09,18:43:00,Europe/London,Drinks,House White 175ml,1,Regular,,-7.00,0.00,-7.00,-1.17,T32920352,Counter iPad,sent back,Refund,Eat in,,
2026-07-09,18:03:00,Europe/London,Drinks,House Red 175ml,1,Regular,,7.00,0.00,7.00,1.17,T32920352,Counter iPad,,Payment,Eat in,,
2026-07-09,18:03:00,Europe/London,Drinks,Coke,1,Regular,,3.00,0.00,3.00,0.50,T32920352,Counter iPad,,Payment,Eat in,,
2026-07-09,18:21:00,Europe/London,Starters,Soup of the Day,3,Regular,,21.00,0.00,21.00,3.50,T78260835,Counter iPad,,Payment,Eat in,,
2026-07-09,18:21:00,Europe/London,Mains,Fish & Chips,1,Regular,,17.50,0.00,17.50,2.92,T78260835,Counter iPad,,Payment,Eat in,,
2026-07-09,18:21:00,Europe/London,Sides,Chips,1,Regular,,4.50,0.00,4.50,0.75,T78260835,Counter iPad,,Payment,Takeaway,,
2026-07-09,18:21:00,Europe/London,Desserts,Sticky Toffee Pudding,3,Regular,,24.00,0.00,24.00,4.00,T78260835,Counter iPad,,Payment,Eat in,,
2026-07-09,18:21:00,Europe/London,Mains,Fish & Chips,2,Small,,26.00,0.00,26.00,4.33,T78260835,Counter iPad,,Payment,Eat in,,
2026-07-09,18:21:00,Europe/London,Sides,House Salad,1,Regular,,4.50,0.00,4.50,0.75,T78260835,Counter iPad,,Payment,Eat in,,
2026-07-09,18:21:00,Europe/London,Mains,SPECIAL - Crab Linguine,2,Regular,,36.00,0.00,36.00,6.00,T78260835,Counter iPad,,Payment,Eat in,,
2026-07-09,18:21:00,Europe/London,Sides,Truffle Fries,2,Regular,,12.00,0.00,12.00,2.00,T78260835,Counter iPad,,Payment,Takeaway,,
2026-07-09,18:21:00,Europe/London,Sides,Bread & Butter,1,Regular,,4.00,0.00,4.00,0.67,T78260835,Counter iPad,,Payment,Eat in,,
2026-07-09,18:21:00,Europe/London,Drinks,Lager Pint,4,Regular,,24.80,0.00,24.80,4.13,T78260835,Counter iPad,,Payment,Eat in,,
2026-07-09,18:21:00,Europe/London,Drinks,House White 175ml,2,Regular,,14.00,0.00,14.00,2.33,T78260835,Counter iPad,,Payment,Takeaway,,
2026-07-09,18:21:00,Europe/London,Drinks,House Red 175ml,3,Regular,,21.00,0.00,21.00,3.50,T78260835,Counter iPad,,Payment,Eat in,,
2026-07-09,18:21:00,Europe/London,Drinks,Coke,1,Regular,,3.00,0.00,3.00,0.50,T78260835,Counter iPad,,Payment,Takeaway,,
2026-07-09,18:21:00,Europe/London,Drinks,Sparkling Water 750ml,2,Regular,,8.00,0.00,8.00,1.33,T78260835,Counter iPad,,Payment,Eat in,,
2026-07-09,18:21:00,Europe/London,Drinks,Espresso,1,Regular,,2.80,0.00,2.80,0.47,T78260835,Counter iPad,,Payment,Eat in,,
2026-07-09,18:32:00,Europe/London,Mains,SPECIAL - Crab Linguine,1,Regular,,18.00,0.00,18.00,3.00,T52364518,Bar iPad,,Payment,Eat in,,
2026-07-09,18:32:00,Europe/London,Drinks,Lager Pint,1,Regular,,6.20,0.00,6.20,1.03,T52364518,Bar iPad,,Payment,Eat in,,
2026-07-09,16:30:00,Europe/London,Other,Staff Meal,1,Regular,Fish & Chips,10.00,-10.00,0.00,0.00,T60285926,Counter iPad,,Payment,Eat in,,
2026-07-09,19:04:00,Europe/London,Starters,Burrata,1,Regular,,10.00,0.00,10.00,1.67,T87355668,Counter iPad,Table 9 - call 07700 900660 when ready,Payment,Takeaway,,
2026-07-09,19:04:00,Europe/London,Mains,Chicken Supreme,1,Regular,,19.00,0.00,19.00,3.17,T87355668,Counter iPad,Table 9 - call 07700 900660 when ready,Payment,Takeaway,,
2026-07-09,19:04:00,Europe/London,Sides,Truffle Fries,1,Regular,,6.00,0.00,6.00,1.00,T87355668,Counter iPad,Table 9 - call 07700 900660 when ready,Payment,Eat in,,
2026-07-09,19:04:00,Europe/London,Mains,Mushroom Risotto,1,Regular,,15.00,0.00,15.00,2.50,T87355668,Counter iPad,Table 9 - call 07700 900660 when ready,Payment,Eat in,,
2026-07-09,19:04:00,Europe/London,Sides,Bread & Butter,1,Regular,,4.00,0.00,4.00,0.67,T87355668,Counter iPad,Table 9 - call 07700 900660 when ready,Payment,Eat in,,
2026-07-09,19:04:00,Europe/London,Drinks,Lager Pint,2,Regular,,12.40,0.00,12.40,2.07,T87355668,Counter iPad,Table 9 - call 07700 900660 when ready,Payment,Eat in,,
2026-07-09,19:04:00,Europe/London,Drinks,House White 175ml,1,Regular,,7.00,0.00,7.00,1.17,T87355668,Counter iPad,Table 9 - call 07700 900660 when ready,Payment,Takeaway,,
2026-07-09,19:04:00,Europe/London,Drinks,Coke,1,Regular,,3.00,0.00,3.00,0.50,T87355668,Counter iPad,Table 9 - call 07700 900660 when ready,Payment,Eat in,,
2026-07-09,19:04:00,Europe/London,Drinks,Sparkling Water 750ml,1,Regular,,4.00,0.00,4.00,0.67,T87355668,Counter iPad,Table 9 - call 07700 900660 when ready,Payment,Eat in,,
2026-07-09,19:04:00,Europe/London,Drinks,Espresso,1,Regular,,2.80,0.00,2.80,0.47,T87355668,Counter iPad,Table 9 - call 07700 900660 when ready,Payment,Takeaway,,
2026-07-09,19:54:00,Europe/London,Starters,Mackerel Pate,1,Regular,,8.50,0.00,8.50,1.42,T75092103,Counter iPad,,Payment,Eat in,,
2026-07-09,19:54:00,Europe/London,Mains,Lamb Rump,1,Regular,,26.00,0.00,26.00,4.33,T75092103,Counter iPad,,Payment,Eat in,,
2026-07-09,19:54:00,Europe/London,Mains,Tidewater Burger,1,Regular,,16.50,0.00,16.50,2.75,T75092103,Counter iPad,,Payment,Takeaway,,
2026-07-09,19:54:00,Europe/London,Drinks,Lager Pint,2,Regular,,12.40,0.00,12.40,2.07,T75092103,Counter iPad,,Payment,Eat in,,
2026-07-09,20:34:00,Europe/London,Drinks,Lager Pint,1,Regular,,-6.20,0.00,-6.20,-1.03,T75092103,Counter iPad,sent back,Refund,Eat in,,
2026-07-09,19:54:00,Europe/London,Drinks,Coke,1,Regular,,3.00,0.00,3.00,0.50,T75092103,Counter iPad,,Payment,Eat in,,
2026-07-09,19:54:00,Europe/London,Drinks,Espresso,1,Regular,,2.80,0.00,2.80,0.47,T75092103,Counter iPad,,Payment,Eat in,,
2026-07-09,19:54:00,Europe/London,Drinks,Flat White,1,Regular,,3.40,0.00,3.40,0.57,T75092103,Counter iPad,,Payment,Eat in,,
2026-07-09,20:02:00,Europe/London,Starters,Soup of the Day,1,Regular,,7.00,0.00,7.00,1.17,T95211144,Counter iPad,,Payment,Takeaway,,
2026-07-09,20:02:00,Europe/London,Mains,Tidewater Burger,1,Regular,,16.50,0.00,16.50,2.75,T95211144,Counter iPad,,Payment,Eat in,,
2026-07-09,20:02:00,Europe/London,Desserts,Choc Tart,1,Regular,,8.00,0.00,8.00,1.33,T95211144,Counter iPad,,Payment,Eat in,,
2026-07-09,20:02:00,Europe/London,Starters,Burrata,1,Regular,,10.00,0.00,10.00,1.67,T95211144,Counter iPad,,Payment,Takeaway,,
2026-07-09,20:02:00,Europe/London,Mains,Mushroom Risotto,1,Regular,,15.00,0.00,15.00,2.50,T95211144,Counter iPad,,Payment,Takeaway,,
2026-07-09,20:02:00,Europe/London,Drinks,House White 175ml,1,Regular,,7.00,0.00,7.00,1.17,T95211144,Counter iPad,,Payment,Eat in,,
2026-07-09,20:02:00,Europe/London,Drinks,House Red 175ml,1,Regular,,7.00,0.00,7.00,1.17,T95211144,Counter iPad,,Payment,Eat in,,
2026-07-09,20:02:00,Europe/London,Drinks,Coke,1,Regular,,3.00,0.00,3.00,0.50,T95211144,Counter iPad,,Payment,Eat in,,
2026-07-09,20:02:00,Europe/London,Drinks,Espresso,1,Regular,,2.80,0.00,2.80,0.47,T95211144,Counter iPad,,Payment,Eat in,,
2026-07-09,20:26:00,Europe/London,Starters,Salt & Pepper Squid,1,Regular,,9.50,0.00,9.50,1.58,T99621000,Counter iPad,,Payment,Eat in,,
2026-07-09,20:26:00,Europe/London,Mains,Tidewater Burger,1,Regular,,16.50,0.00,16.50,2.75,T99621000,Counter iPad,,Payment,Eat in,,
2026-07-09,20:26:00,Europe/London,Starters,Pork Belly Bites,1,Regular,,8.00,0.00,8.00,1.33,T99621000,Counter iPad,,Payment,Eat in,,
2026-07-09,20:26:00,Europe/London,Mains,Steak Frites,1,Regular,,24.00,0.00,24.00,4.00,T99621000,Counter iPad,,Payment,Eat in,,
2026-07-09,20:26:00,Europe/London,Sides,Peppercorn Sauce,1,Regular,,3.00,0.00,3.00,0.50,T99621000,Counter iPad,,Payment,Eat in,,
2026-07-09,20:26:00,Europe/London,Sides,Bread & Butter,1,Regular,,4.00,0.00,4.00,0.67,T99621000,Counter iPad,,Payment,Eat in,,
2026-07-09,20:26:00,Europe/London,Drinks,Lager Pint,1,Regular,,6.20,0.00,6.20,1.03,T99621000,Counter iPad,,Payment,Takeaway,,
2026-07-09,20:26:00,Europe/London,Drinks,House Red 175ml,1,Regular,,7.00,0.00,7.00,1.17,T99621000,Counter iPad,,Payment,Eat in,,
2026-07-09,20:26:00,Europe/London,Drinks,Flat White,1,Regular,,3.40,0.00,3.40,0.57,T99621000,Counter iPad,,Payment,Eat in,,
2026-07-09,20:40:00,Europe/London,Mains,Chicken Supreme,1,Regular,,19.00,0.00,19.00,3.17,T18188184,Counter iPad,,Payment,Eat in,,
2026-07-09,20:40:00,Europe/London,Desserts,Cheeseboard,1,3,,11.00,0.00,11.00,1.83,T18188184,Counter iPad,,Payment,Eat in,,
2026-07-09,20:40:00,Europe/London,Starters,Burrata,1,Regular,,10.00,0.00,10.00,1.67,T18188184,Counter iPad,,Payment,Eat in,,
2026-07-09,20:40:00,Europe/London,Mains,Fish & Chips,1,Regular,,17.50,0.00,17.50,2.92,T18188184,Counter iPad,,Payment,Eat in,,
2026-07-09,20:40:00,Europe/London,Sides,Tenderstem,1,Regular,,5.00,0.00,5.00,0.83,T18188184,Counter iPad,,Payment,Eat in,,
2026-07-09,20:40:00,Europe/London,Desserts,Sticky Toffee Pudding,1,Regular,,8.00,0.00,8.00,1.33,T18188184,Counter iPad,,Payment,Takeaway,,
2026-07-09,20:40:00,Europe/London,Starters,Salt & Pepper Squid,1,Regular,,9.50,0.00,9.50,1.58,T18188184,Counter iPad,,Payment,Eat in,,
2026-07-09,20:40:00,Europe/London,Mains,Tidewater Burger,1,Regular,,16.50,0.00,16.50,2.75,T18188184,Counter iPad,,Payment,Eat in,,
2026-07-09,20:40:00,Europe/London,Sides,House Salad,1,Regular,,4.50,0.00,4.50,0.75,T18188184,Counter iPad,,Payment,Takeaway,,
2026-07-09,20:40:00,Europe/London,Sides,Bread & Butter,1,Regular,,4.00,0.00,4.00,0.67,T18188184,Counter iPad,,Payment,Eat in,,
2026-07-09,20:40:00,Europe/London,Drinks,Lager Pint,2,Regular,,12.40,0.00,12.40,2.07,T18188184,Counter iPad,,Payment,Eat in,,
2026-07-09,20:40:00,Europe/London,Drinks,House White 175ml,1,Regular,,7.00,0.00,7.00,1.17,T18188184,Counter iPad,,Payment,Eat in,,
2026-07-09,20:40:00,Europe/London,Drinks,House Red 175ml,1,Regular,,7.00,0.00,7.00,1.17,T18188184,Counter iPad,,Payment,Eat in,,
2026-07-09,20:40:00,Europe/London,Drinks,Coke,1,Regular,,3.00,0.00,3.00,0.50,T18188184,Counter iPad,,Payment,Takeaway,,
2026-07-09,20:40:00,Europe/London,Drinks,Espresso,1,Regular,,2.80,0.00,2.80,0.47,T18188184,Counter iPad,,Payment,Takeaway,,
2026-07-09,20:40:00,Europe/London,Drinks,Flat White,1,Regular,,3.40,0.00,3.40,0.57,T18188184,Counter iPad,,Payment,Eat in,,
2026-07-09,22:04:00,Europe/London,Mains,Tidewater Burger,1,Regular,,16.50,0.00,16.50,2.75,T88226862,Counter iPad,,Payment,Eat in,,
2026-07-09,22:04:00,Europe/London,Desserts,Affogato,1,Regular,,6.00,0.00,6.00,1.00,T88226862,Counter iPad,,Payment,Eat in,,
2026-07-09,22:04:00,Europe/London,Sides,Bread & Butter,1,Regular,,4.00,0.00,4.00,0.67,T88226862,Counter iPad,,Payment,Eat in,,
2026-07-09,22:04:00,Europe/London,Drinks,House White 175ml,1,Regular,,7.00,0.00,7.00,1.17,T88226862,Counter iPad,,Payment,Eat in,,
2026-07-09,22:29:00,Europe/London,Starters,Soup of the Day,1,Regular,,7.00,0.00,7.00,1.17,T39633723,Counter iPad,,Payment,Takeaway,,
2026-07-09,22:29:00,Europe/London,Mains,Chicken Supreme,1,Regular,,19.00,0.00,19.00,3.17,T39633723,Counter iPad,,Payment,Takeaway,,
2026-07-09,22:29:00,Europe/London,Desserts,Sticky Toffee Pudding,1,Regular,,8.00,0.00,8.00,1.33,T39633723,Counter iPad,,Payment,Eat in,,
2026-07-09,22:29:00,Europe/London,Mains,Mushroom Risotto,1,Regular,,15.00,0.00,15.00,2.50,T39633723,Counter iPad,,Payment,Eat in,,
2026-07-09,22:29:00,Europe/London,Drinks,Lager Pint,1,Regular,,6.20,0.00,6.20,1.03,T39633723,Counter iPad,,Payment,Takeaway,,
2026-07-09,22:29:00,Europe/London,Drinks,House White 175ml,1,Regular,,7.00,0.00,7.00,1.17,T39633723,Counter iPad,,Payment,Eat in,,
2026-07-09,22:29:00,Europe/London,Drinks,Sparkling Water 750ml,1,Regular,,4.00,0.00,4.00,0.67,T39633723,Counter iPad,,Payment,Eat in,,
2026-07-09,22:37:00,Europe/London,Starters,Soup of the Day,1,Regular,,7.00,0.00,7.00,1.17,T49518346,Bar iPad,,Payment,Eat in,,
2026-07-09,22:37:00,Europe/London,Mains,Fish & Chips,1,Regular,,17.50,0.00,17.50,2.92,T49518346,Bar iPad,,Payment,Eat in,,
2026-07-09,22:37:00,Europe/London,Sides,Truffle Fries,1,Regular,,6.00,0.00,6.00,1.00,T49518346,Bar iPad,,Payment,Eat in,,
2026-07-09,22:37:00,Europe/London,Starters,Burrata,1,Regular,,10.00,0.00,10.00,1.67,T49518346,Bar iPad,,Payment,Eat in,,
2026-07-09,22:37:00,Europe/London,Mains,Mushroom Risotto,1,Regular,,15.00,0.00,15.00,2.50,T49518346,Bar iPad,,Payment,Eat in,,
2026-07-09,22:37:00,Europe/London,Drinks,Lager Pint,1,Regular,,6.20,0.00,6.20,1.03,T49518346,Bar iPad,,Payment,Eat in,,
2026-07-09,22:37:00,Europe/London,Drinks,Sparkling Water 750ml,1,Regular,,4.00,0.00,4.00,0.67,T49518346,Bar iPad,,Payment,Eat in,,
2026-07-09,22:58:00,Europe/London,Starters,Soup of the Day,1,Regular,,7.00,0.00,7.00,1.17,T18582015,Counter iPad,,Payment,Takeaway,,
2026-07-09,22:58:00,Europe/London,Mains,SPECIAL - Crab Linguine,2,Regular,,36.00,0.00,36.00,6.00,T18582015,Counter iPad,,Payment,Eat in,,
2026-07-09,22:58:00,Europe/London,Desserts,Sticky Toffee Pudding,1,Regular,,8.00,0.00,8.00,1.33,T18582015,Counter iPad,,Payment,Takeaway,,
2026-07-09,22:58:00,Europe/London,Mains,Tidewater Burger,2,Regular,,33.00,0.00,33.00,5.50,T18582015,Counter iPad,,Payment,Takeaway,,
2026-07-09,22:58:00,Europe/London,Sides,Chips,1,Regular,,4.50,0.00,4.50,0.75,T18582015,Counter iPad,,Payment,Eat in,,
2026-07-09,22:58:00,Europe/London,Desserts,Affogato,1,Regular,,6.00,0.00,6.00,1.00,T18582015,Counter iPad,,Payment,Takeaway,,
2026-07-09,22:58:00,Europe/London,Starters,Mackerel Pate,1,Regular,,8.50,0.00,8.50,1.42,T18582015,Counter iPad,,Payment,Eat in,,
2026-07-09,22:58:00,Europe/London,Desserts,Crème Brûlée,1,Regular,,7.50,0.00,7.50,1.25,T18582015,Counter iPad,,Payment,Eat in,,
2026-07-09,22:58:00,Europe/London,Drinks,Lager Pint,4,Regular,,24.80,0.00,24.80,4.13,T18582015,Counter iPad,,Payment,Takeaway,,
2026-07-09,22:58:00,Europe/London,Drinks,House White 175ml,1,Regular,,7.00,0.00,7.00,1.17,T18582015,Counter iPad,,Payment,Eat in,,
2026-07-09,22:58:00,Europe/London,Drinks,Coke,2,Regular,,6.00,0.00,6.00,1.00,T18582015,Counter iPad,,Payment,Eat in,,
2026-07-09,22:58:00,Europe/London,Drinks,Flat White,1,Regular,,3.40,0.00,3.40,0.57,T18582015,Counter iPad,,Payment,Eat in,,
2026-07-09,23:19:00,Europe/London,Starters,Burrata,1,Regular,,10.00,0.00,10.00,1.67,T71376554,Counter iPad,,Payment,Takeaway,,
2026-07-09,23:19:00,Europe/London,Mains,Steak Frites,1,Regular,,24.00,0.00,24.00,4.00,T71376554,Counter iPad,,Payment,Eat in,,
2026-07-09,23:19:00,Europe/London,Desserts,Crème Brûlée,1,Regular,,7.50,0.00,7.50,1.25,T71376554,Counter iPad,,Payment,Eat in,,
2026-07-09,23:19:00,Europe/London,Mains,Hake,1,Regular,,22.00,0.00,22.00,3.67,T71376554,Counter iPad,,Payment,Takeaway,,
2026-07-09,23:19:00,Europe/London,Drinks,House Red 175ml,1,Regular,,7.00,0.00,7.00,1.17,T71376554,Counter iPad,,Payment,Eat in,,
2026-07-09,23:19:00,Europe/London,Drinks,Flat White,1,Regular,,3.40,0.00,3.40,0.57,T71376554,Counter iPad,,Payment,Eat in,,
2026-07-09,23:31:00,Europe/London,Mains,Tidewater Burger,1,Regular,,16.50,0.00,16.50,2.75,T55976185,Counter iPad,,Payment,Eat in,,
2026-07-09,23:31:00,Europe/London,Sides,Chips,1,Regular,,4.50,0.00,4.50,0.75,T55976185,Counter iPad,,Payment,Eat in,,
2026-07-09,23:31:00,Europe/London,Starters,Rock Oysters,1,x3,,9.00,0.00,9.00,1.50,T55976185,Counter iPad,,Payment,Eat in,,
2026-07-09,23:31:00,Europe/London,Mains,Steak Frites,1,Regular,,24.00,0.00,24.00,4.00,T55976185,Counter iPad,,Payment,Takeaway,,
2026-07-09,23:31:00,Europe/London,Desserts,Cheeseboard,1,3,,11.00,0.00,11.00,1.83,T55976185,Counter iPad,,Payment,Eat in,,
2026-07-09,23:31:00,Europe/London,Drinks,Lager Pint,1,Regular,,6.20,0.00,6.20,1.03,T55976185,Counter iPad,,Payment,Eat in,,
2026-07-09,23:31:00,Europe/London,Drinks,House White 175ml,1,Regular,,7.00,0.00,7.00,1.17,T55976185,Counter iPad,,Payment,Eat in,,
2026-07-09,23:31:00,Europe/London,Drinks,Coke,2,Regular,,6.00,0.00,6.00,1.00,T55976185,Counter iPad,,Payment,Eat in,,
2026-07-10,12:08:00,Europe/London,Starters,Soup of the Day,1,Regular,,7.00,0.00,7.00,1.17,T44521361,Counter iPad,,Payment,Eat in,,
2026-07-10,12:08:00,Europe/London,Mains,Hake,1,Regular,,22.00,0.00,22.00,3.67,T44521361,Counter iPad,,Payment,Takeaway,,
2026-07-10,12:08:00,Europe/London,Set Menu,Set Lunch - 3 Courses,1,Regular,"Soup of the Day, Fish & Chips (Small), Kids Ice Cream",25.00,0.00,25.00,4.17,T44521361,Counter iPad,,Payment,Takeaway,,
2026-07-10,12:08:00,Europe/London,Drinks,House White 175ml,2,Regular,,14.00,0.00,14.00,2.33,T44521361,Counter iPad,,Payment,Takeaway,,
2026-07-10,12:08:00,Europe/London,Drinks,Coke,1,Regular,,3.00,0.00,3.00,0.50,T44521361,Counter iPad,,Payment,Eat in,,
2026-07-10,12:08:00,Europe/London,Drinks,Flat White,1,Regular,,3.40,0.00,3.40,0.57,T44521361,Counter iPad,,Payment,Eat in,,
2026-07-10,13:21:00,Europe/London,Starters,Burrata,1,Regular,,10.00,0.00,10.00,1.67,T69350943,Counter iPad,,Payment,Eat in,C582,Sample Customer 582
2026-07-10,13:21:00,Europe/London,Mains,SPECIAL - Crab Linguine,1,Regular,,18.00,0.00,18.00,3.00,T69350943,Counter iPad,,Payment,Eat in,C582,Sample Customer 582
2026-07-10,13:21:00,Europe/London,Desserts,Sticky Toffee Pudding,1,Regular,,8.00,0.00,8.00,1.33,T69350943,Counter iPad,,Payment,Takeaway,C582,Sample Customer 582
2026-07-10,13:21:00,Europe/London,Starters,Soup of the Day,1,Regular,,7.00,0.00,7.00,1.17,T69350943,Counter iPad,,Payment,Takeaway,C582,Sample Customer 582
2026-07-10,13:21:00,Europe/London,Mains,Hake,1,Regular,,22.00,0.00,22.00,3.67,T69350943,Counter iPad,,Payment,Eat in,C582,Sample Customer 582
2026-07-10,13:21:00,Europe/London,Set Menu,Set Lunch - 2 Courses,1,Regular,"Mackerel Pate, Mushroom Risotto",20.00,0.00,20.00,3.33,T69350943,Counter iPad,,Payment,Eat in,C582,Sample Customer 582
2026-07-10,13:21:00,Europe/London,Drinks,Lager Pint,1,Regular,,6.20,0.00,6.20,1.03,T69350943,Counter iPad,,Payment,Eat in,C582,Sample Customer 582
2026-07-10,13:21:00,Europe/London,Drinks,House White 175ml,2,Regular,,14.00,0.00,14.00,2.33,T69350943,Counter iPad,,Payment,Eat in,C582,Sample Customer 582
2026-07-10,13:21:00,Europe/London,Drinks,Coke,1,Regular,,3.00,0.00,3.00,0.50,T69350943,Counter iPad,,Payment,Takeaway,C582,Sample Customer 582
2026-07-10,13:51:00,Europe/London,Starters,Rock Oysters,1,x6,,16.00,0.00,16.00,2.67,T54443907,Counter iPad,,Payment,Takeaway,,
2026-07-10,13:51:00,Europe/London,Mains,Tidewater Burger,1,Regular,"Add Bacon, Add Cheese",16.50,0.00,16.50,2.75,T54443907,Counter iPad,,Payment,Eat in,,
2026-07-10,13:51:00,Europe/London,Mains,Fish & Chips,1,Regular,,17.50,0.00,17.50,2.92,T54443907,Counter iPad,,Payment,Takeaway,,
2026-07-10,13:51:00,Europe/London,Desserts,Choc Tart,1,Regular,,8.00,0.00,8.00,1.33,T54443907,Counter iPad,,Payment,Eat in,,
2026-07-10,13:51:00,Europe/London,Sides,Bread & Butter,1,Regular,,4.00,0.00,4.00,0.67,T54443907,Counter iPad,,Payment,Eat in,,
2026-07-10,13:51:00,Europe/London,Drinks,Lager Pint,2,Regular,,12.40,0.00,12.40,2.07,T54443907,Counter iPad,,Payment,Takeaway,,
2026-07-10,13:51:00,Europe/London,Drinks,Coke,1,Regular,,3.00,0.00,3.00,0.50,T54443907,Counter iPad,,Payment,Eat in,,
2026-07-10,13:51:00,Europe/London,Drinks,Sparkling Water 750ml,2,Regular,,8.00,0.00,8.00,1.33,T54443907,Counter iPad,,Payment,Eat in,,
2026-07-10,13:51:00,Europe/London,Drinks,Espresso,1,Regular,,2.80,0.00,2.80,0.47,T54443907,Counter iPad,,Payment,Eat in,,
2026-07-10,14:15:00,Europe/London,Starters,Pork Belly Bites,1,Regular,,8.00,0.00,8.00,1.33,T74541026,Counter iPad,,Payment,Takeaway,C149,Sample Customer 149
2026-07-10,14:15:00,Europe/London,Mains,SPECIAL - Crab Linguine,1,Regular,,18.00,0.00,18.00,3.00,T74541026,Counter iPad,,Payment,Takeaway,C149,Sample Customer 149
2026-07-10,14:15:00,Europe/London,Set Menu,Set Lunch - 3 Courses,1,Regular,"Soup of the Day, Mushroom Risotto, Kids Ice Cream",25.00,0.00,25.00,4.17,T74541026,Counter iPad,,Payment,Eat in,C149,Sample Customer 149
2026-07-10,14:15:00,Europe/London,Set Menu,Set Lunch - 2 Courses,1,Regular,"Mackerel Pate, Mushroom Risotto",20.00,0.00,20.00,3.33,T74541026,Counter iPad,,Payment,Eat in,C149,Sample Customer 149
2026-07-10,14:15:00,Europe/London,Mains,Chicken Supreme,1,Regular,,19.00,0.00,19.00,3.17,T74541026,Counter iPad,,Payment,Eat in,C149,Sample Customer 149
2026-07-10,14:15:00,Europe/London,Desserts,Crème Brûlée,1,Regular,,7.50,0.00,7.50,1.25,T74541026,Counter iPad,,Payment,Eat in,C149,Sample Customer 149
2026-07-10,14:15:00,Europe/London,Sides,Bread & Butter,1,Regular,,4.00,0.00,4.00,0.67,T74541026,Counter iPad,,Payment,Eat in,C149,Sample Customer 149
2026-07-10,14:15:00,Europe/London,Drinks,Lager Pint,1,Regular,,6.20,0.00,6.20,1.03,T74541026,Counter iPad,,Payment,Eat in,C149,Sample Customer 149
2026-07-10,14:15:00,Europe/London,Drinks,Coke,1,Regular,,3.00,0.00,3.00,0.50,T74541026,Counter iPad,,Payment,Eat in,C149,Sample Customer 149
2026-07-10,14:15:00,Europe/London,Drinks,Sparkling Water 750ml,1,Regular,,4.00,0.00,4.00,0.67,T74541026,Counter iPad,,Payment,Eat in,C149,Sample Customer 149
2026-07-10,14:15:00,Europe/London,Drinks,Espresso,1,Regular,,2.80,0.00,2.80,0.47,T74541026,Counter iPad,,Payment,Eat in,C149,Sample Customer 149
2026-07-10,14:26:00,Europe/London,Kids,Kids Fish & Chips,2,Regular,,16.00,0.00,16.00,2.67,T18555535,Counter iPad,,Payment,Takeaway,,
2026-07-10,14:26:00,Europe/London,Kids,Kids Ice Cream,2,Regular,,7.00,0.00,7.00,1.17,T18555535,Counter iPad,,Payment,Takeaway,,
2026-07-10,14:26:00,Europe/London,Mains,Tidewater Burger,1,Regular,Add Cheese,16.50,0.00,16.50,2.75,T18555535,Counter iPad,,Payment,Eat in,,
2026-07-10,14:26:00,Europe/London,Desserts,Crème Brûlée,1,Regular,,7.50,0.00,7.50,1.25,T18555535,Counter iPad,,Payment,Eat in,,
2026-07-10,14:26:00,Europe/London,Sides,Bread & Butter,1,Regular,,4.00,0.00,4.00,0.67,T18555535,Counter iPad,,Payment,Eat in,,
2026-07-10,14:26:00,Europe/London,Drinks,Lager Pint,3,Regular,,18.60,0.00,18.60,3.10,T18555535,Counter iPad,,Payment,Takeaway,,
2026-07-10,14:28:00,Europe/London,Drinks,Lager Pint,1,Regular,,0.00,0.00,0.00,0.00,T18555535,Counter iPad,wrong table,Void,Eat in,,
2026-07-10,14:26:00,Europe/London,Drinks,House White 175ml,1,Regular,,7.00,0.00,7.00,1.17,T18555535,Counter iPad,,Payment,Eat in,,
2026-07-10,14:26:00,Europe/London,Drinks,House Red 175ml,1,Regular,,7.00,0.00,7.00,1.17,T18555535,Counter iPad,,Payment,Eat in,,
2026-07-10,14:26:00,Europe/London,Drinks,Coke,1,Regular,,3.00,0.00,3.00,0.50,T18555535,Counter iPad,,Payment,Eat in,,
2026-07-10,14:26:00,Europe/London,Drinks,Espresso,1,Regular,,2.80,0.00,2.80,0.47,T18555535,Counter iPad,,Payment,Takeaway,,
2026-07-10,18:23:00,Europe/London,Starters,Mackerel Pate,1,Regular,,8.50,0.00,8.50,1.42,T54881402,Counter iPad,,Payment,Takeaway,,
2026-07-10,18:23:00,Europe/London,Mains,SPECIAL - Crab Linguine,1,Regular,,18.00,0.00,18.00,3.00,T54881402,Counter iPad,,Payment,Takeaway,,
2026-07-10,18:23:00,Europe/London,Mains,Fish & Chips,1,Regular,,17.50,0.00,17.50,2.92,T54881402,Counter iPad,,Payment,Eat in,,
2026-07-10,18:23:00,Europe/London,Sides,Truffle Fries,1,Regular,,6.00,0.00,6.00,1.00,T54881402,Counter iPad,,Payment,Eat in,,
2026-07-10,18:23:00,Europe/London,Desserts,Sticky Toffee Pudding,1,Regular,,8.00,0.00,8.00,1.33,T54881402,Counter iPad,,Payment,Eat in,,
2026-07-10,18:23:00,Europe/London,Drinks,Lager Pint,1,Regular,,6.20,0.00,6.20,1.03,T54881402,Counter iPad,,Payment,Takeaway,,
2026-07-10,18:23:00,Europe/London,Drinks,House Red 175ml,1,Regular,,7.00,0.00,7.00,1.17,T54881402,Counter iPad,,Payment,Eat in,,
2026-07-10,18:23:00,Europe/London,Drinks,Sparkling Water 750ml,1,Regular,,4.00,0.00,4.00,0.67,T54881402,Counter iPad,,Payment,Eat in,,
2026-07-10,18:49:00,Europe/London,Starters,Mackerel Pate,1,Regular,,8.50,0.00,8.50,1.42,T82300002,Counter iPad,,Payment,Eat in,,
2026-07-10,18:49:00,Europe/London,Mains,Fish & Chips,1,Regular,,17.50,0.00,17.50,2.92,T82300002,Counter iPad,,Payment,Eat in,,
2026-07-10,18:49:00,Europe/London,Mains,Fish & Chips,1,Small,,13.00,0.00,13.00,2.17,T82300002,Counter iPad,,Payment,Eat in,,
2026-07-10,18:49:00,Europe/London,Sides,Chips,1,Regular,,4.50,0.00,4.50,0.75,T82300002,Counter iPad,,Payment,Eat in,,
2026-07-10,18:49:00,Europe/London,Drinks,Espresso,1,Regular,,2.80,0.00,2.80,0.47,T82300002,Counter iPad,,Payment,Eat in,,
2026-07-10,18:52:00,Europe/London,Mains,Fish & Chips,2,Regular,,35.00,0.00,35.00,5.83,T42705579,Counter iPad,,Payment,Eat in,,
2026-07-10,18:52:00,Europe/London,Starters,Mackerel Pate,1,Regular,,8.50,0.00,8.50,1.42,T42705579,Counter iPad,,Payment,Eat in,,
2026-07-10,18:52:00,Europe/London,Mains,Steak Frites,1,Regular,,24.00,0.00,24.00,4.00,T42705579,Counter iPad,,Payment,Eat in,,
2026-07-10,18:52:00,Europe/London,Sides,Peppercorn Sauce,1,Regular,,3.00,0.00,3.00,0.50,T42705579,Counter iPad,,Payment,Takeaway,,
2026-07-10,18:52:00,Europe/London,Sides,Truffle Fries,1,Regular,,6.00,0.00,6.00,1.00,T42705579,Counter iPad,,Payment,Eat in,,
2026-07-10,18:52:00,Europe/London,Desserts,Crème Brûlée,1,Regular,,7.50,0.00,7.50,1.25,T42705579,Counter iPad,,Payment,Eat in,,
2026-07-10,18:52:00,Europe/London,Mains,Tidewater Burger,1,Regular,,16.50,0.00,16.50,2.75,T42705579,Counter iPad,,Payment,Eat in,,
2026-07-10,18:52:00,Europe/London,Desserts,Sticky Toffee Pudding,1,Regular,,8.00,0.00,8.00,1.33,T42705579,Counter iPad,,Payment,Eat in,,
2026-07-10,18:52:00,Europe/London,Drinks,Lager Pint,3,Regular,,18.60,0.00,18.60,3.10,T42705579,Counter iPad,,Payment,Takeaway,,
2026-07-10,18:52:00,Europe/London,Drinks,House White 175ml,2,Regular,,14.00,0.00,14.00,2.33,T42705579,Counter iPad,,Payment,Takeaway,,
2026-07-10,18:52:00,Europe/London,Drinks,House Red 175ml,3,Regular,,21.00,0.00,21.00,3.50,T42705579,Counter iPad,,Payment,Eat in,,
2026-07-10,18:52:00,Europe/London,Drinks,Coke,3,Regular,,9.00,0.00,9.00,1.50,T42705579,Counter iPad,,Payment,Eat in,,
2026-07-10,19:09:00,Europe/London,Mains,SPECIAL - Crab Linguine,1,Regular,,18.00,0.00,18.00,3.00,T85335293,Counter iPad,,Payment,Eat in,C334,Sample Customer 334
2026-07-10,19:09:00,Europe/London,Sides,Tenderstem,1,Regular,,5.00,0.00,5.00,0.83,T85335293,Counter iPad,,Payment,Eat in,C334,Sample Customer 334
2026-07-10,19:09:00,Europe/London,Desserts,Sticky Toffee Pudding,1,Regular,,8.00,0.00,8.00,1.33,T85335293,Counter iPad,,Payment,Eat in,C334,Sample Customer 334
2026-07-10,19:09:00,Europe/London,Starters,Pork Belly Bites,1,Regular,,8.00,0.00,8.00,1.33,T85335293,Counter iPad,,Payment,Eat in,C334,Sample Customer 334
2026-07-10,19:09:00,Europe/London,Mains,Fish & Chips,1,Regular,,17.50,0.00,17.50,2.92,T85335293,Counter iPad,,Payment,Eat in,C334,Sample Customer 334
2026-07-10,19:09:00,Europe/London,Sides,Truffle Fries,1,Regular,,6.00,0.00,6.00,1.00,T85335293,Counter iPad,,Payment,Takeaway,C334,Sample Customer 334
2026-07-10,19:09:00,Europe/London,Desserts,Crème Brûlée,1,Regular,,7.50,0.00,7.50,1.25,T85335293,Counter iPad,,Payment,Takeaway,C334,Sample Customer 334
2026-07-10,19:09:00,Europe/London,Sides,Bread & Butter,1,Regular,,4.00,0.00,4.00,0.67,T85335293,Counter iPad,,Payment,Eat in,C334,Sample Customer 334
2026-07-10,19:09:00,Europe/London,Drinks,Coke,1,Regular,,3.00,0.00,3.00,0.50,T85335293,Counter iPad,,Payment,Eat in,C334,Sample Customer 334
2026-07-10,19:11:00,Europe/London,Starters,Mackerel Pate,1,Regular,,8.50,0.00,8.50,1.42,T94105412,Counter iPad,,Payment,Eat in,,
2026-07-10,19:11:00,Europe/London,Starters,Rock Oysters,1,x6,,16.00,0.00,16.00,2.67,T94105412,Counter iPad,,Payment,Eat in,,
2026-07-10,19:11:00,Europe/London,Mains,Fish & Chips,1,Regular,,17.50,0.00,17.50,2.92,T94105412,Counter iPad,,Payment,Eat in,,
2026-07-10,19:11:00,Europe/London,Sides,Truffle Fries,1,Regular,,6.00,0.00,6.00,1.00,T94105412,Counter iPad,,Payment,Eat in,,
2026-07-10,19:11:00,Europe/London,Starters,Soup of the Day,1,Regular,,7.00,0.00,7.00,1.17,T94105412,Counter iPad,,Payment,Eat in,,
2026-07-10,19:11:00,Europe/London,Mains,Tidewater Burger,2,Regular,,33.00,0.00,33.00,5.50,T94105412,Counter iPad,,Payment,Eat in,,
2026-07-10,19:11:00,Europe/London,Starters,Salt & Pepper Squid,1,Regular,,9.50,0.00,9.50,1.58,T94105412,Counter iPad,,Payment,Eat in,,
2026-07-10,19:11:00,Europe/London,Desserts,Sticky Toffee Pudding,1,Regular,,8.00,0.00,8.00,1.33,T94105412,Counter iPad,,Payment,Eat in,,
2026-07-10,19:11:00,Europe/London,Sides,Chips,1,Regular,,4.50,0.00,4.50,0.75,T94105412,Counter iPad,,Payment,Takeaway,,
2026-07-10,19:11:00,Europe/London,Sides,Bread & Butter,1,Regular,,4.00,0.00,4.00,0.67,T94105412,Counter iPad,,Payment,Eat in,,
2026-07-10,19:11:00,Europe/London,Drinks,Lager Pint,1,Regular,,6.20,0.00,6.20,1.03,T94105412,Counter iPad,,Payment,Eat in,,
2026-07-10,19:11:00,Europe/London,Drinks,House White 175ml,4,Regular,,28.00,0.00,28.00,4.67,T94105412,Counter iPad,,Payment,Takeaway,,
2026-07-10,19:11:00,Europe/London,Drinks,Coke,2,Regular,,6.00,0.00,6.00,1.00,T94105412,Counter iPad,,Payment,Eat in,,
2026-07-10,19:11:00,Europe/London,Drinks,Sparkling Water 750ml,1,Regular,,4.00,0.00,4.00,0.67,T94105412,Counter iPad,,Payment,Eat in,,
2026-07-10,20:04:00,Europe/London,Starters,Salt & Pepper Squid,1,Regular,,9.50,0.00,9.50,1.58,T50929044,Counter iPad,,Payment,Eat in,,
2026-07-10,20:04:00,Europe/London,Mains,Lamb Rump,1,Regular,,26.00,0.00,26.00,4.33,T50929044,Counter iPad,,Payment,Eat in,,
2026-07-10,20:04:00,Europe/London,Starters,Burrata,1,Regular,,10.00,0.00,10.00,1.67,T50929044,Counter iPad,,Payment,Eat in,,
2026-07-10,20:04:00,Europe/London,Mains,Tidewater Burger,1,Regular,,16.50,0.00,16.50,2.75,T50929044,Counter iPad,,Payment,Eat in,,
2026-07-10,20:04:00,Europe/London,Sides,Chips,1,Regular,,4.50,0.00,4.50,0.75,T50929044,Counter iPad,,Payment,Eat in,,
2026-07-10,20:04:00,Europe/London,Desserts,Sticky Toffee Pudding,1,Regular,,8.00,0.00,8.00,1.33,T50929044,Counter iPad,,Payment,Eat in,,
2026-07-10,20:04:00,Europe/London,Desserts,Crème Brûlée,1,Regular,,7.50,0.00,7.50,1.25,T50929044,Counter iPad,,Payment,Eat in,,
2026-07-10,20:04:00,Europe/London,Drinks,Lager Pint,2,Regular,,12.40,0.00,12.40,2.07,T50929044,Counter iPad,,Payment,Eat in,,
2026-07-10,20:04:00,Europe/London,Drinks,House Red 175ml,2,Regular,,14.00,0.00,14.00,2.33,T50929044,Counter iPad,,Payment,Eat in,,
2026-07-10,20:12:00,Europe/London,Mains,Steak Frites,2,Regular,,48.00,0.00,48.00,8.00,T50152795,Counter iPad,,Payment,Eat in,,
2026-07-10,20:12:00,Europe/London,Sides,Peppercorn Sauce,2,Regular,,6.00,0.00,6.00,1.00,T50152795,Counter iPad,,Payment,Eat in,,
2026-07-10,20:12:00,Europe/London,Sides,Chips,2,Regular,,9.00,0.00,9.00,1.50,T50152795,Counter iPad,,Payment,Takeaway,,
2026-07-10,20:12:00,Europe/London,Desserts,Sticky Toffee Pudding,1,Regular,,8.00,0.00,8.00,1.33,T50152795,Counter iPad,,Payment,Eat in,,
2026-07-10,20:12:00,Europe/London,Sides,Bread & Butter,1,Regular,,4.00,0.00,4.00,0.67,T50152795,Counter iPad,,Payment,Takeaway,,
2026-07-10,20:12:00,Europe/London,Drinks,Lager Pint,2,Regular,,12.40,0.00,12.40,2.07,T50152795,Counter iPad,,Payment,Eat in,,
2026-07-10,20:12:00,Europe/London,Drinks,House White 175ml,1,Regular,,7.00,0.00,7.00,1.17,T50152795,Counter iPad,,Payment,Eat in,,
2026-07-10,20:12:00,Europe/London,Drinks,House Red 175ml,2,Regular,,14.00,0.00,14.00,2.33,T50152795,Counter iPad,,Payment,Eat in,,
2026-07-10,20:12:00,Europe/London,Drinks,Coke,1,Regular,,3.00,0.00,3.00,0.50,T50152795,Counter iPad,,Payment,Eat in,,
2026-07-10,20:16:00,Europe/London,Starters,Soup of the Day,1,Regular,,7.00,0.00,7.00,1.17,T19313990,Counter iPad,,Payment,Eat in,,
2026-07-10,20:16:00,Europe/London,Mains,Tidewater Burger,1,Regular,,16.50,0.00,16.50,2.75,T19313990,Counter iPad,,Payment,Eat in,,
2026-07-10,20:16:00,Europe/London,Starters,Salt & Pepper Squid,1,Regular,,9.50,0.00,9.50,1.58,T19313990,Counter iPad,,Payment,Eat in,,
2026-07-10,20:16:00,Europe/London,Mains,Chicken Supreme,1,Regular,,19.00,0.00,19.00,3.17,T19313990,Counter iPad,,Payment,Takeaway,,
2026-07-10,20:16:00,Europe/London,Drinks,House White 175ml,1,Regular,,7.00,0.00,7.00,1.17,T19313990,Counter iPad,,Payment,Takeaway,,
2026-07-10,20:16:00,Europe/London,Drinks,House Red 175ml,1,Regular,,7.00,0.00,7.00,1.17,T19313990,Counter iPad,,Payment,Takeaway,,
2026-07-10,20:16:00,Europe/London,Drinks,Espresso,1,Regular,,2.80,0.00,2.80,0.47,T19313990,Counter iPad,,Payment,Eat in,,
2026-07-10,20:39:00,Europe/London,Starters,Pork Belly Bites,1,Regular,,8.00,0.00,8.00,1.33,T48218979,Counter iPad,,Payment,Eat in,,
2026-07-10,20:39:00,Europe/London,Mains,Tidewater Burger,1,Regular,,16.50,0.00,16.50,2.75,T48218979,Counter iPad,,Payment,Eat in,,
2026-07-10,20:39:00,Europe/London,Sides,Tenderstem,1,Regular,,5.00,0.00,5.00,0.83,T48218979,Counter iPad,,Payment,Eat in,,
2026-07-10,20:39:00,Europe/London,Mains,Steak Frites,1,Regular,,24.00,0.00,24.00,4.00,T48218979,Counter iPad,,Payment,Eat in,,
2026-07-10,20:39:00,Europe/London,Sides,Peppercorn Sauce,1,Regular,,3.00,0.00,3.00,0.50,T48218979,Counter iPad,,Payment,Eat in,,
2026-07-10,20:39:00,Europe/London,Desserts,Cheeseboard,1,3,,11.00,0.00,11.00,1.83,T48218979,Counter iPad,,Payment,Eat in,,
2026-07-10,20:39:00,Europe/London,Drinks,Lager Pint,1,Regular,,6.20,0.00,6.20,1.03,T48218979,Counter iPad,,Payment,Eat in,,
2026-07-10,20:39:00,Europe/London,Drinks,House White 175ml,2,Regular,,14.00,0.00,14.00,2.33,T48218979,Counter iPad,,Payment,Takeaway,,
2026-07-10,20:39:00,Europe/London,Drinks,Espresso,1,Regular,,2.80,0.00,2.80,0.47,T48218979,Counter iPad,,Payment,Eat in,,
2026-07-10,21:32:00,Europe/London,Mains,SPECIAL - Crab Linguine,1,Regular,,18.00,0.00,18.00,3.00,T28532504,Bar iPad,,Payment,Eat in,C321,Sample Customer 321
2026-07-10,21:32:00,Europe/London,Sides,Fries,1,Regular,,4.50,0.00,4.50,0.75,T28532504,Bar iPad,,Payment,Eat in,C321,Sample Customer 321
2026-07-10,21:32:00,Europe/London,Mains,Burger,1,Regular,Add Bacon,16.50,0.00,16.50,2.75,T28532504,Bar iPad,,Payment,Eat in,C321,Sample Customer 321
2026-07-10,21:32:00,Europe/London,Sides,Truffle Fries,1,Regular,,6.00,0.00,6.00,1.00,T28532504,Bar iPad,,Payment,Eat in,C321,Sample Customer 321
2026-07-10,21:32:00,Europe/London,Sides,Bread & Butter,1,Regular,,4.00,0.00,4.00,0.67,T28532504,Bar iPad,,Payment,Eat in,C321,Sample Customer 321
2026-07-10,21:32:00,Europe/London,Drinks,Sparkling Water 750ml,1,Regular,,4.00,0.00,4.00,0.67,T28532504,Bar iPad,,Payment,Takeaway,C321,Sample Customer 321
2026-07-10,21:37:00,Europe/London,Starters,Soup of the Day,1,Regular,,7.00,0.00,7.00,1.17,T43972308,Bar iPad,,Payment,Eat in,,
2026-07-10,21:37:00,Europe/London,Mains,Lemon Sole (MP),1,Regular,,24.00,0.00,24.00,4.00,T43972308,Bar iPad,,Payment,Eat in,,
2026-07-10,21:37:00,Europe/London,Sides,Truffle Fries,1,Regular,,6.00,0.00,6.00,1.00,T43972308,Bar iPad,,Payment,Takeaway,,
2026-07-10,21:37:00,Europe/London,Desserts,Choc Tart,1,Regular,,8.00,0.00,8.00,1.33,T43972308,Bar iPad,,Payment,Eat in,,
2026-07-10,21:37:00,Europe/London,Sides,Bread & Butter,1,Regular,,4.00,0.00,4.00,0.67,T43972308,Bar iPad,,Payment,Eat in,,
2026-07-10,21:37:00,Europe/London,Drinks,Lager Pint,1,Regular,,6.20,0.00,6.20,1.03,T43972308,Bar iPad,,Payment,Eat in,,
2026-07-10,22:19:00,Europe/London,Starters,Mackerel Pate,1,Regular,,8.50,0.00,8.50,1.42,T79964721,Counter iPad,,Payment,Eat in,C141,Sample Customer 141
2026-07-10,22:19:00,Europe/London,Mains,Tidewater Burger,2,Regular,,33.00,0.00,33.00,5.50,T79964721,Counter iPad,,Payment,Eat in,C141,Sample Customer 141
2026-07-10,22:19:00,Europe/London,Sides,Truffle Fries,1,Regular,,6.00,0.00,6.00,1.00,T79964721,Counter iPad,,Payment,Eat in,C141,Sample Customer 141
2026-07-10,22:19:00,Europe/London,Sides,Bread & Butter,1,Regular,,4.00,-4.00,0.00,0.00,T79964721,Counter iPad,comp - long wait,Payment,Eat in,C141,Sample Customer 141
2026-07-10,22:19:00,Europe/London,Drinks,Lager Pint,2,Regular,,12.40,0.00,12.40,2.07,T79964721,Counter iPad,,Payment,Eat in,C141,Sample Customer 141
2026-07-10,22:19:00,Europe/London,Drinks,House White 175ml,1,Regular,,7.00,0.00,7.00,1.17,T79964721,Counter iPad,,Payment,Takeaway,C141,Sample Customer 141
2026-07-10,22:19:00,Europe/London,Drinks,Sparkling Water 750ml,1,Regular,,4.00,0.00,4.00,0.67,T79964721,Counter iPad,,Payment,Eat in,C141,Sample Customer 141
2026-07-10,22:19:00,Europe/London,Mains,Steak Frites,1,Regular,,24.00,0.00,24.00,4.00,T18816985,Counter iPad,,Payment,Takeaway,,
2026-07-10,22:19:00,Europe/London,Starters,Burrata,1,Regular,,10.00,0.00,10.00,1.67,T18816985,Counter iPad,,Payment,Eat in,,
2026-07-10,22:19:00,Europe/London,Starters,Rock Oysters,1,x3,,9.00,0.00,9.00,1.50,T18816985,Counter iPad,,Payment,Takeaway,,
2026-07-10,22:19:00,Europe/London,Drinks,Lager Pint,2,Regular,,12.40,0.00,12.40,2.07,T18816985,Counter iPad,,Payment,Eat in,,
2026-07-10,22:19:00,Europe/London,Drinks,House White 175ml,2,Regular,,14.00,0.00,14.00,2.33,T18816985,Counter iPad,,Payment,Eat in,,
2026-07-10,22:19:00,Europe/London,Drinks,House Red 175ml,1,Regular,,7.00,0.00,7.00,1.17,T18816985,Counter iPad,,Payment,Eat in,,
2026-07-10,22:19:00,Europe/London,Drinks,Sparkling Water 750ml,1,Regular,,4.00,0.00,4.00,0.67,T18816985,Counter iPad,,Payment,Eat in,,
2026-07-10,22:19:00,Europe/London,Drinks,Espresso,1,Regular,,2.80,0.00,2.80,0.47,T18816985,Counter iPad,,Payment,Eat in,,
2026-07-10,23:07:00,Europe/London,Mains,Tidewater Burger,1,Regular,,16.50,0.00,16.50,2.75,T33238701,Counter iPad,,Payment,Eat in,,
2026-07-10,23:07:00,Europe/London,Sides,Chips,2,Regular,,9.00,0.00,9.00,1.50,T33238701,Counter iPad,,Payment,Eat in,,
2026-07-10,23:07:00,Europe/London,Mains,Fish & Chips,1,Regular,,17.50,0.00,17.50,2.92,T33238701,Counter iPad,,Payment,Takeaway,,
2026-07-10,23:07:00,Europe/London,Desserts,Choc Tart,1,Regular,,8.00,0.00,8.00,1.33,T33238701,Counter iPad,,Payment,Eat in,,
2026-07-10,23:07:00,Europe/London,Drinks,Lager Pint,1,Regular,,6.20,0.00,6.20,1.03,T33238701,Counter iPad,,Payment,Eat in,,
2026-07-10,23:07:00,Europe/London,Drinks,House Red 175ml,1,Regular,,7.00,0.00,7.00,1.17,T33238701,Counter iPad,,Payment,Eat in,,
2026-07-10,23:07:00,Europe/London,Drinks,Coke,2,Regular,,6.00,0.00,6.00,1.00,T33238701,Counter iPad,,Payment,Eat in,,
2026-07-10,23:07:00,Europe/London,Drinks,Espresso,1,Regular,,2.80,0.00,2.80,0.47,T33238701,Counter iPad,,Payment,Eat in,,
2026-07-10,23:14:00,Europe/London,Starters,Salt & Pepper Squid,1,Regular,,9.50,0.00,9.50,1.58,T94675377,Counter iPad,regulars,Payment,Eat in,,
2026-07-10,23:14:00,Europe/London,Mains,Fish & Chips,2,Regular,,35.00,0.00,35.00,5.83,T94675377,Counter iPad,regulars,Payment,Eat in,,
2026-07-10,23:14:00,Europe/London,Sides,Chips,1,Regular,,4.50,0.00,4.50,0.75,T94675377,Counter iPad,regulars,Payment,Eat in,,
2026-07-10,23:14:00,Europe/London,Desserts,Crème Brûlée,1,Regular,,7.50,0.00,7.50,1.25,T94675377,Counter iPad,regulars,Payment,Takeaway,,
2026-07-10,23:14:00,Europe/London,Starters,Mackerel Pate,1,Regular,,8.50,0.00,8.50,1.42,T94675377,Counter iPad,regulars,Payment,Eat in,,
2026-07-10,23:14:00,Europe/London,Drinks,Lager Pint,2,Regular,,12.40,0.00,12.40,2.07,T94675377,Counter iPad,regulars,Payment,Eat in,,
2026-07-10,23:14:00,Europe/London,Drinks,House White 175ml,2,Regular,,14.00,0.00,14.00,2.33,T94675377,Counter iPad,regulars,Payment,Eat in,,
2026-07-10,23:14:00,Europe/London,Drinks,Flat White,1,Regular,,3.40,0.00,3.40,0.57,T94675377,Counter iPad,regulars,Payment,Takeaway,,
2026-07-10,23:27:00,Europe/London,Mains,Fish & Chips,1,Regular,,17.50,0.00,17.50,2.92,T16312620,Counter iPad,,Payment,Eat in,,
2026-07-10,23:27:00,Europe/London,Sides,Chips,1,Regular,,4.50,0.00,4.50,0.75,T16312620,Counter iPad,,Payment,Eat in,,
2026-07-10,23:27:00,Europe/London,Starters,Soup of the Day,1,Regular,,7.00,0.00,7.00,1.17,T16312620,Counter iPad,,Payment,Takeaway,,
2026-07-10,23:27:00,Europe/London,Mains,Chicken Supreme,1,Regular,,19.00,0.00,19.00,3.17,T16312620,Counter iPad,,Payment,Takeaway,,
2026-07-10,23:27:00,Europe/London,Sides,Truffle Fries,1,Regular,,6.00,0.00,6.00,1.00,T16312620,Counter iPad,,Payment,Eat in,,
2026-07-10,23:27:00,Europe/London,Sides,Bread & Butter,1,Regular,,4.00,0.00,4.00,0.67,T16312620,Counter iPad,,Payment,Eat in,,
2026-07-10,23:27:00,Europe/London,Drinks,Lager Pint,1,Regular,,6.20,0.00,6.20,1.03,T16312620,Counter iPad,,Payment,Eat in,,
2026-07-10,23:49:00,Europe/London,Sides,Chips,1,Regular,,4.50,0.00,4.50,0.75,T11045497,Counter iPad,,Payment,Eat in,,
2026-07-10,23:49:00,Europe/London,Starters,Salt & Pepper Squid,1,Regular,,9.50,0.00,9.50,1.58,T11045497,Counter iPad,,Payment,Eat in,,
2026-07-10,23:49:00,Europe/London,Mains,Lemon Sole (MP),1,Regular,,24.00,0.00,24.00,4.00,T11045497,Counter iPad,,Payment,Takeaway,,
2026-07-10,23:49:00,Europe/London,Desserts,Sticky Toffee Pudding,1,Regular,,8.00,0.00,8.00,1.33,T11045497,Counter iPad,,Payment,Eat in,,
2026-07-10,23:49:00,Europe/London,Drinks,Lager Pint,2,Regular,,12.40,0.00,12.40,2.07,T11045497,Counter iPad,,Payment,Takeaway,,
2026-07-10,23:49:00,Europe/London,Drinks,House White 175ml,1,Regular,,7.00,0.00,7.00,1.17,T11045497,Counter iPad,,Payment,Eat in,,
2026-07-10,23:49:00,Europe/London,Drinks,House Red 175ml,1,Regular,,7.00,0.00,7.00,1.17,T11045497,Counter iPad,,Payment,Eat in,,
2026-07-10,23:49:00,Europe/London,Drinks,Coke,1,Regular,,3.00,0.00,3.00,0.50,T11045497,Counter iPad,,Payment,Eat in,,
2026-07-10,23:49:00,Europe/London,Drinks,Sparkling Water 750ml,1,Regular,,4.00,0.00,4.00,0.67,T11045497,Counter iPad,,Payment,Takeaway,,
2026-07-10,23:49:00,Europe/London,Drinks,Espresso,1,Regular,,2.80,0.00,2.80,0.47,T11045497,Counter iPad,,Payment,Eat in,,
2026-07-11,12:41:00,Europe/London,Mains,Lamb Rump,1,Regular,,26.00,0.00,26.00,4.33,T39230512,Counter iPad,,Payment,Eat in,,
2026-07-11,12:41:00,Europe/London,Desserts,Choc Tart,1,Regular,,8.00,0.00,8.00,1.33,T39230512,Counter iPad,,Payment,Eat in,,
2026-07-11,12:41:00,Europe/London,Mains,Fish & Chips,1,Regular,,17.50,0.00,17.50,2.92,T39230512,Counter iPad,,Payment,Eat in,,
2026-07-11,12:41:00,Europe/London,Sides,Truffle Fries,1,Regular,,6.00,0.00,6.00,1.00,T39230512,Counter iPad,,Payment,Takeaway,,
2026-07-11,12:41:00,Europe/London,Sides,Bread & Butter,1,Regular,,4.00,0.00,4.00,0.67,T39230512,Counter iPad,,Payment,Eat in,,
2026-07-11,12:41:00,Europe/London,Drinks,House White 175ml,1,Regular,,7.00,0.00,7.00,1.17,T39230512,Counter iPad,,Payment,Eat in,,
2026-07-11,12:41:00,Europe/London,Drinks,House Red 175ml,1,Regular,,7.00,0.00,7.00,1.17,T39230512,Counter iPad,,Payment,Eat in,,
2026-07-11,12:41:00,Europe/London,Drinks,Sparkling Water 750ml,1,Regular,,4.00,0.00,4.00,0.67,T39230512,Counter iPad,,Payment,Eat in,,
2026-07-11,12:41:00,Europe/London,Drinks,Espresso,1,Regular,,2.80,0.00,2.80,0.47,T39230512,Counter iPad,,Payment,Eat in,,
2026-07-11,13:36:00,Europe/London,Kids,Kids Fish & Chips,2,Regular,,16.00,0.00,16.00,2.67,T61218839,Bar iPad,,Payment,Eat in,C175,Sample Customer 175
2026-07-11,13:36:00,Europe/London,Kids,Kids Ice Cream,1,Regular,,3.50,0.00,3.50,0.58,T61218839,Bar iPad,,Payment,Eat in,C175,Sample Customer 175
2026-07-11,13:36:00,Europe/London,Starters,Soup of the Day,1,Regular,,7.00,0.00,7.00,1.17,T61218839,Bar iPad,,Payment,Eat in,C175,Sample Customer 175
2026-07-11,13:36:00,Europe/London,Starters,Rock Oysters,1,x6,,16.00,0.00,16.00,2.67,T61218839,Bar iPad,,Payment,Eat in,C175,Sample Customer 175
2026-07-11,13:36:00,Europe/London,Mains,Steak Frites,1,Regular,,24.00,0.00,24.00,4.00,T61218839,Bar iPad,,Payment,Eat in,C175,Sample Customer 175
2026-07-11,13:36:00,Europe/London,Starters,Mackerel Pate,1,Regular,,8.50,0.00,8.50,1.42,T61218839,Bar iPad,,Payment,Eat in,C175,Sample Customer 175
2026-07-11,13:36:00,Europe/London,Mains,Burger,1,Regular,,16.50,0.00,16.50,2.75,T61218839,Bar iPad,,Payment,Eat in,C175,Sample Customer 175
2026-07-11,13:36:00,Europe/London,Sides,Bread & Butter,1,Regular,,4.00,0.00,4.00,0.67,T61218839,Bar iPad,,Payment,Takeaway,C175,Sample Customer 175
2026-07-11,13:36:00,Europe/London,Drinks,Lager Pint,1,Regular,,6.20,0.00,6.20,1.03,T61218839,Bar iPad,,Payment,Eat in,C175,Sample Customer 175
2026-07-11,13:36:00,Europe/London,Drinks,Espresso,1,Regular,,2.80,0.00,2.80,0.47,T61218839,Bar iPad,,Payment,Eat in,C175,Sample Customer 175
2026-07-11,14:07:00,Europe/London,Mains,SPECIAL - Crab Linguine,1,Regular,,18.00,0.00,18.00,3.00,T83861936,Bar iPad,,Payment,Eat in,,
2026-07-11,14:07:00,Europe/London,Starters,Salt & Pepper Squid,1,Regular,,9.50,0.00,9.50,1.58,T83861936,Bar iPad,,Payment,Eat in,,
2026-07-11,14:07:00,Europe/London,Mains,Fish & Chips,3,Regular,,52.50,0.00,52.50,8.75,T83861936,Bar iPad,,Payment,Eat in,,
2026-07-11,14:07:00,Europe/London,Desserts,Choc Tart,2,Regular,,16.00,0.00,16.00,2.67,T83861936,Bar iPad,,Payment,Takeaway,,
2026-07-11,14:07:00,Europe/London,Starters,Burrata,1,Regular,,10.00,0.00,10.00,1.67,T83861936,Bar iPad,,Payment,Eat in,,
2026-07-11,14:07:00,Europe/London,Drinks,Lager Pint,1,Regular,,6.20,0.00,6.20,1.03,T83861936,Bar iPad,,Payment,Eat in,,
2026-07-11,14:07:00,Europe/London,Drinks,House White 175ml,1,Regular,,7.00,0.00,7.00,1.17,T83861936,Bar iPad,,Payment,Eat in,,
2026-07-11,14:07:00,Europe/London,Drinks,House Red 175ml,1,Regular,,7.00,0.00,7.00,1.17,T83861936,Bar iPad,,Payment,Eat in,,
2026-07-11,14:07:00,Europe/London,Drinks,Coke,2,Regular,,6.00,0.00,6.00,1.00,T83861936,Bar iPad,,Payment,Eat in,,
2026-07-11,14:07:00,Europe/London,Drinks,Sparkling Water 750ml,2,Regular,,8.00,0.00,8.00,1.33,T83861936,Bar iPad,,Payment,Takeaway,,
2026-07-11,14:07:00,Europe/London,Drinks,Flat White,2,Regular,,6.80,0.00,6.80,1.13,T83861936,Bar iPad,,Payment,Eat in,,
2026-07-11,14:08:00,Europe/London,Mains,Fish & Chips,1,Regular,,17.50,0.00,17.50,2.92,T82949732,Counter iPad,,Payment,Eat in,,
2026-07-11,14:08:00,Europe/London,Sides,Truffle Fries,2,Regular,,12.00,0.00,12.00,2.00,T82949732,Counter iPad,,Payment,Eat in,,
2026-07-11,14:08:00,Europe/London,Desserts,Crème Brûlée,2,Regular,,15.00,0.00,15.00,2.50,T82949732,Counter iPad,,Payment,Eat in,,
2026-07-11,14:08:00,Europe/London,Starters,Mackerel Pate,2,Regular,,17.00,0.00,17.00,2.83,T82949732,Counter iPad,,Payment,Eat in,,
2026-07-11,14:08:00,Europe/London,Mains,Steak Frites,1,Regular,,24.00,0.00,24.00,4.00,T82949732,Counter iPad,,Payment,Eat in,,
2026-07-11,14:08:00,Europe/London,Mains,Hake,1,Regular,,22.00,0.00,22.00,3.67,T82949732,Counter iPad,,Payment,Takeaway,,
2026-07-11,14:08:00,Europe/London,Desserts,Choc Tart,1,Regular,,8.00,0.00,8.00,1.33,T82949732,Counter iPad,,Payment,Takeaway,,
2026-07-11,14:08:00,Europe/London,Starters,Soup of the Day,1,Regular,,7.00,0.00,7.00,1.17,T82949732,Counter iPad,,Payment,Eat in,,
2026-07-11,14:08:00,Europe/London,Drinks,Lager Pint,2,Regular,,12.40,0.00,12.40,2.07,T82949732,Counter iPad,,Payment,Takeaway,,
2026-07-11,14:08:00,Europe/London,Drinks,House White 175ml,2,Regular,,14.00,0.00,14.00,2.33,T82949732,Counter iPad,,Payment,Eat in,,
2026-07-11,16:30:00,Europe/London,Other,Staff Meal,1,Regular,Fish & Chips,10.00,-10.00,0.00,0.00,T26881475,Counter iPad,,Payment,Eat in,,
2026-07-11,14:36:00,Europe/London,Starters,Soup of the Day,2,Regular,,14.00,0.00,14.00,2.33,T79333719,Counter iPad,,Payment,Eat in,,
2026-07-11,14:36:00,Europe/London,Mains,SPECIAL - Crab Linguine,1,Regular,,18.00,0.00,18.00,3.00,T79333719,Counter iPad,,Payment,Eat in,,
2026-07-11,14:36:00,Europe/London,Desserts,Choc Tart,1,Regular,,8.00,0.00,8.00,1.33,T79333719,Counter iPad,,Payment,Eat in,,
2026-07-11,14:36:00,Europe/London,Starters,Pork Belly Bites,1,Regular,,8.00,0.00,8.00,1.33,T79333719,Counter iPad,,Payment,Eat in,,
2026-07-11,14:36:00,Europe/London,Mains,Fish & Chips,1,Small,,13.00,0.00,13.00,2.17,T79333719,Counter iPad,,Payment,Eat in,,
2026-07-11,14:36:00,Europe/London,Desserts,Crème Brûlée,1,Regular,,7.50,0.00,7.50,1.25,T79333719,Counter iPad,,Payment,Eat in,,
2026-07-11,14:36:00,Europe/London,Mains,Steak Frites,1,Regular,,24.00,0.00,24.00,4.00,T79333719,Counter iPad,,Payment,Eat in,,
2026-07-11,14:36:00,Europe/London,Sides,Bread & Butter,1,Regular,,4.00,0.00,4.00,0.67,T79333719,Counter iPad,,Payment,Eat in,,
2026-07-11,14:36:00,Europe/London,Drinks,Lager Pint,4,Regular,,24.80,0.00,24.80,4.13,T79333719,Counter iPad,,Payment,Eat in,,
2026-07-11,14:36:00,Europe/London,Drinks,House White 175ml,2,Regular,,14.00,0.00,14.00,2.33,T79333719,Counter iPad,,Payment,Takeaway,,
2026-07-11,14:36:00,Europe/London,Drinks,Coke,2,Regular,,6.00,0.00,6.00,1.00,T79333719,Counter iPad,,Payment,Eat in,,
2026-07-11,14:36:00,Europe/London,Drinks,Sparkling Water 750ml,1,Regular,,4.00,0.00,4.00,0.67,T79333719,Counter iPad,,Payment,Eat in,,
2026-07-11,14:36:00,Europe/London,Drinks,Espresso,1,Regular,,2.80,0.00,2.80,0.47,T79333719,Counter iPad,,Payment,Eat in,,
2026-07-11,14:36:00,Europe/London,Drinks,Flat White,1,Regular,,3.40,0.00,3.40,0.57,T79333719,Counter iPad,,Payment,Eat in,,
2026-07-11,14:40:00,Europe/London,Kids,Kids Fish & Chips,1,Regular,,8.00,0.00,8.00,1.33,T66883101,Counter iPad,,Payment,Eat in,,
2026-07-11,14:40:00,Europe/London,Kids,Kids Ice Cream,1,Regular,,3.50,0.00,3.50,0.58,T66883101,Counter iPad,,Payment,Eat in,,
2026-07-11,14:40:00,Europe/London,Mains,Fish & Chips,1,Regular,,17.50,0.00,17.50,2.92,T66883101,Counter iPad,,Payment,Takeaway,,
2026-07-11,14:40:00,Europe/London,Desserts,Sticky Toffee Pudding,1,Regular,,8.00,0.00,8.00,1.33,T66883101,Counter iPad,,Payment,Eat in,,
2026-07-11,14:40:00,Europe/London,Mains,Fish & Chips,1,Small,,13.00,0.00,13.00,2.17,T66883101,Counter iPad,,Payment,Eat in,,
2026-07-11,14:40:00,Europe/London,Mains,Tidewater Burger,1,Regular,Add Bacon,16.50,0.00,16.50,2.75,T66883101,Counter iPad,,Payment,Takeaway,,
2026-07-11,14:40:00,Europe/London,Desserts,Choc Tart,1,Regular,,8.00,0.00,8.00,1.33,T66883101,Counter iPad,,Payment,Eat in,,
2026-07-11,14:40:00,Europe/London,Drinks,Lager Pint,2,Regular,,12.40,0.00,12.40,2.07,T66883101,Counter iPad,,Payment,Eat in,,
2026-07-11,14:40:00,Europe/London,Drinks,House White 175ml,2,Regular,,14.00,0.00,14.00,2.33,T66883101,Counter iPad,,Payment,Eat in,,
2026-07-11,14:40:00,Europe/London,Drinks,House Red 175ml,1,Regular,,7.00,0.00,7.00,1.17,T66883101,Counter iPad,,Payment,Eat in,,
2026-07-11,14:40:00,Europe/London,Drinks,Espresso,2,Regular,,5.60,0.00,5.60,0.93,T66883101,Counter iPad,,Payment,Eat in,,
2026-07-11,14:40:00,Europe/London,Drinks,Flat White,1,Regular,,3.40,0.00,3.40,0.57,T66883101,Counter iPad,,Payment,Eat in,,
2026-07-11,18:23:00,Europe/London,Starters,Burrata,1,Regular,,10.00,0.00,10.00,1.67,T53849851,Counter iPad,,Payment,Eat in,,
2026-07-11,18:23:00,Europe/London,Mains,Tidewater Burger,1,Regular,Add Bacon,16.50,0.00,16.50,2.75,T53849851,Counter iPad,,Payment,Eat in,,
2026-07-11,18:23:00,Europe/London,Desserts,Affogato,1,Regular,,6.00,0.00,6.00,1.00,T53849851,Counter iPad,,Payment,Eat in,,
2026-07-11,18:23:00,Europe/London,Mains,Lamb Rump,1,Regular,,26.00,0.00,26.00,4.33,T53849851,Counter iPad,,Payment,Eat in,,
2026-07-11,18:23:00,Europe/London,Drinks,Lager Pint,1,Regular,,6.20,0.00,6.20,1.03,T53849851,Counter iPad,,Payment,Eat in,,
2026-07-11,18:31:00,Europe/London,Starters,Salt & Pepper Squid,2,Regular,,19.00,0.00,19.00,3.17,T11643815,Counter iPad,,Payment,Eat in,,
2026-07-11,18:31:00,Europe/London,Mains,Fish & Chips,1,Small,,13.00,0.00,13.00,2.17,T11643815,Counter iPad,,Payment,Eat in,,
2026-07-11,18:31:00,Europe/London,Sides,Bread & Butter,1,Regular,,4.00,0.00,4.00,0.67,T11643815,Counter iPad,,Payment,Takeaway,,
2026-07-11,18:31:00,Europe/London,Drinks,Lager Pint,1,Regular,,6.20,0.00,6.20,1.03,T11643815,Counter iPad,,Payment,Eat in,,
2026-07-11,18:31:00,Europe/London,Drinks,House White 175ml,1,Regular,,7.00,0.00,7.00,1.17,T11643815,Counter iPad,,Payment,Takeaway,,
2026-07-11,18:34:00,Europe/London,Starters,Salt & Pepper Squid,1,Regular,,9.50,0.00,9.50,1.58,T29264060,Counter iPad,,Payment,Eat in,,
2026-07-11,18:34:00,Europe/London,Mains,Tidewater Burger,1,Regular,,16.50,0.00,16.50,2.75,T29264060,Counter iPad,,Payment,Takeaway,,
2026-07-11,18:34:00,Europe/London,Desserts,Sticky Toffee Pudding,2,Regular,,16.00,0.00,16.00,2.67,T29264060,Counter iPad,,Payment,Takeaway,,
2026-07-11,18:34:00,Europe/London,Mains,Hake,1,Regular,,22.00,0.00,22.00,3.67,T29264060,Counter iPad,,Payment,Takeaway,,
2026-07-11,18:34:00,Europe/London,Mains,Fish & Chips,1,Small,,13.00,0.00,13.00,2.17,T29264060,Counter iPad,,Payment,Eat in,,
2026-07-11,18:34:00,Europe/London,Sides,Chips,1,Regular,,4.50,0.00,4.50,0.75,T29264060,Counter iPad,,Payment,Eat in,,
2026-07-11,18:34:00,Europe/London,Drinks,Lager Pint,2,Regular,,12.40,0.00,12.40,2.07,T29264060,Counter iPad,,Payment,Eat in,,
2026-07-11,18:34:00,Europe/London,Drinks,House White 175ml,1,Regular,,7.00,0.00,7.00,1.17,T29264060,Counter iPad,,Payment,Eat in,,
2026-07-11,18:34:00,Europe/London,Drinks,Sparkling Water 750ml,1,Regular,,4.00,0.00,4.00,0.67,T29264060,Counter iPad,,Payment,Eat in,,
2026-07-11,18:43:00,Europe/London,Starters,Burrata,1,Regular,,10.00,0.00,10.00,1.67,T44499003,Bar iPad,,Payment,Eat in,,
2026-07-11,18:43:00,Europe/London,Desserts,Choc Tart,1,Regular,,8.00,0.00,8.00,1.33,T44499003,Bar iPad,,Payment,Takeaway,,
2026-07-11,18:43:00,Europe/London,Mains,Mushroom Risotto,1,Regular,,15.00,0.00,15.00,2.50,T44499003,Bar iPad,,Payment,Eat in,,
2026-07-11,18:43:00,Europe/London,Sides,Truffle Fries,1,Regular,,6.00,0.00,6.00,1.00,T44499003,Bar iPad,,Payment,Eat in,,
2026-07-11,18:43:00,Europe/London,Drinks,Lager Pint,1,Regular,,6.20,0.00,6.20,1.03,T44499003,Bar iPad,,Payment,Eat in,,
2026-07-11,18:43:00,Europe/London,Drinks,House Red 175ml,1,Regular,,7.00,0.00,7.00,1.17,T44499003,Bar iPad,,Payment,Eat in,,
2026-07-11,18:43:00,Europe/London,Drinks,Coke,1,Regular,,3.00,0.00,3.00,0.50,T44499003,Bar iPad,,Payment,Eat in,,
2026-07-11,18:43:00,Europe/London,Drinks,Sparkling Water 750ml,1,Regular,,4.00,0.00,4.00,0.67,T44499003,Bar iPad,,Payment,Eat in,,
2026-07-11,18:43:00,Europe/London,Drinks,Espresso,1,Regular,,2.80,0.00,2.80,0.47,T44499003,Bar iPad,,Payment,Takeaway,,
2026-07-11,18:49:00,Europe/London,Starters,Pork Belly Bites,1,Regular,,8.00,0.00,8.00,1.33,T85461207,Counter iPad,,Payment,Takeaway,,
2026-07-11,18:49:00,Europe/London,Mains,Lamb Rump,1,Regular,,26.00,0.00,26.00,4.33,T85461207,Counter iPad,,Payment,Takeaway,,
2026-07-11,18:49:00,Europe/London,Sides,Chips,1,Regular,,4.50,0.00,4.50,0.75,T85461207,Counter iPad,,Payment,Eat in,,
2026-07-11,18:49:00,Europe/London,Mains,Fish & Chips,2,Regular,,35.00,0.00,35.00,5.83,T85461207,Counter iPad,,Payment,Eat in,,
2026-07-11,18:49:00,Europe/London,Desserts,Cheeseboard,1,3,,11.00,0.00,11.00,1.83,T85461207,Counter iPad,,Payment,Eat in,,
2026-07-11,18:49:00,Europe/London,Desserts,Sticky Toffee Pudding,1,Regular,,8.00,0.00,8.00,1.33,T85461207,Counter iPad,,Payment,Takeaway,,
2026-07-11,18:49:00,Europe/London,Drinks,Lager Pint,1,Regular,,6.20,0.00,6.20,1.03,T85461207,Counter iPad,,Payment,Takeaway,,
2026-07-11,18:49:00,Europe/London,Drinks,House White 175ml,1,Regular,,7.00,0.00,7.00,1.17,T85461207,Counter iPad,,Payment,Eat in,,
2026-07-11,19:53:00,Europe/London,Starters,Mackerel Pate,1,Regular,,8.50,0.00,8.50,1.42,T14354985,Bar iPad,,Payment,Takeaway,,
2026-07-11,19:53:00,Europe/London,Mains,Fish & Chips,1,Small,,13.00,0.00,13.00,2.17,T14354985,Bar iPad,,Payment,Eat in,,
2026-07-11,19:53:00,Europe/London,Mains,Burger,1,Regular,"Add Bacon, Add Cheese",16.50,0.00,16.50,2.75,T14354985,Bar iPad,,Payment,Takeaway,,
2026-07-11,19:53:00,Europe/London,Desserts,Creme Brulee,1,Regular,,7.50,0.00,7.50,1.25,T14354985,Bar iPad,,Payment,Takeaway,,
2026-07-11,19:53:00,Europe/London,Starters,Salt & Pepper Squid,1,Regular,,9.50,0.00,9.50,1.58,T14354985,Bar iPad,,Payment,Eat in,,
2026-07-11,19:53:00,Europe/London,Mains,Fish & Chips,1,Regular,,17.50,0.00,17.50,2.92,T14354985,Bar iPad,,Payment,Eat in,,
2026-07-11,19:53:00,Europe/London,Drinks,Lager Pint,3,Regular,,18.60,0.00,18.60,3.10,T14354985,Bar iPad,,Payment,Eat in,,
2026-07-11,19:53:00,Europe/London,Drinks,House White 175ml,1,Regular,,7.00,0.00,7.00,1.17,T14354985,Bar iPad,,Payment,Takeaway,,
2026-07-11,19:53:00,Europe/London,Drinks,House Red 175ml,2,Regular,,14.00,0.00,14.00,2.33,T14354985,Bar iPad,,Payment,Eat in,,
2026-07-11,19:53:00,Europe/London,Drinks,Sparkling Water 750ml,1,Regular,,4.00,0.00,4.00,0.67,T14354985,Bar iPad,,Payment,Eat in,,
2026-07-11,19:53:00,Europe/London,Drinks,Espresso,1,Regular,,2.80,0.00,2.80,0.47,T14354985,Bar iPad,,Payment,Eat in,,
2026-07-11,19:53:00,Europe/London,Drinks,Flat White,1,Regular,,3.40,0.00,3.40,0.57,T14354985,Bar iPad,,Payment,Eat in,,
2026-07-11,20:06:00,Europe/London,Mains,Tidewater Burger,1,Regular,,16.50,0.00,16.50,2.75,T42954910,Counter iPad,,Payment,Takeaway,,
2026-07-11,20:06:00,Europe/London,Mains,Chicken Supreme,1,Regular,,19.00,0.00,19.00,3.17,T42954910,Counter iPad,,Payment,Eat in,,
2026-07-11,20:06:00,Europe/London,Desserts,Crème Brûlée,1,Regular,,7.50,0.00,7.50,1.25,T42954910,Counter iPad,,Payment,Eat in,,
2026-07-11,20:06:00,Europe/London,Starters,Pork Belly Bites,1,Regular,,8.00,-8.00,0.00,0.00,T42954910,Counter iPad,comp - long wait,Payment,Eat in,,
2026-07-11,20:06:00,Europe/London,Mains,SPECIAL - Crab Linguine,1,Regular,,18.00,0.00,18.00,3.00,T42954910,Counter iPad,,Payment,Takeaway,,
2026-07-11,20:06:00,Europe/London,Starters,Soup of the Day,1,Regular,,7.00,0.00,7.00,1.17,T42954910,Counter iPad,,Payment,Takeaway,,
2026-07-11,20:06:00,Europe/London,Mains,Fish & Chips,1,Regular,,17.50,0.00,17.50,2.92,T42954910,Counter iPad,,Payment,Eat in,,
2026-07-11,20:06:00,Europe/London,Sides,Chips,1,Regular,,4.50,0.00,4.50,0.75,T42954910,Counter iPad,,Payment,Eat in,,
2026-07-11,20:06:00,Europe/London,Drinks,Lager Pint,2,Regular,,12.40,0.00,12.40,2.07,T42954910,Counter iPad,,Payment,Takeaway,,
2026-07-11,20:06:00,Europe/London,Drinks,House White 175ml,2,Regular,,14.00,0.00,14.00,2.33,T42954910,Counter iPad,,Payment,Takeaway,,
2026-07-11,20:06:00,Europe/London,Drinks,House Red 175ml,1,Regular,,7.00,0.00,7.00,1.17,T42954910,Counter iPad,,Payment,Eat in,,
2026-07-11,20:06:00,Europe/London,Drinks,Flat White,1,Regular,,3.40,0.00,3.40,0.57,T42954910,Counter iPad,,Payment,Eat in,,
2026-07-11,20:46:00,Europe/London,Starters,Soup of the Day,1,Regular,,7.00,0.00,7.00,1.17,T98757332,Bar iPad,,Payment,Eat in,,
2026-07-11,20:46:00,Europe/London,Sides,House Salad,1,Regular,,4.50,0.00,4.50,0.75,T98757332,Bar iPad,,Payment,Eat in,,
2026-07-11,20:46:00,Europe/London,Desserts,Sticky Toffee Pudding,1,Regular,,8.00,0.00,8.00,1.33,T98757332,Bar iPad,,Payment,Eat in,,
2026-07-11,20:46:00,Europe/London,Mains,Fish & Chips,1,Small,,13.00,0.00,13.00,2.17,T98757332,Bar iPad,,Payment,Eat in,,
2026-07-11,20:46:00,Europe/London,Sides,Bread & Butter,1,Regular,,4.00,0.00,4.00,0.67,T98757332,Bar iPad,,Payment,Eat in,,
2026-07-11,20:46:00,Europe/London,Drinks,Lager Pint,2,Regular,,12.40,0.00,12.40,2.07,T98757332,Bar iPad,,Payment,Eat in,,
2026-07-11,20:46:00,Europe/London,Drinks,House White 175ml,1,Regular,,7.00,0.00,7.00,1.17,T98757332,Bar iPad,,Payment,Takeaway,,
2026-07-11,20:46:00,Europe/London,Drinks,House Red 175ml,1,Regular,,7.00,0.00,7.00,1.17,T98757332,Bar iPad,,Payment,Takeaway,,
2026-07-11,20:54:00,Europe/London,Kids,Kids Burger,2,Regular,,15.00,0.00,15.00,2.50,T42491389,Counter iPad,,Payment,Takeaway,,
2026-07-11,20:54:00,Europe/London,Kids,Kids Ice Cream,1,Regular,,3.50,0.00,3.50,0.58,T42491389,Counter iPad,,Payment,Eat in,,
2026-07-11,20:54:00,Europe/London,Starters,Burrata,1,Regular,,10.00,0.00,10.00,1.67,T42491389,Counter iPad,,Payment,Takeaway,,
2026-07-11,20:54:00,Europe/London,Mains,Chicken Supreme,1,Regular,,19.00,0.00,19.00,3.17,T42491389,Counter iPad,,Payment,Eat in,,
2026-07-11,20:54:00,Europe/London,Sides,Truffle Fries,2,Regular,,12.00,0.00,12.00,2.00,T42491389,Counter iPad,,Payment,Eat in,,
2026-07-11,20:54:00,Europe/London,Starters,Salt & Pepper Squid,1,Regular,,9.50,0.00,9.50,1.58,T42491389,Counter iPad,,Payment,Takeaway,,
2026-07-11,20:54:00,Europe/London,Mains,Fish & Chips,1,Regular,,17.50,0.00,17.50,2.92,T42491389,Counter iPad,,Payment,Eat in,,
2026-07-11,20:54:00,Europe/London,Sides,Bread & Butter,1,Regular,,4.00,0.00,4.00,0.67,T42491389,Counter iPad,,Payment,Eat in,,
2026-07-11,20:54:00,Europe/London,Drinks,House White 175ml,1,Regular,,7.00,0.00,7.00,1.17,T42491389,Counter iPad,,Payment,Eat in,,
2026-07-11,20:54:00,Europe/London,Drinks,House Red 175ml,1,Regular,,7.00,0.00,7.00,1.17,T42491389,Counter iPad,,Payment,Eat in,,
2026-07-11,20:54:00,Europe/London,Drinks,Coke,1,Regular,,3.00,0.00,3.00,0.50,T42491389,Counter iPad,,Payment,Eat in,,
2026-07-11,20:54:00,Europe/London,Drinks,Flat White,1,Regular,,3.40,0.00,3.40,0.57,T42491389,Counter iPad,,Payment,Eat in,,
2026-07-11,20:55:00,Europe/London,Mains,Chicken Supreme,1,Regular,,19.00,0.00,19.00,3.17,T38616118,Counter iPad,,Payment,Eat in,,
2026-07-11,20:55:00,Europe/London,Desserts,Sticky Toffee Pudding,1,Regular,,8.00,0.00,8.00,1.33,T38616118,Counter iPad,,Payment,Eat in,,
2026-07-11,20:55:00,Europe/London,Starters,Salt & Pepper Squid,1,Regular,,9.50,0.00,9.50,1.58,T38616118,Counter iPad,,Payment,Eat in,,
2026-07-11,20:55:00,Europe/London,Mains,Fish & Chips,1,Regular,,17.50,0.00,17.50,2.92,T38616118,Counter iPad,,Payment,Eat in,,
2026-07-11,20:55:00,Europe/London,Starters,Mackerel Pate,1,Regular,,8.50,0.00,8.50,1.42,T38616118,Counter iPad,,Payment,Eat in,,
2026-07-11,20:55:00,Europe/London,Mains,Steak Frites,1,Regular,,24.00,0.00,24.00,4.00,T38616118,Counter iPad,,Payment,Takeaway,,
2026-07-11,20:55:00,Europe/London,Desserts,Crème Brûlée,1,Regular,,7.50,0.00,7.50,1.25,T38616118,Counter iPad,,Payment,Eat in,,
2026-07-11,20:55:00,Europe/London,Mains,Tidewater Burger,1,Regular,"Add Bacon, Add Cheese",16.50,0.00,16.50,2.75,T38616118,Counter iPad,,Payment,Takeaway,,
2026-07-11,20:55:00,Europe/London,Drinks,Lager Pint,3,Regular,,18.60,0.00,18.60,3.10,T38616118,Counter iPad,,Payment,Eat in,,
2026-07-11,20:55:00,Europe/London,Drinks,House Red 175ml,2,Regular,,14.00,0.00,14.00,2.33,T38616118,Counter iPad,,Payment,Takeaway,,
2026-07-11,20:55:00,Europe/London,Drinks,Coke,1,Regular,,3.00,0.00,3.00,0.50,T38616118,Counter iPad,,Payment,Takeaway,,
2026-07-11,20:55:00,Europe/London,Drinks,Espresso,1,Regular,,2.80,0.00,2.80,0.47,T38616118,Counter iPad,,Payment,Takeaway,,
2026-07-11,21:11:00,Europe/London,Kids,Kids Burger,1,Regular,,7.50,0.00,7.50,1.25,T68087506,Counter iPad,,Payment,Eat in,,
2026-07-11,21:11:00,Europe/London,Kids,Kids Ice Cream,1,Regular,,3.50,0.00,3.50,0.58,T68087506,Counter iPad,,Payment,Eat in,,
2026-07-11,21:11:00,Europe/London,Mains,Fish & Chips,1,Small,,13.00,0.00,13.00,2.17,T68087506,Counter iPad,,Payment,Eat in,,
2026-07-11,21:11:00,Europe/London,Starters,Soup of the Day,1,Regular,,7.00,0.00,7.00,1.17,T68087506,Counter iPad,,Payment,Eat in,,
2026-07-11,21:11:00,Europe/London,Mains,Chicken Supreme,1,Regular,,19.00,0.00,19.00,3.17,T68087506,Counter iPad,,Payment,Takeaway,,
2026-07-11,21:11:00,Europe/London,Sides,Chips,1,Regular,,4.50,0.00,4.50,0.75,T68087506,Counter iPad,,Payment,Eat in,,
2026-07-11,21:11:00,Europe/London,Desserts,Crème Brûlée,1,Regular,,7.50,0.00,7.50,1.25,T68087506,Counter iPad,,Payment,Eat in,,
2026-07-11,21:11:00,Europe/London,Starters,Salt & Pepper Squid,1,Regular,,9.50,0.00,9.50,1.58,T68087506,Counter iPad,,Payment,Eat in,,
2026-07-11,21:11:00,Europe/London,Mains,Fish & Chips,1,Regular,,17.50,0.00,17.50,2.92,T68087506,Counter iPad,,Payment,Eat in,,
2026-07-11,21:11:00,Europe/London,Sides,House Salad,1,Regular,,4.50,0.00,4.50,0.75,T68087506,Counter iPad,,Payment,Takeaway,,
2026-07-11,21:11:00,Europe/London,Desserts,Choc Tart,1,Regular,,8.00,0.00,8.00,1.33,T68087506,Counter iPad,,Payment,Takeaway,,
2026-07-11,21:11:00,Europe/London,Sides,Bread & Butter,1,Regular,,4.00,0.00,4.00,0.67,T68087506,Counter iPad,,Payment,Eat in,,
2026-07-11,21:51:00,Europe/London,Sides,Bread & Butter,1,Regular,,-4.00,0.00,-4.00,-0.67,T68087506,Counter iPad,sent back,Refund,Eat in,,
2026-07-11,21:11:00,Europe/London,Drinks,Lager Pint,3,Regular,,18.60,0.00,18.60,3.10,T68087506,Counter iPad,,Payment,Eat in,,
2026-07-11,21:11:00,Europe/London,Drinks,Sparkling Water 750ml,1,Regular,,4.00,0.00,4.00,0.67,T68087506,Counter iPad,,Payment,Takeaway,,
2026-07-11,21:13:00,Europe/London,Drinks,Sparkling Water 750ml,1,Regular,,0.00,0.00,0.00,0.00,T68087506,Counter iPad,wrong table,Void,Eat in,,
2026-07-11,21:11:00,Europe/London,Drinks,Flat White,1,Regular,,3.40,0.00,3.40,0.57,T68087506,Counter iPad,,Payment,Takeaway,,
2026-07-11,21:38:00,Europe/London,Mains,Fish & Chips,1,Small,,13.00,0.00,13.00,2.17,T80740967,Counter iPad,,Payment,Eat in,C418,Sample Customer 418
2026-07-11,21:38:00,Europe/London,Sides,Tenderstem,1,Regular,,5.00,0.00,5.00,0.83,T80740967,Counter iPad,,Payment,Eat in,C418,Sample Customer 418
2026-07-11,21:38:00,Europe/London,Desserts,Sticky Toffee Pudding,1,Regular,,8.00,0.00,8.00,1.33,T80740967,Counter iPad,,Payment,Eat in,C418,Sample Customer 418
2026-07-11,21:38:00,Europe/London,Mains,Fish & Chips,1,Regular,,17.50,0.00,17.50,2.92,T80740967,Counter iPad,,Payment,Eat in,C418,Sample Customer 418
2026-07-11,21:38:00,Europe/London,Sides,Truffle Fries,1,Regular,,6.00,0.00,6.00,1.00,T80740967,Counter iPad,,Payment,Eat in,C418,Sample Customer 418
2026-07-11,21:38:00,Europe/London,Desserts,Affogato,1,Regular,,6.00,0.00,6.00,1.00,T80740967,Counter iPad,,Payment,Eat in,C418,Sample Customer 418
2026-07-11,21:38:00,Europe/London,Sides,Bread & Butter,1,Regular,,4.00,0.00,4.00,0.67,T80740967,Counter iPad,,Payment,Takeaway,C418,Sample Customer 418
2026-07-11,21:38:00,Europe/London,Drinks,Lager Pint,2,Regular,,12.40,0.00,12.40,2.07,T80740967,Counter iPad,,Payment,Eat in,C418,Sample Customer 418
2026-07-11,21:51:00,Europe/London,Mains,Fish & Chips,1,Small,,13.00,0.00,13.00,2.17,T92432752,Counter iPad,,Payment,Eat in,,
2026-07-11,21:51:00,Europe/London,Mains,Tidewater Burger,1,Regular,,16.50,0.00,16.50,2.75,T92432752,Counter iPad,,Payment,Eat in,,
2026-07-11,21:51:00,Europe/London,Sides,Chips,1,Regular,,4.50,0.00,4.50,0.75,T92432752,Counter iPad,,Payment,Eat in,,
2026-07-11,21:51:00,Europe/London,Drinks,Lager Pint,1,Regular,,6.20,0.00,6.20,1.03,T92432752,Counter iPad,,Payment,Eat in,,
2026-07-11,21:51:00,Europe/London,Drinks,House White 175ml,1,Regular,,7.00,0.00,7.00,1.17,T92432752,Counter iPad,,Payment,Takeaway,,
2026-07-11,21:51:00,Europe/London,Drinks,House Red 175ml,1,Regular,,7.00,0.00,7.00,1.17,T92432752,Counter iPad,,Payment,Takeaway,,
2026-07-11,21:56:00,Europe/London,Starters,Salt & Pepper Squid,1,Regular,,9.50,0.00,9.50,1.58,T90960174,Counter iPad,,Payment,Eat in,,
2026-07-11,21:56:00,Europe/London,Mains,Fish & Chips,1,Regular,,17.50,0.00,17.50,2.92,T90960174,Counter iPad,,Payment,Eat in,,
2026-07-11,21:56:00,Europe/London,Mains,Hake,1,Regular,,22.00,0.00,22.00,3.67,T90960174,Counter iPad,,Payment,Eat in,,
2026-07-11,21:56:00,Europe/London,Sides,Truffle Fries,1,Regular,,6.00,0.00,6.00,1.00,T90960174,Counter iPad,,Payment,Eat in,,
2026-07-11,21:56:00,Europe/London,Sides,Bread & Butter,1,Regular,,4.00,0.00,4.00,0.67,T90960174,Counter iPad,,Payment,Eat in,,
2026-07-11,21:56:00,Europe/London,Drinks,House White 175ml,1,Regular,,7.00,0.00,7.00,1.17,T90960174,Counter iPad,,Payment,Eat in,,
2026-07-11,21:56:00,Europe/London,Drinks,Sparkling Water 750ml,1,Regular,,4.00,0.00,4.00,0.67,T90960174,Counter iPad,,Payment,Takeaway,,
2026-07-11,21:56:00,Europe/London,Drinks,Espresso,1,Regular,,2.80,0.00,2.80,0.47,T90960174,Counter iPad,,Payment,Takeaway,,
2026-07-11,22:17:00,Europe/London,Starters,Soup of the Day,1,Regular,,7.00,0.00,7.00,1.17,T99079607,Counter iPad,,Payment,Eat in,,
2026-07-11,22:17:00,Europe/London,Mains,Tidewater Burger,1,Regular,"Add Bacon, Add Cheese",16.50,0.00,16.50,2.75,T99079607,Counter iPad,,Payment,Takeaway,,
2026-07-11,22:17:00,Europe/London,Sides,Chips,1,Regular,,4.50,0.00,4.50,0.75,T99079607,Counter iPad,,Payment,Eat in,,
2026-07-11,22:17:00,Europe/London,Desserts,Affogato,1,Regular,,6.00,0.00,6.00,1.00,T99079607,Counter iPad,,Payment,Eat in,,
2026-07-11,22:17:00,Europe/London,Sides,Bread & Butter,1,Regular,,4.00,0.00,4.00,0.67,T99079607,Counter iPad,,Payment,Eat in,,
2026-07-11,22:17:00,Europe/London,Drinks,Lager Pint,1,Regular,,6.20,0.00,6.20,1.03,T99079607,Counter iPad,,Payment,Eat in,,
2026-07-11,22:17:00,Europe/London,Drinks,House White 175ml,1,Regular,,7.00,0.00,7.00,1.17,T99079607,Counter iPad,,Payment,Eat in,,
2026-07-11,22:22:00,Europe/London,Mains,Hake,1,Regular,,22.00,0.00,22.00,3.67,T89456714,Counter iPad,birthday - candle on pud,Payment,Eat in,,
2026-07-11,22:22:00,Europe/London,Sides,Bread & Butter,1,Regular,,4.00,0.00,4.00,0.67,T89456714,Counter iPad,birthday - candle on pud,Payment,Takeaway,,
2026-07-11,22:22:00,Europe/London,Drinks,Lager Pint,1,Regular,,6.20,0.00,6.20,1.03,T89456714,Counter iPad,birthday - candle on pud,Payment,Takeaway,,
2026-07-11,22:22:00,Europe/London,Drinks,House White 175ml,1,Regular,,7.00,0.00,7.00,1.17,T89456714,Counter iPad,birthday - candle on pud,Payment,Takeaway,,
2026-07-11,22:22:00,Europe/London,Drinks,Coke,1,Regular,,3.00,0.00,3.00,0.50,T89456714,Counter iPad,birthday - candle on pud,Payment,Eat in,,
2026-07-11,22:33:00,Europe/London,Mains,Fish & Chips,2,Regular,,35.00,0.00,35.00,5.83,T56367585,Bar iPad,,Payment,Eat in,C704,Sample Customer 704
2026-07-11,22:33:00,Europe/London,Sides,House Salad,1,Regular,,4.50,0.00,4.50,0.75,T56367585,Bar iPad,,Payment,Eat in,C704,Sample Customer 704
2026-07-11,22:33:00,Europe/London,Desserts,Sticky Toffee Pudding,1,Regular,,8.00,0.00,8.00,1.33,T56367585,Bar iPad,,Payment,Eat in,C704,Sample Customer 704
2026-07-11,22:33:00,Europe/London,Starters,Mackerel Pate,1,Regular,,8.50,0.00,8.50,1.42,T56367585,Bar iPad,,Payment,Eat in,C704,Sample Customer 704
2026-07-11,22:33:00,Europe/London,Starters,Rock Oysters,1,x6,,16.00,0.00,16.00,2.67,T56367585,Bar iPad,,Payment,Eat in,C704,Sample Customer 704
2026-07-11,22:33:00,Europe/London,Mains,Steak Frites,1,Regular,,24.00,0.00,24.00,4.00,T56367585,Bar iPad,,Payment,Eat in,C704,Sample Customer 704
2026-07-11,22:33:00,Europe/London,Sides,Bread & Butter,1,Regular,,4.00,0.00,4.00,0.67,T56367585,Bar iPad,,Payment,Eat in,C704,Sample Customer 704
2026-07-11,22:33:00,Europe/London,Drinks,Lager Pint,2,Regular,,12.40,0.00,12.40,2.07,T56367585,Bar iPad,,Payment,Takeaway,C704,Sample Customer 704
2026-07-11,22:33:00,Europe/London,Drinks,Sparkling Water 750ml,1,Regular,,4.00,0.00,4.00,0.67,T56367585,Bar iPad,,Payment,Takeaway,C704,Sample Customer 704
2026-07-11,22:33:00,Europe/London,Drinks,Espresso,2,Regular,,5.60,0.00,5.60,0.93,T56367585,Bar iPad,,Payment,Eat in,C704,Sample Customer 704
2026-07-11,22:50:00,Europe/London,Kids,Kids Burger,2,Regular,,15.00,0.00,15.00,2.50,T85476253,Counter iPad,,Payment,Takeaway,C417,Sample Customer 417
2026-07-11,22:50:00,Europe/London,Kids,Kids Ice Cream,1,Regular,,3.50,0.00,3.50,0.58,T85476253,Counter iPad,,Payment,Eat in,C417,Sample Customer 417
2026-07-11,22:50:00,Europe/London,Starters,Pork Belly Bites,1,Regular,,8.00,0.00,8.00,1.33,T85476253,Counter iPad,,Payment,Eat in,C417,Sample Customer 417
2026-07-11,22:50:00,Europe/London,Mains,Tidewater Burger,2,Regular,,33.00,0.00,33.00,5.50,T85476253,Counter iPad,,Payment,Takeaway,C417,Sample Customer 417
2026-07-11,22:50:00,Europe/London,Desserts,Sticky Toffee Pudding,1,Regular,,8.00,0.00,8.00,1.33,T85476253,Counter iPad,,Payment,Eat in,C417,Sample Customer 417
2026-07-11,22:50:00,Europe/London,Drinks,Lager Pint,2,Regular,,12.40,0.00,12.40,2.07,T85476253,Counter iPad,,Payment,Eat in,C417,Sample Customer 417
2026-07-11,22:50:00,Europe/London,Drinks,House White 175ml,1,Regular,,7.00,0.00,7.00,1.17,T85476253,Counter iPad,,Payment,Eat in,C417,Sample Customer 417
2026-07-11,22:50:00,Europe/London,Drinks,House Red 175ml,2,Regular,,14.00,0.00,14.00,2.33,T85476253,Counter iPad,,Payment,Eat in,C417,Sample Customer 417
2026-07-11,22:50:00,Europe/London,Drinks,Coke,3,Regular,,9.00,0.00,9.00,1.50,T85476253,Counter iPad,,Payment,Eat in,C417,Sample Customer 417
2026-07-11,23:30:00,Europe/London,Drinks,Coke,1,Regular,,-3.00,0.00,-3.00,-0.50,T85476253,Counter iPad,sent back,Refund,Eat in,C417,Sample Customer 417
2026-07-11,23:10:00,Europe/London,Mains,Chicken Supreme,1,Regular,,19.00,0.00,19.00,3.17,T51802549,Counter iPad,,Payment,Eat in,,
2026-07-11,23:10:00,Europe/London,Desserts,Sticky Toffee Pudding,1,Regular,,8.00,0.00,8.00,1.33,T51802549,Counter iPad,,Payment,Eat in,,
2026-07-11,23:10:00,Europe/London,Mains,Fish & Chips,1,Regular,,17.50,0.00,17.50,2.92,T51802549,Counter iPad,,Payment,Eat in,,
2026-07-11,23:10:00,Europe/London,Drinks,Lager Pint,1,Regular,,6.20,0.00,6.20,1.03,T51802549,Counter iPad,,Payment,Takeaway,,
2026-07-11,23:10:00,Europe/London,Drinks,House White 175ml,1,Regular,,7.00,0.00,7.00,1.17,T51802549,Counter iPad,,Payment,Eat in,,
2026-07-12,00:07:00,Europe/London,Mains,Fish & Chips,1,Regular,,17.50,0.00,17.50,2.92,T33181586,Counter iPad,,Payment,Eat in,,
2026-07-12,00:07:00,Europe/London,Mains,Steak Frites,1,Regular,,24.00,0.00,24.00,4.00,T33181586,Counter iPad,,Payment,Takeaway,,
2026-07-12,00:07:00,Europe/London,Sides,Peppercorn Sauce,1,Regular,,3.00,0.00,3.00,0.50,T33181586,Counter iPad,,Payment,Eat in,,
2026-07-12,00:07:00,Europe/London,Desserts,Affogato,1,Regular,,6.00,0.00,6.00,1.00,T33181586,Counter iPad,,Payment,Eat in,,
2026-07-12,00:07:00,Europe/London,Drinks,Lager Pint,2,Regular,,12.40,0.00,12.40,2.07,T33181586,Counter iPad,,Payment,Eat in,,
2026-07-12,00:07:00,Europe/London,Drinks,House White 175ml,1,Regular,,7.00,0.00,7.00,1.17,T33181586,Counter iPad,,Payment,Eat in,,
2026-07-12,12:01:00,Europe/London,Mains,Sunday Roast,2,Regular,,48.00,0.00,48.00,8.00,T76105781,Counter iPad,,Payment,Takeaway,,
2026-07-12,12:01:00,Europe/London,Sides,Truffle Fries,1,Regular,,6.00,0.00,6.00,1.00,T76105781,Counter iPad,,Payment,Eat in,,
2026-07-12,12:01:00,Europe/London,Starters,Salt & Pepper Squid,1,Regular,,9.50,0.00,9.50,1.58,T76105781,Counter iPad,,Payment,Eat in,,
2026-07-12,12:01:00,Europe/London,Sides,Chips,1,Regular,,4.50,0.00,4.50,0.75,T76105781,Counter iPad,,Payment,Eat in,,
2026-07-12,12:01:00,Europe/London,Desserts,Crème Brûlée,1,Regular,,7.50,0.00,7.50,1.25,T76105781,Counter iPad,,Payment,Takeaway,,
2026-07-12,12:01:00,Europe/London,Sides,Bread & Butter,1,Regular,,4.00,0.00,4.00,0.67,T76105781,Counter iPad,,Payment,Eat in,,
2026-07-12,12:01:00,Europe/London,Drinks,Lager Pint,1,Regular,,6.20,0.00,6.20,1.03,T76105781,Counter iPad,,Payment,Eat in,,
2026-07-12,12:01:00,Europe/London,Drinks,House Red 175ml,1,Regular,,7.00,0.00,7.00,1.17,T76105781,Counter iPad,,Payment,Takeaway,,
2026-07-12,12:01:00,Europe/London,Drinks,Sparkling Water 750ml,1,Regular,,4.00,0.00,4.00,0.67,T76105781,Counter iPad,,Payment,Eat in,,
2026-07-12,12:01:00,Europe/London,Drinks,Flat White,1,Regular,,3.40,0.00,3.40,0.57,T76105781,Counter iPad,,Payment,Eat in,,
2026-07-12,12:24:00,Europe/London,Mains,Steak Frites,1,Regular,,24.00,0.00,24.00,4.00,T25237448,Counter iPad,,Payment,Eat in,C756,Sample Customer 756
2026-07-12,12:24:00,Europe/London,Sides,Truffle Fries,1,Regular,,6.00,0.00,6.00,1.00,T25237448,Counter iPad,,Payment,Eat in,C756,Sample Customer 756
2026-07-12,12:24:00,Europe/London,Mains,Fish & Chips,1,Regular,,17.50,0.00,17.50,2.92,T25237448,Counter iPad,,Payment,Takeaway,C756,Sample Customer 756
2026-07-12,12:24:00,Europe/London,Desserts,Sticky Toffee Pudding,1,Regular,,8.00,0.00,8.00,1.33,T25237448,Counter iPad,,Payment,Eat in,C756,Sample Customer 756
2026-07-12,12:24:00,Europe/London,Drinks,Lager Pint,1,Regular,,6.20,0.00,6.20,1.03,T25237448,Counter iPad,,Payment,Eat in,C756,Sample Customer 756
2026-07-12,12:24:00,Europe/London,Drinks,House White 175ml,1,Regular,,7.00,0.00,7.00,1.17,T25237448,Counter iPad,,Payment,Eat in,C756,Sample Customer 756
2026-07-12,12:24:00,Europe/London,Drinks,House Red 175ml,1,Regular,,7.00,0.00,7.00,1.17,T25237448,Counter iPad,,Payment,Takeaway,C756,Sample Customer 756
2026-07-12,12:24:00,Europe/London,Drinks,Sparkling Water 750ml,1,Regular,,4.00,0.00,4.00,0.67,T25237448,Counter iPad,,Payment,Takeaway,C756,Sample Customer 756
2026-07-12,12:30:00,Europe/London,Mains,Fish & Chips,1,Small,,13.00,0.00,13.00,2.17,T94858170,Counter iPad,,Payment,Eat in,,
2026-07-12,12:30:00,Europe/London,Mains,Hake,1,Regular,,22.00,0.00,22.00,3.67,T94858170,Counter iPad,,Payment,Eat in,,
2026-07-12,12:30:00,Europe/London,Starters,Salt & Pepper Squid,1,Regular,,9.50,0.00,9.50,1.58,T94858170,Counter iPad,,Payment,Eat in,,
2026-07-12,12:30:00,Europe/London,Mains,Sunday Roast,1,Regular,,24.00,0.00,24.00,4.00,T94858170,Counter iPad,,Payment,Takeaway,,
2026-07-12,12:30:00,Europe/London,Starters,Mackerel Pate,1,Regular,,8.50,0.00,8.50,1.42,T94858170,Counter iPad,,Payment,Eat in,,
2026-07-12,12:30:00,Europe/London,Mains,Steak Frites,1,Regular,,24.00,0.00,24.00,4.00,T94858170,Counter iPad,,Payment,Eat in,,
2026-07-12,12:30:00,Europe/London,Desserts,Sticky Toffee Pudding,1,Regular,,8.00,0.00,8.00,1.33,T94858170,Counter iPad,,Payment,Takeaway,,
2026-07-12,12:30:00,Europe/London,Drinks,Lager Pint,2,Regular,,12.40,0.00,12.40,2.07,T94858170,Counter iPad,,Payment,Eat in,,
2026-07-12,12:30:00,Europe/London,Drinks,House Red 175ml,1,Regular,,7.00,0.00,7.00,1.17,T94858170,Counter iPad,,Payment,Eat in,,
2026-07-12,12:30:00,Europe/London,Drinks,Sparkling Water 750ml,1,Regular,,4.00,0.00,4.00,0.67,T94858170,Counter iPad,,Payment,Eat in,,
2026-07-12,12:30:00,Europe/London,Drinks,Espresso,1,Regular,,2.80,0.00,2.80,0.47,T94858170,Counter iPad,,Payment,Takeaway,,
2026-07-12,12:30:00,Europe/London,Mains,Sunday Roast,1,Regular,,24.00,0.00,24.00,4.00,T51419298,Counter iPad,Table 12 - call 07700 900343 when ready,Payment,Eat in,C919,Sample Customer 919
2026-07-12,12:30:00,Europe/London,Mains,Chicken Supreme,1,Regular,,19.00,0.00,19.00,3.17,T51419298,Counter iPad,Table 12 - call 07700 900343 when ready,Payment,Eat in,C919,Sample Customer 919
2026-07-12,12:30:00,Europe/London,Sides,Chips,1,Regular,,4.50,0.00,4.50,0.75,T51419298,Counter iPad,Table 12 - call 07700 900343 when ready,Payment,Eat in,C919,Sample Customer 919
2026-07-12,12:30:00,Europe/London,Desserts,Sticky Toffee Pudding,1,Regular,,8.00,0.00,8.00,1.33,T51419298,Counter iPad,Table 12 - call 07700 900343 when ready,Payment,Eat in,C919,Sample Customer 919
2026-07-12,12:30:00,Europe/London,Drinks,House White 175ml,1,Regular,,7.00,0.00,7.00,1.17,T51419298,Counter iPad,Table 12 - call 07700 900343 when ready,Payment,Eat in,C919,Sample Customer 919
2026-07-12,12:30:00,Europe/London,Drinks,Coke,1,Regular,,3.00,0.00,3.00,0.50,T51419298,Counter iPad,Table 12 - call 07700 900343 when ready,Payment,Eat in,C919,Sample Customer 919
2026-07-12,12:30:00,Europe/London,Drinks,Sparkling Water 750ml,1,Regular,,4.00,0.00,4.00,0.67,T51419298,Counter iPad,Table 12 - call 07700 900343 when ready,Payment,Eat in,C919,Sample Customer 919
2026-07-12,12:32:00,Europe/London,Starters,Salt & Pepper Squid,1,Regular,,9.50,0.00,9.50,1.58,T33696381,Counter iPad,Table 6 - call 07700 900326 when ready,Payment,Eat in,C770,Sample Customer 770
2026-07-12,12:32:00,Europe/London,Starters,Mackerel Pate,1,Regular,,8.50,0.00,8.50,1.42,T33696381,Counter iPad,Table 6 - call 07700 900326 when ready,Payment,Eat in,C770,Sample Customer 770
2026-07-12,12:32:00,Europe/London,Mains,Sunday Roast,2,Regular,,48.00,0.00,48.00,8.00,T33696381,Counter iPad,Table 6 - call 07700 900326 when ready,Payment,Takeaway,C770,Sample Customer 770
2026-07-12,12:32:00,Europe/London,Sides,Truffle Fries,1,Regular,,6.00,0.00,6.00,1.00,T33696381,Counter iPad,Table 6 - call 07700 900326 when ready,Payment,Eat in,C770,Sample Customer 770
2026-07-12,12:32:00,Europe/London,Desserts,Choc Tart,1,Regular,,8.00,0.00,8.00,1.33,T33696381,Counter iPad,Table 6 - call 07700 900326 when ready,Payment,Eat in,C770,Sample Customer 770
2026-07-12,12:32:00,Europe/London,Starters,Burrata,1,Regular,,10.00,0.00,10.00,1.67,T33696381,Counter iPad,Table 6 - call 07700 900326 when ready,Payment,Eat in,C770,Sample Customer 770
2026-07-12,12:32:00,Europe/London,Desserts,Sticky Toffee Pudding,1,Regular,,8.00,0.00,8.00,1.33,T33696381,Counter iPad,Table 6 - call 07700 900326 when ready,Payment,Eat in,C770,Sample Customer 770
2026-07-12,12:32:00,Europe/London,Mains,Steak Frites,1,Regular,,24.00,0.00,24.00,4.00,T33696381,Counter iPad,Table 6 - call 07700 900326 when ready,Payment,Eat in,C770,Sample Customer 770
2026-07-12,12:32:00,Europe/London,Sides,Chips,1,Regular,,4.50,0.00,4.50,0.75,T33696381,Counter iPad,Table 6 - call 07700 900326 when ready,Payment,Eat in,C770,Sample Customer 770
2026-07-12,12:32:00,Europe/London,Drinks,Lager Pint,3,Regular,,18.60,0.00,18.60,3.10,T33696381,Counter iPad,Table 6 - call 07700 900326 when ready,Payment,Eat in,C770,Sample Customer 770
2026-07-12,12:32:00,Europe/London,Drinks,House White 175ml,2,Regular,,14.00,0.00,14.00,2.33,T33696381,Counter iPad,Table 6 - call 07700 900326 when ready,Payment,Eat in,C770,Sample Customer 770
2026-07-12,12:32:00,Europe/London,Drinks,House Red 175ml,1,Regular,,7.00,0.00,7.00,1.17,T33696381,Counter iPad,Table 6 - call 07700 900326 when ready,Payment,Eat in,C770,Sample Customer 770
2026-07-12,12:32:00,Europe/London,Drinks,Coke,2,Regular,,6.00,0.00,6.00,1.00,T33696381,Counter iPad,Table 6 - call 07700 900326 when ready,Payment,Eat in,C770,Sample Customer 770
2026-07-12,12:32:00,Europe/London,Drinks,Espresso,1,Regular,,2.80,0.00,2.80,0.47,T33696381,Counter iPad,Table 6 - call 07700 900326 when ready,Payment,Eat in,C770,Sample Customer 770
2026-07-12,12:34:00,Europe/London,Starters,Soup of the Day,1,Regular,,7.00,0.00,7.00,1.17,T91033178,Counter iPad,,Payment,Takeaway,,
2026-07-12,12:34:00,Europe/London,Mains,Sunday Roast,3,Regular,,72.00,0.00,72.00,12.00,T91033178,Counter iPad,,Payment,Eat in,,
2026-07-12,12:34:00,Europe/London,Sides,Truffle Fries,2,Regular,,12.00,0.00,12.00,2.00,T91033178,Counter iPad,,Payment,Eat in,,
2026-07-12,12:34:00,Europe/London,Desserts,Sticky Toffee Pudding,1,Regular,,8.00,0.00,8.00,1.33,T91033178,Counter iPad,,Payment,Eat in,,
2026-07-12,12:34:00,Europe/London,Desserts,Crème Brûlée,1,Regular,,7.50,0.00,7.50,1.25,T91033178,Counter iPad,,Payment,Takeaway,,
2026-07-12,12:34:00,Europe/London,Sides,Bread & Butter,1,Regular,,4.00,0.00,4.00,0.67,T91033178,Counter iPad,,Payment,Eat in,,
2026-07-12,12:34:00,Europe/London,Drinks,Lager Pint,1,Regular,,6.20,0.00,6.20,1.03,T91033178,Counter iPad,,Payment,Takeaway,,
2026-07-12,12:36:00,Europe/London,Drinks,Lager Pint,1,Regular,,0.00,0.00,0.00,0.00,T91033178,Counter iPad,wrong table,Void,Eat in,,
2026-07-12,12:34:00,Europe/London,Drinks,House White 175ml,1,Regular,,7.00,0.00,7.00,1.17,T91033178,Counter iPad,,Payment,Eat in,,
2026-07-12,12:34:00,Europe/London,Drinks,House Red 175ml,2,Regular,,14.00,0.00,14.00,2.33,T91033178,Counter iPad,,Payment,Eat in,,
2026-07-12,12:34:00,Europe/London,Drinks,Coke,1,Regular,,3.00,0.00,3.00,0.50,T91033178,Counter iPad,,Payment,Eat in,,
2026-07-12,12:34:00,Europe/London,Drinks,Flat White,1,Regular,,3.40,0.00,3.40,0.57,T91033178,Counter iPad,,Payment,Eat in,,
2026-07-12,12:39:00,Europe/London,Starters,Soup of the Day,1,Regular,,7.00,0.00,7.00,1.17,T20350381,Counter iPad,,Payment,Takeaway,,
2026-07-12,12:39:00,Europe/London,Sides,Tenderstem,1,Regular,,5.00,0.00,5.00,0.83,T20350381,Counter iPad,,Payment,Takeaway,,
2026-07-12,12:39:00,Europe/London,Starters,Salt & Pepper Squid,1,Regular,,9.50,0.00,9.50,1.58,T20350381,Counter iPad,,Payment,Eat in,,
2026-07-12,12:39:00,Europe/London,Mains,Tidewater Burger,1,Regular,,16.50,0.00,16.50,2.75,T20350381,Counter iPad,,Payment,Takeaway,,
2026-07-12,12:39:00,Europe/London,Desserts,Choc Tart,1,Regular,,8.00,0.00,8.00,1.33,T20350381,Counter iPad,,Payment,Takeaway,,
2026-07-12,12:39:00,Europe/London,Drinks,Lager Pint,1,Regular,,6.20,0.00,6.20,1.03,T20350381,Counter iPad,,Payment,Eat in,,
2026-07-12,12:39:00,Europe/London,Drinks,Sparkling Water 750ml,1,Regular,,4.00,0.00,4.00,0.67,T20350381,Counter iPad,,Payment,Eat in,,
2026-07-12,12:39:00,Europe/London,Drinks,Flat White,2,Regular,,6.80,0.00,6.80,1.13,T20350381,Counter iPad,,Payment,Eat in,,
2026-07-12,12:41:00,Europe/London,Starters,Pork Belly Bites,1,Regular,,8.00,0.00,8.00,1.33,T16230874,Bar iPad,,Payment,Eat in,,
2026-07-12,12:41:00,Europe/London,Mains,Sunday Roast,2,Regular,,48.00,0.00,48.00,8.00,T16230874,Bar iPad,,Payment,Eat in,,
2026-07-12,12:41:00,Europe/London,Desserts,Sticky Toffee Pudding,1,Regular,,8.00,0.00,8.00,1.33,T16230874,Bar iPad,,Payment,Eat in,,
2026-07-12,12:41:00,Europe/London,Mains,Chicken Supreme,1,Regular,,19.00,0.00,19.00,3.17,T16230874,Bar iPad,,Payment,Eat in,,
2026-07-12,12:41:00,Europe/London,Sides,Fries,2,Regular,,9.00,0.00,9.00,1.50,T16230874,Bar iPad,,Payment,Eat in,,
2026-07-12,12:41:00,Europe/London,Starters,Burrata,1,Regular,,10.00,0.00,10.00,1.67,T16230874,Bar iPad,,Payment,Eat in,,
2026-07-12,12:41:00,Europe/London,Mains,Burger,1,Regular,"Add Bacon, Add Cheese",16.50,0.00,16.50,2.75,T16230874,Bar iPad,,Payment,Eat in,,
2026-07-12,12:41:00,Europe/London,Sides,Bread & Butter,1,Regular,,4.00,0.00,4.00,0.67,T16230874,Bar iPad,,Payment,Eat in,,
2026-07-12,12:41:00,Europe/London,Drinks,Lager Pint,3,Regular,,18.60,0.00,18.60,3.10,T16230874,Bar iPad,,Payment,Takeaway,,
2026-07-12,12:41:00,Europe/London,Drinks,Coke,1,Regular,,3.00,0.00,3.00,0.50,T16230874,Bar iPad,,Payment,Takeaway,,
2026-07-12,12:41:00,Europe/London,Drinks,Sparkling Water 750ml,1,Regular,,4.00,0.00,4.00,0.67,T16230874,Bar iPad,,Payment,Eat in,,
2026-07-12,12:41:00,Europe/London,Drinks,Espresso,1,Regular,,2.80,0.00,2.80,0.47,T16230874,Bar iPad,,Payment,Takeaway,,
2026-07-12,12:55:00,Europe/London,Mains,Fish & Chips,1,Regular,,17.50,0.00,17.50,2.92,T90101139,Counter iPad,,Payment,Eat in,,
2026-07-12,12:55:00,Europe/London,Sides,Truffle Fries,1,Regular,,6.00,0.00,6.00,1.00,T90101139,Counter iPad,,Payment,Eat in,,
2026-07-12,12:55:00,Europe/London,Desserts,Sticky Toffee Pudding,1,Regular,,8.00,0.00,8.00,1.33,T90101139,Counter iPad,,Payment,Eat in,,
2026-07-12,12:55:00,Europe/London,Drinks,Lager Pint,1,Regular,,6.20,0.00,6.20,1.03,T90101139,Counter iPad,,Payment,Eat in,,
2026-07-12,12:55:00,Europe/London,Starters,Burrata,1,Regular,,10.00,0.00,10.00,1.67,T66701835,Counter iPad,,Payment,Eat in,,
2026-07-12,12:55:00,Europe/London,Mains,Sunday Roast,2,Regular,,48.00,0.00,48.00,8.00,T66701835,Counter iPad,,Payment,Eat in,,
2026-07-12,12:55:00,Europe/London,Starters,Pork Belly Bites,1,Regular,,8.00,0.00,8.00,1.33,T66701835,Counter iPad,,Payment,Eat in,,
2026-07-12,12:55:00,Europe/London,Sides,Tenderstem,1,Regular,,5.00,0.00,5.00,0.83,T66701835,Counter iPad,,Payment,Takeaway,,
2026-07-12,12:55:00,Europe/London,Drinks,Lager Pint,1,Regular,,6.20,0.00,6.20,1.03,T66701835,Counter iPad,,Payment,Takeaway,,
2026-07-12,12:55:00,Europe/London,Drinks,Coke,1,Regular,,3.00,0.00,3.00,0.50,T66701835,Counter iPad,,Payment,Eat in,,
2026-07-12,13:24:00,Europe/London,Mains,Fish & Chips,1,Regular,,17.50,0.00,17.50,2.92,T99108936,Counter iPad,,Payment,Eat in,C345,Sample Customer 345
2026-07-12,13:24:00,Europe/London,Mains,Sunday Roast,1,Regular,,24.00,0.00,24.00,4.00,T99108936,Counter iPad,,Payment,Eat in,C345,Sample Customer 345
2026-07-12,13:24:00,Europe/London,Sides,Chips,1,Regular,,4.50,0.00,4.50,0.75,T99108936,Counter iPad,,Payment,Eat in,C345,Sample Customer 345
2026-07-12,13:24:00,Europe/London,Desserts,Choc Tart,1,Regular,,8.00,0.00,8.00,1.33,T99108936,Counter iPad,,Payment,Eat in,C345,Sample Customer 345
2026-07-12,13:24:00,Europe/London,Mains,Tidewater Burger,1,Regular,,16.50,0.00,16.50,2.75,T99108936,Counter iPad,,Payment,Eat in,C345,Sample Customer 345
2026-07-12,13:24:00,Europe/London,Desserts,Sticky Toffee Pudding,1,Regular,,8.00,0.00,8.00,1.33,T99108936,Counter iPad,,Payment,Eat in,C345,Sample Customer 345
2026-07-12,13:24:00,Europe/London,Starters,Salt & Pepper Squid,1,Regular,,9.50,0.00,9.50,1.58,T99108936,Counter iPad,,Payment,Eat in,C345,Sample Customer 345
2026-07-12,13:24:00,Europe/London,Mains,Chicken Supreme,1,Regular,,19.00,0.00,19.00,3.17,T99108936,Counter iPad,,Payment,Takeaway,C345,Sample Customer 345
2026-07-12,13:24:00,Europe/London,Drinks,Lager Pint,1,Regular,,6.20,0.00,6.20,1.03,T99108936,Counter iPad,,Payment,Takeaway,C345,Sample Customer 345
2026-07-12,13:24:00,Europe/London,Drinks,House White 175ml,2,Regular,,14.00,0.00,14.00,2.33,T99108936,Counter iPad,,Payment,Takeaway,C345,Sample Customer 345
2026-07-12,13:24:00,Europe/London,Drinks,House Red 175ml,1,Regular,,7.00,0.00,7.00,1.17,T99108936,Counter iPad,,Payment,Eat in,C345,Sample Customer 345
2026-07-12,13:24:00,Europe/London,Drinks,Sparkling Water 750ml,1,Regular,,4.00,0.00,4.00,0.67,T99108936,Counter iPad,,Payment,Eat in,C345,Sample Customer 345
2026-07-12,13:24:00,Europe/London,Drinks,Espresso,1,Regular,,2.80,0.00,2.80,0.47,T99108936,Counter iPad,,Payment,Eat in,C345,Sample Customer 345
2026-07-12,13:24:00,Europe/London,Drinks,Flat White,1,Regular,,3.40,0.00,3.40,0.57,T99108936,Counter iPad,,Payment,Eat in,C345,Sample Customer 345
2026-07-12,13:28:00,Europe/London,Starters,Rock Oysters,1,x3,,9.00,0.00,9.00,1.50,T79481864,Counter iPad,,Payment,Eat in,,
2026-07-12,13:28:00,Europe/London,Mains,Hake,1,Regular,,22.00,0.00,22.00,3.67,T79481864,Counter iPad,,Payment,Takeaway,,
2026-07-12,13:28:00,Europe/London,Desserts,Cheeseboard,1,5,,16.00,0.00,16.00,2.67,T79481864,Counter iPad,,Payment,Eat in,,
2026-07-12,13:28:00,Europe/London,Drinks,Lager Pint,1,Regular,,6.20,0.00,6.20,1.03,T79481864,Counter iPad,,Payment,Eat in,,
2026-07-12,13:52:00,Europe/London,Kids,Kids Fish & Chips,1,Regular,,8.00,0.00,8.00,1.33,T89468102,Counter iPad,,Payment,Takeaway,,
2026-07-12,13:52:00,Europe/London,Kids,Kids Ice Cream,1,Regular,,3.50,0.00,3.50,0.58,T89468102,Counter iPad,,Payment,Eat in,,
2026-07-12,13:52:00,Europe/London,Mains,Steak Frites,2,Regular,,48.00,0.00,48.00,8.00,T89468102,Counter iPad,,Payment,Eat in,,
2026-07-12,13:52:00,Europe/London,Sides,Peppercorn Sauce,1,Regular,,3.00,0.00,3.00,0.50,T89468102,Counter iPad,,Payment,Eat in,,
2026-07-12,13:52:00,Europe/London,Starters,Rock Oysters,1,x3,,9.00,0.00,9.00,1.50,T89468102,Counter iPad,,Payment,Eat in,,
2026-07-12,13:52:00,Europe/London,Drinks,House White 175ml,2,Regular,,14.00,0.00,14.00,2.33,T89468102,Counter iPad,,Payment,Eat in,,
2026-07-12,13:52:00,Europe/London,Drinks,House Red 175ml,2,Regular,,14.00,0.00,14.00,2.33,T89468102,Counter iPad,,Payment,Takeaway,,
2026-07-12,13:52:00,Europe/London,Drinks,Coke,1,Regular,,3.00,0.00,3.00,0.50,T89468102,Counter iPad,,Payment,Eat in,,
2026-07-12,13:52:00,Europe/London,Drinks,Sparkling Water 750ml,1,Regular,,4.00,0.00,4.00,0.67,T89468102,Counter iPad,,Payment,Eat in,,
2026-07-12,13:57:00,Europe/London,Mains,Sunday Roast,1,Regular,,24.00,0.00,24.00,4.00,T82054177,Counter iPad,,Payment,Eat in,,
2026-07-12,13:57:00,Europe/London,Drinks,House White 175ml,1,Regular,,7.00,0.00,7.00,1.17,T82054177,Counter iPad,,Payment,Eat in,,
2026-07-12,13:57:00,Europe/London,Drinks,Coke,1,Regular,,3.00,0.00,3.00,0.50,T82054177,Counter iPad,,Payment,Eat in,,
2026-07-12,13:59:00,Europe/London,Mains,Sunday Roast,3,Regular,,72.00,0.00,72.00,12.00,T97519317,Counter iPad,,Payment,Takeaway,,
2026-07-12,13:59:00,Europe/London,Sides,Chips,2,Regular,,9.00,0.00,9.00,1.50,T97519317,Counter iPad,,Payment,Eat in,,
2026-07-12,13:59:00,Europe/London,Starters,Burrata,1,Regular,,10.00,0.00,10.00,1.67,T97519317,Counter iPad,,Payment,Eat in,,
2026-07-12,13:59:00,Europe/London,Drinks,Lager Pint,3,Regular,,18.60,0.00,18.60,3.10,T97519317,Counter iPad,,Payment,Takeaway,,
2026-07-12,13:59:00,Europe/London,Drinks,House Red 175ml,1,Regular,,7.00,0.00,7.00,1.17,T97519317,Counter iPad,,Payment,Takeaway,,
2026-07-12,13:59:00,Europe/London,Drinks,Coke,1,Regular,,3.00,0.00,3.00,0.50,T97519317,Counter iPad,,Payment,Eat in,,
2026-07-12,13:59:00,Europe/London,Drinks,Espresso,2,Regular,,5.60,0.00,5.60,0.93,T97519317,Counter iPad,,Payment,Takeaway,,
2026-07-12,13:59:00,Europe/London,Drinks,Flat White,1,Regular,,3.40,0.00,3.40,0.57,T97519317,Counter iPad,,Payment,Takeaway,,
2026-07-12,16:30:00,Europe/London,Other,Staff Meal,1,Regular,Burger,10.00,-10.00,0.00,0.00,T66206419,Counter iPad,,Payment,Eat in,,
2026-07-12,14:03:00,Europe/London,Mains,Mushroom Risotto,1,Regular,,15.00,0.00,15.00,2.50,T86786155,Counter iPad,,Payment,Takeaway,C340,Sample Customer 340
2026-07-12,14:03:00,Europe/London,Mains,Fish & Chips,1,Regular,,17.50,0.00,17.50,2.92,T86786155,Counter iPad,,Payment,Eat in,C340,Sample Customer 340
2026-07-12,14:03:00,Europe/London,Sides,Truffle Fries,1,Regular,,6.00,0.00,6.00,1.00,T86786155,Counter iPad,,Payment,Takeaway,C340,Sample Customer 340
2026-07-12,14:03:00,Europe/London,Starters,Salt & Pepper Squid,1,Regular,,9.50,0.00,9.50,1.58,T86786155,Counter iPad,,Payment,Takeaway,C340,Sample Customer 340
2026-07-12,14:03:00,Europe/London,Mains,Sunday Roast,1,Regular,,24.00,0.00,24.00,4.00,T86786155,Counter iPad,,Payment,Eat in,C340,Sample Customer 340
2026-07-12,14:03:00,Europe/London,Starters,Pork Belly Bites,1,Regular,,8.00,0.00,8.00,1.33,T86786155,Counter iPad,,Payment,Eat in,C340,Sample Customer 340
2026-07-12,14:03:00,Europe/London,Mains,Tidewater Burger,1,Regular,,16.50,0.00,16.50,2.75,T86786155,Counter iPad,,Payment,Eat in,C340,Sample Customer 340
2026-07-12,14:03:00,Europe/London,Drinks,Lager Pint,3,Regular,,18.60,0.00,18.60,3.10,T86786155,Counter iPad,,Payment,Eat in,C340,Sample Customer 340
2026-07-12,14:03:00,Europe/London,Drinks,House White 175ml,1,Regular,,7.00,0.00,7.00,1.17,T86786155,Counter iPad,,Payment,Eat in,C340,Sample Customer 340
2026-07-12,14:03:00,Europe/London,Drinks,House Red 175ml,2,Regular,,14.00,0.00,14.00,2.33,T86786155,Counter iPad,,Payment,Eat in,C340,Sample Customer 340
2026-07-12,14:03:00,Europe/London,Drinks,Espresso,1,Regular,,2.80,0.00,2.80,0.47,T86786155,Counter iPad,,Payment,Eat in,C340,Sample Customer 340
2026-07-12,14:43:00,Europe/London,Drinks,Espresso,1,Regular,,-2.80,0.00,-2.80,-0.47,T86786155,Counter iPad,sent back,Refund,Eat in,C340,Sample Customer 340
2026-07-12,14:16:00,Europe/London,Starters,Pork Belly Bites,1,Regular,,8.00,0.00,8.00,1.33,T93156251,Counter iPad,,Payment,Eat in,,
2026-07-12,14:16:00,Europe/London,Mains,Sunday Roast,1,Regular,,24.00,0.00,24.00,4.00,T93156251,Counter iPad,,Payment,Eat in,,
2026-07-12,14:16:00,Europe/London,Starters,Soup of the Day,1,Regular,,7.00,0.00,7.00,1.17,T93156251,Counter iPad,,Payment,Takeaway,,
2026-07-12,14:16:00,Europe/London,Mains,Mushroom Risotto,1,Regular,,15.00,0.00,15.00,2.50,T93156251,Counter iPad,,Payment,Eat in,,
2026-07-12,14:16:00,Europe/London,Drinks,Coke,1,Regular,,3.00,0.00,3.00,0.50,T93156251,Counter iPad,,Payment,Eat in,,
2026-07-12,14:24:00,Europe/London,Starters,Pork Belly Bites,1,Regular,,8.00,0.00,8.00,1.33,T47433651,Counter iPad,,Payment,Eat in,,
2026-07-12,14:24:00,Europe/London,Mains,Sunday Roast,1,Regular,,24.00,0.00,24.00,4.00,T47433651,Counter iPad,,Payment,Eat in,,
2026-07-12,14:24:00,Europe/London,Drinks,Lager Pint,1,Regular,,6.20,0.00,6.20,1.03,T47433651,Counter iPad,,Payment,Eat in,,
2026-07-12,14:24:00,Europe/London,Drinks,Sparkling Water 750ml,1,Regular,,4.00,0.00,4.00,0.67,T47433651,Counter iPad,,Payment,Eat in,,
2026-07-12,14:24:00,Europe/London,Drinks,Flat White,1,Regular,,3.40,0.00,3.40,0.57,T47433651,Counter iPad,,Payment,Eat in,,
2026-07-12,14:42:00,Europe/London,Starters,Salt & Pepper Squid,1,Regular,,9.50,0.00,9.50,1.58,T59843125,Bar iPad,,Payment,Eat in,,
2026-07-12,14:42:00,Europe/London,Mains,Sunday Roast,1,Regular,,24.00,0.00,24.00,4.00,T59843125,Bar iPad,,Payment,Eat in,,
2026-07-12,14:44:00,Europe/London,Mains,Sunday Roast,1,Regular,,0.00,0.00,0.00,0.00,T59843125,Bar iPad,wrong table,Void,Eat in,,
2026-07-12,14:42:00,Europe/London,Desserts,Sticky Toffee Pudding,1,Regular,,8.00,0.00,8.00,1.33,T59843125,Bar iPad,,Payment,Eat in,,
2026-07-12,14:42:00,Europe/London,Starters,Burrata,1,Regular,,10.00,0.00,10.00,1.67,T59843125,Bar iPad,,Payment,Eat in,,
2026-07-12,14:42:00,Europe/London,Mains,Burger,1,Regular,,16.50,0.00,16.50,2.75,T59843125,Bar iPad,,Payment,Takeaway,,
2026-07-12,14:42:00,Europe/London,Drinks,Lager Pint,1,Regular,,6.20,0.00,6.20,1.03,T59843125,Bar iPad,,Payment,Eat in,,
2026-07-12,14:42:00,Europe/London,Drinks,House White 175ml,2,Regular,,14.00,0.00,14.00,2.33,T59843125,Bar iPad,,Payment,Eat in,,
2026-07-12,14:42:00,Europe/London,Drinks,House Red 175ml,1,Regular,,7.00,0.00,7.00,1.17,T59843125,Bar iPad,,Payment,Takeaway,,
2026-07-12,14:42:00,Europe/London,Drinks,Coke,1,Regular,,3.00,0.00,3.00,0.50,T59843125,Bar iPad,,Payment,Takeaway,,
2026-07-12,14:42:00,Europe/London,Drinks,Espresso,1,Regular,,2.80,0.00,2.80,0.47,T59843125,Bar iPad,,Payment,Eat in,,
2026-07-12,14:42:00,Europe/London,Drinks,Flat White,1,Regular,,3.40,0.00,3.40,0.57,T59843125,Bar iPad,,Payment,Eat in,,
2026-07-12,14:46:00,Europe/London,Mains,Fish & Chips,1,Small,,13.00,0.00,13.00,2.17,T72370232,Counter iPad,,Payment,Eat in,,
2026-07-12,14:46:00,Europe/London,Starters,Pork Belly Bites,1,Regular,,8.00,0.00,8.00,1.33,T72370232,Counter iPad,,Payment,Eat in,,
2026-07-12,14:46:00,Europe/London,Mains,Fish & Chips,1,Regular,,17.50,0.00,17.50,2.92,T72370232,Counter iPad,,Payment,Eat in,,
2026-07-12,14:46:00,Europe/London,Desserts,Sticky Toffee Pudding,1,Regular,,8.00,0.00,8.00,1.33,T72370232,Counter iPad,,Payment,Takeaway,,
2026-07-12,14:46:00,Europe/London,Sides,Bread & Butter,1,Regular,,4.00,0.00,4.00,0.67,T72370232,Counter iPad,,Payment,Eat in,,
2026-07-12,14:46:00,Europe/London,Drinks,Lager Pint,1,Regular,,6.20,0.00,6.20,1.03,T72370232,Counter iPad,,Payment,Takeaway,,
2026-07-12,14:46:00,Europe/London,Drinks,House White 175ml,2,Regular,,14.00,0.00,14.00,2.33,T72370232,Counter iPad,,Payment,Eat in,,
2026-07-12,14:46:00,Europe/London,Drinks,Sparkling Water 750ml,1,Regular,,4.00,0.00,4.00,0.67,T72370232,Counter iPad,,Payment,Eat in,,
2026-07-12,14:46:00,Europe/London,Drinks,Espresso,1,Regular,,2.80,0.00,2.80,0.47,T72370232,Counter iPad,,Payment,Eat in,,
2026-07-12,18:50:00,Europe/London,Mains,Sunday Roast,2,Regular,,48.00,0.00,48.00,8.00,T34152722,Counter iPad,birthday - candle on pud,Payment,Takeaway,,
2026-07-12,18:50:00,Europe/London,Sides,Chips,1,Regular,,4.50,0.00,4.50,0.75,T34152722,Counter iPad,birthday - candle on pud,Payment,Eat in,,
2026-07-12,18:50:00,Europe/London,Desserts,Cheeseboard,1,5,,16.00,0.00,16.00,2.67,T34152722,Counter iPad,birthday - candle on pud,Payment,Takeaway,,
2026-07-12,18:50:00,Europe/London,Mains,Tidewater Burger,1,Regular,,16.50,0.00,16.50,2.75,T34152722,Counter iPad,birthday - candle on pud,Payment,Eat in,,
2026-07-12,18:50:00,Europe/London,Drinks,Lager Pint,3,Regular,,18.60,0.00,18.60,3.10,T34152722,Counter iPad,birthday - candle on pud,Payment,Eat in,,
2026-07-12,18:52:00,Europe/London,Drinks,Lager Pint,1,Regular,,0.00,0.00,0.00,0.00,T34152722,Counter iPad,wrong table,Void,Eat in,,
2026-07-12,18:50:00,Europe/London,Drinks,House White 175ml,2,Regular,,14.00,0.00,14.00,2.33,T34152722,Counter iPad,birthday - candle on pud,Payment,Eat in,,
2026-07-12,18:50:00,Europe/London,Drinks,House Red 175ml,2,Regular,,14.00,0.00,14.00,2.33,T34152722,Counter iPad,birthday - candle on pud,Payment,Eat in,,
2026-07-12,18:50:00,Europe/London,Drinks,Sparkling Water 750ml,1,Regular,,4.00,0.00,4.00,0.67,T34152722,Counter iPad,birthday - candle on pud,Payment,Takeaway,,
2026-07-12,19:31:00,Europe/London,Mains,Fish & Chips,1,Regular,,17.50,0.00,17.50,2.92,T33546519,Counter iPad,,Payment,Eat in,,
2026-07-12,19:31:00,Europe/London,Starters,Pork Belly Bites,1,Regular,,8.00,0.00,8.00,1.33,T33546519,Counter iPad,,Payment,Eat in,,
2026-07-12,19:31:00,Europe/London,Mains,Mushroom Risotto,1,Regular,,15.00,0.00,15.00,2.50,T33546519,Counter iPad,,Payment,Eat in,,
2026-07-12,19:31:00,Europe/London,Mains,Tidewater Burger,1,Regular,"Add Bacon, Add Cheese",16.50,0.00,16.50,2.75,T33546519,Counter iPad,,Payment,Eat in,,
2026-07-12,19:31:00,Europe/London,Mains,Sunday Roast,2,Regular,,48.00,0.00,48.00,8.00,T33546519,Counter iPad,,Payment,Takeaway,,
2026-07-12,19:31:00,Europe/London,Sides,Truffle Fries,1,Regular,,6.00,0.00,6.00,1.00,T33546519,Counter iPad,,Payment,Eat in,,
2026-07-12,19:31:00,Europe/London,Drinks,Lager Pint,2,Regular,,12.40,0.00,12.40,2.07,T33546519,Counter iPad,,Payment,Takeaway,,
2026-07-12,19:31:00,Europe/London,Drinks,House White 175ml,3,Regular,,21.00,0.00,21.00,3.50,T33546519,Counter iPad,,Payment,Eat in,,
2026-07-12,19:31:00,Europe/London,Drinks,House Red 175ml,2,Regular,,14.00,0.00,14.00,2.33,T33546519,Counter iPad,,Payment,Takeaway,,
2026-07-12,19:31:00,Europe/London,Drinks,Sparkling Water 750ml,1,Regular,,4.00,0.00,4.00,0.67,T33546519,Counter iPad,,Payment,Eat in,,
2026-07-12,19:31:00,Europe/London,Drinks,Espresso,1,Regular,,2.80,0.00,2.80,0.47,T33546519,Counter iPad,,Payment,Takeaway,,
2026-07-12,21:19:00,Europe/London,Mains,Sunday Roast,2,Regular,,48.00,0.00,48.00,8.00,T66240777,Counter iPad,,Payment,Eat in,,
2026-07-12,21:19:00,Europe/London,Desserts,Affogato,1,Regular,,6.00,0.00,6.00,1.00,T66240777,Counter iPad,,Payment,Takeaway,,
2026-07-12,21:19:00,Europe/London,Starters,Rock Oysters,1,x6,,16.00,0.00,16.00,2.67,T66240777,Counter iPad,,Payment,Eat in,,
2026-07-12,21:19:00,Europe/London,Sides,Bread & Butter,1,Regular,,4.00,0.00,4.00,0.67,T66240777,Counter iPad,,Payment,Eat in,,
2026-07-12,21:19:00,Europe/London,Drinks,Lager Pint,1,Regular,,6.20,0.00,6.20,1.03,T66240777,Counter iPad,,Payment,Eat in,,
2026-07-12,21:19:00,Europe/London,Drinks,House Red 175ml,1,Regular,,7.00,0.00,7.00,1.17,T66240777,Counter iPad,,Payment,Eat in,,
2026-07-12,21:19:00,Europe/London,Drinks,Coke,1,Regular,,3.00,0.00,3.00,0.50,T66240777,Counter iPad,,Payment,Eat in,,
2026-07-12,21:19:00,Europe/London,Drinks,Sparkling Water 750ml,1,Regular,,4.00,0.00,4.00,0.67,T66240777,Counter iPad,,Payment,Takeaway,,
2026-07-12,21:19:00,Europe/London,Drinks,Flat White,1,Regular,,3.40,0.00,3.40,0.57,T66240777,Counter iPad,,Payment,Eat in,,
2026-07-12,23:32:00,Europe/London,Starters,Soup of the Day,1,Regular,,7.00,0.00,7.00,1.17,T75374468,Counter iPad,,Payment,Takeaway,,
2026-07-12,23:32:00,Europe/London,Mains,Chicken Supreme,1,Regular,,19.00,0.00,19.00,3.17,T75374468,Counter iPad,,Payment,Eat in,,
2026-07-12,23:32:00,Europe/London,Desserts,Affogato,1,Regular,,6.00,0.00,6.00,1.00,T75374468,Counter iPad,,Payment,Eat in,,
2026-07-12,23:32:00,Europe/London,Mains,Sunday Roast,1,Regular,,24.00,0.00,24.00,4.00,T75374468,Counter iPad,,Payment,Eat in,,
2026-07-12,23:32:00,Europe/London,Sides,Bread & Butter,1,Regular,,4.00,0.00,4.00,0.67,T75374468,Counter iPad,,Payment,Eat in,,
2026-07-12,23:32:00,Europe/London,Drinks,Lager Pint,2,Regular,,12.40,0.00,12.40,2.07,T75374468,Counter iPad,,Payment,Eat in,,
2026-07-12,23:32:00,Europe/London,Drinks,Flat White,1,Regular,,3.40,0.00,3.40,0.57,T75374468,Counter iPad,,Payment,Eat in,,
2026-07-12,23:35:00,Europe/London,Mains,Tidewater Burger,1,Regular,"Add Bacon, Add Cheese",16.50,0.00,16.50,2.75,T73057585,Counter iPad,,Payment,Eat in,C877,Sample Customer 877
2026-07-12,23:35:00,Europe/London,Mains,Steak Frites,1,Regular,,24.00,0.00,24.00,4.00,T73057585,Counter iPad,,Payment,Eat in,C877,Sample Customer 877
2026-07-12,23:35:00,Europe/London,Desserts,Crème Brûlée,1,Regular,,7.50,0.00,7.50,1.25,T73057585,Counter iPad,,Payment,Eat in,C877,Sample Customer 877
2026-07-12,23:35:00,Europe/London,Drinks,Lager Pint,1,Regular,,6.20,0.00,6.20,1.03,T73057585,Counter iPad,,Payment,Takeaway,C877,Sample Customer 877
2026-07-12,23:35:00,Europe/London,Drinks,House White 175ml,1,Regular,,7.00,0.00,7.00,1.17,T73057585,Counter iPad,,Payment,Eat in,C877,Sample Customer 877
2026-07-12,23:35:00,Europe/London,Drinks,Sparkling Water 750ml,1,Regular,,4.00,0.00,4.00,0.67,T73057585,Counter iPad,,Payment,Eat in,C877,Sample Customer 877
2026-07-14,12:55:00,Europe/London,Mains,Fish & Chips,1,Regular,,17.50,0.00,17.50,2.92,T40609866,Counter iPad,Table 13 - call 07700 900733 when ready,Payment,Eat in,,
2026-07-14,12:55:00,Europe/London,Desserts,Choc Tart,1,Regular,,8.00,0.00,8.00,1.33,T40609866,Counter iPad,Table 13 - call 07700 900733 when ready,Payment,Eat in,,
2026-07-14,12:55:00,Europe/London,Starters,Soup of the Day,1,Regular,,7.00,0.00,7.00,1.17,T40609866,Counter iPad,Table 13 - call 07700 900733 when ready,Payment,Takeaway,,
2026-07-14,12:55:00,Europe/London,Drinks,House White 175ml,1,Regular,,7.00,0.00,7.00,1.17,T40609866,Counter iPad,Table 13 - call 07700 900733 when ready,Payment,Eat in,,
2026-07-14,12:55:00,Europe/London,Drinks,Espresso,1,Regular,,2.80,0.00,2.80,0.47,T40609866,Counter iPad,Table 13 - call 07700 900733 when ready,Payment,Eat in,,
2026-07-14,12:55:00,Europe/London,Drinks,Flat White,2,Regular,,6.80,0.00,6.80,1.13,T40609866,Counter iPad,Table 13 - call 07700 900733 when ready,Payment,Eat in,,
2026-07-14,14:02:00,Europe/London,Starters,Mackerel Pate,1,Regular,,8.50,0.00,8.50,1.42,T26538386,Counter iPad,,Payment,Eat in,C760,Sample Customer 760
2026-07-14,14:02:00,Europe/London,Mains,Hake,1,Regular,,22.00,0.00,22.00,3.67,T26538386,Counter iPad,,Payment,Eat in,C760,Sample Customer 760
2026-07-14,14:02:00,Europe/London,Sides,Bread & Butter,1,Regular,,4.00,0.00,4.00,0.67,T26538386,Counter iPad,,Payment,Eat in,C760,Sample Customer 760
2026-07-14,14:02:00,Europe/London,Drinks,Lager Pint,2,Regular,,12.40,0.00,12.40,2.07,T26538386,Counter iPad,,Payment,Eat in,C760,Sample Customer 760
2026-07-14,14:02:00,Europe/London,Drinks,House White 175ml,1,Regular,,7.00,0.00,7.00,1.17,T26538386,Counter iPad,,Payment,Eat in,C760,Sample Customer 760
2026-07-14,14:02:00,Europe/London,Drinks,Coke,2,Regular,,6.00,0.00,6.00,1.00,T26538386,Counter iPad,,Payment,Eat in,C760,Sample Customer 760
2026-07-14,14:11:00,Europe/London,Starters,Mackerel Pate,1,Regular,,8.50,0.00,8.50,1.42,T56147708,Counter iPad,,Payment,Eat in,,
2026-07-14,14:11:00,Europe/London,Mains,Hake,1,Regular,,22.00,0.00,22.00,3.67,T56147708,Counter iPad,,Payment,Takeaway,,
2026-07-14,14:11:00,Europe/London,Set Menu,Set Lunch - 2 Courses,1,Regular,"Mackerel Pate, Fish & Chips (Small)",20.00,0.00,20.00,3.33,T56147708,Counter iPad,,Payment,Takeaway,,
2026-07-14,14:11:00,Europe/London,Drinks,Lager Pint,1,Regular,,6.20,0.00,6.20,1.03,T56147708,Counter iPad,,Payment,Eat in,,
2026-07-14,14:11:00,Europe/London,Drinks,House White 175ml,1,Regular,,7.00,0.00,7.00,1.17,T56147708,Counter iPad,,Payment,Eat in,,
2026-07-14,14:11:00,Europe/London,Drinks,Coke,1,Regular,,3.00,0.00,3.00,0.50,T56147708,Counter iPad,,Payment,Eat in,,
2026-07-14,14:28:00,Europe/London,Starters,Soup of the Day,1,Regular,,7.00,0.00,7.00,1.17,T47771480,Counter iPad,,Payment,Eat in,,
2026-07-14,14:28:00,Europe/London,Mains,Tidewater Burger,1,Regular,,16.50,0.00,16.50,2.75,T47771480,Counter iPad,,Payment,Takeaway,,
2026-07-14,14:28:00,Europe/London,Set Menu,Set Lunch - 2 Courses,1,Regular,"Soup of the Day, Mushroom Risotto",20.00,0.00,20.00,3.33,T47771480,Counter iPad,,Payment,Takeaway,,
2026-07-14,14:28:00,Europe/London,Drinks,Lager Pint,1,Regular,,6.20,0.00,6.20,1.03,T47771480,Counter iPad,,Payment,Eat in,,
2026-07-14,14:28:00,Europe/London,Drinks,Coke,1,Regular,,3.00,0.00,3.00,0.50,T47771480,Counter iPad,,Payment,Takeaway,,
2026-07-14,14:32:00,Europe/London,Set Menu,Set Lunch - 2 Courses,1,Regular,"Soup of the Day, Mushroom Risotto",20.00,0.00,20.00,3.33,T44095101,Counter iPad,,Payment,Eat in,,
2026-07-14,14:32:00,Europe/London,Set Menu,Set Lunch - 3 Courses,1,Regular,"Soup of the Day, Fish & Chips (Small), Sticky Toffee Pudding",25.00,0.00,25.00,4.17,T44095101,Counter iPad,,Payment,Eat in,,
2026-07-14,14:32:00,Europe/London,Sides,Bread & Butter,1,Regular,,4.00,0.00,4.00,0.67,T44095101,Counter iPad,,Payment,Eat in,,
2026-07-14,14:32:00,Europe/London,Drinks,Lager Pint,1,Regular,,6.20,0.00,6.20,1.03,T44095101,Counter iPad,,Payment,Eat in,,
2026-07-14,14:32:00,Europe/London,Drinks,House White 175ml,1,Regular,,7.00,0.00,7.00,1.17,T44095101,Counter iPad,,Payment,Eat in,,
2026-07-14,14:32:00,Europe/London,Drinks,Flat White,1,Regular,,3.40,0.00,3.40,0.57,T44095101,Counter iPad,,Payment,Eat in,,
2026-07-14,15:00:00,Europe/London,Set Menu,Set Lunch - 2 Courses,2,Regular,"Mackerel Pate, Mushroom Risotto, Soup of the Day, Fish & Chips (Small)",40.00,0.00,40.00,6.67,T27395757,Counter iPad,,Payment,Eat in,,
2026-07-14,15:00:00,Europe/London,Drinks,House White 175ml,1,Regular,,7.00,0.00,7.00,1.17,T27395757,Counter iPad,,Payment,Eat in,,
2026-07-14,15:00:00,Europe/London,Drinks,House Red 175ml,1,Regular,,7.00,0.00,7.00,1.17,T27395757,Counter iPad,,Payment,Eat in,,
2026-07-14,15:00:00,Europe/London,Drinks,Sparkling Water 750ml,1,Regular,,4.00,0.00,4.00,0.67,T27395757,Counter iPad,,Payment,Eat in,,
2026-07-14,18:52:00,Europe/London,Kids,Kids Fish & Chips,1,Regular,,8.00,0.00,8.00,1.33,T15728016,Counter iPad,,Payment,Takeaway,,
2026-07-14,18:52:00,Europe/London,Kids,Kids Ice Cream,1,Regular,,3.50,0.00,3.50,0.58,T15728016,Counter iPad,,Payment,Eat in,,
2026-07-14,19:32:00,Europe/London,Kids,Kids Ice Cream,1,Regular,,-3.50,0.00,-3.50,-0.58,T15728016,Counter iPad,sent back,Refund,Eat in,,
2026-07-14,18:52:00,Europe/London,Mains,Fish & Chips,2,Small,,26.00,0.00,26.00,4.33,T15728016,Counter iPad,,Payment,Eat in,,
2026-07-14,18:52:00,Europe/London,Desserts,Sticky Toffee Pudding,1,Regular,,8.00,0.00,8.00,1.33,T15728016,Counter iPad,,Payment,Takeaway,,
2026-07-14,18:52:00,Europe/London,Drinks,Lager Pint,2,Regular,,12.40,0.00,12.40,2.07,T15728016,Counter iPad,,Payment,Takeaway,,
2026-07-14,18:52:00,Europe/London,Drinks,House White 175ml,1,Regular,,7.00,0.00,7.00,1.17,T15728016,Counter iPad,,Payment,Takeaway,,
2026-07-14,18:52:00,Europe/London,Drinks,Sparkling Water 750ml,1,Regular,,4.00,0.00,4.00,0.67,T15728016,Counter iPad,,Payment,Takeaway,,
2026-07-14,18:52:00,Europe/London,Drinks,Flat White,1,Regular,,3.40,0.00,3.40,0.57,T15728016,Counter iPad,,Payment,Eat in,,
2026-07-14,19:05:00,Europe/London,Starters,Soup of the Day,1,Regular,,7.00,0.00,7.00,1.17,T46608146,Bar iPad,,Payment,Eat in,,
2026-07-14,19:05:00,Europe/London,Mains,Burger,2,Regular,,33.00,0.00,33.00,5.50,T46608146,Bar iPad,,Payment,Eat in,,
2026-07-14,19:05:00,Europe/London,Sides,Fries,1,Regular,,4.50,0.00,4.50,0.75,T46608146,Bar iPad,,Payment,Eat in,,
2026-07-14,19:05:00,Europe/London,Mains,Lamb Rump,1,Regular,,26.00,0.00,26.00,4.33,T46608146,Bar iPad,,Payment,Eat in,,
2026-07-14,19:05:00,Europe/London,Desserts,Creme Brulee,1,Regular,,7.50,0.00,7.50,1.25,T46608146,Bar iPad,,Payment,Takeaway,,
2026-07-14,19:05:00,Europe/London,Mains,Chicken Supreme,1,Regular,,19.00,0.00,19.00,3.17,T46608146,Bar iPad,,Payment,Takeaway,,
2026-07-14,19:05:00,Europe/London,Desserts,Sticky Toffee Pudding,1,Regular,,8.00,0.00,8.00,1.33,T46608146,Bar iPad,,Payment,Eat in,,
2026-07-14,19:05:00,Europe/London,Mains,Fish & Chips,2,Regular,,35.00,0.00,35.00,5.83,T46608146,Bar iPad,,Payment,Takeaway,,
2026-07-14,19:05:00,Europe/London,Sides,Bread & Butter,1,Regular,,4.00,0.00,4.00,0.67,T46608146,Bar iPad,,Payment,Takeaway,,
2026-07-14,19:05:00,Europe/London,Drinks,Lager Pint,3,Regular,,18.60,0.00,18.60,3.10,T46608146,Bar iPad,,Payment,Eat in,,
2026-07-14,19:05:00,Europe/London,Drinks,House White 175ml,2,Regular,,14.00,0.00,14.00,2.33,T46608146,Bar iPad,,Payment,Eat in,,
2026-07-14,19:05:00,Europe/London,Drinks,House Red 175ml,1,Regular,,7.00,0.00,7.00,1.17,T46608146,Bar iPad,,Payment,Eat in,,
2026-07-14,19:05:00,Europe/London,Drinks,Coke,1,Regular,,3.00,0.00,3.00,0.50,T46608146,Bar iPad,,Payment,Takeaway,,
2026-07-14,19:05:00,Europe/London,Drinks,Sparkling Water 750ml,1,Regular,,4.00,0.00,4.00,0.67,T46608146,Bar iPad,,Payment,Eat in,,
2026-07-14,19:05:00,Europe/London,Drinks,Espresso,2,Regular,,5.60,0.00,5.60,0.93,T46608146,Bar iPad,,Payment,Eat in,,
2026-07-14,19:05:00,Europe/London,Drinks,Flat White,1,Regular,,3.40,0.00,3.40,0.57,T46608146,Bar iPad,,Payment,Eat in,,
2026-07-14,22:22:00,Europe/London,Mains,Fish & Chips,1,Regular,,17.50,0.00,17.50,2.92,T25334763,Counter iPad,,Payment,Eat in,,
2026-07-14,22:22:00,Europe/London,Desserts,Affogato,1,Regular,,6.00,0.00,6.00,1.00,T25334763,Counter iPad,,Payment,Eat in,,
2026-07-14,22:22:00,Europe/London,Mains,Hake,1,Regular,,22.00,0.00,22.00,3.67,T25334763,Counter iPad,,Payment,Eat in,,
2026-07-14,22:22:00,Europe/London,Drinks,House White 175ml,1,Regular,,7.00,0.00,7.00,1.17,T25334763,Counter iPad,,Payment,Eat in,,
2026-07-14,22:22:00,Europe/London,Drinks,Coke,1,Regular,,3.00,0.00,3.00,0.50,T25334763,Counter iPad,,Payment,Eat in,,
2026-07-14,22:34:00,Europe/London,Mains,Fish & Chips,2,Regular,,35.00,0.00,35.00,5.83,T82591210,Counter iPad,,Payment,Eat in,,
2026-07-14,22:34:00,Europe/London,Sides,Truffle Fries,2,Regular,,12.00,0.00,12.00,2.00,T82591210,Counter iPad,,Payment,Eat in,,
2026-07-14,22:34:00,Europe/London,Starters,Soup of the Day,1,Regular,,7.00,0.00,7.00,1.17,T82591210,Counter iPad,,Payment,Eat in,,
2026-07-14,22:34:00,Europe/London,Sides,Chips,1,Regular,,4.50,0.00,4.50,0.75,T82591210,Counter iPad,,Payment,Eat in,,
2026-07-14,22:34:00,Europe/London,Starters,Pork Belly Bites,2,Regular,,16.00,0.00,16.00,2.67,T82591210,Counter iPad,,Payment,Takeaway,,
2026-07-14,22:34:00,Europe/London,Mains,Mushroom Risotto,1,Regular,,15.00,0.00,15.00,2.50,T82591210,Counter iPad,,Payment,Eat in,,
2026-07-14,22:34:00,Europe/London,Desserts,Affogato,1,Regular,,6.00,0.00,6.00,1.00,T82591210,Counter iPad,,Payment,Eat in,,
2026-07-14,22:34:00,Europe/London,Mains,Tidewater Burger,1,Regular,,16.50,0.00,16.50,2.75,T82591210,Counter iPad,,Payment,Eat in,,
2026-07-14,22:34:00,Europe/London,Desserts,Sticky Toffee Pudding,1,Regular,,8.00,0.00,8.00,1.33,T82591210,Counter iPad,,Payment,Takeaway,,
2026-07-14,22:34:00,Europe/London,Drinks,Lager Pint,1,Regular,,6.20,0.00,6.20,1.03,T82591210,Counter iPad,,Payment,Eat in,,
2026-07-14,22:34:00,Europe/London,Drinks,Sparkling Water 750ml,1,Regular,,4.00,0.00,4.00,0.67,T82591210,Counter iPad,,Payment,Eat in,,
2026-07-14,22:34:00,Europe/London,Drinks,Espresso,1,Regular,,2.80,0.00,2.80,0.47,T82591210,Counter iPad,,Payment,Eat in,,
2026-07-14,23:23:00,Europe/London,Mains,Tidewater Burger,1,Regular,,16.50,0.00,16.50,2.75,T21883470,Counter iPad,,Payment,Takeaway,,
2026-07-14,23:23:00,Europe/London,Sides,Chips,1,Regular,,4.50,0.00,4.50,0.75,T21883470,Counter iPad,,Payment,Takeaway,,
2026-07-14,23:23:00,Europe/London,Starters,Salt & Pepper Squid,1,Regular,,9.50,0.00,9.50,1.58,T21883470,Counter iPad,,Payment,Eat in,,
2026-07-14,23:23:00,Europe/London,Starters,Rock Oysters,1,x3,,9.00,0.00,9.00,1.50,T21883470,Counter iPad,,Payment,Eat in,,
2026-07-14,23:23:00,Europe/London,Mains,Fish & Chips,1,Regular,,17.50,0.00,17.50,2.92,T21883470,Counter iPad,,Payment,Eat in,,
2026-07-14,23:23:00,Europe/London,Sides,House Salad,1,Regular,,4.50,0.00,4.50,0.75,T21883470,Counter iPad,,Payment,Takeaway,,
2026-07-14,23:23:00,Europe/London,Desserts,Cheeseboard,1,5,,16.00,0.00,16.00,2.67,T21883470,Counter iPad,,Payment,Eat in,,
2026-07-14,23:23:00,Europe/London,Sides,Bread & Butter,1,Regular,,4.00,0.00,4.00,0.67,T21883470,Counter iPad,,Payment,Eat in,,
2026-07-14,23:23:00,Europe/London,Drinks,Lager Pint,2,Regular,,12.40,0.00,12.40,2.07,T21883470,Counter iPad,,Payment,Eat in,,
2026-07-14,23:23:00,Europe/London,Drinks,Coke,1,Regular,,3.00,0.00,3.00,0.50,T21883470,Counter iPad,,Payment,Eat in,,
2026-07-14,23:23:00,Europe/London,Drinks,Espresso,2,Regular,,5.60,0.00,5.60,0.93,T21883470,Counter iPad,,Payment,Eat in,,
2026-07-15,13:05:00,Europe/London,Set Menu,Set Lunch - 2 Courses,1,Regular,"Soup of the Day, Mushroom Risotto",20.00,0.00,20.00,3.33,T97677172,Counter iPad,,Payment,Eat in,,
2026-07-15,13:05:00,Europe/London,Starters,Mackerel Pate,1,Regular,,8.50,0.00,8.50,1.42,T97677172,Counter iPad,,Payment,Eat in,,
2026-07-15,13:05:00,Europe/London,Drinks,Lager Pint,1,Regular,,6.20,0.00,6.20,1.03,T97677172,Counter iPad,,Payment,Eat in,,
2026-07-15,13:05:00,Europe/London,Drinks,Flat White,1,Regular,,3.40,0.00,3.40,0.57,T97677172,Counter iPad,,Payment,Eat in,,
2026-07-15,13:10:00,Europe/London,Mains,Tidewater Burger,1,Regular,Add Cheese,16.50,0.00,16.50,2.75,T47402198,Counter iPad,,Payment,Eat in,C683,Sample Customer 683
2026-07-15,13:10:00,Europe/London,Starters,Burrata,1,Regular,,10.00,0.00,10.00,1.67,T47402198,Counter iPad,,Payment,Eat in,C683,Sample Customer 683
2026-07-15,13:10:00,Europe/London,Mains,Lamb Rump,1,Regular,,26.00,0.00,26.00,4.33,T47402198,Counter iPad,,Payment,Takeaway,C683,Sample Customer 683
2026-07-15,13:10:00,Europe/London,Sides,Truffle Fries,1,Regular,,6.00,0.00,6.00,1.00,T47402198,Counter iPad,,Payment,Takeaway,C683,Sample Customer 683
2026-07-15,13:10:00,Europe/London,Drinks,House White 175ml,1,Regular,,7.00,0.00,7.00,1.17,T47402198,Counter iPad,,Payment,Eat in,C683,Sample Customer 683
2026-07-15,13:10:00,Europe/London,Drinks,Coke,1,Regular,,3.00,0.00,3.00,0.50,T47402198,Counter iPad,,Payment,Eat in,C683,Sample Customer 683
2026-07-15,13:10:00,Europe/London,Drinks,Sparkling Water 750ml,1,Regular,,4.00,0.00,4.00,0.67,T47402198,Counter iPad,,Payment,Eat in,C683,Sample Customer 683
2026-07-15,14:28:00,Europe/London,Starters,Soup of the Day,1,Regular,,7.00,0.00,7.00,1.17,T21905715,Counter iPad,,Payment,Eat in,C284,Sample Customer 284
2026-07-15,14:28:00,Europe/London,Mains,Tidewater Burger,1,Regular,,16.50,0.00,16.50,2.75,T21905715,Counter iPad,,Payment,Eat in,C284,Sample Customer 284
2026-07-15,14:28:00,Europe/London,Desserts,Sticky Toffee Pudding,1,Regular,,8.00,0.00,8.00,1.33,T21905715,Counter iPad,,Payment,Eat in,C284,Sample Customer 284
2026-07-15,14:28:00,Europe/London,Set Menu,Set Lunch - 3 Courses,1,Regular,"Mackerel Pate, Fish & Chips (Small), Sticky Toffee Pudding",25.00,0.00,25.00,4.17,T21905715,Counter iPad,,Payment,Eat in,C284,Sample Customer 284
2026-07-15,14:28:00,Europe/London,Drinks,House Red 175ml,1,Regular,,7.00,0.00,7.00,1.17,T21905715,Counter iPad,,Payment,Eat in,C284,Sample Customer 284
2026-07-15,14:28:00,Europe/London,Drinks,Coke,1,Regular,,3.00,0.00,3.00,0.50,T21905715,Counter iPad,,Payment,Eat in,C284,Sample Customer 284
2026-07-15,14:38:00,Europe/London,Mains,Chicken Supreme,2,Regular,,38.00,0.00,38.00,6.33,T60710675,Bar iPad,,Payment,Eat in,,
2026-07-15,14:38:00,Europe/London,Desserts,Choc Tart,1,Regular,,8.00,0.00,8.00,1.33,T60710675,Bar iPad,,Payment,Eat in,,
2026-07-15,14:38:00,Europe/London,Starters,Salt & Pepper Squid,1,Regular,,9.50,0.00,9.50,1.58,T60710675,Bar iPad,,Payment,Eat in,,
2026-07-15,14:38:00,Europe/London,Sides,Fries,1,Regular,,4.50,0.00,4.50,0.75,T60710675,Bar iPad,,Payment,Eat in,,
2026-07-15,14:38:00,Europe/London,Sides,Bread & Butter,1,Regular,,4.00,0.00,4.00,0.67,T60710675,Bar iPad,,Payment,Eat in,,
2026-07-15,14:38:00,Europe/London,Drinks,Lager Pint,2,Regular,,12.40,0.00,12.40,2.07,T60710675,Bar iPad,,Payment,Takeaway,,
2026-07-15,14:59:00,Europe/London,Set Menu,Set Lunch - 2 Courses,1,Regular,"Soup of the Day, Mushroom Risotto",20.00,0.00,20.00,3.33,T79223935,Counter iPad,,Payment,Eat in,,
2026-07-15,14:59:00,Europe/London,Mains,Fish & Chips,1,Regular,,17.50,0.00,17.50,2.92,T79223935,Counter iPad,,Payment,Eat in,,
2026-07-15,14:59:00,Europe/London,Sides,Truffle Fries,1,Regular,,6.00,0.00,6.00,1.00,T79223935,Counter iPad,,Payment,Takeaway,,
2026-07-15,14:59:00,Europe/London,Desserts,Crème Brûlée,1,Regular,,7.50,0.00,7.50,1.25,T79223935,Counter iPad,,Payment,Eat in,,
2026-07-15,14:59:00,Europe/London,Drinks,Lager Pint,2,Regular,,12.40,0.00,12.40,2.07,T79223935,Counter iPad,,Payment,Takeaway,,
2026-07-15,14:59:00,Europe/London,Drinks,House White 175ml,1,Regular,,7.00,0.00,7.00,1.17,T79223935,Counter iPad,,Payment,Takeaway,,
2026-07-15,14:59:00,Europe/London,Drinks,Espresso,1,Regular,,2.80,0.00,2.80,0.47,T79223935,Counter iPad,,Payment,Takeaway,,
2026-07-15,14:59:00,Europe/London,Drinks,Flat White,1,Regular,,3.40,0.00,3.40,0.57,T79223935,Counter iPad,,Payment,Eat in,,
2026-07-15,18:10:00,Europe/London,Starters,Pork Belly Bites,1,Regular,,8.00,0.00,8.00,1.33,T64724862,Counter iPad,,Payment,Eat in,,
2026-07-15,18:10:00,Europe/London,Mains,Chicken Supreme,1,Regular,,19.00,0.00,19.00,3.17,T64724862,Counter iPad,,Payment,Eat in,,
2026-07-15,18:10:00,Europe/London,Desserts,Sticky Toffee Pudding,1,Regular,,8.00,0.00,8.00,1.33,T64724862,Counter iPad,,Payment,Eat in,,
2026-07-15,18:10:00,Europe/London,Mains,Hake,1,Regular,,22.00,0.00,22.00,3.67,T64724862,Counter iPad,,Payment,Takeaway,,
2026-07-15,18:10:00,Europe/London,Sides,Truffle Fries,1,Regular,,6.00,0.00,6.00,1.00,T64724862,Counter iPad,,Payment,Eat in,,
2026-07-15,18:10:00,Europe/London,Mains,Tidewater Burger,1,Regular,,16.50,0.00,16.50,2.75,T64724862,Counter iPad,,Payment,Eat in,,
2026-07-15,18:10:00,Europe/London,Sides,Chips,1,Regular,,4.50,0.00,4.50,0.75,T64724862,Counter iPad,,Payment,Eat in,,
2026-07-15,18:10:00,Europe/London,Sides,Bread & Butter,1,Regular,,4.00,0.00,4.00,0.67,T64724862,Counter iPad,,Payment,Eat in,,
2026-07-15,18:10:00,Europe/London,Drinks,Lager Pint,2,Regular,,12.40,0.00,12.40,2.07,T64724862,Counter iPad,,Payment,Eat in,,
2026-07-15,18:10:00,Europe/London,Drinks,House White 175ml,1,Regular,,7.00,0.00,7.00,1.17,T64724862,Counter iPad,,Payment,Eat in,,
2026-07-15,18:10:00,Europe/London,Drinks,Coke,1,Regular,,3.00,0.00,3.00,0.50,T64724862,Counter iPad,,Payment,Takeaway,,
2026-07-15,18:10:00,Europe/London,Drinks,Sparkling Water 750ml,1,Regular,,4.00,0.00,4.00,0.67,T64724862,Counter iPad,,Payment,Takeaway,,
2026-07-15,18:10:00,Europe/London,Drinks,Espresso,1,Regular,,2.80,0.00,2.80,0.47,T64724862,Counter iPad,,Payment,Takeaway,,
2026-07-15,18:10:00,Europe/London,Drinks,Flat White,1,Regular,,3.40,0.00,3.40,0.57,T64724862,Counter iPad,,Payment,Takeaway,,
2026-07-15,18:37:00,Europe/London,Kids,Kids Burger,1,Regular,,7.50,0.00,7.50,1.25,T82633166,Counter iPad,,Payment,Eat in,,
2026-07-15,18:37:00,Europe/London,Kids,Kids Ice Cream,2,Regular,,7.00,0.00,7.00,1.17,T82633166,Counter iPad,,Payment,Takeaway,,
2026-07-15,18:37:00,Europe/London,Kids,Kids Fish & Chips,1,Regular,,8.00,0.00,8.00,1.33,T82633166,Counter iPad,,Payment,Eat in,,
2026-07-15,18:37:00,Europe/London,Mains,Tidewater Burger,1,Regular,,16.50,0.00,16.50,2.75,T82633166,Counter iPad,,Payment,Eat in,,
2026-07-15,18:37:00,Europe/London,Sides,Tenderstem,1,Regular,,5.00,0.00,5.00,0.83,T82633166,Counter iPad,,Payment,Takeaway,,
2026-07-15,18:37:00,Europe/London,Starters,Soup of the Day,1,Regular,,7.00,0.00,7.00,1.17,T82633166,Counter iPad,,Payment,Eat in,,
2026-07-15,18:37:00,Europe/London,Mains,Mushroom Risotto,1,Regular,,15.00,0.00,15.00,2.50,T82633166,Counter iPad,,Payment,Eat in,,
2026-07-15,18:37:00,Europe/London,Drinks,Lager Pint,3,Regular,,18.60,0.00,18.60,3.10,T82633166,Counter iPad,,Payment,Takeaway,,
2026-07-15,18:37:00,Europe/London,Drinks,Coke,1,Regular,,3.00,0.00,3.00,0.50,T82633166,Counter iPad,,Payment,Takeaway,,
2026-07-15,20:56:00,Europe/London,Mains,Fish & Chips,1,Regular,,17.50,0.00,17.50,2.92,T32046727,Counter iPad,,Payment,Eat in,,
2026-07-15,20:56:00,Europe/London,Mains,Fish & Chips,1,Small,,13.00,0.00,13.00,2.17,T32046727,Counter iPad,,Payment,Eat in,,
2026-07-15,20:56:00,Europe/London,Sides,Chips,3,Regular,,13.50,0.00,13.50,2.25,T32046727,Counter iPad,,Payment,Takeaway,,
2026-07-15,20:56:00,Europe/London,Desserts,Sticky Toffee Pudding,1,Regular,,8.00,0.00,8.00,1.33,T32046727,Counter iPad,,Payment,Takeaway,,
2026-07-15,20:56:00,Europe/London,Mains,Steak Frites,1,Regular,,24.00,0.00,24.00,4.00,T32046727,Counter iPad,,Payment,Eat in,,
2026-07-15,20:56:00,Europe/London,Sides,Peppercorn Sauce,1,Regular,,3.00,0.00,3.00,0.50,T32046727,Counter iPad,,Payment,Eat in,,
2026-07-15,20:56:00,Europe/London,Mains,Hake,1,Regular,,22.00,0.00,22.00,3.67,T32046727,Counter iPad,,Payment,Eat in,,
2026-07-15,20:56:00,Europe/London,Starters,Pork Belly Bites,1,Regular,,8.00,0.00,8.00,1.33,T32046727,Counter iPad,,Payment,Eat in,,
2026-07-15,20:56:00,Europe/London,Mains,Tidewater Burger,2,Regular,,33.00,0.00,33.00,5.50,T32046727,Counter iPad,,Payment,Eat in,,
2026-07-15,20:56:00,Europe/London,Sides,Truffle Fries,1,Regular,,6.00,0.00,6.00,1.00,T32046727,Counter iPad,,Payment,Eat in,,
2026-07-15,20:56:00,Europe/London,Desserts,Affogato,1,Regular,,6.00,0.00,6.00,1.00,T32046727,Counter iPad,,Payment,Takeaway,,
2026-07-15,20:56:00,Europe/London,Drinks,Lager Pint,5,Regular,,31.00,0.00,31.00,5.17,T32046727,Counter iPad,,Payment,Eat in,,
2026-07-15,20:56:00,Europe/London,Drinks,House White 175ml,2,Regular,,14.00,0.00,14.00,2.33,T32046727,Counter iPad,,Payment,Eat in,,
2026-07-15,20:56:00,Europe/London,Drinks,House Red 175ml,2,Regular,,14.00,0.00,14.00,2.33,T32046727,Counter iPad,,Payment,Takeaway,,
2026-07-15,20:56:00,Europe/London,Drinks,Coke,3,Regular,,9.00,0.00,9.00,1.50,T32046727,Counter iPad,,Payment,Eat in,,
2026-07-15,21:48:00,Europe/London,Starters,Salt & Pepper Squid,1,Regular,,9.50,0.00,9.50,1.58,T71969787,Counter iPad,,Payment,Eat in,,
2026-07-15,21:48:00,Europe/London,Mains,Fish & Chips,1,Regular,,17.50,0.00,17.50,2.92,T71969787,Counter iPad,,Payment,Eat in,,
2026-07-15,21:48:00,Europe/London,Mains,Steak Frites,1,Regular,,24.00,0.00,24.00,4.00,T71969787,Counter iPad,,Payment,Eat in,,
2026-07-15,21:48:00,Europe/London,Sides,Truffle Fries,1,Regular,,6.00,0.00,6.00,1.00,T71969787,Counter iPad,,Payment,Eat in,,
2026-07-15,21:48:00,Europe/London,Desserts,Affogato,1,Regular,,6.00,0.00,6.00,1.00,T71969787,Counter iPad,,Payment,Eat in,,
2026-07-15,21:48:00,Europe/London,Sides,Bread & Butter,1,Regular,,4.00,0.00,4.00,0.67,T71969787,Counter iPad,,Payment,Eat in,,
2026-07-15,21:48:00,Europe/London,Drinks,Lager Pint,1,Regular,,6.20,0.00,6.20,1.03,T71969787,Counter iPad,,Payment,Eat in,,
2026-07-15,21:48:00,Europe/London,Drinks,Coke,1,Regular,,3.00,0.00,3.00,0.50,T71969787,Counter iPad,,Payment,Takeaway,,
2026-07-15,21:48:00,Europe/London,Drinks,Espresso,1,Regular,,2.80,0.00,2.80,0.47,T71969787,Counter iPad,,Payment,Takeaway,,
2026-07-15,21:48:00,Europe/London,Drinks,Flat White,1,Regular,,3.40,0.00,3.40,0.57,T71969787,Counter iPad,,Payment,Eat in,,
2026-07-15,21:48:00,Europe/London,Other,Custom Amount,1,Regular,,5.00,0.00,5.00,0.83,T71969787,Counter iPad,,Payment,Eat in,,
2026-07-15,22:33:00,Europe/London,Mains,Steak Frites,1,Regular,,24.00,0.00,24.00,4.00,T20084250,Counter iPad,Table 3 - call 07700 900773 when ready,Payment,Eat in,C730,Sample Customer 730
2026-07-15,22:33:00,Europe/London,Sides,Chips,1,Regular,,4.50,0.00,4.50,0.75,T20084250,Counter iPad,Table 3 - call 07700 900773 when ready,Payment,Eat in,C730,Sample Customer 730
2026-07-15,22:33:00,Europe/London,Mains,Hake,1,Regular,,22.00,0.00,22.00,3.67,T20084250,Counter iPad,Table 3 - call 07700 900773 when ready,Payment,Eat in,C730,Sample Customer 730
2026-07-15,22:33:00,Europe/London,Sides,Bread & Butter,1,Regular,,4.00,0.00,4.00,0.67,T20084250,Counter iPad,Table 3 - call 07700 900773 when ready,Payment,Eat in,C730,Sample Customer 730
2026-07-15,22:33:00,Europe/London,Drinks,Lager Pint,1,Regular,,6.20,0.00,6.20,1.03,T20084250,Counter iPad,Table 3 - call 07700 900773 when ready,Payment,Takeaway,C730,Sample Customer 730
2026-07-15,22:33:00,Europe/London,Drinks,Coke,1,Regular,,3.00,0.00,3.00,0.50,T20084250,Counter iPad,Table 3 - call 07700 900773 when ready,Payment,Eat in,C730,Sample Customer 730
2026-07-15,23:02:00,Europe/London,Mains,Burger,1,Regular,,16.50,0.00,16.50,2.75,T72159208,Bar iPad,,Payment,Takeaway,,
2026-07-15,23:02:00,Europe/London,Desserts,Sticky Toffee Pudding,1,Regular,,8.00,0.00,8.00,1.33,T72159208,Bar iPad,,Payment,Takeaway,,
2026-07-15,23:02:00,Europe/London,Starters,Salt & Pepper Squid,1,Regular,,9.50,0.00,9.50,1.58,T72159208,Bar iPad,,Payment,Eat in,,
2026-07-15,23:02:00,Europe/London,Mains,Fish & Chips,1,Small,,13.00,0.00,13.00,2.17,T72159208,Bar iPad,,Payment,Takeaway,,
2026-07-15,23:02:00,Europe/London,Sides,Fries,1,Regular,,4.50,0.00,4.50,0.75,T72159208,Bar iPad,,Payment,Eat in,,
2026-07-15,23:02:00,Europe/London,Drinks,Sparkling Water 750ml,1,Regular,,4.00,0.00,4.00,0.67,T72159208,Bar iPad,,Payment,Takeaway,,
2026-07-15,23:25:00,Europe/London,Starters,Salt & Pepper Squid,1,Regular,,9.50,0.00,9.50,1.58,T51122629,Counter iPad,,Payment,Takeaway,,
2026-07-15,23:25:00,Europe/London,Mains,Tidewater Burger,2,Regular,,33.00,0.00,33.00,5.50,T51122629,Counter iPad,,Payment,Eat in,,
2026-07-15,23:25:00,Europe/London,Desserts,Crème Brûlée,1,Regular,,7.50,0.00,7.50,1.25,T51122629,Counter iPad,,Payment,Eat in,,
2026-07-15,23:25:00,Europe/London,Starters,Rock Oysters,1,x3,,9.00,0.00,9.00,1.50,T51122629,Counter iPad,,Payment,Eat in,,
2026-07-15,23:25:00,Europe/London,Sides,Bread & Butter,1,Regular,,4.00,0.00,4.00,0.67,T51122629,Counter iPad,,Payment,Eat in,,
2026-07-15,23:25:00,Europe/London,Drinks,Lager Pint,1,Regular,,6.20,0.00,6.20,1.03,T51122629,Counter iPad,,Payment,Eat in,,
2026-07-15,23:25:00,Europe/London,Drinks,Coke,1,Regular,,3.00,0.00,3.00,0.50,T51122629,Counter iPad,,Payment,Eat in,,
2026-07-16,12:21:00,Europe/London,Set Menu,Set Lunch - 3 Courses,1,Regular,"Soup of the Day, Fish & Chips (Small), Sticky Toffee Pudding",25.00,0.00,25.00,4.17,T59515381,Counter iPad,,Payment,Eat in,C170,Sample Customer 170
2026-07-16,12:21:00,Europe/London,Sides,Bread & Butter,1,Regular,,4.00,0.00,4.00,0.67,T59515381,Counter iPad,,Payment,Eat in,C170,Sample Customer 170
2026-07-16,13:01:00,Europe/London,Set Menu,Set Lunch - 3 Courses,1,Regular,"Mackerel Pate, Fish & Chips (Small), Kids Ice Cream",25.00,0.00,25.00,4.17,T80869527,Counter iPad,,Payment,Eat in,,
2026-07-16,13:03:00,Europe/London,Set Menu,Set Lunch - 3 Courses,1,Regular,,0.00,0.00,0.00,0.00,T80869527,Counter iPad,wrong table,Void,Eat in,,
2026-07-16,13:01:00,Europe/London,Starters,Mackerel Pate,1,Regular,,8.50,0.00,8.50,1.42,T80869527,Counter iPad,,Payment,Eat in,,
2026-07-16,13:01:00,Europe/London,Mains,SPECIAL - Crab Linguine,1,Regular,,18.00,0.00,18.00,3.00,T80869527,Counter iPad,,Payment,Eat in,,
2026-07-16,13:01:00,Europe/London,Sides,Chips,1,Regular,,4.50,0.00,4.50,0.75,T80869527,Counter iPad,,Payment,Eat in,,
2026-07-16,13:01:00,Europe/London,Desserts,Sticky Toffee Pudding,1,Regular,,8.00,0.00,8.00,1.33,T80869527,Counter iPad,,Payment,Eat in,,
2026-07-16,13:01:00,Europe/London,Drinks,Lager Pint,1,Regular,,6.20,0.00,6.20,1.03,T80869527,Counter iPad,,Payment,Takeaway,,
2026-07-16,13:01:00,Europe/London,Drinks,House White 175ml,2,Regular,,14.00,0.00,14.00,2.33,T80869527,Counter iPad,,Payment,Takeaway,,
2026-07-16,13:04:00,Europe/London,Set Menu,Set Lunch - 3 Courses,1,Regular,"Mackerel Pate, Fish & Chips (Small), Sticky Toffee Pudding",25.00,0.00,25.00,4.17,T52572515,Counter iPad,,Payment,Eat in,,
2026-07-16,13:04:00,Europe/London,Set Menu,Set Lunch - 2 Courses,1,Regular,"Soup of the Day, Mushroom Risotto",20.00,0.00,20.00,3.33,T52572515,Counter iPad,,Payment,Eat in,,
2026-07-16,13:04:00,Europe/London,Starters,Soup of the Day,1,Regular,,7.00,0.00,7.00,1.17,T52572515,Counter iPad,,Payment,Eat in,,
2026-07-16,13:04:00,Europe/London,Mains,Tidewater Burger,2,Regular,Add Bacon,33.00,0.00,33.00,5.50,T52572515,Counter iPad,,Payment,Takeaway,,
2026-07-16,13:04:00,Europe/London,Mains,Steak Frites,1,Regular,,24.00,0.00,24.00,4.00,T52572515,Counter iPad,,Payment,Eat in,,
2026-07-16,13:04:00,Europe/London,Sides,Peppercorn Sauce,1,Regular,,3.00,0.00,3.00,0.50,T52572515,Counter iPad,,Payment,Eat in,,
2026-07-16,13:04:00,Europe/London,Drinks,Lager Pint,1,Regular,,6.20,0.00,6.20,1.03,T52572515,Counter iPad,,Payment,Eat in,,
2026-07-16,13:04:00,Europe/London,Drinks,House White 175ml,2,Regular,,14.00,0.00,14.00,2.33,T52572515,Counter iPad,,Payment,Eat in,,
2026-07-16,13:04:00,Europe/London,Drinks,House Red 175ml,2,Regular,,14.00,0.00,14.00,2.33,T52572515,Counter iPad,,Payment,Eat in,,
2026-07-16,13:04:00,Europe/London,Drinks,Coke,2,Regular,,6.00,0.00,6.00,1.00,T52572515,Counter iPad,,Payment,Takeaway,,
2026-07-16,13:04:00,Europe/London,Drinks,Sparkling Water 750ml,2,Regular,,8.00,0.00,8.00,1.33,T52572515,Counter iPad,,Payment,Takeaway,,
2026-07-16,14:56:00,Europe/London,Starters,Soup of the Day,1,Regular,,7.00,0.00,7.00,1.17,T92641369,Bar iPad,,Payment,Eat in,,
2026-07-16,14:56:00,Europe/London,Starters,Rock Oysters,1,x3,,9.00,0.00,9.00,1.50,T92641369,Bar iPad,,Payment,Takeaway,,
2026-07-16,14:56:00,Europe/London,Sides,Fries,1,Regular,,4.50,0.00,4.50,0.75,T92641369,Bar iPad,,Payment,Takeaway,,
2026-07-16,14:56:00,Europe/London,Starters,Pork Belly Bites,1,Regular,,8.00,0.00,8.00,1.33,T92641369,Bar iPad,,Payment,Takeaway,,
2026-07-16,14:56:00,Europe/London,Mains,Burger,1,Regular,,16.50,0.00,16.50,2.75,T92641369,Bar iPad,,Payment,Takeaway,,
2026-07-16,14:56:00,Europe/London,Set Menu,Set Lunch - 3 Courses,1,Regular,"Mackerel Pate, Fish & Chips (Small), Kids Ice Cream",25.00,0.00,25.00,4.17,T92641369,Bar iPad,,Payment,Eat in,,
2026-07-16,14:56:00,Europe/London,Starters,Salt & Pepper Squid,1,Regular,,9.50,0.00,9.50,1.58,T92641369,Bar iPad,,Payment,Eat in,,
2026-07-16,14:56:00,Europe/London,Mains,Fish & Chips,1,Regular,,17.50,0.00,17.50,2.92,T92641369,Bar iPad,,Payment,Eat in,,
2026-07-16,14:56:00,Europe/London,Sides,Tenderstem,1,Regular,,5.00,0.00,5.00,0.83,T92641369,Bar iPad,,Payment,Takeaway,,
2026-07-16,14:56:00,Europe/London,Drinks,Lager Pint,2,Regular,,12.40,0.00,12.40,2.07,T92641369,Bar iPad,,Payment,Eat in,,
2026-07-16,14:56:00,Europe/London,Drinks,House Red 175ml,1,Regular,,7.00,0.00,7.00,1.17,T92641369,Bar iPad,,Payment,Eat in,,
2026-07-16,14:56:00,Europe/London,Drinks,Coke,1,Regular,,3.00,0.00,3.00,0.50,T92641369,Bar iPad,,Payment,Eat in,,
2026-07-16,16:30:00,Europe/London,Other,Staff Meal,1,Regular,Risotto,10.00,-10.00,0.00,0.00,T59589383,Counter iPad,,Payment,Eat in,,
2026-07-16,19:22:00,Europe/London,Mains,Steak Frites,2,Regular,,48.00,0.00,48.00,8.00,T95984209,Bar iPad,,Payment,Eat in,C454,Sample Customer 454
2026-07-16,19:22:00,Europe/London,Sides,Peppercorn Sauce,1,Regular,,3.00,0.00,3.00,0.50,T95984209,Bar iPad,,Payment,Eat in,C454,Sample Customer 454
2026-07-16,19:22:00,Europe/London,Desserts,Affogato,1,Regular,,6.00,0.00,6.00,1.00,T95984209,Bar iPad,,Payment,Eat in,C454,Sample Customer 454
2026-07-16,19:22:00,Europe/London,Sides,Bread & Butter,1,Regular,,4.00,0.00,4.00,0.67,T95984209,Bar iPad,,Payment,Eat in,C454,Sample Customer 454
2026-07-16,19:22:00,Europe/London,Drinks,Lager Pint,1,Regular,,6.20,0.00,6.20,1.03,T95984209,Bar iPad,,Payment,Takeaway,C454,Sample Customer 454
2026-07-16,19:22:00,Europe/London,Drinks,House Red 175ml,1,Regular,,7.00,0.00,7.00,1.17,T95984209,Bar iPad,,Payment,Eat in,C454,Sample Customer 454
2026-07-16,19:22:00,Europe/London,Drinks,Sparkling Water 750ml,1,Regular,,4.00,0.00,4.00,0.67,T95984209,Bar iPad,,Payment,Takeaway,C454,Sample Customer 454
2026-07-16,19:22:00,Europe/London,Drinks,Espresso,1,Regular,,2.80,0.00,2.80,0.47,T95984209,Bar iPad,,Payment,Takeaway,C454,Sample Customer 454
2026-07-16,20:59:00,Europe/London,Starters,Mackerel Pate,1,Regular,,8.50,0.00,8.50,1.42,T84563998,Counter iPad,regulars,Payment,Eat in,,
2026-07-16,20:59:00,Europe/London,Mains,Mushroom Risotto,1,Regular,,15.00,0.00,15.00,2.50,T84563998,Counter iPad,regulars,Payment,Takeaway,,
2026-07-16,20:59:00,Europe/London,Sides,Truffle Fries,1,Regular,,6.00,0.00,6.00,1.00,T84563998,Counter iPad,regulars,Payment,Eat in,,
2026-07-16,20:59:00,Europe/London,Starters,Pork Belly Bites,1,Regular,,8.00,0.00,8.00,1.33,T84563998,Counter iPad,regulars,Payment,Eat in,,
2026-07-16,20:59:00,Europe/London,Mains,Hake,1,Regular,,22.00,0.00,22.00,3.67,T84563998,Counter iPad,regulars,Payment,Eat in,,
2026-07-16,20:59:00,Europe/London,Desserts,Cheeseboard,1,5,,16.00,0.00,16.00,2.67,T84563998,Counter iPad,regulars,Payment,Eat in,,
2026-07-16,20:59:00,Europe/London,Starters,Salt & Pepper Squid,1,Regular,,9.50,0.00,9.50,1.58,T84563998,Counter iPad,regulars,Payment,Eat in,,
2026-07-16,20:59:00,Europe/London,Mains,Steak Frites,1,Regular,,24.00,0.00,24.00,4.00,T84563998,Counter iPad,regulars,Payment,Eat in,,
2026-07-16,20:59:00,Europe/London,Sides,Peppercorn Sauce,1,Regular,,3.00,0.00,3.00,0.50,T84563998,Counter iPad,regulars,Payment,Eat in,,
2026-07-16,20:59:00,Europe/London,Desserts,Sticky Toffee Pudding,1,Regular,,8.00,0.00,8.00,1.33,T84563998,Counter iPad,regulars,Payment,Takeaway,,
2026-07-16,20:59:00,Europe/London,Drinks,Lager Pint,1,Regular,,6.20,0.00,6.20,1.03,T84563998,Counter iPad,regulars,Payment,Eat in,,
2026-07-16,20:59:00,Europe/London,Drinks,House White 175ml,1,Regular,,7.00,0.00,7.00,1.17,T84563998,Counter iPad,regulars,Payment,Eat in,,
2026-07-16,20:59:00,Europe/London,Drinks,House Red 175ml,1,Regular,,7.00,0.00,7.00,1.17,T84563998,Counter iPad,regulars,Payment,Eat in,,
2026-07-16,21:03:00,Europe/London,Kids,Kids Fish & Chips,1,Regular,,8.00,0.00,8.00,1.33,T24000111,Counter iPad,,Payment,Eat in,,
2026-07-16,21:03:00,Europe/London,Starters,Mackerel Pate,1,Regular,,8.50,0.00,8.50,1.42,T24000111,Counter iPad,,Payment,Eat in,,
2026-07-16,21:03:00,Europe/London,Mains,Steak Frites,2,Regular,,48.00,0.00,48.00,8.00,T24000111,Counter iPad,,Payment,Takeaway,,
2026-07-16,21:03:00,Europe/London,Sides,Peppercorn Sauce,1,Regular,,3.00,0.00,3.00,0.50,T24000111,Counter iPad,,Payment,Eat in,,
2026-07-16,21:03:00,Europe/London,Mains,Chicken Supreme,1,Regular,,19.00,0.00,19.00,3.17,T24000111,Counter iPad,,Payment,Eat in,,
2026-07-16,21:03:00,Europe/London,Desserts,Crème Brûlée,1,Regular,,7.50,0.00,7.50,1.25,T24000111,Counter iPad,,Payment,Takeaway,,
2026-07-16,21:03:00,Europe/London,Sides,Tenderstem,1,Regular,,5.00,0.00,5.00,0.83,T24000111,Counter iPad,,Payment,Eat in,,
2026-07-16,21:03:00,Europe/London,Drinks,Lager Pint,3,Regular,,18.60,0.00,18.60,3.10,T24000111,Counter iPad,,Payment,Takeaway,,
2026-07-16,21:03:00,Europe/London,Drinks,House White 175ml,2,Regular,,14.00,0.00,14.00,2.33,T24000111,Counter iPad,,Payment,Eat in,,
2026-07-16,21:03:00,Europe/London,Drinks,House Red 175ml,1,Regular,,7.00,0.00,7.00,1.17,T24000111,Counter iPad,,Payment,Eat in,,
2026-07-16,21:03:00,Europe/London,Drinks,Coke,2,Regular,,6.00,0.00,6.00,1.00,T24000111,Counter iPad,,Payment,Eat in,,
2026-07-16,21:03:00,Europe/London,Drinks,Espresso,1,Regular,,2.80,0.00,2.80,0.47,T24000111,Counter iPad,,Payment,Takeaway,,
2026-07-16,21:23:00,Europe/London,Kids,Kids Burger,1,Regular,,7.50,0.00,7.50,1.25,T81614497,Counter iPad,,Payment,Eat in,C798,Sample Customer 798
2026-07-16,21:23:00,Europe/London,Kids,Kids Ice Cream,1,Regular,,3.50,0.00,3.50,0.58,T81614497,Counter iPad,,Payment,Eat in,C798,Sample Customer 798
2026-07-16,21:23:00,Europe/London,Starters,Pork Belly Bites,1,Regular,,8.00,0.00,8.00,1.33,T81614497,Counter iPad,,Payment,Eat in,C798,Sample Customer 798
2026-07-16,21:23:00,Europe/London,Mains,Steak Frites,1,Regular,,24.00,0.00,24.00,4.00,T81614497,Counter iPad,,Payment,Eat in,C798,Sample Customer 798
2026-07-16,21:23:00,Europe/London,Desserts,Sticky Toffee Pudding,1,Regular,,8.00,0.00,8.00,1.33,T81614497,Counter iPad,,Payment,Eat in,C798,Sample Customer 798
2026-07-16,21:23:00,Europe/London,Mains,Fish & Chips,1,Small,,13.00,0.00,13.00,2.17,T81614497,Counter iPad,,Payment,Takeaway,C798,Sample Customer 798
2026-07-16,21:23:00,Europe/London,Sides,Bread & Butter,1,Regular,,4.00,0.00,4.00,0.67,T81614497,Counter iPad,,Payment,Eat in,C798,Sample Customer 798
2026-07-16,21:23:00,Europe/London,Drinks,Lager Pint,2,Regular,,12.40,0.00,12.40,2.07,T81614497,Counter iPad,,Payment,Takeaway,C798,Sample Customer 798
2026-07-16,21:23:00,Europe/London,Drinks,House White 175ml,2,Regular,,14.00,0.00,14.00,2.33,T81614497,Counter iPad,,Payment,Eat in,C798,Sample Customer 798
2026-07-16,22:20:00,Europe/London,Mains,Hake,1,Regular,,22.00,0.00,22.00,3.67,T11836639,Counter iPad,,Payment,Eat in,,
2026-07-16,22:20:00,Europe/London,Sides,Truffle Fries,2,Regular,,12.00,0.00,12.00,2.00,T11836639,Counter iPad,,Payment,Takeaway,,
2026-07-16,22:20:00,Europe/London,Desserts,Sticky Toffee Pudding,1,Regular,,8.00,0.00,8.00,1.33,T11836639,Counter iPad,,Payment,Eat in,,
2026-07-16,22:20:00,Europe/London,Mains,Mushroom Risotto,1,Regular,,15.00,0.00,15.00,2.50,T11836639,Counter iPad,,Payment,Eat in,,
2026-07-16,22:20:00,Europe/London,Mains,Lamb Rump,1,Regular,,26.00,0.00,26.00,4.33,T11836639,Counter iPad,,Payment,Eat in,,
2026-07-16,22:20:00,Europe/London,Desserts,Choc Tart,1,Regular,,8.00,0.00,8.00,1.33,T11836639,Counter iPad,,Payment,Eat in,,
2026-07-16,22:20:00,Europe/London,Mains,Tidewater Burger,1,Regular,"Add Bacon, Add Cheese",16.50,0.00,16.50,2.75,T11836639,Counter iPad,,Payment,Eat in,,
2026-07-16,22:20:00,Europe/London,Sides,Bread & Butter,1,Regular,,4.00,0.00,4.00,0.67,T11836639,Counter iPad,,Payment,Takeaway,,
2026-07-16,22:20:00,Europe/London,Drinks,Lager Pint,2,Regular,,12.40,0.00,12.40,2.07,T11836639,Counter iPad,,Payment,Takeaway,,
2026-07-16,22:20:00,Europe/London,Drinks,House White 175ml,1,Regular,,7.00,0.00,7.00,1.17,T11836639,Counter iPad,,Payment,Eat in,,
2026-07-16,22:20:00,Europe/London,Drinks,House Red 175ml,2,Regular,,14.00,0.00,14.00,2.33,T11836639,Counter iPad,,Payment,Eat in,,
2026-07-16,22:20:00,Europe/London,Drinks,Coke,1,Regular,,3.00,0.00,3.00,0.50,T11836639,Counter iPad,,Payment,Takeaway,,
2026-07-16,22:20:00,Europe/London,Drinks,Sparkling Water 750ml,1,Regular,,4.00,0.00,4.00,0.67,T11836639,Counter iPad,,Payment,Eat in,,
2026-07-16,22:20:00,Europe/London,Drinks,Espresso,1,Regular,,2.80,0.00,2.80,0.47,T11836639,Counter iPad,,Payment,Eat in,,
2026-07-16,22:20:00,Europe/London,Drinks,Flat White,3,Regular,,10.20,0.00,10.20,1.70,T11836639,Counter iPad,,Payment,Takeaway,,
2026-07-16,22:44:00,Europe/London,Mains,Tidewater Burger,2,Regular,Add Bacon,33.00,0.00,33.00,5.50,T48299208,Counter iPad,,Payment,Eat in,C376,Sample Customer 376
2026-07-16,22:44:00,Europe/London,Desserts,Choc Tart,1,Regular,,8.00,0.00,8.00,1.33,T48299208,Counter iPad,,Payment,Eat in,C376,Sample Customer 376
2026-07-16,22:44:00,Europe/London,Drinks,Lager Pint,1,Regular,,6.20,0.00,6.20,1.03,T48299208,Counter iPad,,Payment,Eat in,C376,Sample Customer 376
2026-07-16,22:44:00,Europe/London,Drinks,Coke,1,Regular,,3.00,0.00,3.00,0.50,T48299208,Counter iPad,,Payment,Takeaway,C376,Sample Customer 376
2026-07-16,22:44:00,Europe/London,Drinks,Espresso,1,Regular,,2.80,0.00,2.80,0.47,T48299208,Counter iPad,,Payment,Eat in,C376,Sample Customer 376
2026-07-16,23:11:00,Europe/London,Starters,Salt & Pepper Squid,2,Regular,,19.00,0.00,19.00,3.17,T43417762,Bar iPad,,Payment,Takeaway,,
2026-07-16,23:11:00,Europe/London,Mains,Burger,2,Regular,,33.00,0.00,33.00,5.50,T43417762,Bar iPad,,Payment,Eat in,,
2026-07-16,23:11:00,Europe/London,Sides,House Salad,1,Regular,,4.50,0.00,4.50,0.75,T43417762,Bar iPad,,Payment,Eat in,,
2026-07-16,23:11:00,Europe/London,Mains,Mushroom Risotto,1,Regular,,15.00,0.00,15.00,2.50,T43417762,Bar iPad,,Payment,Eat in,,
2026-07-16,23:11:00,Europe/London,Mains,Fish & Chips,1,Regular,,17.50,0.00,17.50,2.92,T43417762,Bar iPad,,Payment,Eat in,,
2026-07-16,23:11:00,Europe/London,Sides,Truffle Fries,1,Regular,,6.00,0.00,6.00,1.00,T43417762,Bar iPad,,Payment,Eat in,,
2026-07-16,23:11:00,Europe/London,Sides,Bread & Butter,1,Regular,,4.00,0.00,4.00,0.67,T43417762,Bar iPad,,Payment,Eat in,,
2026-07-16,23:11:00,Europe/London,Drinks,Lager Pint,1,Regular,,6.20,0.00,6.20,1.03,T43417762,Bar iPad,,Payment,Takeaway,,
2026-07-16,23:11:00,Europe/London,Drinks,House White 175ml,1,Regular,,7.00,0.00,7.00,1.17,T43417762,Bar iPad,,Payment,Takeaway,,
2026-07-16,23:11:00,Europe/London,Drinks,Sparkling Water 750ml,1,Regular,,4.00,0.00,4.00,0.67,T43417762,Bar iPad,,Payment,Eat in,,
2026-07-17,12:12:00,Europe/London,Mains,Chicken Supreme,1,Regular,,19.00,0.00,19.00,3.17,T29120424,Counter iPad,,Payment,Eat in,,
2026-07-17,12:12:00,Europe/London,Sides,Bread & Butter,1,Regular,,4.00,0.00,4.00,0.67,T29120424,Counter iPad,,Payment,Takeaway,,
2026-07-17,12:12:00,Europe/London,Drinks,House White 175ml,1,Regular,,7.00,0.00,7.00,1.17,T29120424,Counter iPad,,Payment,Takeaway,,
2026-07-17,12:24:00,Europe/London,Starters,Salt & Pepper Squid,1,Regular,,9.50,0.00,9.50,1.58,T55972696,Counter iPad,,Payment,Eat in,,
2026-07-17,12:24:00,Europe/London,Mains,Mushroom Risotto,1,Regular,,15.00,0.00,15.00,2.50,T55972696,Counter iPad,,Payment,Eat in,,
2026-07-17,12:24:00,Europe/London,Mains,Tidewater Burger,1,Regular,Add Bacon,16.50,0.00,16.50,2.75,T55972696,Counter iPad,,Payment,Eat in,,
2026-07-17,12:24:00,Europe/London,Desserts,Choc Tart,1,Regular,,8.00,0.00,8.00,1.33,T55972696,Counter iPad,,Payment,Takeaway,,
2026-07-17,12:24:00,Europe/London,Drinks,Lager Pint,1,Regular,,6.20,0.00,6.20,1.03,T55972696,Counter iPad,,Payment,Eat in,,
2026-07-17,12:24:00,Europe/London,Drinks,House White 175ml,1,Regular,,7.00,0.00,7.00,1.17,T55972696,Counter iPad,,Payment,Eat in,,
2026-07-17,12:24:00,Europe/London,Drinks,Sparkling Water 750ml,1,Regular,,4.00,0.00,4.00,0.67,T55972696,Counter iPad,,Payment,Takeaway,,
2026-07-17,12:25:00,Europe/London,Mains,Lamb Rump,1,Regular,,26.00,0.00,26.00,4.33,T24854509,Counter iPad,,Payment,Takeaway,,
2026-07-17,12:25:00,Europe/London,Set Menu,Set Lunch - 2 Courses,1,Regular,"Mackerel Pate, Fish & Chips (Small)",20.00,0.00,20.00,3.33,T24854509,Counter iPad,,Payment,Eat in,,
2026-07-17,12:27:00,Europe/London,Set Menu,Set Lunch - 2 Courses,1,Regular,,0.00,0.00,0.00,0.00,T24854509,Counter iPad,wrong table,Void,Eat in,,
2026-07-17,12:25:00,Europe/London,Sides,Bread & Butter,1,Regular,,4.00,0.00,4.00,0.67,T24854509,Counter iPad,,Payment,Takeaway,,
2026-07-17,12:25:00,Europe/London,Drinks,Lager Pint,1,Regular,,6.20,0.00,6.20,1.03,T24854509,Counter iPad,,Payment,Eat in,,
2026-07-17,12:25:00,Europe/London,Drinks,Espresso,1,Regular,,2.80,0.00,2.80,0.47,T24854509,Counter iPad,,Payment,Takeaway,,
2026-07-17,12:25:00,Europe/London,Drinks,Flat White,1,Regular,,3.40,0.00,3.40,0.57,T24854509,Counter iPad,,Payment,Eat in,,
2026-07-17,12:38:00,Europe/London,Starters,Rock Oysters,1,x6,,16.00,0.00,16.00,2.67,T57188986,Counter iPad,,Payment,Eat in,,
2026-07-17,12:38:00,Europe/London,Mains,SPECIAL - Crab Linguine,1,Regular,,18.00,0.00,18.00,3.00,T57188986,Counter iPad,,Payment,Takeaway,,
2026-07-17,12:38:00,Europe/London,Mains,Tidewater Burger,1,Regular,,16.50,0.00,16.50,2.75,T57188986,Counter iPad,,Payment,Takeaway,,
2026-07-17,12:38:00,Europe/London,Sides,Chips,1,Regular,,4.50,0.00,4.50,0.75,T57188986,Counter iPad,,Payment,Eat in,,
2026-07-17,12:38:00,Europe/London,Sides,Bread & Butter,1,Regular,,4.00,0.00,4.00,0.67,T57188986,Counter iPad,,Payment,Eat in,,
2026-07-17,12:38:00,Europe/London,Drinks,Lager Pint,2,Regular,,12.40,0.00,12.40,2.07,T57188986,Counter iPad,,Payment,Eat in,,
2026-07-17,12:38:00,Europe/London,Drinks,House White 175ml,1,Regular,,7.00,0.00,7.00,1.17,T57188986,Counter iPad,,Payment,Takeaway,,
2026-07-17,12:38:00,Europe/London,Drinks,House Red 175ml,1,Regular,,7.00,0.00,7.00,1.17,T57188986,Counter iPad,,Payment,Eat in,,
2026-07-17,12:59:00,Europe/London,Set Menu,Set Lunch - 3 Courses,2,Regular,"Mackerel Pate, Mushroom Risotto, Sticky Toffee Pudding, Soup of the Day, Mushroom Risotto, Sticky Toffee Pudding",50.00,0.00,50.00,8.33,T46910482,Counter iPad,,Payment,Eat in,,
2026-07-17,12:59:00,Europe/London,Starters,Salt & Pepper Squid,1,Regular,,9.50,0.00,9.50,1.58,T46910482,Counter iPad,,Payment,Eat in,,
2026-07-17,12:59:00,Europe/London,Mains,Hake,1,Regular,,22.00,0.00,22.00,3.67,T46910482,Counter iPad,,Payment,Eat in,,
2026-07-17,12:59:00,Europe/London,Starters,Pork Belly Bites,1,Regular,,8.00,0.00,8.00,1.33,T46910482,Counter iPad,,Payment,Eat in,,
2026-07-17,12:59:00,Europe/London,Mains,Tidewater Burger,1,Regular,,16.50,0.00,16.50,2.75,T46910482,Counter iPad,,Payment,Eat in,,
2026-07-17,12:59:00,Europe/London,Drinks,Lager Pint,4,Regular,,24.80,0.00,24.80,4.13,T46910482,Counter iPad,,Payment,Eat in,,
2026-07-17,12:59:00,Europe/London,Drinks,House Red 175ml,1,Regular,,7.00,0.00,7.00,1.17,T46910482,Counter iPad,,Payment,Eat in,,
2026-07-17,12:59:00,Europe/London,Drinks,Coke,1,Regular,,3.00,0.00,3.00,0.50,T46910482,Counter iPad,,Payment,Eat in,,
2026-07-17,12:59:00,Europe/London,Drinks,Sparkling Water 750ml,2,Regular,,8.00,0.00,8.00,1.33,T46910482,Counter iPad,,Payment,Takeaway,,
2026-07-17,12:59:00,Europe/London,Drinks,Espresso,1,Regular,,2.80,0.00,2.80,0.47,T46910482,Counter iPad,,Payment,Takeaway,,
2026-07-17,12:59:00,Europe/London,Drinks,Flat White,2,Regular,,6.80,0.00,6.80,1.13,T46910482,Counter iPad,,Payment,Takeaway,,
2026-07-17,13:24:00,Europe/London,Starters,Salt & Pepper Squid,2,Regular,,19.00,0.00,19.00,3.17,T78552934,Counter iPad,,Payment,Eat in,,
2026-07-17,13:24:00,Europe/London,Mains,Fish & Chips,1,Small,,13.00,0.00,13.00,2.17,T78552934,Counter iPad,,Payment,Eat in,,
2026-07-17,13:24:00,Europe/London,Set Menu,Set Lunch - 3 Courses,2,Regular,"Mackerel Pate, Fish & Chips (Small), Kids Ice Cream, Soup of the Day, Fish & Chips (Small), Kids Ice Cream",50.00,0.00,50.00,8.33,T78552934,Counter iPad,,Payment,Eat in,,
2026-07-17,13:24:00,Europe/London,Mains,Fish & Chips,1,Regular,,17.50,0.00,17.50,2.92,T78552934,Counter iPad,,Payment,Eat in,,
2026-07-17,13:24:00,Europe/London,Desserts,Sticky Toffee Pudding,1,Regular,,8.00,0.00,8.00,1.33,T78552934,Counter iPad,,Payment,Eat in,,
2026-07-17,13:24:00,Europe/London,Sides,Bread & Butter,1,Regular,,4.00,0.00,4.00,0.67,T78552934,Counter iPad,,Payment,Takeaway,,
2026-07-17,13:24:00,Europe/London,Drinks,Lager Pint,2,Regular,,12.40,0.00,12.40,2.07,T78552934,Counter iPad,,Payment,Eat in,,
2026-07-17,13:24:00,Europe/London,Drinks,House White 175ml,1,Regular,,7.00,0.00,7.00,1.17,T78552934,Counter iPad,,Payment,Eat in,,
2026-07-17,13:24:00,Europe/London,Drinks,Flat White,2,Regular,,6.80,0.00,6.80,1.13,T78552934,Counter iPad,,Payment,Eat in,,
2026-07-17,13:52:00,Europe/London,Kids,Kids Burger,1,Regular,,7.50,0.00,7.50,1.25,T12103519,Counter iPad,,Payment,Takeaway,,
2026-07-17,13:52:00,Europe/London,Kids,Kids Ice Cream,1,Regular,,3.50,0.00,3.50,0.58,T12103519,Counter iPad,,Payment,Eat in,,
2026-07-17,13:52:00,Europe/London,Set Menu,Set Lunch - 3 Courses,1,Regular,"Soup of the Day, Mushroom Risotto, Kids Ice Cream",25.00,0.00,25.00,4.17,T12103519,Counter iPad,,Payment,Takeaway,,
2026-07-17,13:52:00,Europe/London,Starters,Mackerel Pate,1,Regular,,8.50,0.00,8.50,1.42,T12103519,Counter iPad,,Payment,Eat in,,
2026-07-17,13:52:00,Europe/London,Mains,Fish & Chips,1,Regular,,17.50,0.00,17.50,2.92,T12103519,Counter iPad,,Payment,Eat in,,
2026-07-17,13:52:00,Europe/London,Sides,Truffle Fries,1,Regular,,6.00,0.00,6.00,1.00,T12103519,Counter iPad,,Payment,Takeaway,,
2026-07-17,13:52:00,Europe/London,Desserts,Choc Tart,1,Regular,,8.00,0.00,8.00,1.33,T12103519,Counter iPad,,Payment,Eat in,,
2026-07-17,13:52:00,Europe/London,Drinks,Lager Pint,3,Regular,,18.60,0.00,18.60,3.10,T12103519,Counter iPad,,Payment,Eat in,,
2026-07-17,13:52:00,Europe/London,Drinks,House White 175ml,1,Regular,,7.00,0.00,7.00,1.17,T12103519,Counter iPad,,Payment,Takeaway,,
2026-07-17,13:52:00,Europe/London,Drinks,Coke,1,Regular,,3.00,0.00,3.00,0.50,T12103519,Counter iPad,,Payment,Eat in,,
2026-07-17,13:52:00,Europe/London,Drinks,Flat White,1,Regular,,3.40,0.00,3.40,0.57,T12103519,Counter iPad,,Payment,Eat in,,
2026-07-17,14:46:00,Europe/London,Mains,Fish & Chips,1,Regular,,17.50,0.00,17.50,2.92,T36988914,Counter iPad,,Payment,Eat in,,
2026-07-17,14:46:00,Europe/London,Sides,House Salad,1,Regular,,4.50,0.00,4.50,0.75,T36988914,Counter iPad,,Payment,Takeaway,,
2026-07-17,14:46:00,Europe/London,Sides,Bread & Butter,1,Regular,,4.00,0.00,4.00,0.67,T36988914,Counter iPad,,Payment,Eat in,,
2026-07-17,14:46:00,Europe/London,Drinks,Lager Pint,1,Regular,,6.20,0.00,6.20,1.03,T36988914,Counter iPad,,Payment,Eat in,,
2026-07-17,14:46:00,Europe/London,Drinks,House White 175ml,1,Regular,,7.00,0.00,7.00,1.17,T36988914,Counter iPad,,Payment,Eat in,,
2026-07-17,14:46:00,Europe/London,Drinks,Espresso,1,Regular,,2.80,0.00,2.80,0.47,T36988914,Counter iPad,,Payment,Eat in,,
2026-07-17,14:46:00,Europe/London,Other,Custom Amount,1,Regular,,5.00,0.00,5.00,0.83,T36988914,Counter iPad,,Payment,Eat in,,
2026-07-17,18:01:00,Europe/London,Starters,Salt & Pepper Squid,2,Regular,,19.00,0.00,19.00,3.17,T96709360,Counter iPad,,Payment,Eat in,C785,Sample Customer 785
2026-07-17,18:01:00,Europe/London,Mains,Mushroom Risotto,1,Regular,,15.00,0.00,15.00,2.50,T96709360,Counter iPad,,Payment,Takeaway,C785,Sample Customer 785
2026-07-17,18:01:00,Europe/London,Mains,Hake,1,Regular,,22.00,0.00,22.00,3.67,T96709360,Counter iPad,,Payment,Eat in,C785,Sample Customer 785
2026-07-17,18:01:00,Europe/London,Drinks,House White 175ml,1,Regular,,7.00,0.00,7.00,1.17,T96709360,Counter iPad,,Payment,Eat in,C785,Sample Customer 785
2026-07-17,18:01:00,Europe/London,Drinks,House Red 175ml,1,Regular,,7.00,0.00,7.00,1.17,T96709360,Counter iPad,,Payment,Eat in,C785,Sample Customer 785
2026-07-17,18:26:00,Europe/London,Mains,Hake,1,Regular,,22.00,0.00,22.00,3.67,T44475863,Counter iPad,,Payment,Eat in,C417,Sample Customer 417
2026-07-17,18:26:00,Europe/London,Starters,Salt & Pepper Squid,1,Regular,,9.50,0.00,9.50,1.58,T44475863,Counter iPad,,Payment,Takeaway,C417,Sample Customer 417
2026-07-17,18:26:00,Europe/London,Starters,Rock Oysters,1,x6,,16.00,0.00,16.00,2.67,T44475863,Counter iPad,,Payment,Takeaway,C417,Sample Customer 417
2026-07-17,18:26:00,Europe/London,Mains,Lemon Sole (MP),1,Regular,,27.00,0.00,27.00,4.50,T44475863,Counter iPad,,Payment,Eat in,C417,Sample Customer 417
2026-07-17,18:26:00,Europe/London,Desserts,Choc Tart,1,Regular,,8.00,0.00,8.00,1.33,T44475863,Counter iPad,,Payment,Takeaway,C417,Sample Customer 417
2026-07-17,18:26:00,Europe/London,Mains,Chicken Supreme,1,Regular,,19.00,0.00,19.00,3.17,T44475863,Counter iPad,,Payment,Eat in,C417,Sample Customer 417
2026-07-17,18:26:00,Europe/London,Drinks,Lager Pint,2,Regular,,12.40,0.00,12.40,2.07,T44475863,Counter iPad,,Payment,Eat in,C417,Sample Customer 417
2026-07-17,18:26:00,Europe/London,Drinks,House White 175ml,1,Regular,,7.00,0.00,7.00,1.17,T44475863,Counter iPad,,Payment,Takeaway,C417,Sample Customer 417
2026-07-17,18:26:00,Europe/London,Drinks,House Red 175ml,1,Regular,,7.00,0.00,7.00,1.17,T44475863,Counter iPad,,Payment,Takeaway,C417,Sample Customer 417
2026-07-17,18:26:00,Europe/London,Drinks,Sparkling Water 750ml,1,Regular,,4.00,0.00,4.00,0.67,T44475863,Counter iPad,,Payment,Takeaway,C417,Sample Customer 417
2026-07-17,18:26:00,Europe/London,Drinks,Espresso,1,Regular,,2.80,0.00,2.80,0.47,T44475863,Counter iPad,,Payment,Takeaway,C417,Sample Customer 417
2026-07-17,19:02:00,Europe/London,Starters,Mackerel Pate,1,Regular,,8.50,0.00,8.50,1.42,T36545499,Counter iPad,,Payment,Eat in,,
2026-07-17,19:02:00,Europe/London,Mains,Steak Frites,1,Regular,,24.00,0.00,24.00,4.00,T36545499,Counter iPad,,Payment,Takeaway,,
2026-07-17,19:02:00,Europe/London,Sides,House Salad,1,Regular,,4.50,0.00,4.50,0.75,T36545499,Counter iPad,,Payment,Takeaway,,
2026-07-17,19:02:00,Europe/London,Mains,Tidewater Burger,1,Regular,,16.50,0.00,16.50,2.75,T36545499,Counter iPad,,Payment,Eat in,,
2026-07-17,19:02:00,Europe/London,Desserts,Affogato,1,Regular,,6.00,0.00,6.00,1.00,T36545499,Counter iPad,,Payment,Eat in,,
2026-07-17,19:02:00,Europe/London,Starters,Pork Belly Bites,1,Regular,,8.00,0.00,8.00,1.33,T36545499,Counter iPad,,Payment,Eat in,,
2026-07-17,19:02:00,Europe/London,Mains,SPECIAL - Crab Linguine,1,Regular,,18.00,0.00,18.00,3.00,T36545499,Counter iPad,,Payment,Eat in,,
2026-07-17,19:02:00,Europe/London,Drinks,Lager Pint,2,Regular,,12.40,0.00,12.40,2.07,T36545499,Counter iPad,,Payment,Eat in,,
2026-07-17,19:02:00,Europe/London,Drinks,House White 175ml,1,Regular,,7.00,0.00,7.00,1.17,T36545499,Counter iPad,,Payment,Eat in,,
2026-07-17,19:02:00,Europe/London,Drinks,House Red 175ml,1,Regular,,7.00,0.00,7.00,1.17,T36545499,Counter iPad,,Payment,Eat in,,
2026-07-17,19:02:00,Europe/London,Drinks,Sparkling Water 750ml,1,Regular,,4.00,0.00,4.00,0.67,T36545499,Counter iPad,,Payment,Eat in,,
2026-07-17,19:33:00,Europe/London,Mains,SPECIAL - Crab Linguine,1,Regular,,18.00,0.00,18.00,3.00,T44331834,Counter iPad,,Payment,Eat in,,
2026-07-17,19:33:00,Europe/London,Desserts,Cheeseboard,1,5,,16.00,0.00,16.00,2.67,T44331834,Counter iPad,,Payment,Takeaway,,
2026-07-17,19:33:00,Europe/London,Starters,Rock Oysters,1,x3,,9.00,0.00,9.00,1.50,T44331834,Counter iPad,,Payment,Eat in,,
2026-07-17,19:33:00,Europe/London,Mains,Fish & Chips,1,Regular,,17.50,0.00,17.50,2.92,T44331834,Counter iPad,,Payment,Eat in,,
2026-07-17,19:33:00,Europe/London,Sides,Chips,1,Regular,,4.50,0.00,4.50,0.75,T44331834,Counter iPad,,Payment,Eat in,,
2026-07-17,19:33:00,Europe/London,Desserts,Choc Tart,1,Regular,,8.00,0.00,8.00,1.33,T44331834,Counter iPad,,Payment,Takeaway,,
2026-07-17,19:33:00,Europe/London,Sides,Bread & Butter,1,Regular,,4.00,0.00,4.00,0.67,T44331834,Counter iPad,,Payment,Eat in,,
2026-07-17,19:33:00,Europe/London,Drinks,Lager Pint,2,Regular,,12.40,0.00,12.40,2.07,T44331834,Counter iPad,,Payment,Eat in,,
2026-07-17,19:33:00,Europe/London,Drinks,Sparkling Water 750ml,1,Regular,,4.00,0.00,4.00,0.67,T44331834,Counter iPad,,Payment,Eat in,,
2026-07-17,19:48:00,Europe/London,Kids,Kids Burger,1,Regular,,7.50,0.00,7.50,1.25,T30251017,Counter iPad,,Payment,Takeaway,,
2026-07-17,19:48:00,Europe/London,Kids,Kids Ice Cream,1,Regular,,3.50,0.00,3.50,0.58,T30251017,Counter iPad,,Payment,Takeaway,,
2026-07-17,19:48:00,Europe/London,Starters,Burrata,1,Regular,,10.00,0.00,10.00,1.67,T30251017,Counter iPad,,Payment,Takeaway,,
2026-07-17,19:48:00,Europe/London,Mains,Chicken Supreme,1,Regular,,19.00,0.00,19.00,3.17,T30251017,Counter iPad,,Payment,Takeaway,,
2026-07-17,19:48:00,Europe/London,Sides,House Salad,1,Regular,,4.50,0.00,4.50,0.75,T30251017,Counter iPad,,Payment,Takeaway,,
2026-07-17,19:48:00,Europe/London,Desserts,Cheeseboard,1,5,,16.00,0.00,16.00,2.67,T30251017,Counter iPad,,Payment,Eat in,,
2026-07-17,19:48:00,Europe/London,Mains,Fish & Chips,1,Small,,13.00,0.00,13.00,2.17,T30251017,Counter iPad,,Payment,Eat in,,
2026-07-17,19:48:00,Europe/London,Desserts,Sticky Toffee Pudding,2,Regular,,16.00,0.00,16.00,2.67,T30251017,Counter iPad,,Payment,Eat in,,
2026-07-17,19:48:00,Europe/London,Mains,Hake,1,Regular,,22.00,0.00,22.00,3.67,T30251017,Counter iPad,,Payment,Eat in,,
2026-07-17,19:48:00,Europe/London,Mains,Fish & Chips,1,Regular,,17.50,0.00,17.50,2.92,T30251017,Counter iPad,,Payment,Eat in,,
2026-07-17,19:48:00,Europe/London,Desserts,Choc Tart,1,Regular,,8.00,0.00,8.00,1.33,T30251017,Counter iPad,,Payment,Eat in,,
2026-07-17,19:48:00,Europe/London,Starters,Salt & Pepper Squid,1,Regular,,9.50,0.00,9.50,1.58,T30251017,Counter iPad,,Payment,Eat in,,
2026-07-17,19:48:00,Europe/London,Mains,Tidewater Burger,1,Regular,,16.50,0.00,16.50,2.75,T30251017,Counter iPad,,Payment,Eat in,,
2026-07-17,19:48:00,Europe/London,Sides,Bread & Butter,1,Regular,,4.00,0.00,4.00,0.67,T30251017,Counter iPad,,Payment,Eat in,,
2026-07-17,19:48:00,Europe/London,Drinks,Lager Pint,2,Regular,,12.40,0.00,12.40,2.07,T30251017,Counter iPad,,Payment,Eat in,,
2026-07-17,19:48:00,Europe/London,Drinks,House White 175ml,3,Regular,,21.00,0.00,21.00,3.50,T30251017,Counter iPad,,Payment,Eat in,,
2026-07-17,19:48:00,Europe/London,Drinks,House Red 175ml,1,Regular,,7.00,0.00,7.00,1.17,T30251017,Counter iPad,,Payment,Eat in,,
2026-07-17,19:48:00,Europe/London,Drinks,Coke,3,Regular,,9.00,0.00,9.00,1.50,T30251017,Counter iPad,,Payment,Eat in,,
2026-07-17,19:48:00,Europe/London,Drinks,Sparkling Water 750ml,1,Regular,,4.00,0.00,4.00,0.67,T30251017,Counter iPad,,Payment,Eat in,,
2026-07-17,19:48:00,Europe/London,Drinks,Espresso,1,Regular,,2.80,0.00,2.80,0.47,T30251017,Counter iPad,,Payment,Eat in,,
2026-07-17,19:55:00,Europe/London,Starters,Burrata,1,Regular,,10.00,0.00,10.00,1.67,T23195822,Counter iPad,,Payment,Takeaway,,
2026-07-17,19:55:00,Europe/London,Mains,Steak Frites,1,Regular,,24.00,0.00,24.00,4.00,T23195822,Counter iPad,,Payment,Eat in,,
2026-07-17,19:55:00,Europe/London,Sides,Peppercorn Sauce,1,Regular,,3.00,0.00,3.00,0.50,T23195822,Counter iPad,,Payment,Eat in,,
2026-07-17,19:55:00,Europe/London,Sides,Chips,1,Regular,,4.50,0.00,4.50,0.75,T23195822,Counter iPad,,Payment,Takeaway,,
2026-07-17,19:55:00,Europe/London,Mains,Chicken Supreme,3,Regular,,57.00,0.00,57.00,9.50,T23195822,Counter iPad,,Payment,Eat in,,
2026-07-17,19:55:00,Europe/London,Desserts,Sticky Toffee Pudding,1,Regular,,8.00,0.00,8.00,1.33,T23195822,Counter iPad,,Payment,Eat in,,
2026-07-17,19:55:00,Europe/London,Starters,Soup of the Day,1,Regular,,7.00,0.00,7.00,1.17,T23195822,Counter iPad,,Payment,Takeaway,,
2026-07-17,19:55:00,Europe/London,Mains,Fish & Chips,1,Regular,,17.50,0.00,17.50,2.92,T23195822,Counter iPad,,Payment,Eat in,,
2026-07-17,19:55:00,Europe/London,Sides,House Salad,1,Regular,,4.50,0.00,4.50,0.75,T23195822,Counter iPad,,Payment,Eat in,,
2026-07-17,19:55:00,Europe/London,Sides,Truffle Fries,1,Regular,,6.00,0.00,6.00,1.00,T23195822,Counter iPad,,Payment,Takeaway,,
2026-07-17,19:55:00,Europe/London,Drinks,Lager Pint,2,Regular,,12.40,0.00,12.40,2.07,T23195822,Counter iPad,,Payment,Eat in,,
2026-07-17,19:55:00,Europe/London,Drinks,House White 175ml,1,Regular,,7.00,0.00,7.00,1.17,T23195822,Counter iPad,,Payment,Takeaway,,
2026-07-17,19:55:00,Europe/London,Drinks,Sparkling Water 750ml,1,Regular,,4.00,0.00,4.00,0.67,T23195822,Counter iPad,,Payment,Takeaway,,
2026-07-17,19:55:00,Europe/London,Drinks,Flat White,1,Regular,,3.40,0.00,3.40,0.57,T23195822,Counter iPad,,Payment,Eat in,,
2026-07-17,19:58:00,Europe/London,Kids,Kids Fish & Chips,1,Regular,,8.00,0.00,8.00,1.33,T13248548,Counter iPad,,Payment,Eat in,,
2026-07-17,19:58:00,Europe/London,Starters,Salt & Pepper Squid,1,Regular,,9.50,0.00,9.50,1.58,T13248548,Counter iPad,,Payment,Eat in,,
2026-07-17,19:58:00,Europe/London,Sides,Chips,1,Regular,,4.50,0.00,4.50,0.75,T13248548,Counter iPad,,Payment,Eat in,,
2026-07-17,19:58:00,Europe/London,Mains,Tidewater Burger,1,Regular,"Add Bacon, Add Cheese",16.50,0.00,16.50,2.75,T13248548,Counter iPad,,Payment,Eat in,,
2026-07-17,19:58:00,Europe/London,Sides,Truffle Fries,1,Regular,,6.00,0.00,6.00,1.00,T13248548,Counter iPad,,Payment,Eat in,,
2026-07-17,19:58:00,Europe/London,Desserts,Sticky Toffee Pudding,1,Regular,,8.00,0.00,8.00,1.33,T13248548,Counter iPad,,Payment,Eat in,,
2026-07-17,19:58:00,Europe/London,Drinks,Lager Pint,1,Regular,,6.20,0.00,6.20,1.03,T13248548,Counter iPad,,Payment,Eat in,,
2026-07-17,19:58:00,Europe/London,Drinks,House White 175ml,1,Regular,,7.00,0.00,7.00,1.17,T13248548,Counter iPad,,Payment,Eat in,,
2026-07-17,19:58:00,Europe/London,Drinks,Sparkling Water 750ml,1,Regular,,4.00,0.00,4.00,0.67,T13248548,Counter iPad,,Payment,Eat in,,
2026-07-17,20:05:00,Europe/London,Starters,Salt & Pepper Squid,2,Regular,,19.00,0.00,19.00,3.17,T42887846,Bar iPad,,Payment,Eat in,,
2026-07-17,20:05:00,Europe/London,Mains,Fish & Chips,1,Small,,13.00,0.00,13.00,2.17,T42887846,Bar iPad,,Payment,Eat in,,
2026-07-17,20:05:00,Europe/London,Desserts,Sticky Toffee Pudding,1,Regular,,8.00,0.00,8.00,1.33,T42887846,Bar iPad,,Payment,Eat in,,
2026-07-17,20:05:00,Europe/London,Mains,Hake,1,Regular,,22.00,0.00,22.00,3.67,T42887846,Bar iPad,,Payment,Eat in,,
2026-07-17,20:05:00,Europe/London,Sides,Tenderstem,1,Regular,,5.00,0.00,5.00,0.83,T42887846,Bar iPad,,Payment,Eat in,,
2026-07-17,20:05:00,Europe/London,Desserts,Creme Brulee,1,Regular,,7.50,0.00,7.50,1.25,T42887846,Bar iPad,,Payment,Eat in,,
2026-07-17,20:05:00,Europe/London,Sides,Bread & Butter,1,Regular,,4.00,0.00,4.00,0.67,T42887846,Bar iPad,,Payment,Eat in,,
2026-07-17,20:05:00,Europe/London,Drinks,Lager Pint,1,Regular,,6.20,0.00,6.20,1.03,T42887846,Bar iPad,,Payment,Takeaway,,
2026-07-17,20:05:00,Europe/London,Drinks,House White 175ml,1,Regular,,7.00,0.00,7.00,1.17,T42887846,Bar iPad,,Payment,Eat in,,
2026-07-17,20:30:00,Europe/London,Kids,Kids Burger,1,Regular,,7.50,0.00,7.50,1.25,T95633975,Counter iPad,,Payment,Eat in,,
2026-07-17,20:30:00,Europe/London,Kids,Kids Fish & Chips,1,Regular,,8.00,0.00,8.00,1.33,T95633975,Counter iPad,,Payment,Takeaway,,
2026-07-17,20:30:00,Europe/London,Mains,Fish & Chips,1,Small,,13.00,0.00,13.00,2.17,T95633975,Counter iPad,,Payment,Eat in,,
2026-07-17,20:30:00,Europe/London,Desserts,Cheeseboard,1,5,,16.00,0.00,16.00,2.67,T95633975,Counter iPad,,Payment,Takeaway,,
2026-07-17,20:30:00,Europe/London,Desserts,Affogato,1,Regular,,6.00,0.00,6.00,1.00,T95633975,Counter iPad,,Payment,Eat in,,
2026-07-17,20:30:00,Europe/London,Drinks,Lager Pint,2,Regular,,12.40,0.00,12.40,2.07,T95633975,Counter iPad,,Payment,Eat in,,
2026-07-17,21:29:00,Europe/London,Kids,Kids Burger,2,Regular,,15.00,0.00,15.00,2.50,T18248336,Bar iPad,,Payment,Eat in,,
2026-07-17,21:29:00,Europe/London,Kids,Kids Fish & Chips,1,Regular,,8.00,0.00,8.00,1.33,T18248336,Bar iPad,,Payment,Eat in,,
2026-07-17,21:29:00,Europe/London,Mains,Burger,1,Regular,Add Bacon,16.50,0.00,16.50,2.75,T18248336,Bar iPad,,Payment,Eat in,,
2026-07-17,21:29:00,Europe/London,Mains,Fish & Chips,1,Regular,,17.50,0.00,17.50,2.92,T18248336,Bar iPad,,Payment,Eat in,,
2026-07-17,21:29:00,Europe/London,Sides,Fries,1,Regular,,4.50,0.00,4.50,0.75,T18248336,Bar iPad,,Payment,Eat in,,
2026-07-17,21:29:00,Europe/London,Drinks,Lager Pint,2,Regular,,12.40,0.00,12.40,2.07,T18248336,Bar iPad,,Payment,Eat in,,
2026-07-17,21:29:00,Europe/London,Drinks,House White 175ml,2,Regular,,14.00,0.00,14.00,2.33,T18248336,Bar iPad,,Payment,Eat in,,
2026-07-17,21:29:00,Europe/London,Drinks,House Red 175ml,3,Regular,,21.00,0.00,21.00,3.50,T18248336,Bar iPad,,Payment,Takeaway,,
2026-07-17,21:29:00,Europe/London,Drinks,Coke,1,Regular,,3.00,0.00,3.00,0.50,T18248336,Bar iPad,,Payment,Eat in,,
2026-07-17,21:29:00,Europe/London,Drinks,Sparkling Water 750ml,1,Regular,,4.00,0.00,4.00,0.67,T18248336,Bar iPad,,Payment,Takeaway,,
2026-07-17,21:29:00,Europe/London,Drinks,Espresso,1,Regular,,2.80,0.00,2.80,0.47,T18248336,Bar iPad,,Payment,Eat in,,
2026-07-17,22:09:00,Europe/London,Drinks,Espresso,1,Regular,,-2.80,0.00,-2.80,-0.47,T18248336,Bar iPad,sent back,Refund,Eat in,,
2026-07-17,22:07:00,Europe/London,Mains,Mushroom Risotto,1,Regular,,15.00,0.00,15.00,2.50,T54251710,Counter iPad,,Payment,Takeaway,,
2026-07-17,22:07:00,Europe/London,Mains,Steak Frites,1,Regular,,24.00,0.00,24.00,4.00,T54251710,Counter iPad,,Payment,Eat in,,
2026-07-17,22:07:00,Europe/London,Drinks,Lager Pint,1,Regular,,6.20,0.00,6.20,1.03,T54251710,Counter iPad,,Payment,Eat in,,
2026-07-17,22:07:00,Europe/London,Drinks,Flat White,1,Regular,,3.40,0.00,3.40,0.57,T54251710,Counter iPad,,Payment,Eat in,,
2026-07-17,22:24:00,Europe/London,Starters,Soup of the Day,1,Regular,,7.00,0.00,7.00,1.17,T96752003,Counter iPad,,Payment,Eat in,,
2026-07-17,22:24:00,Europe/London,Mains,Mushroom Risotto,1,Regular,,15.00,0.00,15.00,2.50,T96752003,Counter iPad,,Payment,Takeaway,,
2026-07-17,22:24:00,Europe/London,Desserts,Sticky Toffee Pudding,2,Regular,,16.00,0.00,16.00,2.67,T96752003,Counter iPad,,Payment,Eat in,,
2026-07-17,22:24:00,Europe/London,Mains,Fish & Chips,1,Regular,,17.50,0.00,17.50,2.92,T96752003,Counter iPad,,Payment,Takeaway,,
2026-07-17,22:24:00,Europe/London,Mains,Tidewater Burger,1,Regular,,16.50,0.00,16.50,2.75,T96752003,Counter iPad,,Payment,Takeaway,,
2026-07-17,22:24:00,Europe/London,Sides,Chips,1,Regular,,4.50,0.00,4.50,0.75,T96752003,Counter iPad,,Payment,Eat in,,
2026-07-17,22:24:00,Europe/London,Mains,Fish & Chips,1,Small,,13.00,0.00,13.00,2.17,T96752003,Counter iPad,,Payment,Eat in,,
2026-07-17,22:24:00,Europe/London,Sides,Truffle Fries,1,Regular,,6.00,0.00,6.00,1.00,T96752003,Counter iPad,,Payment,Takeaway,,
2026-07-17,22:24:00,Europe/London,Mains,SPECIAL - Crab Linguine,1,Regular,,18.00,0.00,18.00,3.00,T96752003,Counter iPad,,Payment,Eat in,,
2026-07-17,22:24:00,Europe/London,Mains,Steak Frites,1,Regular,,24.00,0.00,24.00,4.00,T96752003,Counter iPad,,Payment,Takeaway,,
2026-07-17,22:24:00,Europe/London,Sides,Peppercorn Sauce,1,Regular,,3.00,0.00,3.00,0.50,T96752003,Counter iPad,,Payment,Eat in,,
2026-07-17,22:24:00,Europe/London,Desserts,Crème Brûlée,1,Regular,,7.50,0.00,7.50,1.25,T96752003,Counter iPad,,Payment,Takeaway,,
2026-07-17,22:24:00,Europe/London,Drinks,Lager Pint,2,Regular,,12.40,0.00,12.40,2.07,T96752003,Counter iPad,,Payment,Eat in,,
2026-07-17,22:24:00,Europe/London,Drinks,House White 175ml,3,Regular,,21.00,0.00,21.00,3.50,T96752003,Counter iPad,,Payment,Takeaway,,
2026-07-17,22:24:00,Europe/London,Drinks,House Red 175ml,1,Regular,,7.00,0.00,7.00,1.17,T96752003,Counter iPad,,Payment,Eat in,,
2026-07-17,22:24:00,Europe/London,Drinks,Coke,1,Regular,,3.00,0.00,3.00,0.50,T96752003,Counter iPad,,Payment,Eat in,,
2026-07-17,22:24:00,Europe/London,Drinks,Sparkling Water 750ml,1,Regular,,4.00,0.00,4.00,0.67,T96752003,Counter iPad,,Payment,Takeaway,,
2026-07-17,22:24:00,Europe/London,Drinks,Espresso,2,Regular,,5.60,0.00,5.60,0.93,T96752003,Counter iPad,,Payment,Takeaway,,
2026-07-17,22:24:00,Europe/London,Drinks,Flat White,1,Regular,,3.40,0.00,3.40,0.57,T96752003,Counter iPad,,Payment,Takeaway,,
2026-07-17,22:35:00,Europe/London,Mains,Fish & Chips,2,Regular,,35.00,0.00,35.00,5.83,T71725457,Counter iPad,,Payment,Takeaway,,
2026-07-17,22:35:00,Europe/London,Desserts,Crème Brûlée,2,Regular,,15.00,0.00,15.00,2.50,T71725457,Counter iPad,,Payment,Eat in,,
2026-07-17,22:35:00,Europe/London,Starters,Salt & Pepper Squid,1,Regular,,9.50,0.00,9.50,1.58,T71725457,Counter iPad,,Payment,Eat in,,
2026-07-17,22:35:00,Europe/London,Sides,Chips,1,Regular,,4.50,0.00,4.50,0.75,T71725457,Counter iPad,,Payment,Eat in,,
2026-07-17,22:35:00,Europe/London,Sides,Bread & Butter,1,Regular,,4.00,0.00,4.00,0.67,T71725457,Counter iPad,,Payment,Eat in,,
2026-07-17,22:35:00,Europe/London,Drinks,House Red 175ml,1,Regular,,7.00,0.00,7.00,1.17,T71725457,Counter iPad,,Payment,Eat in,,
2026-07-17,22:35:00,Europe/London,Drinks,Sparkling Water 750ml,2,Regular,,8.00,0.00,8.00,1.33,T71725457,Counter iPad,,Payment,Takeaway,,
2026-07-17,23:07:00,Europe/London,Kids,Kids Fish & Chips,2,Regular,,16.00,0.00,16.00,2.67,T21372981,Counter iPad,regulars,Payment,Eat in,,
2026-07-17,23:07:00,Europe/London,Sides,Truffle Fries,1,Regular,,6.00,0.00,6.00,1.00,T21372981,Counter iPad,regulars,Payment,Eat in,,
2026-07-17,23:07:00,Europe/London,Desserts,Crème Brûlée,1,Regular,,7.50,0.00,7.50,1.25,T21372981,Counter iPad,regulars,Payment,Takeaway,,
2026-07-17,23:07:00,Europe/London,Starters,Salt & Pepper Squid,1,Regular,,9.50,0.00,9.50,1.58,T21372981,Counter iPad,regulars,Payment,Eat in,,
2026-07-17,23:07:00,Europe/London,Mains,Mushroom Risotto,1,Regular,,15.00,0.00,15.00,2.50,T21372981,Counter iPad,regulars,Payment,Takeaway,,
2026-07-17,23:07:00,Europe/London,Sides,Chips,1,Regular,,4.50,0.00,4.50,0.75,T21372981,Counter iPad,regulars,Payment,Eat in,,
2026-07-17,23:07:00,Europe/London,Desserts,Sticky Toffee Pudding,1,Regular,,8.00,0.00,8.00,1.33,T21372981,Counter iPad,regulars,Payment,Eat in,,
2026-07-17,23:07:00,Europe/London,Drinks,House White 175ml,1,Regular,,7.00,0.00,7.00,1.17,T21372981,Counter iPad,regulars,Payment,Takeaway,,
2026-07-17,23:07:00,Europe/London,Drinks,Espresso,1,Regular,,2.80,0.00,2.80,0.47,T21372981,Counter iPad,regulars,Payment,Eat in,,
2026-07-17,23:07:00,Europe/London,Drinks,Flat White,1,Regular,,3.40,0.00,3.40,0.57,T21372981,Counter iPad,regulars,Payment,Eat in,,
2026-07-17,23:40:00,Europe/London,Starters,Pork Belly Bites,2,Regular,,16.00,0.00,16.00,2.67,T37320104,Bar iPad,,Payment,Eat in,,
2026-07-17,23:40:00,Europe/London,Mains,Lemon Sole (MP),1,Regular,,24.00,0.00,24.00,4.00,T37320104,Bar iPad,,Payment,Eat in,,
2026-07-17,23:40:00,Europe/London,Sides,Fries,1,Regular,,4.50,0.00,4.50,0.75,T37320104,Bar iPad,,Payment,Takeaway,,
2026-07-17,23:40:00,Europe/London,Mains,Hake,1,Regular,,22.00,0.00,22.00,3.67,T37320104,Bar iPad,,Payment,Takeaway,,
2026-07-17,23:40:00,Europe/London,Desserts,Cheeseboard,1,5,,16.00,0.00,16.00,2.67,T37320104,Bar iPad,,Payment,Eat in,,
2026-07-17,23:40:00,Europe/London,Drinks,Lager Pint,1,Regular,,6.20,0.00,6.20,1.03,T37320104,Bar iPad,,Payment,Takeaway,,
2026-07-17,23:40:00,Europe/London,Drinks,Coke,1,Regular,,3.00,0.00,3.00,0.50,T37320104,Bar iPad,,Payment,Eat in,,
2026-07-17,23:40:00,Europe/London,Drinks,Flat White,1,Regular,,3.40,0.00,3.40,0.57,T37320104,Bar iPad,,Payment,Eat in,,
2026-07-18,12:00:00,Europe/London,Mains,Tidewater Burger,1,Regular,,16.50,0.00,16.50,2.75,T17657641,Counter iPad,,Payment,Takeaway,,
2026-07-18,12:00:00,Europe/London,Sides,Chips,2,Regular,,9.00,0.00,9.00,1.50,T17657641,Counter iPad,,Payment,Eat in,,
2026-07-18,12:00:00,Europe/London,Mains,Fish & Chips,2,Regular,,35.00,0.00,35.00,5.83,T17657641,Counter iPad,,Payment,Eat in,,
2026-07-18,12:00:00,Europe/London,Starters,Burrata,1,Regular,,10.00,0.00,10.00,1.67,T17657641,Counter iPad,,Payment,Takeaway,,
2026-07-18,12:00:00,Europe/London,Mains,SPECIAL - Crab Linguine,1,Regular,,18.00,0.00,18.00,3.00,T17657641,Counter iPad,,Payment,Eat in,,
2026-07-18,12:00:00,Europe/London,Desserts,Cheeseboard,1,5,,16.00,0.00,16.00,2.67,T17657641,Counter iPad,,Payment,Eat in,,
2026-07-18,12:00:00,Europe/London,Sides,Bread & Butter,1,Regular,,4.00,0.00,4.00,0.67,T17657641,Counter iPad,,Payment,Eat in,,
2026-07-18,12:00:00,Europe/London,Drinks,Lager Pint,2,Regular,,12.40,0.00,12.40,2.07,T17657641,Counter iPad,,Payment,Eat in,,
2026-07-18,12:00:00,Europe/London,Drinks,House Red 175ml,1,Regular,,7.00,0.00,7.00,1.17,T17657641,Counter iPad,,Payment,Eat in,,
2026-07-18,12:00:00,Europe/London,Drinks,Coke,2,Regular,,6.00,0.00,6.00,1.00,T17657641,Counter iPad,,Payment,Eat in,,
2026-07-18,12:00:00,Europe/London,Drinks,Sparkling Water 750ml,1,Regular,,4.00,0.00,4.00,0.67,T17657641,Counter iPad,,Payment,Eat in,,
2026-07-18,12:00:00,Europe/London,Drinks,Espresso,1,Regular,,2.80,0.00,2.80,0.47,T17657641,Counter iPad,,Payment,Eat in,,
2026-07-18,12:00:00,Europe/London,Drinks,Flat White,1,Regular,,3.40,0.00,3.40,0.57,T17657641,Counter iPad,,Payment,Takeaway,,
2026-07-18,12:52:00,Europe/London,Mains,Chicken Supreme,1,Regular,,19.00,0.00,19.00,3.17,T55282958,Counter iPad,,Payment,Eat in,,
2026-07-18,12:52:00,Europe/London,Desserts,Sticky Toffee Pudding,1,Regular,,8.00,0.00,8.00,1.33,T55282958,Counter iPad,,Payment,Eat in,,
2026-07-18,12:52:00,Europe/London,Mains,Fish & Chips,1,Small,,13.00,0.00,13.00,2.17,T55282958,Counter iPad,,Payment,Eat in,,
2026-07-18,12:52:00,Europe/London,Starters,Rock Oysters,2,x3,,18.00,0.00,18.00,3.00,T55282958,Counter iPad,,Payment,Eat in,,
2026-07-18,12:52:00,Europe/London,Mains,Steak Frites,1,Regular,,24.00,-24.00,0.00,0.00,T55282958,Counter iPad,comp - long wait,Payment,Eat in,,
2026-07-18,12:52:00,Europe/London,Mains,Fish & Chips,1,Regular,,17.50,0.00,17.50,2.92,T55282958,Counter iPad,,Payment,Eat in,,
2026-07-18,12:52:00,Europe/London,Sides,Bread & Butter,1,Regular,,4.00,0.00,4.00,0.67,T55282958,Counter iPad,,Payment,Eat in,,
2026-07-18,12:52:00,Europe/London,Drinks,Lager Pint,3,Regular,,18.60,0.00,18.60,3.10,T55282958,Counter iPad,,Payment,Eat in,,
2026-07-18,12:52:00,Europe/London,Drinks,House White 175ml,1,Regular,,7.00,0.00,7.00,1.17,T55282958,Counter iPad,,Payment,Takeaway,,
2026-07-18,12:52:00,Europe/London,Drinks,House Red 175ml,1,Regular,,7.00,0.00,7.00,1.17,T55282958,Counter iPad,,Payment,Takeaway,,
2026-07-18,12:52:00,Europe/London,Drinks,Coke,2,Regular,,6.00,0.00,6.00,1.00,T55282958,Counter iPad,,Payment,Takeaway,,
2026-07-18,12:52:00,Europe/London,Drinks,Espresso,1,Regular,,2.80,0.00,2.80,0.47,T55282958,Counter iPad,,Payment,Eat in,,
2026-07-18,12:54:00,Europe/London,Starters,Pork Belly Bites,2,Regular,,16.00,0.00,16.00,2.67,T91888241,Counter iPad,,Payment,Takeaway,,
2026-07-18,12:54:00,Europe/London,Mains,Chicken Supreme,1,Regular,,19.00,0.00,19.00,3.17,T91888241,Counter iPad,,Payment,Eat in,,
2026-07-18,12:54:00,Europe/London,Sides,Truffle Fries,1,Regular,,6.00,0.00,6.00,1.00,T91888241,Counter iPad,,Payment,Eat in,,
2026-07-18,12:54:00,Europe/London,Desserts,Sticky Toffee Pudding,1,Regular,,8.00,0.00,8.00,1.33,T91888241,Counter iPad,,Payment,Takeaway,,
2026-07-18,12:54:00,Europe/London,Mains,Steak Frites,1,Regular,,24.00,0.00,24.00,4.00,T91888241,Counter iPad,,Payment,Eat in,,
2026-07-18,12:54:00,Europe/London,Sides,Peppercorn Sauce,1,Regular,,3.00,0.00,3.00,0.50,T91888241,Counter iPad,,Payment,Takeaway,,
2026-07-18,12:54:00,Europe/London,Sides,Bread & Butter,1,Regular,,4.00,0.00,4.00,0.67,T91888241,Counter iPad,,Payment,Takeaway,,
2026-07-18,12:54:00,Europe/London,Drinks,Lager Pint,2,Regular,,12.40,0.00,12.40,2.07,T91888241,Counter iPad,,Payment,Eat in,,
2026-07-18,12:54:00,Europe/London,Drinks,House Red 175ml,1,Regular,,7.00,0.00,7.00,1.17,T91888241,Counter iPad,,Payment,Eat in,,
2026-07-18,13:03:00,Europe/London,Starters,Salt & Pepper Squid,1,Regular,,9.50,0.00,9.50,1.58,T78919438,Counter iPad,,Payment,Eat in,,
2026-07-18,13:03:00,Europe/London,Mains,Chicken Supreme,1,Regular,,19.00,0.00,19.00,3.17,T78919438,Counter iPad,,Payment,Eat in,,
2026-07-18,13:03:00,Europe/London,Sides,Bread & Butter,1,Regular,,4.00,0.00,4.00,0.67,T78919438,Counter iPad,,Payment,Eat in,,
2026-07-18,13:03:00,Europe/London,Drinks,House White 175ml,1,Regular,,7.00,0.00,7.00,1.17,T78919438,Counter iPad,,Payment,Eat in,,
2026-07-18,13:03:00,Europe/London,Drinks,Coke,1,Regular,,3.00,0.00,3.00,0.50,T78919438,Counter iPad,,Payment,Eat in,,
2026-07-18,13:32:00,Europe/London,Mains,Burger,1,Regular,,16.50,0.00,16.50,2.75,T46505988,Bar iPad,,Payment,Eat in,,
2026-07-18,13:32:00,Europe/London,Mains,Steak Frites,1,Regular,,24.00,0.00,24.00,4.00,T46505988,Bar iPad,,Payment,Eat in,,
2026-07-18,13:32:00,Europe/London,Starters,Pork Belly Bites,1,Regular,,8.00,0.00,8.00,1.33,T46505988,Bar iPad,,Payment,Eat in,,
2026-07-18,13:32:00,Europe/London,Mains,Fish & Chips,1,Regular,,17.50,0.00,17.50,2.92,T46505988,Bar iPad,,Payment,Takeaway,,
2026-07-18,13:32:00,Europe/London,Sides,Bread & Butter,1,Regular,,4.00,0.00,4.00,0.67,T46505988,Bar iPad,,Payment,Takeaway,,
2026-07-18,13:32:00,Europe/London,Drinks,Lager Pint,2,Regular,,12.40,0.00,12.40,2.07,T46505988,Bar iPad,,Payment,Eat in,,
2026-07-18,13:32:00,Europe/London,Drinks,House White 175ml,1,Regular,,7.00,0.00,7.00,1.17,T46505988,Bar iPad,,Payment,Eat in,,
2026-07-18,13:32:00,Europe/London,Drinks,House Red 175ml,1,Regular,,7.00,0.00,7.00,1.17,T46505988,Bar iPad,,Payment,Eat in,,
2026-07-18,13:32:00,Europe/London,Drinks,Coke,1,Regular,,3.00,0.00,3.00,0.50,T46505988,Bar iPad,,Payment,Eat in,,
2026-07-18,13:32:00,Europe/London,Starters,Pork Belly Bites,1,Regular,,8.00,0.00,8.00,1.33,T32016696,Bar iPad,,Payment,Eat in,,
2026-07-18,13:32:00,Europe/London,Mains,Steak Frites,1,Regular,,24.00,0.00,24.00,4.00,T32016696,Bar iPad,,Payment,Eat in,,
2026-07-18,13:32:00,Europe/London,Mains,Fish & Chips,1,Regular,,17.50,0.00,17.50,2.92,T32016696,Bar iPad,,Payment,Eat in,,
2026-07-18,13:32:00,Europe/London,Mains,Fish & Chips,1,Small,,13.00,0.00,13.00,2.17,T32016696,Bar iPad,,Payment,Eat in,,
2026-07-18,13:32:00,Europe/London,Desserts,Choc Tart,1,Regular,,8.00,0.00,8.00,1.33,T32016696,Bar iPad,,Payment,Eat in,,
2026-07-18,13:32:00,Europe/London,Sides,Bread & Butter,1,Regular,,4.00,0.00,4.00,0.67,T32016696,Bar iPad,,Payment,Eat in,,
2026-07-18,13:32:00,Europe/London,Drinks,Lager Pint,1,Regular,,6.20,0.00,6.20,1.03,T32016696,Bar iPad,,Payment,Eat in,,
2026-07-18,13:32:00,Europe/London,Drinks,House White 175ml,1,Regular,,7.00,0.00,7.00,1.17,T32016696,Bar iPad,,Payment,Eat in,,
2026-07-18,13:32:00,Europe/London,Drinks,Coke,1,Regular,,3.00,0.00,3.00,0.50,T32016696,Bar iPad,,Payment,Eat in,,
2026-07-18,13:32:00,Europe/London,Drinks,Sparkling Water 750ml,1,Regular,,4.00,0.00,4.00,0.67,T32016696,Bar iPad,,Payment,Eat in,,
2026-07-18,13:43:00,Europe/London,Starters,Mackerel Pate,1,Regular,,8.50,0.00,8.50,1.42,T40391622,Counter iPad,,Payment,Eat in,,
2026-07-18,13:43:00,Europe/London,Mains,Tidewater Burger,1,Regular,,16.50,0.00,16.50,2.75,T40391622,Counter iPad,,Payment,Eat in,,
2026-07-18,13:43:00,Europe/London,Sides,Chips,1,Regular,,4.50,0.00,4.50,0.75,T40391622,Counter iPad,,Payment,Eat in,,
2026-07-18,13:43:00,Europe/London,Desserts,Affogato,2,Regular,,12.00,0.00,12.00,2.00,T40391622,Counter iPad,,Payment,Eat in,,
2026-07-18,13:43:00,Europe/London,Starters,Soup of the Day,1,Regular,,7.00,0.00,7.00,1.17,T40391622,Counter iPad,,Payment,Takeaway,,
2026-07-18,13:43:00,Europe/London,Mains,SPECIAL - Crab Linguine,1,Regular,,18.00,0.00,18.00,3.00,T40391622,Counter iPad,,Payment,Eat in,,
2026-07-18,13:43:00,Europe/London,Sides,Bread & Butter,1,Regular,,4.00,0.00,4.00,0.67,T40391622,Counter iPad,,Payment,Eat in,,
2026-07-18,13:43:00,Europe/London,Drinks,Lager Pint,2,Regular,,12.40,0.00,12.40,2.07,T40391622,Counter iPad,,Payment,Eat in,,
2026-07-18,13:43:00,Europe/London,Drinks,House Red 175ml,1,Regular,,7.00,0.00,7.00,1.17,T40391622,Counter iPad,,Payment,Eat in,,
2026-07-18,13:43:00,Europe/London,Drinks,Coke,1,Regular,,3.00,0.00,3.00,0.50,T40391622,Counter iPad,,Payment,Takeaway,,
2026-07-18,13:43:00,Europe/London,Drinks,Flat White,1,Regular,,3.40,0.00,3.40,0.57,T40391622,Counter iPad,,Payment,Eat in,,
2026-07-18,16:30:00,Europe/London,Other,Staff Meal,1,Regular,Risotto,10.00,-10.00,0.00,0.00,T87492437,Counter iPad,,Payment,Eat in,,
2026-07-18,13:46:00,Europe/London,Mains,Chicken Supreme,1,Regular,,19.00,0.00,19.00,3.17,T57261399,Counter iPad,,Payment,Eat in,,
2026-07-18,13:46:00,Europe/London,Sides,Truffle Fries,1,Regular,,6.00,0.00,6.00,1.00,T57261399,Counter iPad,,Payment,Eat in,,
2026-07-18,13:46:00,Europe/London,Desserts,Crème Brûlée,1,Regular,,7.50,0.00,7.50,1.25,T57261399,Counter iPad,,Payment,Eat in,,
2026-07-18,13:46:00,Europe/London,Starters,Pork Belly Bites,1,Regular,,8.00,0.00,8.00,1.33,T57261399,Counter iPad,,Payment,Eat in,,
2026-07-18,13:46:00,Europe/London,Mains,Steak Frites,2,Regular,,48.00,0.00,48.00,8.00,T57261399,Counter iPad,,Payment,Eat in,,
2026-07-18,13:46:00,Europe/London,Sides,Tenderstem,1,Regular,,5.00,0.00,5.00,0.83,T57261399,Counter iPad,,Payment,Takeaway,,
2026-07-18,13:46:00,Europe/London,Starters,Salt & Pepper Squid,1,Regular,,9.50,0.00,9.50,1.58,T57261399,Counter iPad,,Payment,Eat in,,
2026-07-18,13:46:00,Europe/London,Mains,Fish & Chips,1,Regular,,17.50,0.00,17.50,2.92,T57261399,Counter iPad,,Payment,Takeaway,,
2026-07-18,13:46:00,Europe/London,Sides,Chips,1,Regular,,4.50,0.00,4.50,0.75,T57261399,Counter iPad,,Payment,Eat in,,
2026-07-18,13:46:00,Europe/London,Desserts,Choc Tart,1,Regular,,8.00,0.00,8.00,1.33,T57261399,Counter iPad,,Payment,Eat in,,
2026-07-18,13:46:00,Europe/London,Drinks,Lager Pint,2,Regular,,12.40,0.00,12.40,2.07,T57261399,Counter iPad,,Payment,Eat in,,
2026-07-18,13:46:00,Europe/London,Drinks,House White 175ml,2,Regular,,14.00,0.00,14.00,2.33,T57261399,Counter iPad,,Payment,Takeaway,,
2026-07-18,13:46:00,Europe/London,Drinks,House Red 175ml,2,Regular,,14.00,0.00,14.00,2.33,T57261399,Counter iPad,,Payment,Eat in,,
2026-07-18,13:46:00,Europe/London,Drinks,Coke,2,Regular,,6.00,0.00,6.00,1.00,T57261399,Counter iPad,,Payment,Takeaway,,
2026-07-18,13:46:00,Europe/London,Drinks,Espresso,1,Regular,,2.80,0.00,2.80,0.47,T57261399,Counter iPad,,Payment,Eat in,,
2026-07-18,13:46:00,Europe/London,Drinks,Flat White,1,Regular,,3.40,0.00,3.40,0.57,T57261399,Counter iPad,,Payment,Eat in,,
2026-07-18,14:41:00,Europe/London,Starters,Salt & Pepper Squid,1,Regular,,9.50,0.00,9.50,1.58,T48299879,Counter iPad,,Payment,Eat in,,
2026-07-18,14:41:00,Europe/London,Mains,Fish & Chips,2,Regular,,35.00,0.00,35.00,5.83,T48299879,Counter iPad,,Payment,Eat in,,
2026-07-18,14:41:00,Europe/London,Sides,Truffle Fries,1,Regular,,6.00,0.00,6.00,1.00,T48299879,Counter iPad,,Payment,Eat in,,
2026-07-18,14:41:00,Europe/London,Desserts,Choc Tart,1,Regular,,8.00,0.00,8.00,1.33,T48299879,Counter iPad,,Payment,Eat in,,
2026-07-18,14:41:00,Europe/London,Sides,House Salad,1,Regular,,4.50,0.00,4.50,0.75,T48299879,Counter iPad,,Payment,Eat in,,
2026-07-18,14:41:00,Europe/London,Desserts,Sticky Toffee Pudding,1,Regular,,8.00,0.00,8.00,1.33,T48299879,Counter iPad,,Payment,Eat in,,
2026-07-18,14:41:00,Europe/London,Drinks,Lager Pint,2,Regular,,12.40,0.00,12.40,2.07,T48299879,Counter iPad,,Payment,Eat in,,
2026-07-18,18:11:00,Europe/London,Starters,Salt & Pepper Squid,2,Regular,,19.00,0.00,19.00,3.17,T65212791,Counter iPad,,Payment,Eat in,,
2026-07-18,18:11:00,Europe/London,Mains,Fish & Chips,1,Regular,,17.50,0.00,17.50,2.92,T65212791,Counter iPad,,Payment,Eat in,,
2026-07-18,18:11:00,Europe/London,Mains,Fish & Chips,1,Small,,13.00,0.00,13.00,2.17,T65212791,Counter iPad,,Payment,Eat in,,
2026-07-18,18:11:00,Europe/London,Starters,Burrata,1,Regular,,10.00,0.00,10.00,1.67,T65212791,Counter iPad,,Payment,Eat in,,
2026-07-18,18:11:00,Europe/London,Mains,Tidewater Burger,1,Regular,Add Cheese,16.50,0.00,16.50,2.75,T65212791,Counter iPad,,Payment,Takeaway,,
2026-07-18,18:51:00,Europe/London,Mains,Tidewater Burger,1,Regular,,-16.50,0.00,-16.50,-2.75,T65212791,Counter iPad,sent back,Refund,Eat in,,
2026-07-18,18:11:00,Europe/London,Desserts,Sticky Toffee Pudding,1,Regular,,8.00,0.00,8.00,1.33,T65212791,Counter iPad,,Payment,Takeaway,,
2026-07-18,18:11:00,Europe/London,Sides,Bread & Butter,1,Regular,,4.00,0.00,4.00,0.67,T65212791,Counter iPad,,Payment,Eat in,,
2026-07-18,18:11:00,Europe/London,Drinks,Lager Pint,3,Regular,,18.60,0.00,18.60,3.10,T65212791,Counter iPad,,Payment,Takeaway,,
2026-07-18,18:11:00,Europe/London,Drinks,House White 175ml,1,Regular,,7.00,0.00,7.00,1.17,T65212791,Counter iPad,,Payment,Eat in,,
2026-07-18,18:15:00,Europe/London,Sides,Chips,1,Regular,,4.50,0.00,4.50,0.75,T90846573,Counter iPad,,Payment,Takeaway,,
2026-07-18,18:15:00,Europe/London,Starters,Burrata,1,Regular,,10.00,0.00,10.00,1.67,T90846573,Counter iPad,,Payment,Eat in,,
2026-07-18,18:15:00,Europe/London,Mains,Hake,1,Regular,,22.00,0.00,22.00,3.67,T90846573,Counter iPad,,Payment,Takeaway,,
2026-07-18,18:15:00,Europe/London,Drinks,Lager Pint,1,Regular,,6.20,0.00,6.20,1.03,T90846573,Counter iPad,,Payment,Eat in,,
2026-07-18,18:15:00,Europe/London,Drinks,House White 175ml,1,Regular,,7.00,0.00,7.00,1.17,T90846573,Counter iPad,,Payment,Eat in,,
2026-07-18,18:15:00,Europe/London,Drinks,House Red 175ml,1,Regular,,7.00,0.00,7.00,1.17,T90846573,Counter iPad,,Payment,Takeaway,,
2026-07-18,18:15:00,Europe/London,Drinks,Flat White,1,Regular,,3.40,0.00,3.40,0.57,T90846573,Counter iPad,,Payment,Eat in,,
2026-07-18,19:05:00,Europe/London,Starters,Mackerel Pate,1,Regular,,8.50,0.00,8.50,1.42,T21024998,Bar iPad,,Payment,Eat in,,
2026-07-18,19:05:00,Europe/London,Mains,Steak Frites,1,Regular,,24.00,0.00,24.00,4.00,T21024998,Bar iPad,,Payment,Eat in,,
2026-07-18,19:05:00,Europe/London,Sides,Tenderstem,2,Regular,,10.00,0.00,10.00,1.67,T21024998,Bar iPad,,Payment,Eat in,,
2026-07-18,19:05:00,Europe/London,Desserts,Choc Tart,1,Regular,,8.00,0.00,8.00,1.33,T21024998,Bar iPad,,Payment,Eat in,,
2026-07-18,19:05:00,Europe/London,Starters,Pork Belly Bites,1,Regular,,8.00,0.00,8.00,1.33,T21024998,Bar iPad,,Payment,Eat in,,
2026-07-18,19:05:00,Europe/London,Mains,Fish & Chips,1,Small,,13.00,0.00,13.00,2.17,T21024998,Bar iPad,,Payment,Eat in,,
2026-07-18,19:05:00,Europe/London,Sides,Fries,1,Regular,,4.50,0.00,4.50,0.75,T21024998,Bar iPad,,Payment,Eat in,,
2026-07-18,19:05:00,Europe/London,Mains,Fish & Chips,1,Regular,,17.50,0.00,17.50,2.92,T21024998,Bar iPad,,Payment,Eat in,,
2026-07-18,19:05:00,Europe/London,Mains,Lamb Rump,1,Regular,,26.00,0.00,26.00,4.33,T21024998,Bar iPad,,Payment,Eat in,,
2026-07-18,19:05:00,Europe/London,Sides,Bread & Butter,1,Regular,,4.00,0.00,4.00,0.67,T21024998,Bar iPad,,Payment,Takeaway,,
2026-07-18,19:05:00,Europe/London,Drinks,Lager Pint,4,Regular,,24.80,0.00,24.80,4.13,T21024998,Bar iPad,,Payment,Eat in,,
2026-07-18,19:05:00,Europe/London,Drinks,House White 175ml,2,Regular,,14.00,0.00,14.00,2.33,T21024998,Bar iPad,,Payment,Eat in,,
2026-07-18,19:05:00,Europe/London,Drinks,House Red 175ml,4,Regular,,28.00,0.00,28.00,4.67,T21024998,Bar iPad,,Payment,Eat in,,
2026-07-18,19:05:00,Europe/London,Drinks,Coke,2,Regular,,6.00,0.00,6.00,1.00,T21024998,Bar iPad,,Payment,Eat in,,
2026-07-18,19:05:00,Europe/London,Drinks,Espresso,1,Regular,,2.80,0.00,2.80,0.47,T21024998,Bar iPad,,Payment,Takeaway,,
2026-07-18,19:05:00,Europe/London,Drinks,Flat White,1,Regular,,3.40,0.00,3.40,0.57,T21024998,Bar iPad,,Payment,Eat in,,
2026-07-18,19:13:00,Europe/London,Starters,Salt & Pepper Squid,2,Regular,,19.00,0.00,19.00,3.17,T28959015,Counter iPad,,Payment,Eat in,C964,Sample Customer 964
2026-07-18,19:13:00,Europe/London,Starters,Rock Oysters,1,x3,,9.00,0.00,9.00,1.50,T28959015,Counter iPad,,Payment,Eat in,C964,Sample Customer 964
2026-07-18,19:13:00,Europe/London,Mains,Chicken Supreme,1,Regular,,19.00,0.00,19.00,3.17,T28959015,Counter iPad,,Payment,Eat in,C964,Sample Customer 964
2026-07-18,19:13:00,Europe/London,Desserts,Cheeseboard,1,5,,16.00,0.00,16.00,2.67,T28959015,Counter iPad,,Payment,Eat in,C964,Sample Customer 964
2026-07-18,19:13:00,Europe/London,Mains,Fish & Chips,1,Regular,,17.50,0.00,17.50,2.92,T28959015,Counter iPad,,Payment,Eat in,C964,Sample Customer 964
2026-07-18,19:13:00,Europe/London,Desserts,Crème Brûlée,1,Regular,,7.50,0.00,7.50,1.25,T28959015,Counter iPad,,Payment,Eat in,C964,Sample Customer 964
2026-07-18,19:13:00,Europe/London,Drinks,Lager Pint,2,Regular,,12.40,0.00,12.40,2.07,T28959015,Counter iPad,,Payment,Takeaway,C964,Sample Customer 964
2026-07-18,19:25:00,Europe/London,Kids,Kids Fish & Chips,1,Regular,,8.00,0.00,8.00,1.33,T72702162,Counter iPad,,Payment,Eat in,,
2026-07-18,19:25:00,Europe/London,Starters,Burrata,1,Regular,,10.00,0.00,10.00,1.67,T72702162,Counter iPad,,Payment,Eat in,,
2026-07-18,19:25:00,Europe/London,Mains,Tidewater Burger,1,Regular,,16.50,0.00,16.50,2.75,T72702162,Counter iPad,,Payment,Eat in,,
2026-07-18,19:25:00,Europe/London,Sides,Truffle Fries,1,Regular,,6.00,0.00,6.00,1.00,T72702162,Counter iPad,,Payment,Eat in,,
2026-07-18,19:25:00,Europe/London,Starters,Salt & Pepper Squid,1,Regular,,9.50,0.00,9.50,1.58,T72702162,Counter iPad,,Payment,Eat in,,
2026-07-18,19:25:00,Europe/London,Mains,Fish & Chips,1,Regular,,17.50,0.00,17.50,2.92,T72702162,Counter iPad,,Payment,Takeaway,,
2026-07-18,19:25:00,Europe/London,Desserts,Cheeseboard,1,3,,11.00,0.00,11.00,1.83,T72702162,Counter iPad,,Payment,Eat in,,
2026-07-18,19:25:00,Europe/London,Drinks,Lager Pint,2,Regular,,12.40,0.00,12.40,2.07,T72702162,Counter iPad,,Payment,Eat in,,
2026-07-18,19:25:00,Europe/London,Drinks,Coke,1,Regular,,3.00,0.00,3.00,0.50,T72702162,Counter iPad,,Payment,Eat in,,
2026-07-18,19:25:00,Europe/London,Drinks,Espresso,1,Regular,,2.80,0.00,2.80,0.47,T72702162,Counter iPad,,Payment,Takeaway,,
2026-07-18,19:25:00,Europe/London,Drinks,Flat White,1,Regular,,3.40,0.00,3.40,0.57,T72702162,Counter iPad,,Payment,Takeaway,,
2026-07-18,19:54:00,Europe/London,Starters,Burrata,1,Regular,,10.00,0.00,10.00,1.67,T36739472,Counter iPad,,Payment,Takeaway,,
2026-07-18,19:54:00,Europe/London,Mains,Mushroom Risotto,1,Regular,,15.00,0.00,15.00,2.50,T36739472,Counter iPad,,Payment,Eat in,,
2026-07-18,19:56:00,Europe/London,Mains,Mushroom Risotto,1,Regular,,0.00,0.00,0.00,0.00,T36739472,Counter iPad,wrong table,Void,Eat in,,
2026-07-18,19:54:00,Europe/London,Sides,Truffle Fries,1,Regular,,6.00,0.00,6.00,1.00,T36739472,Counter iPad,,Payment,Eat in,,
2026-07-18,19:54:00,Europe/London,Desserts,Sticky Toffee Pudding,1,Regular,,8.00,0.00,8.00,1.33,T36739472,Counter iPad,,Payment,Eat in,,
2026-07-18,19:54:00,Europe/London,Starters,Pork Belly Bites,1,Regular,,8.00,0.00,8.00,1.33,T36739472,Counter iPad,,Payment,Eat in,,
2026-07-18,19:54:00,Europe/London,Mains,Hake,1,Regular,,22.00,0.00,22.00,3.67,T36739472,Counter iPad,,Payment,Eat in,,
2026-07-18,19:54:00,Europe/London,Sides,Bread & Butter,1,Regular,,4.00,0.00,4.00,0.67,T36739472,Counter iPad,,Payment,Takeaway,,
2026-07-18,19:54:00,Europe/London,Drinks,House White 175ml,1,Regular,,7.00,0.00,7.00,1.17,T36739472,Counter iPad,,Payment,Eat in,,
2026-07-18,19:54:00,Europe/London,Drinks,House Red 175ml,1,Regular,,7.00,0.00,7.00,1.17,T36739472,Counter iPad,,Payment,Eat in,,
2026-07-18,20:13:00,Europe/London,Starters,Burrata,1,Regular,,10.00,0.00,10.00,1.67,T61481042,Counter iPad,,Payment,Takeaway,,
2026-07-18,20:13:00,Europe/London,Mains,Steak Frites,1,Regular,,24.00,0.00,24.00,4.00,T61481042,Counter iPad,,Payment,Eat in,,
2026-07-18,20:13:00,Europe/London,Sides,Chips,2,Regular,,9.00,0.00,9.00,1.50,T61481042,Counter iPad,,Payment,Eat in,,
2026-07-18,20:13:00,Europe/London,Mains,Lamb Rump,1,Regular,,26.00,0.00,26.00,4.33,T61481042,Counter iPad,,Payment,Eat in,,
2026-07-18,20:13:00,Europe/London,Desserts,Crème Brûlée,2,Regular,,15.00,0.00,15.00,2.50,T61481042,Counter iPad,,Payment,Eat in,,
2026-07-18,20:13:00,Europe/London,Mains,Fish & Chips,1,Regular,,17.50,0.00,17.50,2.92,T61481042,Counter iPad,,Payment,Eat in,,
2026-07-18,20:13:00,Europe/London,Starters,Salt & Pepper Squid,1,Regular,,9.50,0.00,9.50,1.58,T61481042,Counter iPad,,Payment,Takeaway,,
2026-07-18,20:13:00,Europe/London,Mains,Chicken Supreme,1,Regular,,19.00,0.00,19.00,3.17,T61481042,Counter iPad,,Payment,Eat in,,
2026-07-18,20:13:00,Europe/London,Sides,Bread & Butter,1,Regular,,4.00,0.00,4.00,0.67,T61481042,Counter iPad,,Payment,Eat in,,
2026-07-18,20:13:00,Europe/London,Drinks,Lager Pint,2,Regular,,12.40,0.00,12.40,2.07,T61481042,Counter iPad,,Payment,Eat in,,
2026-07-18,20:13:00,Europe/London,Drinks,House Red 175ml,2,Regular,,14.00,0.00,14.00,2.33,T61481042,Counter iPad,,Payment,Eat in,,
2026-07-18,20:25:00,Europe/London,Sides,Tenderstem,1,Regular,,5.00,0.00,5.00,0.83,T98048328,Bar iPad,Table 14 - call 07700 900194 when ready,Payment,Eat in,,
2026-07-18,20:25:00,Europe/London,Desserts,Creme Brulee,1,Regular,,7.50,0.00,7.50,1.25,T98048328,Bar iPad,Table 14 - call 07700 900194 when ready,Payment,Eat in,,
2026-07-18,20:25:00,Europe/London,Sides,Bread & Butter,1,Regular,,4.00,0.00,4.00,0.67,T98048328,Bar iPad,Table 14 - call 07700 900194 when ready,Payment,Eat in,,
2026-07-18,20:25:00,Europe/London,Drinks,Lager Pint,1,Regular,,6.20,0.00,6.20,1.03,T98048328,Bar iPad,Table 14 - call 07700 900194 when ready,Payment,Eat in,,
2026-07-18,20:25:00,Europe/London,Drinks,House Red 175ml,1,Regular,,7.00,0.00,7.00,1.17,T98048328,Bar iPad,Table 14 - call 07700 900194 when ready,Payment,Eat in,,
2026-07-18,20:25:00,Europe/London,Drinks,Coke,1,Regular,,3.00,0.00,3.00,0.50,T98048328,Bar iPad,Table 14 - call 07700 900194 when ready,Payment,Takeaway,,
2026-07-18,20:44:00,Europe/London,Drinks,Lager Pint,1,Regular,,6.20,0.00,6.20,1.03,T83541654,Counter iPad,,Payment,Eat in,,
2026-07-18,20:44:00,Europe/London,Drinks,House Red 175ml,1,Regular,,7.00,0.00,7.00,1.17,T83541654,Counter iPad,,Payment,Eat in,,
2026-07-18,20:44:00,Europe/London,Drinks,Coke,1,Regular,,3.00,0.00,3.00,0.50,T83541654,Counter iPad,,Payment,Takeaway,,
2026-07-18,20:52:00,Europe/London,Mains,Fish & Chips,3,Regular,,52.50,0.00,52.50,8.75,T70923561,Counter iPad,,Payment,Eat in,C994,Sample Customer 994
2026-07-18,20:52:00,Europe/London,Starters,Soup of the Day,1,Regular,,7.00,0.00,7.00,1.17,T70923561,Counter iPad,,Payment,Eat in,C994,Sample Customer 994
2026-07-18,20:52:00,Europe/London,Sides,Truffle Fries,1,Regular,,6.00,0.00,6.00,1.00,T70923561,Counter iPad,,Payment,Eat in,C994,Sample Customer 994
2026-07-18,20:52:00,Europe/London,Desserts,Sticky Toffee Pudding,1,Regular,,8.00,0.00,8.00,1.33,T70923561,Counter iPad,,Payment,Eat in,C994,Sample Customer 994
2026-07-18,20:52:00,Europe/London,Sides,Bread & Butter,1,Regular,,4.00,0.00,4.00,0.67,T70923561,Counter iPad,,Payment,Eat in,C994,Sample Customer 994
2026-07-18,20:52:00,Europe/London,Drinks,Lager Pint,3,Regular,,18.60,0.00,18.60,3.10,T70923561,Counter iPad,,Payment,Eat in,C994,Sample Customer 994
2026-07-18,20:52:00,Europe/London,Drinks,House Red 175ml,1,Regular,,7.00,0.00,7.00,1.17,T70923561,Counter iPad,,Payment,Eat in,C994,Sample Customer 994
2026-07-18,20:52:00,Europe/London,Drinks,Coke,1,Regular,,3.00,0.00,3.00,0.50,T70923561,Counter iPad,,Payment,Eat in,C994,Sample Customer 994
2026-07-18,20:52:00,Europe/London,Drinks,Espresso,1,Regular,,2.80,0.00,2.80,0.47,T70923561,Counter iPad,,Payment,Takeaway,C994,Sample Customer 994
2026-07-18,21:04:00,Europe/London,Starters,Mackerel Pate,1,Regular,,8.50,0.00,8.50,1.42,T70521317,Bar iPad,,Payment,Eat in,,
2026-07-18,21:04:00,Europe/London,Mains,Burger,2,Regular,,33.00,0.00,33.00,5.50,T70521317,Bar iPad,,Payment,Takeaway,,
2026-07-18,21:04:00,Europe/London,Starters,Salt & Pepper Squid,1,Regular,,9.50,0.00,9.50,1.58,T70521317,Bar iPad,,Payment,Takeaway,,
2026-07-18,21:04:00,Europe/London,Drinks,Sparkling Water 750ml,1,Regular,,4.00,0.00,4.00,0.67,T70521317,Bar iPad,,Payment,Eat in,,
2026-07-18,21:04:00,Europe/London,Drinks,Flat White,1,Regular,,3.40,0.00,3.40,0.57,T70521317,Bar iPad,,Payment,Eat in,,
2026-07-18,21:34:00,Europe/London,Mains,Steak Frites,2,Regular,,48.00,0.00,48.00,8.00,T19533778,Counter iPad,,Payment,Eat in,,
2026-07-18,21:34:00,Europe/London,Starters,Soup of the Day,1,Regular,,7.00,0.00,7.00,1.17,T19533778,Counter iPad,,Payment,Eat in,,
2026-07-18,21:34:00,Europe/London,Starters,Rock Oysters,1,x6,,16.00,0.00,16.00,2.67,T19533778,Counter iPad,,Payment,Eat in,,
2026-07-18,21:34:00,Europe/London,Mains,Lemon Sole (MP),1,Regular,,27.00,0.00,27.00,4.50,T19533778,Counter iPad,,Payment,Eat in,,
2026-07-18,21:34:00,Europe/London,Mains,Fish & Chips,1,Regular,,17.50,0.00,17.50,2.92,T19533778,Counter iPad,,Payment,Eat in,,
2026-07-18,21:34:00,Europe/London,Desserts,Crème Brûlée,1,Regular,,7.50,0.00,7.50,1.25,T19533778,Counter iPad,,Payment,Eat in,,
2026-07-18,21:34:00,Europe/London,Starters,Salt & Pepper Squid,1,Regular,,9.50,0.00,9.50,1.58,T19533778,Counter iPad,,Payment,Eat in,,
2026-07-18,21:34:00,Europe/London,Sides,Peppercorn Sauce,1,Regular,,3.00,0.00,3.00,0.50,T19533778,Counter iPad,,Payment,Eat in,,
2026-07-18,21:34:00,Europe/London,Drinks,House White 175ml,2,Regular,,14.00,0.00,14.00,2.33,T19533778,Counter iPad,,Payment,Eat in,,
2026-07-18,21:34:00,Europe/London,Drinks,House Red 175ml,1,Regular,,7.00,0.00,7.00,1.17,T19533778,Counter iPad,,Payment,Eat in,,
2026-07-18,21:34:00,Europe/London,Drinks,Coke,1,Regular,,3.00,0.00,3.00,0.50,T19533778,Counter iPad,,Payment,Takeaway,,
2026-07-18,21:34:00,Europe/London,Drinks,Espresso,1,Regular,,2.80,0.00,2.80,0.47,T19533778,Counter iPad,,Payment,Eat in,,
2026-07-18,21:34:00,Europe/London,Drinks,Flat White,2,Regular,,6.80,0.00,6.80,1.13,T19533778,Counter iPad,,Payment,Eat in,,
2026-07-18,22:09:00,Europe/London,Mains,SPECIAL - Crab Linguine,1,Regular,,18.00,0.00,18.00,3.00,T61926893,Counter iPad,,Payment,Eat in,,
2026-07-18,22:09:00,Europe/London,Mains,Fish & Chips,1,Regular,,17.50,0.00,17.50,2.92,T61926893,Counter iPad,,Payment,Eat in,,
2026-07-18,22:09:00,Europe/London,Drinks,Lager Pint,2,Regular,,12.40,0.00,12.40,2.07,T61926893,Counter iPad,,Payment,Takeaway,,
2026-07-18,22:09:00,Europe/London,Drinks,House White 175ml,1,Regular,,7.00,0.00,7.00,1.17,T61926893,Counter iPad,,Payment,Eat in,,
2026-07-18,22:09:00,Europe/London,Drinks,House Red 175ml,1,Regular,,7.00,0.00,7.00,1.17,T61926893,Counter iPad,,Payment,Eat in,,
2026-07-18,22:09:00,Europe/London,Drinks,Coke,1,Regular,,3.00,0.00,3.00,0.50,T61926893,Counter iPad,,Payment,Eat in,,
2026-07-18,22:16:00,Europe/London,Starters,Burrata,2,Regular,,20.00,0.00,20.00,3.33,T79307390,Bar iPad,,Payment,Takeaway,,
2026-07-18,22:16:00,Europe/London,Mains,Burger,3,Regular,,49.50,0.00,49.50,8.25,T79307390,Bar iPad,,Payment,Eat in,,
2026-07-18,22:16:00,Europe/London,Desserts,Sticky Toffee Pudding,2,Regular,,16.00,0.00,16.00,2.67,T79307390,Bar iPad,,Payment,Eat in,,
2026-07-18,22:16:00,Europe/London,Mains,Chicken Supreme,1,Regular,,19.00,0.00,19.00,3.17,T79307390,Bar iPad,,Payment,Takeaway,,
2026-07-18,22:16:00,Europe/London,Sides,Fries,1,Regular,,4.50,0.00,4.50,0.75,T79307390,Bar iPad,,Payment,Eat in,,
2026-07-18,22:16:00,Europe/London,Drinks,Lager Pint,2,Regular,,12.40,0.00,12.40,2.07,T79307390,Bar iPad,,Payment,Eat in,,
2026-07-18,22:16:00,Europe/London,Drinks,House White 175ml,2,Regular,,14.00,0.00,14.00,2.33,T79307390,Bar iPad,,Payment,Eat in,,
2026-07-18,22:16:00,Europe/London,Drinks,House Red 175ml,1,Regular,,7.00,0.00,7.00,1.17,T79307390,Bar iPad,,Payment,Eat in,,
2026-07-18,22:16:00,Europe/London,Drinks,Coke,1,Regular,,3.00,0.00,3.00,0.50,T79307390,Bar iPad,,Payment,Eat in,,
2026-07-18,22:16:00,Europe/London,Drinks,Flat White,2,Regular,,6.80,0.00,6.80,1.13,T79307390,Bar iPad,,Payment,Eat in,,
2026-07-18,22:44:00,Europe/London,Mains,Tidewater Burger,1,Regular,Add Bacon,16.50,0.00,16.50,2.75,T68271059,Counter iPad,,Payment,Eat in,C600,Sample Customer 600
2026-07-18,22:44:00,Europe/London,Sides,Chips,1,Regular,,4.50,0.00,4.50,0.75,T68271059,Counter iPad,,Payment,Eat in,C600,Sample Customer 600
2026-07-18,22:44:00,Europe/London,Starters,Mackerel Pate,1,Regular,,8.50,0.00,8.50,1.42,T68271059,Counter iPad,,Payment,Eat in,C600,Sample Customer 600
2026-07-18,22:44:00,Europe/London,Mains,Chicken Supreme,1,Regular,,19.00,0.00,19.00,3.17,T68271059,Counter iPad,,Payment,Eat in,C600,Sample Customer 600
2026-07-18,22:44:00,Europe/London,Desserts,Sticky Toffee Pudding,1,Regular,,8.00,0.00,8.00,1.33,T68271059,Counter iPad,,Payment,Takeaway,C600,Sample Customer 600
2026-07-18,22:44:00,Europe/London,Sides,Bread & Butter,1,Regular,,4.00,0.00,4.00,0.67,T68271059,Counter iPad,,Payment,Eat in,C600,Sample Customer 600
2026-07-18,22:44:00,Europe/London,Drinks,House White 175ml,2,Regular,,14.00,0.00,14.00,2.33,T68271059,Counter iPad,,Payment,Eat in,C600,Sample Customer 600
2026-07-18,23:09:00,Europe/London,Starters,Salt & Pepper Squid,1,Regular,,9.50,0.00,9.50,1.58,T67667745,Counter iPad,,Payment,Eat in,,
2026-07-18,23:09:00,Europe/London,Starters,Rock Oysters,1,x3,,9.00,0.00,9.00,1.50,T67667745,Counter iPad,,Payment,Takeaway,,
2026-07-18,23:09:00,Europe/London,Mains,Tidewater Burger,1,Regular,Add Cheese,16.50,0.00,16.50,2.75,T67667745,Counter iPad,,Payment,Eat in,,
2026-07-18,23:09:00,Europe/London,Sides,Tenderstem,1,Regular,,5.00,0.00,5.00,0.83,T67667745,Counter iPad,,Payment,Eat in,,
2026-07-18,23:09:00,Europe/London,Desserts,Crème Brûlée,1,Regular,,7.50,0.00,7.50,1.25,T67667745,Counter iPad,,Payment,Eat in,,
2026-07-18,23:09:00,Europe/London,Drinks,Lager Pint,1,Regular,,6.20,0.00,6.20,1.03,T67667745,Counter iPad,,Payment,Eat in,,
2026-07-18,23:09:00,Europe/London,Drinks,House White 175ml,1,Regular,,7.00,0.00,7.00,1.17,T67667745,Counter iPad,,Payment,Eat in,,
2026-07-18,23:13:00,Europe/London,Starters,Salt & Pepper Squid,1,Regular,,9.50,0.00,9.50,1.58,T92178252,Counter iPad,,Payment,Eat in,C480,Sample Customer 480
2026-07-18,23:13:00,Europe/London,Starters,Rock Oysters,1,x3,,9.00,0.00,9.00,1.50,T92178252,Counter iPad,,Payment,Eat in,C480,Sample Customer 480
2026-07-18,23:13:00,Europe/London,Mains,Lemon Sole (MP),1,Regular,,26.00,0.00,26.00,4.33,T92178252,Counter iPad,,Payment,Eat in,C480,Sample Customer 480
2026-07-18,23:13:00,Europe/London,Sides,Chips,1,Regular,,4.50,0.00,4.50,0.75,T92178252,Counter iPad,,Payment,Eat in,C480,Sample Customer 480
2026-07-18,23:13:00,Europe/London,Desserts,Affogato,1,Regular,,6.00,0.00,6.00,1.00,T92178252,Counter iPad,,Payment,Eat in,C480,Sample Customer 480
2026-07-18,23:15:00,Europe/London,Starters,Mackerel Pate,1,Regular,,8.50,0.00,8.50,1.42,T82233962,Counter iPad,,Payment,Eat in,,
2026-07-18,23:15:00,Europe/London,Mains,Hake,1,Regular,,22.00,0.00,22.00,3.67,T82233962,Counter iPad,,Payment,Eat in,,
2026-07-18,23:15:00,Europe/London,Sides,Chips,1,Regular,,4.50,0.00,4.50,0.75,T82233962,Counter iPad,,Payment,Eat in,,
2026-07-18,23:15:00,Europe/London,Starters,Soup of the Day,1,Regular,,7.00,0.00,7.00,1.17,T82233962,Counter iPad,,Payment,Eat in,,
2026-07-18,23:15:00,Europe/London,Mains,Tidewater Burger,1,Regular,,16.50,0.00,16.50,2.75,T82233962,Counter iPad,,Payment,Eat in,,
2026-07-18,23:15:00,Europe/London,Desserts,Cheeseboard,1,3,,11.00,0.00,11.00,1.83,T82233962,Counter iPad,,Payment,Eat in,,
2026-07-18,23:15:00,Europe/London,Sides,Bread & Butter,1,Regular,,4.00,0.00,4.00,0.67,T82233962,Counter iPad,,Payment,Eat in,,
2026-07-18,23:15:00,Europe/London,Drinks,Lager Pint,1,Regular,,6.20,0.00,6.20,1.03,T82233962,Counter iPad,,Payment,Eat in,,
2026-07-18,23:15:00,Europe/London,Drinks,House White 175ml,1,Regular,,7.00,0.00,7.00,1.17,T82233962,Counter iPad,,Payment,Eat in,,
2026-07-18,23:15:00,Europe/London,Drinks,House Red 175ml,1,Regular,,7.00,0.00,7.00,1.17,T82233962,Counter iPad,,Payment,Eat in,,
2026-07-18,23:15:00,Europe/London,Drinks,Sparkling Water 750ml,1,Regular,,4.00,0.00,4.00,0.67,T82233962,Counter iPad,,Payment,Eat in,,
2026-07-18,23:48:00,Europe/London,Kids,Kids Burger,1,Regular,,7.50,0.00,7.50,1.25,T16624538,Bar iPad,,Payment,Takeaway,,
2026-07-18,23:48:00,Europe/London,Kids,Kids Ice Cream,1,Regular,,3.50,0.00,3.50,0.58,T16624538,Bar iPad,,Payment,Takeaway,,
2026-07-18,23:48:00,Europe/London,Starters,Pork Belly Bites,1,Regular,,8.00,0.00,8.00,1.33,T16624538,Bar iPad,,Payment,Eat in,,
2026-07-18,23:48:00,Europe/London,Mains,Burger,1,Regular,,16.50,0.00,16.50,2.75,T16624538,Bar iPad,,Payment,Takeaway,,
2026-07-18,23:48:00,Europe/London,Starters,Salt & Pepper Squid,2,Regular,,19.00,0.00,19.00,3.17,T16624538,Bar iPad,,Payment,Takeaway,,
2026-07-18,23:48:00,Europe/London,Mains,Steak Frites,1,Regular,,24.00,0.00,24.00,4.00,T16624538,Bar iPad,,Payment,Takeaway,,
2026-07-18,23:48:00,Europe/London,Sides,Fries,2,Regular,,9.00,0.00,9.00,1.50,T16624538,Bar iPad,,Payment,Takeaway,,
2026-07-18,23:48:00,Europe/London,Mains,SPECIAL - Crab Linguine,1,Regular,,18.00,0.00,18.00,3.00,T16624538,Bar iPad,,Payment,Takeaway,,
2026-07-18,23:48:00,Europe/London,Sides,Bread & Butter,1,Regular,,4.00,0.00,4.00,0.67,T16624538,Bar iPad,,Payment,Eat in,,
2026-07-18,23:48:00,Europe/London,Drinks,Lager Pint,1,Regular,,6.20,0.00,6.20,1.03,T16624538,Bar iPad,,Payment,Eat in,,
2026-07-18,23:48:00,Europe/London,Drinks,House White 175ml,1,Regular,,7.00,0.00,7.00,1.17,T16624538,Bar iPad,,Payment,Eat in,,
2026-07-18,23:48:00,Europe/London,Drinks,House Red 175ml,1,Regular,,7.00,0.00,7.00,1.17,T16624538,Bar iPad,,Payment,Eat in,,
2026-07-18,23:48:00,Europe/London,Drinks,Sparkling Water 750ml,1,Regular,,4.00,0.00,4.00,0.67,T16624538,Bar iPad,,Payment,Takeaway,,
2026-07-18,23:48:00,Europe/London,Drinks,Flat White,1,Regular,,3.40,0.00,3.40,0.57,T16624538,Bar iPad,,Payment,Eat in,,
2026-07-18,23:50:00,Europe/London,Starters,Salt & Pepper Squid,1,Regular,,9.50,0.00,9.50,1.58,T13984367,Bar iPad,,Payment,Eat in,,
2026-07-18,23:50:00,Europe/London,Mains,Steak Frites,1,Regular,,24.00,0.00,24.00,4.00,T13984367,Bar iPad,,Payment,Takeaway,,
2026-07-18,00:30:00,Europe/London,Mains,Steak Frites,1,Regular,,-24.00,0.00,-24.00,-4.00,T13984367,Bar iPad,sent back,Refund,Eat in,,
2026-07-18,23:50:00,Europe/London,Sides,Tenderstem,1,Regular,,5.00,0.00,5.00,0.83,T13984367,Bar iPad,,Payment,Takeaway,,
2026-07-18,23:50:00,Europe/London,Sides,Bread & Butter,1,Regular,,4.00,0.00,4.00,0.67,T13984367,Bar iPad,,Payment,Eat in,,
2026-07-18,23:50:00,Europe/London,Drinks,Lager Pint,1,Regular,,6.20,0.00,6.20,1.03,T13984367,Bar iPad,,Payment,Eat in,,
2026-07-18,23:50:00,Europe/London,Drinks,House White 175ml,1,Regular,,7.00,0.00,7.00,1.17,T13984367,Bar iPad,,Payment,Eat in,,
2026-07-18,23:50:00,Europe/London,Drinks,Coke,1,Regular,,3.00,0.00,3.00,0.50,T13984367,Bar iPad,,Payment,Eat in,,
2026-07-19,00:00:00,Europe/London,Mains,Fish & Chips,1,Regular,,17.50,0.00,17.50,2.92,T24582981,Bar iPad,,Payment,Eat in,,
2026-07-19,00:00:00,Europe/London,Sides,House Salad,1,Regular,,4.50,0.00,4.50,0.75,T24582981,Bar iPad,,Payment,Takeaway,,
2026-07-19,00:00:00,Europe/London,Desserts,Creme Brulee,1,Regular,,7.50,0.00,7.50,1.25,T24582981,Bar iPad,,Payment,Takeaway,,
2026-07-19,00:00:00,Europe/London,Sides,Bread & Butter,1,Regular,,4.00,-4.00,0.00,0.00,T24582981,Bar iPad,comp - long wait,Payment,Eat in,,
2026-07-19,00:25:00,Europe/London,Starters,Rock Oysters,1,x3,,9.00,0.00,9.00,1.50,T87629425,Counter iPad,,Payment,Eat in,,
2026-07-19,00:25:00,Europe/London,Mains,Chicken Supreme,1,Regular,,19.00,0.00,19.00,3.17,T87629425,Counter iPad,,Payment,Eat in,,
2026-07-19,00:25:00,Europe/London,Desserts,Affogato,1,Regular,,6.00,0.00,6.00,1.00,T87629425,Counter iPad,,Payment,Eat in,,
2026-07-19,00:25:00,Europe/London,Mains,Fish & Chips,1,Regular,,17.50,0.00,17.50,2.92,T87629425,Counter iPad,,Payment,Eat in,,
2026-07-19,00:25:00,Europe/London,Desserts,Sticky Toffee Pudding,1,Regular,,8.00,0.00,8.00,1.33,T87629425,Counter iPad,,Payment,Eat in,,
2026-07-19,00:25:00,Europe/London,Drinks,Lager Pint,1,Regular,,6.20,0.00,6.20,1.03,T87629425,Counter iPad,,Payment,Eat in,,
2026-07-19,00:25:00,Europe/London,Drinks,House Red 175ml,1,Regular,,7.00,0.00,7.00,1.17,T87629425,Counter iPad,,Payment,Eat in,,
2026-07-19,12:01:00,Europe/London,Kids,Kids Fish & Chips,2,Regular,,16.00,0.00,16.00,2.67,T74900580,Counter iPad,,Payment,Eat in,C803,Sample Customer 803
2026-07-19,12:01:00,Europe/London,Kids,Kids Ice Cream,1,Regular,,3.50,0.00,3.50,0.58,T74900580,Counter iPad,,Payment,Eat in,C803,Sample Customer 803
2026-07-19,12:01:00,Europe/London,Starters,Salt & Pepper Squid,1,Regular,,9.50,0.00,9.50,1.58,T74900580,Counter iPad,,Payment,Eat in,C803,Sample Customer 803
2026-07-19,12:01:00,Europe/London,Mains,Sunday Roast,2,Regular,,48.00,0.00,48.00,8.00,T74900580,Counter iPad,,Payment,Eat in,C803,Sample Customer 803
2026-07-19,12:01:00,Europe/London,Drinks,House White 175ml,1,Regular,,7.00,0.00,7.00,1.17,T74900580,Counter iPad,,Payment,Eat in,C803,Sample Customer 803
2026-07-19,12:05:00,Europe/London,Starters,Salt & Pepper Squid,1,Regular,,9.50,0.00,9.50,1.58,T20675213,Counter iPad,,Payment,Eat in,,
2026-07-19,12:05:00,Europe/London,Mains,Sunday Roast,1,Regular,,24.00,0.00,24.00,4.00,T20675213,Counter iPad,,Payment,Takeaway,,
2026-07-19,12:05:00,Europe/London,Mains,Mushroom Risotto,1,Regular,,15.00,0.00,15.00,2.50,T20675213,Counter iPad,,Payment,Eat in,,
2026-07-19,12:05:00,Europe/London,Sides,Truffle Fries,1,Regular,,6.00,0.00,6.00,1.00,T20675213,Counter iPad,,Payment,Eat in,,
2026-07-19,12:05:00,Europe/London,Drinks,House White 175ml,1,Regular,,7.00,0.00,7.00,1.17,T20675213,Counter iPad,,Payment,Takeaway,,
2026-07-19,12:05:00,Europe/London,Drinks,Coke,1,Regular,,3.00,0.00,3.00,0.50,T20675213,Counter iPad,,Payment,Eat in,,
2026-07-19,12:05:00,Europe/London,Drinks,Sparkling Water 750ml,2,Regular,,8.00,0.00,8.00,1.33,T20675213,Counter iPad,,Payment,Eat in,,
2026-07-19,12:08:00,Europe/London,Mains,Mushroom Risotto,1,Regular,,15.00,0.00,15.00,2.50,T59283447,Counter iPad,,Payment,Eat in,,
2026-07-19,12:08:00,Europe/London,Desserts,Choc Tart,1,Regular,,8.00,0.00,8.00,1.33,T59283447,Counter iPad,,Payment,Eat in,,
2026-07-19,12:08:00,Europe/London,Mains,Sunday Roast,2,Regular,,48.00,0.00,48.00,8.00,T59283447,Counter iPad,,Payment,Eat in,,
2026-07-19,12:08:00,Europe/London,Desserts,Cheeseboard,1,3,,11.00,0.00,11.00,1.83,T59283447,Counter iPad,,Payment,Eat in,,
2026-07-19,12:08:00,Europe/London,Sides,Truffle Fries,1,Regular,,6.00,0.00,6.00,1.00,T59283447,Counter iPad,,Payment,Eat in,,
2026-07-19,12:08:00,Europe/London,Drinks,Lager Pint,2,Regular,,12.40,0.00,12.40,2.07,T59283447,Counter iPad,,Payment,Takeaway,,
2026-07-19,12:08:00,Europe/London,Drinks,Coke,1,Regular,,3.00,0.00,3.00,0.50,T59283447,Counter iPad,,Payment,Eat in,,
2026-07-19,12:08:00,Europe/London,Drinks,Flat White,2,Regular,,6.80,0.00,6.80,1.13,T59283447,Counter iPad,,Payment,Takeaway,,
2026-07-19,12:20:00,Europe/London,Starters,Soup of the Day,1,Regular,,7.00,0.00,7.00,1.17,T20250321,Bar iPad,,Payment,Eat in,,
2026-07-19,12:20:00,Europe/London,Mains,Chicken Supreme,1,Regular,,19.00,0.00,19.00,3.17,T20250321,Bar iPad,,Payment,Takeaway,,
2026-07-19,12:20:00,Europe/London,Starters,Mackerel Pate,1,Regular,,8.50,0.00,8.50,1.42,T20250321,Bar iPad,,Payment,Eat in,,
2026-07-19,12:20:00,Europe/London,Mains,Sunday Roast,1,Regular,,24.00,0.00,24.00,4.00,T20250321,Bar iPad,,Payment,Takeaway,,
2026-07-19,12:20:00,Europe/London,Drinks,Lager Pint,1,Regular,,6.20,0.00,6.20,1.03,T20250321,Bar iPad,,Payment,Eat in,,
2026-07-19,12:20:00,Europe/London,Drinks,House White 175ml,1,Regular,,7.00,0.00,7.00,1.17,T20250321,Bar iPad,,Payment,Eat in,,
2026-07-19,12:22:00,Europe/London,Mains,Fish & Chips,1,Regular,,17.50,0.00,17.50,2.92,T89340859,Counter iPad,,Payment,Eat in,,
2026-07-19,12:22:00,Europe/London,Sides,House Salad,1,Regular,,4.50,0.00,4.50,0.75,T89340859,Counter iPad,,Payment,Eat in,,
2026-07-19,12:22:00,Europe/London,Mains,Sunday Roast,1,Regular,,24.00,0.00,24.00,4.00,T89340859,Counter iPad,,Payment,Eat in,,
2026-07-19,12:22:00,Europe/London,Drinks,Lager Pint,1,Regular,,6.20,0.00,6.20,1.03,T89340859,Counter iPad,,Payment,Eat in,,
2026-07-19,12:22:00,Europe/London,Drinks,House Red 175ml,1,Regular,,7.00,0.00,7.00,1.17,T89340859,Counter iPad,,Payment,Eat in,,
2026-07-19,12:22:00,Europe/London,Drinks,Coke,1,Regular,,3.00,0.00,3.00,0.50,T89340859,Counter iPad,,Payment,Takeaway,,
2026-07-19,13:18:00,Europe/London,Starters,Salt & Pepper Squid,1,Regular,,9.50,0.00,9.50,1.58,T66525606,Bar iPad,,Payment,Takeaway,C289,Sample Customer 289
2026-07-19,13:18:00,Europe/London,Mains,Sunday Roast,1,Regular,,24.00,0.00,24.00,4.00,T66525606,Bar iPad,,Payment,Takeaway,C289,Sample Customer 289
2026-07-19,13:18:00,Europe/London,Sides,House Salad,1,Regular,,4.50,0.00,4.50,0.75,T66525606,Bar iPad,,Payment,Eat in,C289,Sample Customer 289
2026-07-19,13:18:00,Europe/London,Mains,Lemon Sole (MP),1,Regular,,24.00,0.00,24.00,4.00,T66525606,Bar iPad,,Payment,Takeaway,C289,Sample Customer 289
2026-07-19,13:18:00,Europe/London,Desserts,Cheeseboard,1,5,,16.00,0.00,16.00,2.67,T66525606,Bar iPad,,Payment,Eat in,C289,Sample Customer 289
2026-07-19,13:18:00,Europe/London,Drinks,Lager Pint,2,Regular,,12.40,0.00,12.40,2.07,T66525606,Bar iPad,,Payment,Takeaway,C289,Sample Customer 289
2026-07-19,13:41:00,Europe/London,Starters,Rock Oysters,1,x6,,16.00,0.00,16.00,2.67,T99927911,Counter iPad,,Payment,Eat in,,
2026-07-19,13:41:00,Europe/London,Mains,Fish & Chips,1,Small,,13.00,0.00,13.00,2.17,T99927911,Counter iPad,,Payment,Eat in,,
2026-07-19,13:41:00,Europe/London,Mains,Sunday Roast,1,Regular,,24.00,0.00,24.00,4.00,T99927911,Counter iPad,,Payment,Eat in,,
2026-07-19,13:41:00,Europe/London,Sides,Tenderstem,2,Regular,,10.00,0.00,10.00,1.67,T99927911,Counter iPad,,Payment,Eat in,,
2026-07-19,13:41:00,Europe/London,Desserts,Sticky Toffee Pudding,1,Regular,,8.00,0.00,8.00,1.33,T99927911,Counter iPad,,Payment,Eat in,,
2026-07-19,13:41:00,Europe/London,Mains,Mushroom Risotto,1,Regular,,15.00,0.00,15.00,2.50,T99927911,Counter iPad,,Payment,Takeaway,,
2026-07-19,13:41:00,Europe/London,Sides,Truffle Fries,1,Regular,,6.00,0.00,6.00,1.00,T99927911,Counter iPad,,Payment,Eat in,,
2026-07-19,13:41:00,Europe/London,Drinks,Lager Pint,1,Regular,,6.20,0.00,6.20,1.03,T99927911,Counter iPad,,Payment,Takeaway,,
2026-07-19,13:41:00,Europe/London,Drinks,House Red 175ml,1,Regular,,7.00,0.00,7.00,1.17,T99927911,Counter iPad,,Payment,Eat in,,
2026-07-19,13:41:00,Europe/London,Drinks,Coke,1,Regular,,3.00,0.00,3.00,0.50,T99927911,Counter iPad,,Payment,Eat in,,
2026-07-19,13:41:00,Europe/London,Drinks,Espresso,2,Regular,,5.60,0.00,5.60,0.93,T99927911,Counter iPad,,Payment,Takeaway,,
2026-07-19,13:41:00,Europe/London,Drinks,Flat White,2,Regular,,6.80,0.00,6.80,1.13,T99927911,Counter iPad,,Payment,Eat in,,
2026-07-19,13:46:00,Europe/London,Starters,Salt & Pepper Squid,1,Regular,,9.50,0.00,9.50,1.58,T35608634,Counter iPad,,Payment,Eat in,,
2026-07-19,13:46:00,Europe/London,Starters,Rock Oysters,1,x6,,16.00,0.00,16.00,2.67,T35608634,Counter iPad,,Payment,Eat in,,
2026-07-19,13:46:00,Europe/London,Mains,Sunday Roast,1,Regular,,24.00,0.00,24.00,4.00,T35608634,Counter iPad,,Payment,Eat in,,
2026-07-19,13:46:00,Europe/London,Sides,House Salad,1,Regular,,4.50,0.00,4.50,0.75,T35608634,Counter iPad,,Payment,Eat in,,
2026-07-19,13:46:00,Europe/London,Desserts,Crème Brûlée,2,Regular,,15.00,0.00,15.00,2.50,T35608634,Counter iPad,,Payment,Eat in,,
2026-07-19,13:46:00,Europe/London,Mains,Fish & Chips,1,Regular,,17.50,0.00,17.50,2.92,T35608634,Counter iPad,,Payment,Eat in,,
2026-07-19,13:46:00,Europe/London,Drinks,Lager Pint,1,Regular,,6.20,0.00,6.20,1.03,T35608634,Counter iPad,,Payment,Takeaway,,
2026-07-19,13:46:00,Europe/London,Drinks,House Red 175ml,1,Regular,,7.00,0.00,7.00,1.17,T35608634,Counter iPad,,Payment,Takeaway,,
2026-07-19,13:46:00,Europe/London,Drinks,Coke,1,Regular,,3.00,0.00,3.00,0.50,T35608634,Counter iPad,,Payment,Takeaway,,
2026-07-19,13:46:00,Europe/London,Kids,Kids Fish & Chips,2,Regular,,16.00,0.00,16.00,2.67,T83667722,Counter iPad,,Payment,Takeaway,,
2026-07-19,13:46:00,Europe/London,Kids,Kids Ice Cream,1,Regular,,3.50,0.00,3.50,0.58,T83667722,Counter iPad,,Payment,Eat in,,
2026-07-19,13:46:00,Europe/London,Starters,Rock Oysters,1,x3,,9.00,0.00,9.00,1.50,T83667722,Counter iPad,,Payment,Takeaway,,
2026-07-19,13:46:00,Europe/London,Mains,Chicken Supreme,1,Regular,,19.00,0.00,19.00,3.17,T83667722,Counter iPad,,Payment,Takeaway,,
2026-07-19,13:46:00,Europe/London,Desserts,Crème Brûlée,1,Regular,,7.50,0.00,7.50,1.25,T83667722,Counter iPad,,Payment,Takeaway,,
2026-07-19,13:46:00,Europe/London,Drinks,Lager Pint,2,Regular,,12.40,0.00,12.40,2.07,T83667722,Counter iPad,,Payment,Takeaway,,
2026-07-19,13:46:00,Europe/London,Drinks,House White 175ml,3,Regular,,21.00,0.00,21.00,3.50,T83667722,Counter iPad,,Payment,Takeaway,,
2026-07-19,13:46:00,Europe/London,Drinks,House Red 175ml,2,Regular,,14.00,0.00,14.00,2.33,T83667722,Counter iPad,,Payment,Eat in,,
2026-07-19,13:46:00,Europe/London,Drinks,Flat White,1,Regular,,3.40,0.00,3.40,0.57,T83667722,Counter iPad,,Payment,Eat in,,
2026-07-19,14:10:00,Europe/London,Starters,Rock Oysters,1,x3,,9.00,0.00,9.00,1.50,T52882067,Counter iPad,,Payment,Eat in,,
2026-07-19,14:10:00,Europe/London,Mains,Sunday Roast,1,Regular,,24.00,0.00,24.00,4.00,T52882067,Counter iPad,,Payment,Eat in,,
2026-07-19,14:10:00,Europe/London,Sides,Truffle Fries,1,Regular,,6.00,0.00,6.00,1.00,T52882067,Counter iPad,,Payment,Takeaway,,
2026-07-19,14:10:00,Europe/London,Desserts,Sticky Toffee Pudding,2,Regular,,16.00,0.00,16.00,2.67,T52882067,Counter iPad,,Payment,Eat in,,
2026-07-19,14:10:00,Europe/London,Starters,Salt & Pepper Squid,1,Regular,,9.50,0.00,9.50,1.58,T52882067,Counter iPad,,Payment,Takeaway,,
2026-07-19,14:10:00,Europe/London,Mains,Fish & Chips,2,Regular,,35.00,0.00,35.00,5.83,T52882067,Counter iPad,,Payment,Takeaway,,
2026-07-19,14:10:00,Europe/London,Starters,Pork Belly Bites,1,Regular,,8.00,0.00,8.00,1.33,T52882067,Counter iPad,,Payment,Eat in,,
2026-07-19,14:10:00,Europe/London,Drinks,House White 175ml,1,Regular,,7.00,0.00,7.00,1.17,T52882067,Counter iPad,,Payment,Eat in,,
2026-07-19,14:28:00,Europe/London,Starters,Salt & Pepper Squid,1,Regular,,9.50,0.00,9.50,1.58,T91773624,Counter iPad,,Payment,Takeaway,,
2026-07-19,14:28:00,Europe/London,Mains,Lamb Rump,1,Regular,,26.00,0.00,26.00,4.33,T91773624,Counter iPad,,Payment,Eat in,,
2026-07-19,14:28:00,Europe/London,Desserts,Cheeseboard,1,5,,16.00,0.00,16.00,2.67,T91773624,Counter iPad,,Payment,Takeaway,,
2026-07-19,14:28:00,Europe/London,Starters,Soup of the Day,1,Regular,,7.00,0.00,7.00,1.17,T91773624,Counter iPad,,Payment,Eat in,,
2026-07-19,14:28:00,Europe/London,Mains,Sunday Roast,2,Regular,,48.00,0.00,48.00,8.00,T91773624,Counter iPad,,Payment,Eat in,,
2026-07-19,14:28:00,Europe/London,Drinks,Lager Pint,3,Regular,,18.60,0.00,18.60,3.10,T91773624,Counter iPad,,Payment,Eat in,,
2026-07-19,14:28:00,Europe/London,Drinks,House White 175ml,1,Regular,,7.00,0.00,7.00,1.17,T91773624,Counter iPad,,Payment,Eat in,,
2026-07-19,14:28:00,Europe/London,Drinks,Coke,1,Regular,,3.00,0.00,3.00,0.50,T91773624,Counter iPad,,Payment,Takeaway,,
2026-07-19,14:29:00,Europe/London,Mains,Steak Frites,1,Regular,,24.00,0.00,24.00,4.00,T72310281,Bar iPad,,Payment,Eat in,,
2026-07-19,14:29:00,Europe/London,Sides,Bread & Butter,1,Regular,,4.00,0.00,4.00,0.67,T72310281,Bar iPad,,Payment,Eat in,,
2026-07-19,14:29:00,Europe/London,Drinks,House White 175ml,1,Regular,,7.00,0.00,7.00,1.17,T72310281,Bar iPad,,Payment,Eat in,,
2026-07-19,14:45:00,Europe/London,Mains,Sunday Roast,3,Regular,,72.00,0.00,72.00,12.00,T63992793,Counter iPad,,Payment,Takeaway,,
2026-07-19,14:45:00,Europe/London,Desserts,Sticky Toffee Pudding,1,Regular,,8.00,0.00,8.00,1.33,T63992793,Counter iPad,,Payment,Eat in,,
2026-07-19,14:45:00,Europe/London,Starters,Pork Belly Bites,1,Regular,,8.00,0.00,8.00,1.33,T63992793,Counter iPad,,Payment,Takeaway,,
2026-07-19,14:45:00,Europe/London,Starters,Salt & Pepper Squid,1,Regular,,9.50,0.00,9.50,1.58,T63992793,Counter iPad,,Payment,Takeaway,,
2026-07-19,14:45:00,Europe/London,Sides,House Salad,1,Regular,,4.50,0.00,4.50,0.75,T63992793,Counter iPad,,Payment,Takeaway,,
2026-07-19,14:45:00,Europe/London,Sides,Bread & Butter,1,Regular,,4.00,0.00,4.00,0.67,T63992793,Counter iPad,,Payment,Eat in,,
2026-07-19,14:45:00,Europe/London,Drinks,Lager Pint,1,Regular,,6.20,0.00,6.20,1.03,T63992793,Counter iPad,,Payment,Takeaway,,
2026-07-19,14:45:00,Europe/London,Drinks,House White 175ml,1,Regular,,7.00,0.00,7.00,1.17,T63992793,Counter iPad,,Payment,Eat in,,
2026-07-19,14:45:00,Europe/London,Drinks,Coke,2,Regular,,6.00,0.00,6.00,1.00,T63992793,Counter iPad,,Payment,Takeaway,,
2026-07-19,14:45:00,Europe/London,Drinks,Espresso,1,Regular,,2.80,0.00,2.80,0.47,T63992793,Counter iPad,,Payment,Eat in,,
2026-07-19,16:30:00,Europe/London,Other,Staff Meal,1,Regular,Risotto,10.00,-10.00,0.00,0.00,T96049030,Counter iPad,,Payment,Eat in,,
2026-07-19,15:00:00,Europe/London,Starters,Salt & Pepper Squid,2,Regular,,19.00,0.00,19.00,3.17,T75488085,Counter iPad,,Payment,Takeaway,,
2026-07-19,15:00:00,Europe/London,Mains,Sunday Roast,3,Regular,,72.00,0.00,72.00,12.00,T75488085,Counter iPad,,Payment,Eat in,,
2026-07-19,15:00:00,Europe/London,Desserts,Choc Tart,1,Regular,,8.00,0.00,8.00,1.33,T75488085,Counter iPad,,Payment,Eat in,,
2026-07-19,15:00:00,Europe/London,Desserts,Sticky Toffee Pudding,1,Regular,,8.00,0.00,8.00,1.33,T75488085,Counter iPad,,Payment,Eat in,,
2026-07-19,15:00:00,Europe/London,Desserts,Cheeseboard,1,3,,11.00,0.00,11.00,1.83,T75488085,Counter iPad,,Payment,Eat in,,
2026-07-19,15:00:00,Europe/London,Starters,Mackerel Pate,1,Regular,,8.50,0.00,8.50,1.42,T75488085,Counter iPad,,Payment,Eat in,,
2026-07-19,15:00:00,Europe/London,Mains,Fish & Chips,1,Small,,13.00,0.00,13.00,2.17,T75488085,Counter iPad,,Payment,Eat in,,
2026-07-19,15:00:00,Europe/London,Sides,House Salad,1,Regular,,4.50,0.00,4.50,0.75,T75488085,Counter iPad,,Payment,Eat in,,
2026-07-19,15:00:00,Europe/London,Starters,Burrata,1,Regular,,10.00,0.00,10.00,1.67,T75488085,Counter iPad,,Payment,Eat in,,
2026-07-19,15:00:00,Europe/London,Mains,Fish & Chips,1,Regular,,17.50,0.00,17.50,2.92,T75488085,Counter iPad,,Payment,Takeaway,,
2026-07-19,15:00:00,Europe/London,Drinks,Lager Pint,4,Regular,,24.80,0.00,24.80,4.13,T75488085,Counter iPad,,Payment,Eat in,,
2026-07-19,15:00:00,Europe/London,Drinks,House White 175ml,2,Regular,,14.00,0.00,14.00,2.33,T75488085,Counter iPad,,Payment,Eat in,,
2026-07-19,15:00:00,Europe/London,Drinks,House Red 175ml,2,Regular,,14.00,0.00,14.00,2.33,T75488085,Counter iPad,,Payment,Eat in,,
2026-07-19,15:00:00,Europe/London,Drinks,Sparkling Water 750ml,1,Regular,,4.00,0.00,4.00,0.67,T75488085,Counter iPad,,Payment,Eat in,,
2026-07-19,15:00:00,Europe/London,Drinks,Espresso,1,Regular,,2.80,0.00,2.80,0.47,T75488085,Counter iPad,,Payment,Eat in,,
2026-07-19,19:44:00,Europe/London,Starters,Soup of the Day,1,Regular,,7.00,0.00,7.00,1.17,T82465315,Counter iPad,,Payment,Takeaway,,
2026-07-19,19:44:00,Europe/London,Mains,Tidewater Burger,2,Regular,,33.00,0.00,33.00,5.50,T82465315,Counter iPad,,Payment,Eat in,,
2026-07-19,19:44:00,Europe/London,Sides,House Salad,1,Regular,,4.50,0.00,4.50,0.75,T82465315,Counter iPad,,Payment,Eat in,,
2026-07-19,19:44:00,Europe/London,Desserts,Sticky Toffee Pudding,1,Regular,,8.00,0.00,8.00,1.33,T82465315,Counter iPad,,Payment,Takeaway,,
2026-07-19,19:44:00,Europe/London,Starters,Salt & Pepper Squid,1,Regular,,9.50,0.00,9.50,1.58,T82465315,Counter iPad,,Payment,Eat in,,
2026-07-19,19:44:00,Europe/London,Mains,Sunday Roast,1,Regular,,24.00,0.00,24.00,4.00,T82465315,Counter iPad,,Payment,Eat in,,
2026-07-19,19:44:00,Europe/London,Sides,Chips,1,Regular,,4.50,0.00,4.50,0.75,T82465315,Counter iPad,,Payment,Takeaway,,
2026-07-19,19:44:00,Europe/London,Desserts,Cheeseboard,1,3,,11.00,0.00,11.00,1.83,T82465315,Counter iPad,,Payment,Takeaway,,
2026-07-19,19:44:00,Europe/London,Sides,Bread & Butter,1,Regular,,4.00,0.00,4.00,0.67,T82465315,Counter iPad,,Payment,Takeaway,,
2026-07-19,19:44:00,Europe/London,Drinks,Lager Pint,1,Regular,,6.20,0.00,6.20,1.03,T82465315,Counter iPad,,Payment,Eat in,,
2026-07-19,19:44:00,Europe/London,Drinks,House White 175ml,1,Regular,,7.00,0.00,7.00,1.17,T82465315,Counter iPad,,Payment,Eat in,,
2026-07-19,19:44:00,Europe/London,Drinks,Espresso,1,Regular,,2.80,0.00,2.80,0.47,T82465315,Counter iPad,,Payment,Eat in,,
2026-07-19,20:30:00,Europe/London,Starters,Burrata,1,Regular,,10.00,0.00,10.00,1.67,T21351902,Counter iPad,,Payment,Eat in,,
2026-07-19,20:30:00,Europe/London,Mains,Tidewater Burger,1,Regular,,16.50,0.00,16.50,2.75,T21351902,Counter iPad,,Payment,Eat in,,
2026-07-19,20:30:00,Europe/London,Mains,Sunday Roast,1,Regular,,24.00,0.00,24.00,4.00,T21351902,Counter iPad,,Payment,Takeaway,,
2026-07-19,20:30:00,Europe/London,Sides,Truffle Fries,1,Regular,,6.00,0.00,6.00,1.00,T21351902,Counter iPad,,Payment,Eat in,,
2026-07-19,20:30:00,Europe/London,Drinks,Lager Pint,1,Regular,,6.20,0.00,6.20,1.03,T21351902,Counter iPad,,Payment,Takeaway,,
2026-07-19,20:30:00,Europe/London,Drinks,House White 175ml,1,Regular,,7.00,0.00,7.00,1.17,T21351902,Counter iPad,,Payment,Eat in,,
2026-07-19,20:30:00,Europe/London,Drinks,Sparkling Water 750ml,1,Regular,,4.00,0.00,4.00,0.67,T21351902,Counter iPad,,Payment,Eat in,,
2026-07-19,20:30:00,Europe/London,Drinks,Flat White,1,Regular,,3.40,0.00,3.40,0.57,T21351902,Counter iPad,,Payment,Eat in,,
2026-07-19,21:11:00,Europe/London,Starters,Pork Belly Bites,1,Regular,,8.00,0.00,8.00,1.33,T92966532,Counter iPad,,Payment,Eat in,,
2026-07-19,21:11:00,Europe/London,Mains,Fish & Chips,1,Regular,,17.50,0.00,17.50,2.92,T92966532,Counter iPad,,Payment,Eat in,,
2026-07-19,21:11:00,Europe/London,Sides,Truffle Fries,1,Regular,,6.00,0.00,6.00,1.00,T92966532,Counter iPad,,Payment,Eat in,,
2026-07-19,21:11:00,Europe/London,Desserts,Sticky Toffee Pudding,1,Regular,,8.00,0.00,8.00,1.33,T92966532,Counter iPad,,Payment,Eat in,,
2026-07-19,21:11:00,Europe/London,Sides,Bread & Butter,1,Regular,,4.00,0.00,4.00,0.67,T92966532,Counter iPad,,Payment,Eat in,,
2026-07-19,21:11:00,Europe/London,Drinks,Lager Pint,1,Regular,,6.20,0.00,6.20,1.03,T92966532,Counter iPad,,Payment,Takeaway,,
2026-07-19,21:11:00,Europe/London,Drinks,House White 175ml,1,Regular,,7.00,0.00,7.00,1.17,T92966532,Counter iPad,,Payment,Eat in,,
2026-07-19,21:11:00,Europe/London,Drinks,Flat White,1,Regular,,3.40,0.00,3.40,0.57,T92966532,Counter iPad,,Payment,Eat in,,
2026-07-19,22:11:00,Europe/London,Mains,Tidewater Burger,1,Regular,"Add Bacon, Add Cheese",16.50,0.00,16.50,2.75,T30539600,Counter iPad,,Payment,Takeaway,,
2026-07-19,22:11:00,Europe/London,Starters,Salt & Pepper Squid,1,Regular,,9.50,0.00,9.50,1.58,T30539600,Counter iPad,,Payment,Takeaway,,
2026-07-19,22:11:00,Europe/London,Mains,Sunday Roast,1,Regular,,24.00,0.00,24.00,4.00,T30539600,Counter iPad,,Payment,Eat in,,
2026-07-19,22:11:00,Europe/London,Sides,Bread & Butter,1,Regular,,4.00,0.00,4.00,0.67,T30539600,Counter iPad,,Payment,Eat in,,
2026-07-19,22:11:00,Europe/London,Drinks,Lager Pint,1,Regular,,6.20,0.00,6.20,1.03,T30539600,Counter iPad,,Payment,Eat in,,
2026-07-19,22:11:00,Europe/London,Drinks,House White 175ml,1,Regular,,7.00,0.00,7.00,1.17,T30539600,Counter iPad,,Payment,Takeaway,,
2026-07-19,22:11:00,Europe/London,Drinks,Coke,1,Regular,,3.00,0.00,3.00,0.50,T30539600,Counter iPad,,Payment,Eat in,,
2026-07-19,22:11:00,Europe/London,Drinks,Sparkling Water 750ml,1,Regular,,4.00,0.00,4.00,0.67,T30539600,Counter iPad,,Payment,Takeaway,,
2026-07-19,22:11:00,Europe/London,Drinks,Flat White,1,Regular,,3.40,0.00,3.40,0.57,T30539600,Counter iPad,,Payment,Takeaway,,
2026-07-19,22:45:00,Europe/London,Starters,Mackerel Pate,2,Regular,,17.00,0.00,17.00,2.83,T57019343,Counter iPad,,Payment,Eat in,,
2026-07-19,22:45:00,Europe/London,Mains,Sunday Roast,2,Regular,,48.00,0.00,48.00,8.00,T57019343,Counter iPad,,Payment,Eat in,,
2026-07-19,22:45:00,Europe/London,Mains,Lemon Sole (MP),1,Regular,,26.00,0.00,26.00,4.33,T57019343,Counter iPad,,Payment,Eat in,,
2026-07-19,22:45:00,Europe/London,Mains,Tidewater Burger,1,Regular,Add Cheese,16.50,0.00,16.50,2.75,T57019343,Counter iPad,,Payment,Eat in,,
2026-07-19,22:45:00,Europe/London,Sides,Truffle Fries,2,Regular,,12.00,-12.00,0.00,0.00,T57019343,Counter iPad,comp - long wait,Payment,Takeaway,,
2026-07-19,22:45:00,Europe/London,Desserts,Sticky Toffee Pudding,1,Regular,,8.00,0.00,8.00,1.33,T57019343,Counter iPad,,Payment,Eat in,,
2026-07-19,22:45:00,Europe/London,Drinks,Lager Pint,1,Regular,,6.20,0.00,6.20,1.03,T57019343,Counter iPad,,Payment,Takeaway,,
2026-07-19,22:45:00,Europe/London,Drinks,House White 175ml,1,Regular,,7.00,0.00,7.00,1.17,T57019343,Counter iPad,,Payment,Takeaway,,
2026-07-19,22:45:00,Europe/London,Drinks,House Red 175ml,1,Regular,,7.00,0.00,7.00,1.17,T57019343,Counter iPad,,Payment,Eat in,,
2026-07-19,22:45:00,Europe/London,Drinks,Coke,1,Regular,,3.00,0.00,3.00,0.50,T57019343,Counter iPad,,Payment,Eat in,,
2026-07-21,12:23:00,Europe/London,Set Menu,Set Lunch - 2 Courses,1,Regular,"Soup of the Day, Fish & Chips (Small)",20.00,0.00,20.00,3.33,T75155611,Counter iPad,,Payment,Eat in,,
2026-07-21,12:23:00,Europe/London,Drinks,Lager Pint,1,Regular,,6.20,0.00,6.20,1.03,T75155611,Counter iPad,,Payment,Takeaway,,
2026-07-21,12:34:00,Europe/London,Starters,Salt & Pepper Squid,1,Regular,,9.50,0.00,9.50,1.58,T83418391,Counter iPad,,Payment,Takeaway,,
2026-07-21,12:34:00,Europe/London,Sides,Chips,2,Regular,,9.00,0.00,9.00,1.50,T83418391,Counter iPad,,Payment,Takeaway,,
2026-07-21,12:34:00,Europe/London,Desserts,Sticky Toffee Pudding,1,Regular,,8.00,0.00,8.00,1.33,T83418391,Counter iPad,,Payment,Takeaway,,
2026-07-21,12:34:00,Europe/London,Set Menu,Set Lunch - 3 Courses,1,Regular,"Mackerel Pate, Mushroom Risotto, Kids Ice Cream",25.00,0.00,25.00,4.17,T83418391,Counter iPad,,Payment,Takeaway,,
2026-07-21,12:34:00,Europe/London,Set Menu,Set Lunch - 2 Courses,1,Regular,"Mackerel Pate, Mushroom Risotto",20.00,0.00,20.00,3.33,T83418391,Counter iPad,,Payment,Takeaway,,
2026-07-21,12:34:00,Europe/London,Mains,Chicken Supreme,1,Regular,,19.00,0.00,19.00,3.17,T83418391,Counter iPad,,Payment,Takeaway,,
2026-07-21,12:34:00,Europe/London,Sides,Bread & Butter,1,Regular,,4.00,0.00,4.00,0.67,T83418391,Counter iPad,,Payment,Eat in,,
2026-07-21,12:34:00,Europe/London,Drinks,Lager Pint,3,Regular,,18.60,0.00,18.60,3.10,T83418391,Counter iPad,,Payment,Takeaway,,
2026-07-21,12:34:00,Europe/London,Drinks,House White 175ml,1,Regular,,7.00,0.00,7.00,1.17,T83418391,Counter iPad,,Payment,Takeaway,,
2026-07-21,12:34:00,Europe/London,Drinks,Coke,1,Regular,,3.00,0.00,3.00,0.50,T83418391,Counter iPad,,Payment,Eat in,,
2026-07-21,12:34:00,Europe/London,Drinks,Sparkling Water 750ml,2,Regular,,8.00,0.00,8.00,1.33,T83418391,Counter iPad,,Payment,Eat in,,
2026-07-21,12:34:00,Europe/London,Drinks,Espresso,1,Regular,,2.80,0.00,2.80,0.47,T83418391,Counter iPad,,Payment,Takeaway,,
2026-07-21,12:51:00,Europe/London,Starters,Soup of the Day,1,Regular,,7.00,0.00,7.00,1.17,T84436308,Bar iPad,regulars,Payment,Eat in,,
2026-07-21,12:51:00,Europe/London,Mains,Steak Frites,1,Regular,,24.00,0.00,24.00,4.00,T84436308,Bar iPad,regulars,Payment,Eat in,,
2026-07-21,12:51:00,Europe/London,Sides,Peppercorn Sauce,1,Regular,,3.00,0.00,3.00,0.50,T84436308,Bar iPad,regulars,Payment,Eat in,,
2026-07-21,12:51:00,Europe/London,Desserts,Choc Tart,1,Regular,,8.00,0.00,8.00,1.33,T84436308,Bar iPad,regulars,Payment,Eat in,,
2026-07-21,12:51:00,Europe/London,Mains,Burger,1,Regular,,16.50,0.00,16.50,2.75,T84436308,Bar iPad,regulars,Payment,Eat in,,
2026-07-21,12:51:00,Europe/London,Desserts,Creme Brulee,1,Regular,,7.50,0.00,7.50,1.25,T84436308,Bar iPad,regulars,Payment,Eat in,,
2026-07-21,12:51:00,Europe/London,Sides,Bread & Butter,1,Regular,,4.00,0.00,4.00,0.67,T84436308,Bar iPad,regulars,Payment,Eat in,,
2026-07-21,12:51:00,Europe/London,Drinks,Coke,2,Regular,,6.00,0.00,6.00,1.00,T84436308,Bar iPad,regulars,Payment,Eat in,,
2026-07-21,12:51:00,Europe/London,Drinks,Espresso,1,Regular,,2.80,0.00,2.80,0.47,T84436308,Bar iPad,regulars,Payment,Eat in,,
2026-07-21,14:26:00,Europe/London,Starters,Soup of the Day,1,Regular,,7.00,0.00,7.00,1.17,T31814072,Counter iPad,,Payment,Takeaway,,
2026-07-21,14:26:00,Europe/London,Mains,Mushroom Risotto,2,Regular,,30.00,0.00,30.00,5.00,T31814072,Counter iPad,,Payment,Eat in,,
2026-07-21,14:26:00,Europe/London,Starters,Salt & Pepper Squid,1,Regular,,9.50,0.00,9.50,1.58,T31814072,Counter iPad,,Payment,Eat in,,
2026-07-21,14:26:00,Europe/London,Drinks,Lager Pint,2,Regular,,12.40,0.00,12.40,2.07,T31814072,Counter iPad,,Payment,Eat in,,
2026-07-21,14:26:00,Europe/London,Drinks,Espresso,1,Regular,,2.80,0.00,2.80,0.47,T31814072,Counter iPad,,Payment,Eat in,,
2026-07-21,14:43:00,Europe/London,Mains,Burger,1,Regular,,16.50,0.00,16.50,2.75,T18824758,Bar iPad,,Payment,Takeaway,,
2026-07-21,14:43:00,Europe/London,Sides,Fries,1,Regular,,4.50,0.00,4.50,0.75,T18824758,Bar iPad,,Payment,Eat in,,
2026-07-21,14:43:00,Europe/London,Desserts,Choc Tart,1,Regular,,8.00,0.00,8.00,1.33,T18824758,Bar iPad,,Payment,Takeaway,,
2026-07-21,14:43:00,Europe/London,Set Menu,Set Lunch - 2 Courses,1,Regular,"Mackerel Pate, Fish & Chips (Small)",20.00,0.00,20.00,3.33,T18824758,Bar iPad,,Payment,Eat in,,
2026-07-21,14:43:00,Europe/London,Drinks,Lager Pint,1,Regular,,6.20,0.00,6.20,1.03,T18824758,Bar iPad,,Payment,Eat in,,
2026-07-21,14:43:00,Europe/London,Drinks,House White 175ml,1,Regular,,7.00,0.00,7.00,1.17,T18824758,Bar iPad,,Payment,Eat in,,
2026-07-21,14:43:00,Europe/London,Drinks,House Red 175ml,1,Regular,,7.00,0.00,7.00,1.17,T18824758,Bar iPad,,Payment,Eat in,,
2026-07-21,14:43:00,Europe/London,Drinks,Flat White,1,Regular,,3.40,0.00,3.40,0.57,T18824758,Bar iPad,,Payment,Eat in,,
2026-07-21,14:46:00,Europe/London,Mains,Fish & Chips,1,Regular,,17.50,0.00,17.50,2.92,T51451112,Bar iPad,,Payment,Takeaway,,
2026-07-21,14:46:00,Europe/London,Desserts,Choc Tart,1,Regular,,8.00,0.00,8.00,1.33,T51451112,Bar iPad,,Payment,Eat in,,
2026-07-21,14:46:00,Europe/London,Drinks,Lager Pint,2,Regular,,12.40,0.00,12.40,2.07,T51451112,Bar iPad,,Payment,Takeaway,,
2026-07-21,14:46:00,Europe/London,Drinks,House White 175ml,1,Regular,,7.00,0.00,7.00,1.17,T51451112,Bar iPad,,Payment,Eat in,,
2026-07-21,14:46:00,Europe/London,Drinks,Coke,1,Regular,,3.00,0.00,3.00,0.50,T51451112,Bar iPad,,Payment,Takeaway,,
2026-07-21,18:35:00,Europe/London,Starters,Salt & Pepper Squid,2,Regular,,19.00,0.00,19.00,3.17,T30566427,Counter iPad,,Payment,Eat in,,
2026-07-21,18:35:00,Europe/London,Mains,Mushroom Risotto,2,Regular,,30.00,0.00,30.00,5.00,T30566427,Counter iPad,,Payment,Takeaway,,
2026-07-21,18:35:00,Europe/London,Sides,Truffle Fries,2,Regular,,12.00,0.00,12.00,2.00,T30566427,Counter iPad,,Payment,Eat in,,
2026-07-21,18:35:00,Europe/London,Drinks,Lager Pint,2,Regular,,12.40,0.00,12.40,2.07,T30566427,Counter iPad,,Payment,Eat in,,
2026-07-21,18:35:00,Europe/London,Drinks,Sparkling Water 750ml,1,Regular,,4.00,0.00,4.00,0.67,T30566427,Counter iPad,,Payment,Eat in,,
2026-07-21,18:43:00,Europe/London,Starters,Rock Oysters,1,x3,,9.00,0.00,9.00,1.50,T91735678,Counter iPad,,Payment,Eat in,,
2026-07-21,18:43:00,Europe/London,Mains,Hake,2,Regular,,44.00,0.00,44.00,7.33,T91735678,Counter iPad,,Payment,Takeaway,,
2026-07-21,18:43:00,Europe/London,Desserts,Crème Brûlée,1,Regular,,7.50,0.00,7.50,1.25,T91735678,Counter iPad,,Payment,Takeaway,,
2026-07-21,18:43:00,Europe/London,Mains,Tidewater Burger,1,Regular,"Add Bacon, Add Cheese",16.50,0.00,16.50,2.75,T91735678,Counter iPad,,Payment,Eat in,,
2026-07-21,18:43:00,Europe/London,Mains,Fish & Chips,1,Regular,,17.50,0.00,17.50,2.92,T91735678,Counter iPad,,Payment,Eat in,,
2026-07-21,18:43:00,Europe/London,Sides,Bread & Butter,1,Regular,,4.00,0.00,4.00,0.67,T91735678,Counter iPad,,Payment,Eat in,,
2026-07-21,18:43:00,Europe/London,Drinks,Lager Pint,3,Regular,,18.60,0.00,18.60,3.10,T91735678,Counter iPad,,Payment,Takeaway,,
2026-07-21,18:43:00,Europe/London,Drinks,House White 175ml,1,Regular,,7.00,0.00,7.00,1.17,T91735678,Counter iPad,,Payment,Eat in,,
2026-07-21,18:43:00,Europe/London,Drinks,House Red 175ml,1,Regular,,7.00,0.00,7.00,1.17,T91735678,Counter iPad,,Payment,Eat in,,
2026-07-21,18:43:00,Europe/London,Drinks,Coke,2,Regular,,6.00,0.00,6.00,1.00,T91735678,Counter iPad,,Payment,Eat in,,
2026-07-21,18:43:00,Europe/London,Drinks,Flat White,1,Regular,,3.40,0.00,3.40,0.57,T91735678,Counter iPad,,Payment,Eat in,,
2026-07-21,19:37:00,Europe/London,Mains,Fish & Chips,2,Regular,,35.00,0.00,35.00,5.83,T28197606,Counter iPad,,Payment,Eat in,,
2026-07-21,19:37:00,Europe/London,Sides,Truffle Fries,1,Regular,,6.00,0.00,6.00,1.00,T28197606,Counter iPad,,Payment,Eat in,,
2026-07-21,19:37:00,Europe/London,Desserts,Sticky Toffee Pudding,2,Regular,,16.00,0.00,16.00,2.67,T28197606,Counter iPad,,Payment,Takeaway,,
2026-07-21,19:37:00,Europe/London,Starters,Pork Belly Bites,1,Regular,,8.00,0.00,8.00,1.33,T28197606,Counter iPad,,Payment,Takeaway,,
2026-07-21,19:37:00,Europe/London,Sides,Chips,1,Regular,,4.50,0.00,4.50,0.75,T28197606,Counter iPad,,Payment,Eat in,,
2026-07-21,19:37:00,Europe/London,Drinks,Lager Pint,1,Regular,,6.20,0.00,6.20,1.03,T28197606,Counter iPad,,Payment,Eat in,,
2026-07-21,19:37:00,Europe/London,Drinks,House White 175ml,1,Regular,,7.00,0.00,7.00,1.17,T28197606,Counter iPad,,Payment,Eat in,,
2026-07-21,19:37:00,Europe/London,Drinks,Coke,1,Regular,,3.00,0.00,3.00,0.50,T28197606,Counter iPad,,Payment,Eat in,,
2026-07-21,19:49:00,Europe/London,Starters,Pork Belly Bites,1,Regular,,8.00,0.00,8.00,1.33,T90424008,Counter iPad,,Payment,Eat in,,
2026-07-21,19:49:00,Europe/London,Mains,Lamb Rump,1,Regular,,26.00,0.00,26.00,4.33,T90424008,Counter iPad,,Payment,Eat in,,
2026-07-21,19:49:00,Europe/London,Starters,Burrata,1,Regular,,10.00,0.00,10.00,1.67,T90424008,Counter iPad,,Payment,Takeaway,,
2026-07-21,19:49:00,Europe/London,Mains,Fish & Chips,1,Regular,,17.50,0.00,17.50,2.92,T90424008,Counter iPad,,Payment,Eat in,,
2026-07-21,19:49:00,Europe/London,Desserts,Sticky Toffee Pudding,1,Regular,,8.00,0.00,8.00,1.33,T90424008,Counter iPad,,Payment,Eat in,,
2026-07-21,19:49:00,Europe/London,Drinks,Lager Pint,1,Regular,,6.20,0.00,6.20,1.03,T90424008,Counter iPad,,Payment,Eat in,,
2026-07-21,19:49:00,Europe/London,Drinks,Espresso,2,Regular,,5.60,0.00,5.60,0.93,T90424008,Counter iPad,,Payment,Eat in,,
2026-07-21,19:49:00,Europe/London,Drinks,Flat White,1,Regular,,3.40,0.00,3.40,0.57,T90424008,Counter iPad,,Payment,Eat in,,
2026-07-21,20:38:00,Europe/London,Kids,Kids Fish & Chips,1,Regular,,8.00,0.00,8.00,1.33,T44167273,Counter iPad,,Payment,Takeaway,,
2026-07-21,20:38:00,Europe/London,Mains,Fish & Chips,1,Regular,,17.50,0.00,17.50,2.92,T44167273,Counter iPad,,Payment,Eat in,,
2026-07-21,20:38:00,Europe/London,Sides,Truffle Fries,1,Regular,,6.00,0.00,6.00,1.00,T44167273,Counter iPad,,Payment,Eat in,,
2026-07-21,20:38:00,Europe/London,Starters,Burrata,1,Regular,,10.00,0.00,10.00,1.67,T44167273,Counter iPad,,Payment,Eat in,,
2026-07-21,20:38:00,Europe/London,Mains,Tidewater Burger,2,Regular,,33.00,0.00,33.00,5.50,T44167273,Counter iPad,,Payment,Takeaway,,
2026-07-21,20:38:00,Europe/London,Sides,Tenderstem,1,Regular,,5.00,0.00,5.00,0.83,T44167273,Counter iPad,,Payment,Eat in,,
2026-07-21,20:38:00,Europe/London,Desserts,Sticky Toffee Pudding,1,Regular,,8.00,0.00,8.00,1.33,T44167273,Counter iPad,,Payment,Eat in,,
2026-07-21,20:38:00,Europe/London,Drinks,Lager Pint,3,Regular,,18.60,0.00,18.60,3.10,T44167273,Counter iPad,,Payment,Eat in,,
2026-07-21,20:38:00,Europe/London,Drinks,House Red 175ml,1,Regular,,7.00,0.00,7.00,1.17,T44167273,Counter iPad,,Payment,Eat in,,
2026-07-21,20:38:00,Europe/London,Drinks,Coke,1,Regular,,3.00,0.00,3.00,0.50,T44167273,Counter iPad,,Payment,Takeaway,,
2026-07-21,20:38:00,Europe/London,Drinks,Espresso,1,Regular,,2.80,0.00,2.80,0.47,T44167273,Counter iPad,,Payment,Takeaway,,
2026-07-21,20:46:00,Europe/London,Mains,Tidewater Burger,2,Regular,,33.00,0.00,33.00,5.50,T24270458,Counter iPad,,Payment,Takeaway,,
2026-07-21,20:46:00,Europe/London,Sides,Tenderstem,1,Regular,,5.00,0.00,5.00,0.83,T24270458,Counter iPad,,Payment,Eat in,,
2026-07-21,20:46:00,Europe/London,Mains,Chicken Supreme,1,Regular,,19.00,0.00,19.00,3.17,T24270458,Counter iPad,,Payment,Eat in,,
2026-07-21,20:46:00,Europe/London,Desserts,Cheeseboard,1,3,,11.00,0.00,11.00,1.83,T24270458,Counter iPad,,Payment,Eat in,,
2026-07-21,20:46:00,Europe/London,Mains,Fish & Chips,1,Regular,,17.50,0.00,17.50,2.92,T24270458,Counter iPad,,Payment,Eat in,,
2026-07-21,20:46:00,Europe/London,Starters,Soup of the Day,1,Regular,,7.00,0.00,7.00,1.17,T24270458,Counter iPad,,Payment,Eat in,,
2026-07-21,20:46:00,Europe/London,Drinks,Lager Pint,1,Regular,,6.20,0.00,6.20,1.03,T24270458,Counter iPad,,Payment,Eat in,,
2026-07-21,20:46:00,Europe/London,Drinks,House Red 175ml,1,Regular,,7.00,0.00,7.00,1.17,T24270458,Counter iPad,,Payment,Eat in,,
2026-07-21,20:46:00,Europe/London,Drinks,Coke,1,Regular,,3.00,0.00,3.00,0.50,T24270458,Counter iPad,,Payment,Eat in,,
2026-07-21,20:46:00,Europe/London,Drinks,Espresso,1,Regular,,2.80,0.00,2.80,0.47,T24270458,Counter iPad,,Payment,Eat in,,
2026-07-21,20:51:00,Europe/London,Mains,Lamb Rump,1,Regular,,26.00,0.00,26.00,4.33,T38278460,Counter iPad,,Payment,Eat in,,
2026-07-21,20:51:00,Europe/London,Desserts,Sticky Toffee Pudding,1,Regular,,8.00,0.00,8.00,1.33,T38278460,Counter iPad,,Payment,Eat in,,
2026-07-21,20:51:00,Europe/London,Starters,Pork Belly Bites,1,Regular,,8.00,0.00,8.00,1.33,T38278460,Counter iPad,,Payment,Eat in,,
2026-07-21,20:51:00,Europe/London,Mains,Chicken Supreme,1,Regular,,19.00,0.00,19.00,3.17,T38278460,Counter iPad,,Payment,Takeaway,,
2026-07-21,20:51:00,Europe/London,Desserts,Affogato,1,Regular,,6.00,0.00,6.00,1.00,T38278460,Counter iPad,,Payment,Eat in,,
2026-07-21,20:51:00,Europe/London,Starters,Salt & Pepper Squid,1,Regular,,9.50,0.00,9.50,1.58,T38278460,Counter iPad,,Payment,Eat in,,
2026-07-21,20:51:00,Europe/London,Mains,Tidewater Burger,1,Regular,"Add Bacon, Add Cheese",16.50,0.00,16.50,2.75,T38278460,Counter iPad,,Payment,Eat in,,
2026-07-21,20:51:00,Europe/London,Sides,Chips,1,Regular,,4.50,0.00,4.50,0.75,T38278460,Counter iPad,,Payment,Eat in,,
2026-07-21,20:51:00,Europe/London,Sides,Bread & Butter,1,Regular,,4.00,0.00,4.00,0.67,T38278460,Counter iPad,,Payment,Takeaway,,
2026-07-21,20:51:00,Europe/London,Drinks,Lager Pint,3,Regular,,18.60,0.00,18.60,3.10,T38278460,Counter iPad,,Payment,Eat in,,
2026-07-21,20:51:00,Europe/London,Drinks,Coke,1,Regular,,3.00,0.00,3.00,0.50,T38278460,Counter iPad,,Payment,Eat in,,
2026-07-21,20:51:00,Europe/London,Drinks,Sparkling Water 750ml,1,Regular,,4.00,0.00,4.00,0.67,T38278460,Counter iPad,,Payment,Eat in,,
2026-07-21,21:10:00,Europe/London,Mains,Hake,1,Regular,,22.00,0.00,22.00,3.67,T51789414,Counter iPad,,Payment,Eat in,C787,Sample Customer 787
2026-07-21,21:10:00,Europe/London,Sides,Tenderstem,1,Regular,,5.00,0.00,5.00,0.83,T51789414,Counter iPad,,Payment,Eat in,C787,Sample Customer 787
2026-07-21,21:10:00,Europe/London,Desserts,Sticky Toffee Pudding,2,Regular,,16.00,0.00,16.00,2.67,T51789414,Counter iPad,,Payment,Takeaway,C787,Sample Customer 787
2026-07-21,21:10:00,Europe/London,Mains,Tidewater Burger,1,Regular,Add Cheese,16.50,0.00,16.50,2.75,T51789414,Counter iPad,,Payment,Eat in,C787,Sample Customer 787
2026-07-21,21:10:00,Europe/London,Drinks,Lager Pint,1,Regular,,6.20,0.00,6.20,1.03,T51789414,Counter iPad,,Payment,Eat in,C787,Sample Customer 787
2026-07-21,21:10:00,Europe/London,Drinks,House White 175ml,1,Regular,,7.00,0.00,7.00,1.17,T51789414,Counter iPad,,Payment,Eat in,C787,Sample Customer 787
2026-07-21,21:10:00,Europe/London,Drinks,House Red 175ml,1,Regular,,7.00,0.00,7.00,1.17,T51789414,Counter iPad,,Payment,Eat in,C787,Sample Customer 787
2026-07-21,21:10:00,Europe/London,Drinks,Coke,1,Regular,,3.00,0.00,3.00,0.50,T51789414,Counter iPad,,Payment,Eat in,C787,Sample Customer 787
2026-07-21,21:10:00,Europe/London,Drinks,Sparkling Water 750ml,1,Regular,,4.00,0.00,4.00,0.67,T51789414,Counter iPad,,Payment,Eat in,C787,Sample Customer 787
2026-07-21,21:10:00,Europe/London,Drinks,Flat White,1,Regular,,3.40,0.00,3.40,0.57,T51789414,Counter iPad,,Payment,Eat in,C787,Sample Customer 787
2026-07-21,21:32:00,Europe/London,Kids,Kids Fish & Chips,1,Regular,,8.00,0.00,8.00,1.33,T33440415,Counter iPad,Table 9 - call 07700 900575 when ready,Payment,Eat in,,
2026-07-21,21:32:00,Europe/London,Kids,Kids Ice Cream,1,Regular,,3.50,0.00,3.50,0.58,T33440415,Counter iPad,Table 9 - call 07700 900575 when ready,Payment,Eat in,,
2026-07-21,21:32:00,Europe/London,Mains,Mushroom Risotto,1,Regular,,15.00,0.00,15.00,2.50,T33440415,Counter iPad,Table 9 - call 07700 900575 when ready,Payment,Eat in,,
2026-07-21,21:32:00,Europe/London,Sides,Truffle Fries,1,Regular,,6.00,0.00,6.00,1.00,T33440415,Counter iPad,Table 9 - call 07700 900575 when ready,Payment,Eat in,,
2026-07-21,21:32:00,Europe/London,Starters,Salt & Pepper Squid,1,Regular,,9.50,0.00,9.50,1.58,T33440415,Counter iPad,Table 9 - call 07700 900575 when ready,Payment,Eat in,,
2026-07-21,21:32:00,Europe/London,Mains,Tidewater Burger,1,Regular,,16.50,0.00,16.50,2.75,T33440415,Counter iPad,Table 9 - call 07700 900575 when ready,Payment,Eat in,,
2026-07-21,21:32:00,Europe/London,Sides,Chips,1,Regular,,4.50,0.00,4.50,0.75,T33440415,Counter iPad,Table 9 - call 07700 900575 when ready,Payment,Eat in,,
2026-07-21,21:32:00,Europe/London,Drinks,Lager Pint,3,Regular,,18.60,0.00,18.60,3.10,T33440415,Counter iPad,Table 9 - call 07700 900575 when ready,Payment,Eat in,,
2026-07-21,21:32:00,Europe/London,Drinks,House Red 175ml,1,Regular,,7.00,0.00,7.00,1.17,T33440415,Counter iPad,Table 9 - call 07700 900575 when ready,Payment,Eat in,,
2026-07-21,21:32:00,Europe/London,Drinks,Coke,1,Regular,,3.00,0.00,3.00,0.50,T33440415,Counter iPad,Table 9 - call 07700 900575 when ready,Payment,Takeaway,,
2026-07-21,21:32:00,Europe/London,Drinks,Sparkling Water 750ml,1,Regular,,4.00,0.00,4.00,0.67,T33440415,Counter iPad,Table 9 - call 07700 900575 when ready,Payment,Takeaway,,
2026-07-21,22:44:00,Europe/London,Starters,Pork Belly Bites,1,Regular,,8.00,0.00,8.00,1.33,T18972631,Counter iPad,,Payment,Eat in,,
2026-07-21,22:44:00,Europe/London,Mains,Steak Frites,1,Regular,,24.00,0.00,24.00,4.00,T18972631,Counter iPad,,Payment,Takeaway,,
2026-07-21,22:44:00,Europe/London,Mains,Fish & Chips,1,Regular,,17.50,0.00,17.50,2.92,T18972631,Counter iPad,,Payment,Eat in,,
2026-07-21,22:44:00,Europe/London,Drinks,Lager Pint,1,Regular,,6.20,0.00,6.20,1.03,T18972631,Counter iPad,,Payment,Eat in,,
2026-07-21,22:44:00,Europe/London,Drinks,Coke,1,Regular,,3.00,0.00,3.00,0.50,T18972631,Counter iPad,,Payment,Eat in,,
2026-07-21,22:59:00,Europe/London,Mains,Fish & Chips,1,Regular,,17.50,0.00,17.50,2.92,T17697243,Counter iPad,,Payment,Eat in,C519,Sample Customer 519
2026-07-21,22:59:00,Europe/London,Desserts,Cheeseboard,1,3,,11.00,0.00,11.00,1.83,T17697243,Counter iPad,,Payment,Eat in,C519,Sample Customer 519
2026-07-21,22:59:00,Europe/London,Mains,Mushroom Risotto,1,Regular,,15.00,0.00,15.00,2.50,T17697243,Counter iPad,,Payment,Eat in,C519,Sample Customer 519
2026-07-21,22:59:00,Europe/London,Desserts,Sticky Toffee Pudding,1,Regular,,8.00,0.00,8.00,1.33,T17697243,Counter iPad,,Payment,Eat in,C519,Sample Customer 519
2026-07-21,23:39:00,Europe/London,Desserts,Sticky Toffee Pudding,1,Regular,,-8.00,0.00,-8.00,-1.33,T17697243,Counter iPad,sent back,Refund,Eat in,C519,Sample Customer 519
2026-07-21,22:59:00,Europe/London,Starters,Pork Belly Bites,1,Regular,,8.00,0.00,8.00,1.33,T17697243,Counter iPad,,Payment,Eat in,C519,Sample Customer 519
2026-07-21,22:59:00,Europe/London,Mains,Chicken Supreme,1,Regular,,19.00,0.00,19.00,3.17,T17697243,Counter iPad,,Payment,Eat in,C519,Sample Customer 519
2026-07-21,22:59:00,Europe/London,Drinks,House White 175ml,1,Regular,,7.00,0.00,7.00,1.17,T17697243,Counter iPad,,Payment,Eat in,C519,Sample Customer 519
2026-07-21,22:59:00,Europe/London,Drinks,House Red 175ml,2,Regular,,14.00,0.00,14.00,2.33,T17697243,Counter iPad,,Payment,Eat in,C519,Sample Customer 519
2026-07-21,23:39:00,Europe/London,Drinks,House Red 175ml,1,Regular,,-7.00,0.00,-7.00,-1.17,T17697243,Counter iPad,sent back,Refund,Eat in,C519,Sample Customer 519
2026-07-21,22:59:00,Europe/London,Drinks,Espresso,1,Regular,,2.80,0.00,2.80,0.47,T17697243,Counter iPad,,Payment,Eat in,C519,Sample Customer 519
2026-07-21,23:05:00,Europe/London,Kids,Kids Burger,1,Regular,,7.50,0.00,7.50,1.25,T31593664,Counter iPad,,Payment,Takeaway,,
2026-07-21,23:05:00,Europe/London,Kids,Kids Ice Cream,1,Regular,,3.50,0.00,3.50,0.58,T31593664,Counter iPad,,Payment,Eat in,,
2026-07-21,23:05:00,Europe/London,Starters,Salt & Pepper Squid,2,Regular,,19.00,0.00,19.00,3.17,T31593664,Counter iPad,,Payment,Eat in,,
2026-07-21,23:05:00,Europe/London,Mains,Tidewater Burger,2,Regular,,33.00,0.00,33.00,5.50,T31593664,Counter iPad,,Payment,Takeaway,,
2026-07-21,23:05:00,Europe/London,Sides,House Salad,1,Regular,,4.50,0.00,4.50,0.75,T31593664,Counter iPad,,Payment,Takeaway,,
2026-07-21,23:05:00,Europe/London,Sides,Chips,1,Regular,,4.50,0.00,4.50,0.75,T31593664,Counter iPad,,Payment,Takeaway,,
2026-07-21,23:05:00,Europe/London,Sides,Bread & Butter,1,Regular,,4.00,0.00,4.00,0.67,T31593664,Counter iPad,,Payment,Eat in,,
2026-07-21,23:05:00,Europe/London,Drinks,Lager Pint,1,Regular,,6.20,0.00,6.20,1.03,T31593664,Counter iPad,,Payment,Eat in,,
2026-07-21,23:05:00,Europe/London,Drinks,House White 175ml,1,Regular,,7.00,0.00,7.00,1.17,T31593664,Counter iPad,,Payment,Eat in,,
2026-07-21,23:05:00,Europe/London,Drinks,House Red 175ml,1,Regular,,7.00,0.00,7.00,1.17,T31593664,Counter iPad,,Payment,Eat in,,
2026-07-22,12:00:00,Europe/London,Set Menu,Set Lunch - 2 Courses,1,Regular,"Soup of the Day, Mushroom Risotto",20.00,0.00,20.00,3.33,T76475319,Bar iPad,,Payment,Takeaway,,
2026-07-22,12:00:00,Europe/London,Drinks,Lager Pint,1,Regular,,6.20,0.00,6.20,1.03,T76475319,Bar iPad,,Payment,Eat in,,
2026-07-22,12:00:00,Europe/London,Drinks,House Red 175ml,1,Regular,,7.00,0.00,7.00,1.17,T76475319,Bar iPad,,Payment,Takeaway,,
2026-07-22,12:00:00,Europe/London,Drinks,Coke,1,Regular,,3.00,0.00,3.00,0.50,T76475319,Bar iPad,,Payment,Eat in,,
2026-07-22,12:00:00,Europe/London,Drinks,Flat White,1,Regular,,3.40,0.00,3.40,0.57,T76475319,Bar iPad,,Payment,Eat in,,
2026-07-22,13:28:00,Europe/London,Kids,Kids Fish & Chips,2,Regular,,16.00,0.00,16.00,2.67,T78863945,Counter iPad,,Payment,Eat in,,
2026-07-22,13:28:00,Europe/London,Set Menu,Set Lunch - 3 Courses,1,Regular,"Soup of the Day, Fish & Chips (Small), Kids Ice Cream",25.00,0.00,25.00,4.17,T78863945,Counter iPad,,Payment,Eat in,,
2026-07-22,13:28:00,Europe/London,Starters,Rock Oysters,1,x3,,9.00,0.00,9.00,1.50,T78863945,Counter iPad,,Payment,Eat in,,
2026-07-22,13:28:00,Europe/London,Mains,Fish & Chips,1,Regular,,17.50,0.00,17.50,2.92,T78863945,Counter iPad,,Payment,Takeaway,,
2026-07-22,13:28:00,Europe/London,Desserts,Crème Brûlée,1,Regular,,7.50,0.00,7.50,1.25,T78863945,Counter iPad,,Payment,Takeaway,,
2026-07-22,13:28:00,Europe/London,Sides,Bread & Butter,1,Regular,,4.00,0.00,4.00,0.67,T78863945,Counter iPad,,Payment,Eat in,,
2026-07-22,13:28:00,Europe/London,Drinks,Lager Pint,2,Regular,,12.40,0.00,12.40,2.07,T78863945,Counter iPad,,Payment,Takeaway,,
2026-07-22,13:28:00,Europe/London,Drinks,Coke,2,Regular,,6.00,0.00,6.00,1.00,T78863945,Counter iPad,,Payment,Eat in,,
2026-07-22,13:28:00,Europe/London,Drinks,Espresso,1,Regular,,2.80,0.00,2.80,0.47,T78863945,Counter iPad,,Payment,Takeaway,,
2026-07-22,13:28:00,Europe/London,Drinks,Flat White,1,Regular,,3.40,0.00,3.40,0.57,T78863945,Counter iPad,,Payment,Eat in,,
2026-07-22,13:46:00,Europe/London,Set Menu,Set Lunch - 2 Courses,3,Regular,"Soup of the Day, Mushroom Risotto, Mackerel Pate, Mushroom Risotto, Mackerel Pate, Mushroom Risotto",60.00,0.00,60.00,10.00,T64452999,Counter iPad,,Payment,Takeaway,,
2026-07-22,13:46:00,Europe/London,Mains,Fish & Chips,2,Small,,26.00,0.00,26.00,4.33,T64452999,Counter iPad,,Payment,Eat in,,
2026-07-22,13:46:00,Europe/London,Desserts,Sticky Toffee Pudding,1,Regular,,8.00,0.00,8.00,1.33,T64452999,Counter iPad,,Payment,Eat in,,
2026-07-22,13:46:00,Europe/London,Mains,Hake,1,Regular,,22.00,0.00,22.00,3.67,T64452999,Counter iPad,,Payment,Takeaway,,
2026-07-22,13:46:00,Europe/London,Sides,Truffle Fries,1,Regular,,6.00,0.00,6.00,1.00,T64452999,Counter iPad,,Payment,Eat in,,
2026-07-22,13:46:00,Europe/London,Sides,Tenderstem,1,Regular,,5.00,0.00,5.00,0.83,T64452999,Counter iPad,,Payment,Eat in,,
2026-07-22,13:46:00,Europe/London,Sides,Bread & Butter,1,Regular,,4.00,0.00,4.00,0.67,T64452999,Counter iPad,,Payment,Eat in,,
2026-07-22,13:46:00,Europe/London,Drinks,Lager Pint,1,Regular,,6.20,0.00,6.20,1.03,T64452999,Counter iPad,,Payment,Takeaway,,
2026-07-22,13:46:00,Europe/London,Drinks,House White 175ml,1,Regular,,7.00,0.00,7.00,1.17,T64452999,Counter iPad,,Payment,Eat in,,
2026-07-22,13:46:00,Europe/London,Drinks,House Red 175ml,2,Regular,,14.00,0.00,14.00,2.33,T64452999,Counter iPad,,Payment,Takeaway,,
2026-07-22,13:46:00,Europe/London,Drinks,Coke,2,Regular,,6.00,0.00,6.00,1.00,T64452999,Counter iPad,,Payment,Eat in,,
2026-07-22,13:46:00,Europe/London,Drinks,Sparkling Water 750ml,1,Regular,,4.00,0.00,4.00,0.67,T64452999,Counter iPad,,Payment,Takeaway,,
2026-07-22,13:46:00,Europe/London,Drinks,Espresso,2,Regular,,5.60,0.00,5.60,0.93,T64452999,Counter iPad,,Payment,Takeaway,,
2026-07-22,13:46:00,Europe/London,Drinks,Flat White,1,Regular,,3.40,0.00,3.40,0.57,T64452999,Counter iPad,,Payment,Eat in,,
2026-07-22,14:03:00,Europe/London,Starters,Rock Oysters,1,x6,,16.00,0.00,16.00,2.67,T67807408,Counter iPad,,Payment,Eat in,,
2026-07-22,14:03:00,Europe/London,Starters,Salt & Pepper Squid,1,Regular,,9.50,0.00,9.50,1.58,T67807408,Counter iPad,,Payment,Eat in,,
2026-07-22,14:03:00,Europe/London,Mains,Steak Frites,1,Regular,,24.00,0.00,24.00,4.00,T67807408,Counter iPad,,Payment,Eat in,,
2026-07-22,14:03:00,Europe/London,Sides,Peppercorn Sauce,1,Regular,,3.00,0.00,3.00,0.50,T67807408,Counter iPad,,Payment,Eat in,,
2026-07-22,14:03:00,Europe/London,Desserts,Affogato,1,Regular,,6.00,0.00,6.00,1.00,T67807408,Counter iPad,,Payment,Eat in,,
2026-07-22,14:03:00,Europe/London,Starters,Soup of the Day,1,Regular,,7.00,0.00,7.00,1.17,T67807408,Counter iPad,,Payment,Eat in,,
2026-07-22,14:03:00,Europe/London,Mains,Lamb Rump,1,Regular,,26.00,0.00,26.00,4.33,T67807408,Counter iPad,,Payment,Eat in,,
2026-07-22,14:03:00,Europe/London,Sides,Bread & Butter,1,Regular,,4.00,0.00,4.00,0.67,T67807408,Counter iPad,,Payment,Eat in,,
2026-07-22,14:03:00,Europe/London,Drinks,Lager Pint,1,Regular,,6.20,0.00,6.20,1.03,T67807408,Counter iPad,,Payment,Eat in,,
2026-07-22,14:03:00,Europe/London,Drinks,House Red 175ml,1,Regular,,7.00,0.00,7.00,1.17,T67807408,Counter iPad,,Payment,Takeaway,,
2026-07-22,14:03:00,Europe/London,Drinks,Espresso,1,Regular,,2.80,0.00,2.80,0.47,T67807408,Counter iPad,,Payment,Eat in,,
2026-07-22,14:39:00,Europe/London,Kids,Kids Fish & Chips,1,Regular,,8.00,0.00,8.00,1.33,T62619650,Counter iPad,,Payment,Eat in,,
2026-07-22,14:39:00,Europe/London,Set Menu,Set Lunch - 2 Courses,2,Regular,"Soup of the Day, Mushroom Risotto, Mackerel Pate, Fish & Chips (Small)",40.00,0.00,40.00,6.67,T62619650,Counter iPad,,Payment,Takeaway,,
2026-07-22,14:39:00,Europe/London,Mains,Lamb Rump,1,Regular,,26.00,0.00,26.00,4.33,T62619650,Counter iPad,,Payment,Eat in,,
2026-07-22,14:39:00,Europe/London,Sides,Bread & Butter,1,Regular,,4.00,0.00,4.00,0.67,T62619650,Counter iPad,,Payment,Takeaway,,
2026-07-22,14:39:00,Europe/London,Drinks,Lager Pint,2,Regular,,12.40,0.00,12.40,2.07,T62619650,Counter iPad,,Payment,Eat in,,
2026-07-22,14:39:00,Europe/London,Drinks,House White 175ml,2,Regular,,14.00,0.00,14.00,2.33,T62619650,Counter iPad,,Payment,Takeaway,,
2026-07-22,14:39:00,Europe/London,Drinks,House Red 175ml,1,Regular,,7.00,0.00,7.00,1.17,T62619650,Counter iPad,,Payment,Eat in,,
2026-07-22,14:39:00,Europe/London,Drinks,Coke,1,Regular,,3.00,0.00,3.00,0.50,T62619650,Counter iPad,,Payment,Eat in,,
2026-07-22,18:27:00,Europe/London,Starters,Soup of the Day,1,Regular,,7.00,0.00,7.00,1.17,T39716409,Counter iPad,,Payment,Eat in,,
2026-07-22,18:27:00,Europe/London,Mains,Chicken Supreme,1,Regular,,19.00,0.00,19.00,3.17,T39716409,Counter iPad,,Payment,Eat in,,
2026-07-22,18:27:00,Europe/London,Sides,Chips,1,Regular,,4.50,0.00,4.50,0.75,T39716409,Counter iPad,,Payment,Eat in,,
2026-07-22,18:27:00,Europe/London,Desserts,Affogato,1,Regular,,6.00,0.00,6.00,1.00,T39716409,Counter iPad,,Payment,Eat in,,
2026-07-22,18:27:00,Europe/London,Starters,Salt & Pepper Squid,1,Regular,,9.50,0.00,9.50,1.58,T39716409,Counter iPad,,Payment,Eat in,,
2026-07-22,18:27:00,Europe/London,Mains,Fish & Chips,1,Regular,,17.50,0.00,17.50,2.92,T39716409,Counter iPad,,Payment,Eat in,,
2026-07-22,18:27:00,Europe/London,Desserts,Sticky Toffee Pudding,1,Regular,,8.00,0.00,8.00,1.33,T39716409,Counter iPad,,Payment,Eat in,,
2026-07-22,18:27:00,Europe/London,Sides,Bread & Butter,1,Regular,,4.00,0.00,4.00,0.67,T39716409,Counter iPad,,Payment,Takeaway,,
2026-07-22,18:27:00,Europe/London,Drinks,Lager Pint,2,Regular,,12.40,0.00,12.40,2.07,T39716409,Counter iPad,,Payment,Eat in,,
2026-07-22,18:27:00,Europe/London,Drinks,House Red 175ml,1,Regular,,7.00,0.00,7.00,1.17,T39716409,Counter iPad,,Payment,Eat in,,
2026-07-22,18:27:00,Europe/London,Drinks,Coke,1,Regular,,3.00,0.00,3.00,0.50,T39716409,Counter iPad,,Payment,Takeaway,,
2026-07-22,18:49:00,Europe/London,Starters,Salt & Pepper Squid,1,Regular,,9.50,0.00,9.50,1.58,T47882420,Bar iPad,,Payment,Eat in,,
2026-07-22,18:49:00,Europe/London,Mains,Steak Frites,1,Regular,,24.00,0.00,24.00,4.00,T47882420,Bar iPad,,Payment,Eat in,,
2026-07-22,18:49:00,Europe/London,Sides,Peppercorn Sauce,1,Regular,,3.00,0.00,3.00,0.50,T47882420,Bar iPad,,Payment,Eat in,,
2026-07-22,18:49:00,Europe/London,Desserts,Sticky Toffee Pudding,1,Regular,,8.00,0.00,8.00,1.33,T47882420,Bar iPad,,Payment,Takeaway,,
2026-07-22,18:49:00,Europe/London,Desserts,Cheeseboard,1,5,,16.00,0.00,16.00,2.67,T47882420,Bar iPad,,Payment,Eat in,,
2026-07-22,18:49:00,Europe/London,Drinks,Lager Pint,1,Regular,,6.20,0.00,6.20,1.03,T47882420,Bar iPad,,Payment,Eat in,,
2026-07-22,19:25:00,Europe/London,Mains,Lemon Sole (MP),1,Regular,,24.00,0.00,24.00,4.00,T37292372,Counter iPad,,Payment,Eat in,,
2026-07-22,19:25:00,Europe/London,Sides,Bread & Butter,1,Regular,,4.00,0.00,4.00,0.67,T37292372,Counter iPad,,Payment,Eat in,,
2026-07-22,19:25:00,Europe/London,Drinks,House White 175ml,1,Regular,,7.00,0.00,7.00,1.17,T37292372,Counter iPad,,Payment,Eat in,,
2026-07-22,19:25:00,Europe/London,Drinks,House Red 175ml,1,Regular,,7.00,0.00,7.00,1.17,T37292372,Counter iPad,,Payment,Takeaway,,
2026-07-22,19:34:00,Europe/London,Mains,Fish & Chips,1,Regular,,17.50,0.00,17.50,2.92,T37471183,Bar iPad,,Payment,Takeaway,,
2026-07-22,19:34:00,Europe/London,Mains,Chicken Supreme,1,Regular,,19.00,0.00,19.00,3.17,T37471183,Bar iPad,,Payment,Takeaway,,
2026-07-22,19:34:00,Europe/London,Desserts,Choc Tart,1,Regular,,8.00,0.00,8.00,1.33,T37471183,Bar iPad,,Payment,Eat in,,
2026-07-22,19:34:00,Europe/London,Drinks,Lager Pint,2,Regular,,12.40,0.00,12.40,2.07,T37471183,Bar iPad,,Payment,Eat in,,
2026-07-22,19:34:00,Europe/London,Drinks,House White 175ml,1,Regular,,7.00,0.00,7.00,1.17,T37471183,Bar iPad,,Payment,Eat in,,
2026-07-22,19:50:00,Europe/London,Starters,Burrata,1,Regular,,10.00,0.00,10.00,1.67,T91943176,Counter iPad,,Payment,Eat in,,
2026-07-22,19:50:00,Europe/London,Mains,Steak Frites,1,Regular,,24.00,0.00,24.00,4.00,T91943176,Counter iPad,,Payment,Eat in,,
2026-07-22,19:50:00,Europe/London,Mains,Fish & Chips,1,Small,,13.00,0.00,13.00,2.17,T91943176,Counter iPad,,Payment,Eat in,,
2026-07-22,19:50:00,Europe/London,Sides,Tenderstem,1,Regular,,5.00,0.00,5.00,0.83,T91943176,Counter iPad,,Payment,Eat in,,
2026-07-22,19:50:00,Europe/London,Mains,Fish & Chips,1,Regular,,17.50,0.00,17.50,2.92,T91943176,Counter iPad,,Payment,Eat in,,
2026-07-22,19:50:00,Europe/London,Sides,Chips,1,Regular,,4.50,0.00,4.50,0.75,T91943176,Counter iPad,,Payment,Takeaway,,
2026-07-22,19:50:00,Europe/London,Sides,Bread & Butter,1,Regular,,4.00,0.00,4.00,0.67,T91943176,Counter iPad,,Payment,Eat in,,
2026-07-22,19:50:00,Europe/London,Drinks,Lager Pint,1,Regular,,6.20,0.00,6.20,1.03,T91943176,Counter iPad,,Payment,Eat in,,
2026-07-22,19:50:00,Europe/London,Drinks,House White 175ml,1,Regular,,7.00,0.00,7.00,1.17,T91943176,Counter iPad,,Payment,Eat in,,
2026-07-22,19:50:00,Europe/London,Drinks,Coke,1,Regular,,3.00,0.00,3.00,0.50,T91943176,Counter iPad,,Payment,Eat in,,
2026-07-22,19:50:00,Europe/London,Drinks,Espresso,1,Regular,,2.80,0.00,2.80,0.47,T91943176,Counter iPad,,Payment,Eat in,,
2026-07-22,20:22:00,Europe/London,Mains,Steak Frites,1,Regular,,24.00,0.00,24.00,4.00,T42030238,Counter iPad,,Payment,Eat in,,
2026-07-22,20:22:00,Europe/London,Sides,Peppercorn Sauce,1,Regular,,3.00,0.00,3.00,0.50,T42030238,Counter iPad,,Payment,Eat in,,
2026-07-22,20:22:00,Europe/London,Sides,Chips,2,Regular,,9.00,0.00,9.00,1.50,T42030238,Counter iPad,,Payment,Eat in,,
2026-07-22,20:22:00,Europe/London,Mains,Fish & Chips,1,Regular,,17.50,0.00,17.50,2.92,T42030238,Counter iPad,,Payment,Eat in,,
2026-07-22,20:22:00,Europe/London,Drinks,House Red 175ml,1,Regular,,7.00,0.00,7.00,1.17,T42030238,Counter iPad,,Payment,Takeaway,,
2026-07-22,20:22:00,Europe/London,Drinks,Coke,1,Regular,,3.00,0.00,3.00,0.50,T42030238,Counter iPad,,Payment,Takeaway,,
2026-07-22,20:22:00,Europe/London,Drinks,Sparkling Water 750ml,1,Regular,,4.00,0.00,4.00,0.67,T42030238,Counter iPad,,Payment,Eat in,,
2026-07-22,20:22:00,Europe/London,Drinks,Espresso,2,Regular,,5.60,0.00,5.60,0.93,T42030238,Counter iPad,,Payment,Takeaway,,
2026-07-22,21:05:00,Europe/London,Kids,Kids Fish & Chips,1,Regular,,8.00,0.00,8.00,1.33,T92121373,Bar iPad,,Payment,Eat in,,
2026-07-22,21:05:00,Europe/London,Mains,Steak Frites,1,Regular,,24.00,0.00,24.00,4.00,T92121373,Bar iPad,,Payment,Takeaway,,
2026-07-22,21:05:00,Europe/London,Sides,Peppercorn Sauce,1,Regular,,3.00,0.00,3.00,0.50,T92121373,Bar iPad,,Payment,Takeaway,,
2026-07-22,21:05:00,Europe/London,Starters,Soup of the Day,1,Regular,,7.00,0.00,7.00,1.17,T92121373,Bar iPad,,Payment,Takeaway,,
2026-07-22,21:05:00,Europe/London,Mains,Burger,1,Regular,,16.50,0.00,16.50,2.75,T92121373,Bar iPad,,Payment,Eat in,,
2026-07-22,21:05:00,Europe/London,Sides,Tenderstem,1,Regular,,5.00,0.00,5.00,0.83,T92121373,Bar iPad,,Payment,Eat in,,
2026-07-22,21:05:00,Europe/London,Drinks,Lager Pint,1,Regular,,6.20,0.00,6.20,1.03,T92121373,Bar iPad,,Payment,Takeaway,,
2026-07-22,21:05:00,Europe/London,Drinks,House White 175ml,1,Regular,,7.00,0.00,7.00,1.17,T92121373,Bar iPad,,Payment,Eat in,,
2026-07-22,21:05:00,Europe/London,Drinks,Coke,2,Regular,,6.00,0.00,6.00,1.00,T92121373,Bar iPad,,Payment,Eat in,,
2026-07-22,21:14:00,Europe/London,Starters,Salt & Pepper Squid,1,Regular,,9.50,0.00,9.50,1.58,T60543118,Counter iPad,,Payment,Takeaway,,
2026-07-22,21:14:00,Europe/London,Mains,Fish & Chips,2,Regular,,35.00,0.00,35.00,5.83,T60543118,Counter iPad,,Payment,Eat in,,
2026-07-22,21:14:00,Europe/London,Sides,Chips,1,Regular,,4.50,0.00,4.50,0.75,T60543118,Counter iPad,,Payment,Eat in,,
2026-07-22,21:14:00,Europe/London,Desserts,Sticky Toffee Pudding,1,Regular,,8.00,0.00,8.00,1.33,T60543118,Counter iPad,,Payment,Takeaway,,
2026-07-22,21:14:00,Europe/London,Sides,Bread & Butter,1,Regular,,4.00,0.00,4.00,0.67,T60543118,Counter iPad,,Payment,Eat in,,
2026-07-22,21:14:00,Europe/London,Drinks,Lager Pint,2,Regular,,12.40,0.00,12.40,2.07,T60543118,Counter iPad,,Payment,Eat in,,
2026-07-22,21:14:00,Europe/London,Drinks,House White 175ml,1,Regular,,7.00,0.00,7.00,1.17,T60543118,Counter iPad,,Payment,Eat in,,
2026-07-22,21:14:00,Europe/London,Drinks,Sparkling Water 750ml,1,Regular,,4.00,0.00,4.00,0.67,T60543118,Counter iPad,,Payment,Takeaway,,
2026-07-22,16:30:00,Europe/London,Other,Staff Meal,1,Regular,Fish & Chips,10.00,-10.00,0.00,0.00,T35630096,Counter iPad,,Payment,Eat in,,
2026-07-22,22:26:00,Europe/London,Mains,Fish & Chips,1,Small,,13.00,0.00,13.00,2.17,T50026961,Counter iPad,,Payment,Eat in,,
2026-07-22,22:26:00,Europe/London,Sides,Bread & Butter,1,Regular,,4.00,0.00,4.00,0.67,T50026961,Counter iPad,,Payment,Takeaway,,
2026-07-22,22:26:00,Europe/London,Drinks,House White 175ml,1,Regular,,7.00,0.00,7.00,1.17,T50026961,Counter iPad,,Payment,Eat in,,
2026-07-22,22:30:00,Europe/London,Kids,Kids Burger,2,Regular,,15.00,0.00,15.00,2.50,T92060179,Counter iPad,,Payment,Takeaway,,
2026-07-22,22:30:00,Europe/London,Kids,Kids Ice Cream,1,Regular,,3.50,0.00,3.50,0.58,T92060179,Counter iPad,,Payment,Eat in,,
2026-07-22,22:30:00,Europe/London,Mains,Tidewater Burger,2,Regular,"Add Bacon, Add Cheese",33.00,0.00,33.00,5.50,T92060179,Counter iPad,,Payment,Eat in,,
2026-07-22,22:30:00,Europe/London,Sides,Chips,1,Regular,,4.50,0.00,4.50,0.75,T92060179,Counter iPad,,Payment,Eat in,,
2026-07-22,22:30:00,Europe/London,Starters,Soup of the Day,1,Regular,,7.00,0.00,7.00,1.17,T92060179,Counter iPad,,Payment,Takeaway,,
2026-07-22,22:30:00,Europe/London,Desserts,Sticky Toffee Pudding,1,Regular,,8.00,0.00,8.00,1.33,T92060179,Counter iPad,,Payment,Takeaway,,
2026-07-22,22:30:00,Europe/London,Drinks,Lager Pint,1,Regular,,6.20,0.00,6.20,1.03,T92060179,Counter iPad,,Payment,Eat in,,
2026-07-22,22:30:00,Europe/London,Drinks,House White 175ml,3,Regular,,21.00,0.00,21.00,3.50,T92060179,Counter iPad,,Payment,Eat in,,
2026-07-22,22:30:00,Europe/London,Drinks,House Red 175ml,2,Regular,,14.00,0.00,14.00,2.33,T92060179,Counter iPad,,Payment,Eat in,,
2026-07-22,22:30:00,Europe/London,Drinks,Coke,1,Regular,,3.00,0.00,3.00,0.50,T92060179,Counter iPad,,Payment,Eat in,,
2026-07-22,22:30:00,Europe/London,Drinks,Espresso,3,Regular,,8.40,0.00,8.40,1.40,T92060179,Counter iPad,,Payment,Takeaway,,
2026-07-22,22:32:00,Europe/London,Kids,Kids Fish & Chips,1,Regular,,8.00,0.00,8.00,1.33,T76768569,Counter iPad,,Payment,Eat in,C442,Sample Customer 442
2026-07-22,22:32:00,Europe/London,Kids,Kids Ice Cream,2,Regular,,7.00,0.00,7.00,1.17,T76768569,Counter iPad,,Payment,Eat in,C442,Sample Customer 442
2026-07-22,22:32:00,Europe/London,Kids,Kids Burger,1,Regular,,7.50,0.00,7.50,1.25,T76768569,Counter iPad,,Payment,Eat in,C442,Sample Customer 442
2026-07-22,22:32:00,Europe/London,Starters,Salt & Pepper Squid,1,Regular,,9.50,0.00,9.50,1.58,T76768569,Counter iPad,,Payment,Eat in,C442,Sample Customer 442
2026-07-22,22:32:00,Europe/London,Mains,Fish & Chips,1,Regular,,17.50,0.00,17.50,2.92,T76768569,Counter iPad,,Payment,Eat in,C442,Sample Customer 442
2026-07-22,22:32:00,Europe/London,Mains,Tidewater Burger,1,Regular,,16.50,0.00,16.50,2.75,T76768569,Counter iPad,,Payment,Takeaway,C442,Sample Customer 442
2026-07-22,22:32:00,Europe/London,Sides,House Salad,1,Regular,,4.50,0.00,4.50,0.75,T76768569,Counter iPad,,Payment,Eat in,C442,Sample Customer 442
2026-07-22,22:32:00,Europe/London,Drinks,Lager Pint,3,Regular,,18.60,0.00,18.60,3.10,T76768569,Counter iPad,,Payment,Eat in,C442,Sample Customer 442
2026-07-22,22:32:00,Europe/London,Drinks,House Red 175ml,4,Regular,,28.00,0.00,28.00,4.67,T76768569,Counter iPad,,Payment,Takeaway,C442,Sample Customer 442
2026-07-22,22:32:00,Europe/London,Drinks,Coke,1,Regular,,3.00,0.00,3.00,0.50,T76768569,Counter iPad,,Payment,Eat in,C442,Sample Customer 442
2026-07-22,22:32:00,Europe/London,Drinks,Espresso,1,Regular,,2.80,0.00,2.80,0.47,T76768569,Counter iPad,,Payment,Eat in,C442,Sample Customer 442
2026-07-22,22:32:00,Europe/London,Drinks,Flat White,1,Regular,,3.40,0.00,3.40,0.57,T76768569,Counter iPad,,Payment,Eat in,C442,Sample Customer 442
2026-07-22,22:43:00,Europe/London,Mains,Fish & Chips,1,Small,,13.00,0.00,13.00,2.17,T41329691,Bar iPad,,Payment,Eat in,,
2026-07-22,22:43:00,Europe/London,Mains,Steak Frites,1,Regular,,24.00,0.00,24.00,4.00,T41329691,Bar iPad,,Payment,Eat in,,
2026-07-22,22:43:00,Europe/London,Starters,Mackerel Pate,1,Regular,,8.50,0.00,8.50,1.42,T41329691,Bar iPad,,Payment,Eat in,,
2026-07-22,22:43:00,Europe/London,Mains,Fish & Chips,1,Regular,,17.50,0.00,17.50,2.92,T41329691,Bar iPad,,Payment,Eat in,,
2026-07-22,22:43:00,Europe/London,Sides,Bread & Butter,1,Regular,,4.00,0.00,4.00,0.67,T41329691,Bar iPad,,Payment,Eat in,,
2026-07-22,22:43:00,Europe/London,Drinks,Lager Pint,2,Regular,,12.40,0.00,12.40,2.07,T41329691,Bar iPad,,Payment,Takeaway,,
2026-07-22,22:43:00,Europe/London,Drinks,House White 175ml,1,Regular,,7.00,0.00,7.00,1.17,T41329691,Bar iPad,,Payment,Eat in,,
2026-07-22,22:43:00,Europe/London,Drinks,House Red 175ml,2,Regular,,14.00,0.00,14.00,2.33,T41329691,Bar iPad,,Payment,Eat in,,
2026-07-22,22:43:00,Europe/London,Drinks,Flat White,1,Regular,,3.40,0.00,3.40,0.57,T41329691,Bar iPad,,Payment,Eat in,,
2026-07-22,22:44:00,Europe/London,Starters,Pork Belly Bites,1,Regular,,8.00,0.00,8.00,1.33,T89239145,Counter iPad,,Payment,Takeaway,,
2026-07-22,22:44:00,Europe/London,Sides,Truffle Fries,1,Regular,,6.00,0.00,6.00,1.00,T89239145,Counter iPad,,Payment,Eat in,,
2026-07-22,23:36:00,Europe/London,Mains,Lamb Rump,1,Regular,,26.00,0.00,26.00,4.33,T15429242,Bar iPad,,Payment,Eat in,C457,Sample Customer 457
2026-07-22,23:36:00,Europe/London,Sides,Fries,2,Regular,,9.00,0.00,9.00,1.50,T15429242,Bar iPad,,Payment,Takeaway,C457,Sample Customer 457
2026-07-22,23:36:00,Europe/London,Mains,Burger,1,Regular,,16.50,0.00,16.50,2.75,T15429242,Bar iPad,,Payment,Eat in,C457,Sample Customer 457
2026-07-22,23:36:00,Europe/London,Drinks,Lager Pint,1,Regular,,6.20,0.00,6.20,1.03,T15429242,Bar iPad,,Payment,Eat in,C457,Sample Customer 457
2026-07-22,23:36:00,Europe/London,Drinks,House Red 175ml,1,Regular,,7.00,0.00,7.00,1.17,T15429242,Bar iPad,,Payment,Eat in,C457,Sample Customer 457
2026-07-22,23:36:00,Europe/London,Drinks,Flat White,1,Regular,,3.40,0.00,3.40,0.57,T15429242,Bar iPad,,Payment,Eat in,C457,Sample Customer 457
2026-07-23,12:01:00,Europe/London,Mains,Hake,1,Regular,,22.00,0.00,22.00,3.67,T68154549,Bar iPad,,Payment,Eat in,,
2026-07-23,12:01:00,Europe/London,Set Menu,Set Lunch - 2 Courses,1,Regular,"Mackerel Pate, Fish & Chips (Small)",20.00,0.00,20.00,3.33,T68154549,Bar iPad,,Payment,Eat in,,
2026-07-23,12:01:00,Europe/London,Sides,Bread & Butter,1,Regular,,4.00,0.00,4.00,0.67,T68154549,Bar iPad,,Payment,Eat in,,
2026-07-23,12:01:00,Europe/London,Drinks,Lager Pint,2,Regular,,12.40,0.00,12.40,2.07,T68154549,Bar iPad,,Payment,Eat in,,
2026-07-23,12:01:00,Europe/London,Drinks,House White 175ml,1,Regular,,7.00,0.00,7.00,1.17,T68154549,Bar iPad,,Payment,Takeaway,,
2026-07-23,12:01:00,Europe/London,Mains,Steak Frites,1,Regular,,24.00,0.00,24.00,4.00,T80976590,Counter iPad,,Payment,Eat in,,
2026-07-23,12:01:00,Europe/London,Sides,Chips,1,Regular,,4.50,0.00,4.50,0.75,T80976590,Counter iPad,,Payment,Eat in,,
2026-07-23,12:01:00,Europe/London,Starters,Soup of the Day,1,Regular,,7.00,0.00,7.00,1.17,T80976590,Counter iPad,,Payment,Eat in,,
2026-07-23,12:01:00,Europe/London,Mains,Lemon Sole (MP),1,Regular,,26.00,0.00,26.00,4.33,T80976590,Counter iPad,,Payment,Eat in,,
2026-07-23,12:01:00,Europe/London,Desserts,Sticky Toffee Pudding,1,Regular,,8.00,0.00,8.00,1.33,T80976590,Counter iPad,,Payment,Eat in,,
2026-07-23,12:01:00,Europe/London,Drinks,Lager Pint,1,Regular,,6.20,0.00,6.20,1.03,T80976590,Counter iPad,,Payment,Eat in,,
2026-07-23,12:01:00,Europe/London,Drinks,House White 175ml,1,Regular,,7.00,0.00,7.00,1.17,T80976590,Counter iPad,,Payment,Eat in,,
2026-07-23,12:01:00,Europe/London,Drinks,House Red 175ml,1,Regular,,7.00,0.00,7.00,1.17,T80976590,Counter iPad,,Payment,Eat in,,
2026-07-23,12:12:00,Europe/London,Set Menu,Set Lunch - 2 Courses,1,Regular,"Mackerel Pate, Mushroom Risotto",20.00,0.00,20.00,3.33,T20255351,Counter iPad,,Payment,Takeaway,,
2026-07-23,12:12:00,Europe/London,Starters,Salt & Pepper Squid,1,Regular,,9.50,0.00,9.50,1.58,T20255351,Counter iPad,,Payment,Eat in,,
2026-07-23,12:12:00,Europe/London,Mains,Chicken Supreme,1,Regular,,19.00,0.00,19.00,3.17,T20255351,Counter iPad,,Payment,Eat in,,
2026-07-23,12:12:00,Europe/London,Drinks,House Red 175ml,1,Regular,,7.00,0.00,7.00,1.17,T20255351,Counter iPad,,Payment,Takeaway,,
2026-07-23,12:12:00,Europe/London,Drinks,Coke,1,Regular,,3.00,0.00,3.00,0.50,T20255351,Counter iPad,,Payment,Eat in,,
2026-07-23,12:16:00,Europe/London,Starters,Burrata,1,Regular,,10.00,0.00,10.00,1.67,T85360248,Counter iPad,,Payment,Eat in,,
2026-07-23,12:16:00,Europe/London,Mains,Steak Frites,1,Regular,,24.00,0.00,24.00,4.00,T85360248,Counter iPad,,Payment,Eat in,,
2026-07-23,12:16:00,Europe/London,Desserts,Sticky Toffee Pudding,2,Regular,,16.00,0.00,16.00,2.67,T85360248,Counter iPad,,Payment,Eat in,,
2026-07-23,12:16:00,Europe/London,Starters,Rock Oysters,1,x6,,16.00,0.00,16.00,2.67,T85360248,Counter iPad,,Payment,Eat in,,
2026-07-23,12:16:00,Europe/London,Mains,Chicken Supreme,1,Regular,,19.00,0.00,19.00,3.17,T85360248,Counter iPad,,Payment,Eat in,,
2026-07-23,12:16:00,Europe/London,Sides,Chips,1,Regular,,4.50,0.00,4.50,0.75,T85360248,Counter iPad,,Payment,Eat in,,
2026-07-23,12:16:00,Europe/London,Drinks,Lager Pint,2,Regular,,12.40,0.00,12.40,2.07,T85360248,Counter iPad,,Payment,Eat in,,
2026-07-23,12:16:00,Europe/London,Drinks,Coke,1,Regular,,3.00,0.00,3.00,0.50,T85360248,Counter iPad,,Payment,Eat in,,
2026-07-23,12:16:00,Europe/London,Drinks,Sparkling Water 750ml,1,Regular,,4.00,0.00,4.00,0.67,T85360248,Counter iPad,,Payment,Eat in,,
2026-07-23,12:26:00,Europe/London,Set Menu,Set Lunch - 3 Courses,1,Regular,"Soup of the Day, Fish & Chips (Small), Kids Ice Cream",25.00,0.00,25.00,4.17,T65136253,Bar iPad,,Payment,Eat in,,
2026-07-23,12:26:00,Europe/London,Mains,Fish & Chips,1,Small,,13.00,0.00,13.00,2.17,T65136253,Bar iPad,,Payment,Eat in,,
2026-07-23,12:26:00,Europe/London,Sides,Bread & Butter,1,Regular,,4.00,0.00,4.00,0.67,T65136253,Bar iPad,,Payment,Eat in,,
2026-07-23,12:26:00,Europe/London,Drinks,Lager Pint,1,Regular,,6.20,0.00,6.20,1.03,T65136253,Bar iPad,,Payment,Eat in,,
2026-07-23,12:26:00,Europe/London,Drinks,House White 175ml,1,Regular,,7.00,0.00,7.00,1.17,T65136253,Bar iPad,,Payment,Eat in,,
2026-07-23,12:26:00,Europe/London,Drinks,Coke,1,Regular,,3.00,0.00,3.00,0.50,T65136253,Bar iPad,,Payment,Eat in,,
2026-07-23,12:55:00,Europe/London,Starters,Salt & Pepper Squid,1,Regular,,9.50,0.00,9.50,1.58,T14322124,Counter iPad,,Payment,Eat in,,
2026-07-23,12:55:00,Europe/London,Mains,Fish & Chips,1,Small,,13.00,0.00,13.00,2.17,T14322124,Counter iPad,,Payment,Eat in,,
2026-07-23,12:55:00,Europe/London,Drinks,Lager Pint,1,Regular,,6.20,0.00,6.20,1.03,T14322124,Counter iPad,,Payment,Eat in,,
2026-07-23,12:55:00,Europe/London,Drinks,House White 175ml,1,Regular,,7.00,0.00,7.00,1.17,T14322124,Counter iPad,,Payment,Eat in,,
2026-07-23,12:57:00,Europe/London,Drinks,House White 175ml,1,Regular,,0.00,0.00,0.00,0.00,T14322124,Counter iPad,wrong table,Void,Eat in,,
2026-07-23,12:55:00,Europe/London,Drinks,House Red 175ml,1,Regular,,7.00,0.00,7.00,1.17,T14322124,Counter iPad,,Payment,Eat in,,
2026-07-23,12:56:00,Europe/London,Mains,Steak Frites,1,Regular,,24.00,0.00,24.00,4.00,T34101204,Counter iPad,,Payment,Takeaway,,
2026-07-23,12:56:00,Europe/London,Set Menu,Set Lunch - 2 Courses,1,Regular,"Mackerel Pate, Fish & Chips (Small)",20.00,0.00,20.00,3.33,T34101204,Counter iPad,,Payment,Eat in,,
2026-07-23,12:56:00,Europe/London,Drinks,Lager Pint,1,Regular,,6.20,0.00,6.20,1.03,T34101204,Counter iPad,,Payment,Takeaway,,
2026-07-23,12:56:00,Europe/London,Drinks,Coke,1,Regular,,3.00,0.00,3.00,0.50,T34101204,Counter iPad,,Payment,Eat in,,
2026-07-23,14:20:00,Europe/London,Set Menu,Set Lunch - 2 Courses,1,Regular,"Mackerel Pate, Fish & Chips (Small)",20.00,0.00,20.00,3.33,T73959896,Counter iPad,,Payment,Eat in,,
2026-07-23,14:20:00,Europe/London,Mains,Chicken Supreme,1,Regular,,19.00,0.00,19.00,3.17,T73959896,Counter iPad,,Payment,Eat in,,
2026-07-23,14:20:00,Europe/London,Sides,Truffle Fries,1,Regular,,6.00,0.00,6.00,1.00,T73959896,Counter iPad,,Payment,Takeaway,,
2026-07-23,14:20:00,Europe/London,Drinks,Lager Pint,1,Regular,,6.20,0.00,6.20,1.03,T73959896,Counter iPad,,Payment,Eat in,,
2026-07-23,14:20:00,Europe/London,Drinks,House Red 175ml,1,Regular,,7.00,0.00,7.00,1.17,T73959896,Counter iPad,,Payment,Takeaway,,
2026-07-23,14:20:00,Europe/London,Drinks,Flat White,2,Regular,,6.80,0.00,6.80,1.13,T73959896,Counter iPad,,Payment,Eat in,,
2026-07-23,14:21:00,Europe/London,Mains,Steak Frites,1,Regular,,24.00,0.00,24.00,4.00,T82502470,Counter iPad,Table 7 - call 07700 900106 when ready,Payment,Takeaway,,
2026-07-23,14:21:00,Europe/London,Sides,Tenderstem,1,Regular,,5.00,0.00,5.00,0.83,T82502470,Counter iPad,Table 7 - call 07700 900106 when ready,Payment,Eat in,,
2026-07-23,14:21:00,Europe/London,Starters,Salt & Pepper Squid,1,Regular,,9.50,0.00,9.50,1.58,T82502470,Counter iPad,Table 7 - call 07700 900106 when ready,Payment,Eat in,,
2026-07-23,14:21:00,Europe/London,Mains,Hake,1,Regular,,22.00,0.00,22.00,3.67,T82502470,Counter iPad,Table 7 - call 07700 900106 when ready,Payment,Eat in,,
2026-07-23,14:21:00,Europe/London,Sides,Truffle Fries,2,Regular,,12.00,0.00,12.00,2.00,T82502470,Counter iPad,Table 7 - call 07700 900106 when ready,Payment,Eat in,,
2026-07-23,14:21:00,Europe/London,Starters,Pork Belly Bites,1,Regular,,8.00,0.00,8.00,1.33,T82502470,Counter iPad,Table 7 - call 07700 900106 when ready,Payment,Takeaway,,
2026-07-23,14:21:00,Europe/London,Mains,Tidewater Burger,1,Regular,,16.50,0.00,16.50,2.75,T82502470,Counter iPad,Table 7 - call 07700 900106 when ready,Payment,Eat in,,
2026-07-23,14:21:00,Europe/London,Desserts,Choc Tart,1,Regular,,8.00,0.00,8.00,1.33,T82502470,Counter iPad,Table 7 - call 07700 900106 when ready,Payment,Eat in,,
2026-07-23,14:21:00,Europe/London,Starters,Soup of the Day,1,Regular,,7.00,0.00,7.00,1.17,T82502470,Counter iPad,Table 7 - call 07700 900106 when ready,Payment,Eat in,,
2026-07-23,14:21:00,Europe/London,Mains,Mushroom Risotto,1,Regular,,15.00,0.00,15.00,2.50,T82502470,Counter iPad,Table 7 - call 07700 900106 when ready,Payment,Eat in,,
2026-07-23,14:21:00,Europe/London,Sides,Bread & Butter,1,Regular,,4.00,0.00,4.00,0.67,T82502470,Counter iPad,Table 7 - call 07700 900106 when ready,Payment,Takeaway,,
2026-07-23,14:21:00,Europe/London,Drinks,Lager Pint,4,Regular,,24.80,0.00,24.80,4.13,T82502470,Counter iPad,Table 7 - call 07700 900106 when ready,Payment,Takeaway,,
2026-07-23,14:21:00,Europe/London,Drinks,House White 175ml,2,Regular,,14.00,0.00,14.00,2.33,T82502470,Counter iPad,Table 7 - call 07700 900106 when ready,Payment,Eat in,,
2026-07-23,14:21:00,Europe/London,Drinks,House Red 175ml,1,Regular,,7.00,0.00,7.00,1.17,T82502470,Counter iPad,Table 7 - call 07700 900106 when ready,Payment,Eat in,,
2026-07-23,14:21:00,Europe/London,Drinks,Coke,1,Regular,,3.00,0.00,3.00,0.50,T82502470,Counter iPad,Table 7 - call 07700 900106 when ready,Payment,Eat in,,
2026-07-23,14:21:00,Europe/London,Drinks,Sparkling Water 750ml,2,Regular,,8.00,0.00,8.00,1.33,T82502470,Counter iPad,Table 7 - call 07700 900106 when ready,Payment,Eat in,,
2026-07-23,14:21:00,Europe/London,Drinks,Espresso,2,Regular,,5.60,0.00,5.60,0.93,T82502470,Counter iPad,Table 7 - call 07700 900106 when ready,Payment,Eat in,,
2026-07-23,14:21:00,Europe/London,Drinks,Flat White,1,Regular,,3.40,0.00,3.40,0.57,T82502470,Counter iPad,Table 7 - call 07700 900106 when ready,Payment,Eat in,,
2026-07-23,18:06:00,Europe/London,Mains,Fish & Chips,1,Small,,13.00,0.00,13.00,2.17,T39575637,Bar iPad,,Payment,Takeaway,,
2026-07-23,18:06:00,Europe/London,Desserts,Creme Brulee,1,Regular,,7.50,0.00,7.50,1.25,T39575637,Bar iPad,,Payment,Eat in,,
2026-07-23,18:06:00,Europe/London,Starters,Soup of the Day,1,Regular,,7.00,0.00,7.00,1.17,T39575637,Bar iPad,,Payment,Eat in,,
2026-07-23,18:06:00,Europe/London,Mains,Chicken Supreme,1,Regular,,19.00,0.00,19.00,3.17,T39575637,Bar iPad,,Payment,Eat in,,
2026-07-23,18:06:00,Europe/London,Starters,Mackerel Pate,1,Regular,,8.50,0.00,8.50,1.42,T39575637,Bar iPad,,Payment,Eat in,,
2026-07-23,18:06:00,Europe/London,Mains,Burger,1,Regular,,16.50,0.00,16.50,2.75,T39575637,Bar iPad,,Payment,Eat in,,
2026-07-23,18:06:00,Europe/London,Starters,Pork Belly Bites,1,Regular,,8.00,0.00,8.00,1.33,T39575637,Bar iPad,,Payment,Eat in,,
2026-07-23,18:06:00,Europe/London,Mains,Lamb Rump,1,Regular,,26.00,0.00,26.00,4.33,T39575637,Bar iPad,,Payment,Takeaway,,
2026-07-23,18:06:00,Europe/London,Sides,House Salad,1,Regular,,4.50,0.00,4.50,0.75,T39575637,Bar iPad,,Payment,Eat in,,
2026-07-23,18:06:00,Europe/London,Sides,Bread & Butter,1,Regular,,4.00,0.00,4.00,0.67,T39575637,Bar iPad,,Payment,Eat in,,
2026-07-23,18:06:00,Europe/London,Drinks,Lager Pint,2,Regular,,12.40,0.00,12.40,2.07,T39575637,Bar iPad,,Payment,Eat in,,
2026-07-23,18:06:00,Europe/London,Drinks,House White 175ml,1,Regular,,7.00,0.00,7.00,1.17,T39575637,Bar iPad,,Payment,Eat in,,
2026-07-23,18:06:00,Europe/London,Drinks,Coke,1,Regular,,3.00,0.00,3.00,0.50,T39575637,Bar iPad,,Payment,Eat in,,
2026-07-23,18:06:00,Europe/London,Drinks,Espresso,2,Regular,,5.60,0.00,5.60,0.93,T39575637,Bar iPad,,Payment,Takeaway,,
2026-07-23,18:20:00,Europe/London,Starters,Salt & Pepper Squid,1,Regular,,9.50,0.00,9.50,1.58,T46494791,Counter iPad,,Payment,Eat in,,
2026-07-23,18:20:00,Europe/London,Mains,Hake,1,Regular,,22.00,0.00,22.00,3.67,T46494791,Counter iPad,,Payment,Eat in,,
2026-07-23,18:20:00,Europe/London,Starters,Soup of the Day,1,Regular,,7.00,0.00,7.00,1.17,T46494791,Counter iPad,,Payment,Eat in,,
2026-07-23,18:20:00,Europe/London,Mains,Tidewater Burger,1,Regular,,16.50,0.00,16.50,2.75,T46494791,Counter iPad,,Payment,Eat in,,
2026-07-23,18:20:00,Europe/London,Sides,Bread & Butter,1,Regular,,4.00,0.00,4.00,0.67,T46494791,Counter iPad,,Payment,Takeaway,,
2026-07-23,18:20:00,Europe/London,Drinks,House White 175ml,1,Regular,,7.00,0.00,7.00,1.17,T46494791,Counter iPad,,Payment,Eat in,,
2026-07-23,18:20:00,Europe/London,Drinks,Coke,1,Regular,,3.00,0.00,3.00,0.50,T46494791,Counter iPad,,Payment,Eat in,,
2026-07-23,18:20:00,Europe/London,Drinks,Sparkling Water 750ml,1,Regular,,4.00,0.00,4.00,0.67,T46494791,Counter iPad,,Payment,Eat in,,
2026-07-23,18:51:00,Europe/London,Mains,Tidewater Burger,2,Regular,,33.00,0.00,33.00,5.50,T28187694,Counter iPad,,Payment,Takeaway,,
2026-07-23,18:51:00,Europe/London,Sides,Truffle Fries,1,Regular,,6.00,0.00,6.00,1.00,T28187694,Counter iPad,,Payment,Takeaway,,
2026-07-23,18:51:00,Europe/London,Starters,Salt & Pepper Squid,1,Regular,,9.50,0.00,9.50,1.58,T28187694,Counter iPad,,Payment,Eat in,,
2026-07-23,18:51:00,Europe/London,Desserts,Sticky Toffee Pudding,1,Regular,,8.00,0.00,8.00,1.33,T28187694,Counter iPad,,Payment,Eat in,,
2026-07-23,18:51:00,Europe/London,Drinks,Lager Pint,2,Regular,,12.40,0.00,12.40,2.07,T28187694,Counter iPad,,Payment,Eat in,,
2026-07-23,18:51:00,Europe/London,Drinks,House White 175ml,1,Regular,,7.00,0.00,7.00,1.17,T28187694,Counter iPad,,Payment,Eat in,,
2026-07-23,19:36:00,Europe/London,Starters,Soup of the Day,1,Regular,,7.00,0.00,7.00,1.17,T80475842,Counter iPad,,Payment,Takeaway,,
2026-07-23,19:36:00,Europe/London,Mains,Tidewater Burger,1,Regular,,16.50,0.00,16.50,2.75,T80475842,Counter iPad,,Payment,Eat in,,
2026-07-23,19:36:00,Europe/London,Mains,Fish & Chips,1,Regular,,17.50,0.00,17.50,2.92,T80475842,Counter iPad,,Payment,Takeaway,,
2026-07-23,19:36:00,Europe/London,Sides,Chips,1,Regular,,4.50,0.00,4.50,0.75,T80475842,Counter iPad,,Payment,Eat in,,
2026-07-23,19:36:00,Europe/London,Starters,Mackerel Pate,1,Regular,,8.50,0.00,8.50,1.42,T80475842,Counter iPad,,Payment,Eat in,,
2026-07-23,19:36:00,Europe/London,Mains,Lamb Rump,1,Regular,,26.00,0.00,26.00,4.33,T80475842,Counter iPad,,Payment,Eat in,,
2026-07-23,19:36:00,Europe/London,Sides,Bread & Butter,1,Regular,,4.00,0.00,4.00,0.67,T80475842,Counter iPad,,Payment,Takeaway,,
2026-07-23,19:36:00,Europe/London,Drinks,Lager Pint,2,Regular,,12.40,0.00,12.40,2.07,T80475842,Counter iPad,,Payment,Eat in,,
2026-07-23,19:36:00,Europe/London,Drinks,House White 175ml,1,Regular,,7.00,0.00,7.00,1.17,T80475842,Counter iPad,,Payment,Eat in,,
2026-07-23,19:36:00,Europe/London,Drinks,Espresso,1,Regular,,2.80,0.00,2.80,0.47,T80475842,Counter iPad,,Payment,Eat in,,
2026-07-23,19:37:00,Europe/London,Starters,Salt & Pepper Squid,1,Regular,,9.50,0.00,9.50,1.58,T34549928,Bar iPad,,Payment,Eat in,,
2026-07-23,19:37:00,Europe/London,Mains,Steak Frites,1,Regular,,24.00,0.00,24.00,4.00,T34549928,Bar iPad,,Payment,Eat in,,
2026-07-23,19:37:00,Europe/London,Sides,Tenderstem,1,Regular,,5.00,0.00,5.00,0.83,T34549928,Bar iPad,,Payment,Eat in,,
2026-07-23,19:37:00,Europe/London,Desserts,Sticky Toffee Pudding,1,Regular,,8.00,0.00,8.00,1.33,T34549928,Bar iPad,,Payment,Eat in,,
2026-07-23,19:37:00,Europe/London,Starters,Mackerel Pate,1,Regular,,8.50,0.00,8.50,1.42,T34549928,Bar iPad,,Payment,Eat in,,
2026-07-23,19:37:00,Europe/London,Mains,Fish & Chips,1,Small,,13.00,0.00,13.00,2.17,T34549928,Bar iPad,,Payment,Takeaway,,
2026-07-23,19:37:00,Europe/London,Desserts,Cheeseboard,1,3,,11.00,0.00,11.00,1.83,T34549928,Bar iPad,,Payment,Takeaway,,
2026-07-23,19:37:00,Europe/London,Drinks,House White 175ml,2,Regular,,14.00,0.00,14.00,2.33,T34549928,Bar iPad,,Payment,Eat in,,
2026-07-23,19:37:00,Europe/London,Drinks,House Red 175ml,1,Regular,,7.00,0.00,7.00,1.17,T34549928,Bar iPad,,Payment,Eat in,,
2026-07-23,19:37:00,Europe/London,Drinks,Coke,1,Regular,,3.00,0.00,3.00,0.50,T34549928,Bar iPad,,Payment,Takeaway,,
2026-07-23,19:37:00,Europe/London,Drinks,Flat White,1,Regular,,3.40,0.00,3.40,0.57,T34549928,Bar iPad,,Payment,Eat in,,
2026-07-23,20:04:00,Europe/London,Starters,Pork Belly Bites,2,Regular,,16.00,0.00,16.00,2.67,T10456143,Counter iPad,,Payment,Eat in,,
2026-07-23,20:04:00,Europe/London,Mains,Fish & Chips,1,Regular,,17.50,0.00,17.50,2.92,T10456143,Counter iPad,,Payment,Eat in,,
2026-07-23,20:04:00,Europe/London,Sides,Chips,1,Regular,,4.50,0.00,4.50,0.75,T10456143,Counter iPad,,Payment,Eat in,,
2026-07-23,20:04:00,Europe/London,Sides,Bread & Butter,1,Regular,,4.00,0.00,4.00,0.67,T10456143,Counter iPad,,Payment,Eat in,,
2026-07-23,20:04:00,Europe/London,Drinks,Lager Pint,2,Regular,,12.40,0.00,12.40,2.07,T10456143,Counter iPad,,Payment,Eat in,,
2026-07-23,20:04:00,Europe/London,Drinks,House Red 175ml,1,Regular,,7.00,0.00,7.00,1.17,T10456143,Counter iPad,,Payment,Takeaway,,
2026-07-23,20:14:00,Europe/London,Starters,Soup of the Day,2,Regular,,14.00,0.00,14.00,2.33,T26097662,Counter iPad,,Payment,Eat in,,
2026-07-23,20:14:00,Europe/London,Mains,Tidewater Burger,3,Regular,,49.50,0.00,49.50,8.25,T26097662,Counter iPad,,Payment,Eat in,,
2026-07-23,20:14:00,Europe/London,Starters,Salt & Pepper Squid,3,Regular,,28.50,0.00,28.50,4.75,T26097662,Counter iPad,,Payment,Eat in,,
2026-07-23,20:14:00,Europe/London,Starters,Rock Oysters,1,x6,,16.00,0.00,16.00,2.67,T26097662,Counter iPad,,Payment,Eat in,,
2026-07-23,20:14:00,Europe/London,Mains,Fish & Chips,1,Regular,,17.50,0.00,17.50,2.92,T26097662,Counter iPad,,Payment,Eat in,,
2026-07-23,20:14:00,Europe/London,Sides,Chips,2,Regular,,9.00,0.00,9.00,1.50,T26097662,Counter iPad,,Payment,Eat in,,
2026-07-23,20:14:00,Europe/London,Sides,House Salad,1,Regular,,4.50,0.00,4.50,0.75,T26097662,Counter iPad,,Payment,Takeaway,,
2026-07-23,20:14:00,Europe/London,Mains,SPECIAL - Crab Linguine,1,Regular,,18.00,0.00,18.00,3.00,T26097662,Counter iPad,,Payment,Eat in,,
2026-07-23,20:14:00,Europe/London,Desserts,Sticky Toffee Pudding,1,Regular,,8.00,0.00,8.00,1.33,T26097662,Counter iPad,,Payment,Eat in,,
2026-07-23,20:14:00,Europe/London,Mains,Fish & Chips,1,Small,,13.00,0.00,13.00,2.17,T26097662,Counter iPad,,Payment,Eat in,,
2026-07-23,20:14:00,Europe/London,Sides,Bread & Butter,1,Regular,,4.00,0.00,4.00,0.67,T26097662,Counter iPad,,Payment,Eat in,,
2026-07-23,20:14:00,Europe/London,Drinks,Lager Pint,4,Regular,,24.80,0.00,24.80,4.13,T26097662,Counter iPad,,Payment,Eat in,,
2026-07-23,20:14:00,Europe/London,Drinks,Coke,2,Regular,,6.00,0.00,6.00,1.00,T26097662,Counter iPad,,Payment,Eat in,,
2026-07-23,20:14:00,Europe/London,Drinks,Flat White,1,Regular,,3.40,0.00,3.40,0.57,T26097662,Counter iPad,,Payment,Takeaway,,
2026-07-23,20:56:00,Europe/London,Starters,Salt & Pepper Squid,1,Regular,,9.50,0.00,9.50,1.58,T12699504,Counter iPad,,Payment,Eat in,,
2026-07-23,20:56:00,Europe/London,Mains,Mushroom Risotto,1,Regular,,15.00,0.00,15.00,2.50,T12699504,Counter iPad,,Payment,Eat in,,
2026-07-23,20:56:00,Europe/London,Sides,Chips,1,Regular,,4.50,0.00,4.50,0.75,T12699504,Counter iPad,,Payment,Takeaway,,
2026-07-23,20:56:00,Europe/London,Desserts,Crème Brûlée,1,Regular,,7.50,0.00,7.50,1.25,T12699504,Counter iPad,,Payment,Eat in,,
2026-07-23,20:56:00,Europe/London,Sides,Bread & Butter,1,Regular,,4.00,0.00,4.00,0.67,T12699504,Counter iPad,,Payment,Eat in,,
2026-07-23,20:56:00,Europe/London,Drinks,Lager Pint,1,Regular,,6.20,0.00,6.20,1.03,T12699504,Counter iPad,,Payment,Eat in,,
2026-07-23,20:56:00,Europe/London,Drinks,Flat White,1,Regular,,3.40,0.00,3.40,0.57,T12699504,Counter iPad,,Payment,Eat in,,
2026-07-23,21:25:00,Europe/London,Mains,Tidewater Burger,1,Regular,,16.50,0.00,16.50,2.75,T11062311,Counter iPad,,Payment,Eat in,,
2026-07-23,21:25:00,Europe/London,Sides,Chips,1,Regular,,4.50,0.00,4.50,0.75,T11062311,Counter iPad,,Payment,Eat in,,
2026-07-23,21:25:00,Europe/London,Sides,Bread & Butter,1,Regular,,4.00,0.00,4.00,0.67,T11062311,Counter iPad,,Payment,Eat in,,
2026-07-23,22:24:00,Europe/London,Mains,Chicken Supreme,1,Regular,,19.00,0.00,19.00,3.17,T59681612,Counter iPad,,Payment,Takeaway,,
2026-07-23,22:24:00,Europe/London,Desserts,Sticky Toffee Pudding,2,Regular,,16.00,0.00,16.00,2.67,T59681612,Counter iPad,,Payment,Takeaway,,
2026-07-23,22:24:00,Europe/London,Mains,SPECIAL - Crab Linguine,1,Regular,,18.00,0.00,18.00,3.00,T59681612,Counter iPad,,Payment,Eat in,,
2026-07-23,22:24:00,Europe/London,Drinks,Lager Pint,2,Regular,,12.40,0.00,12.40,2.07,T59681612,Counter iPad,,Payment,Eat in,,
2026-07-23,22:24:00,Europe/London,Drinks,Coke,2,Regular,,6.00,0.00,6.00,1.00,T59681612,Counter iPad,,Payment,Eat in,,
2026-07-23,22:24:00,Europe/London,Drinks,Sparkling Water 750ml,1,Regular,,4.00,0.00,4.00,0.67,T59681612,Counter iPad,,Payment,Takeaway,,
2026-07-23,22:29:00,Europe/London,Mains,Fish & Chips,1,Regular,,17.50,0.00,17.50,2.92,T35890015,Counter iPad,,Payment,Eat in,C118,Sample Customer 118
2026-07-23,22:29:00,Europe/London,Desserts,Choc Tart,1,Regular,,8.00,0.00,8.00,1.33,T35890015,Counter iPad,,Payment,Takeaway,C118,Sample Customer 118
2026-07-23,22:29:00,Europe/London,Sides,Bread & Butter,1,Regular,,4.00,0.00,4.00,0.67,T35890015,Counter iPad,,Payment,Eat in,C118,Sample Customer 118
2026-07-23,22:29:00,Europe/London,Drinks,House White 175ml,1,Regular,,7.00,0.00,7.00,1.17,T35890015,Counter iPad,,Payment,Eat in,C118,Sample Customer 118
2026-07-23,22:29:00,Europe/London,Drinks,House Red 175ml,1,Regular,,7.00,0.00,7.00,1.17,T35890015,Counter iPad,,Payment,Eat in,C118,Sample Customer 118
2026-07-23,22:29:00,Europe/London,Drinks,Coke,1,Regular,,3.00,0.00,3.00,0.50,T35890015,Counter iPad,,Payment,Eat in,C118,Sample Customer 118
2026-07-23,23:19:00,Europe/London,Mains,Lamb Rump,1,Regular,,26.00,0.00,26.00,4.33,T65756657,Counter iPad,,Payment,Eat in,,
2026-07-23,23:19:00,Europe/London,Starters,Salt & Pepper Squid,2,Regular,,19.00,0.00,19.00,3.17,T65756657,Counter iPad,,Payment,Takeaway,,
2026-07-23,23:19:00,Europe/London,Mains,Fish & Chips,2,Regular,,35.00,0.00,35.00,5.83,T65756657,Counter iPad,,Payment,Eat in,,
2026-07-23,23:19:00,Europe/London,Desserts,Crème Brûlée,2,Regular,,15.00,0.00,15.00,2.50,T65756657,Counter iPad,,Payment,Eat in,,
2026-07-23,23:19:00,Europe/London,Desserts,Choc Tart,1,Regular,,8.00,0.00,8.00,1.33,T65756657,Counter iPad,,Payment,Eat in,,
2026-07-23,23:19:00,Europe/London,Mains,Tidewater Burger,1,Regular,,16.50,0.00,16.50,2.75,T65756657,Counter iPad,,Payment,Takeaway,,
2026-07-23,23:19:00,Europe/London,Sides,Chips,1,Regular,,4.50,0.00,4.50,0.75,T65756657,Counter iPad,,Payment,Eat in,,
2026-07-23,23:19:00,Europe/London,Drinks,House Red 175ml,1,Regular,,7.00,0.00,7.00,1.17,T65756657,Counter iPad,,Payment,Eat in,,
2026-07-23,23:19:00,Europe/London,Drinks,Coke,2,Regular,,6.00,0.00,6.00,1.00,T65756657,Counter iPad,,Payment,Eat in,,
2026-07-23,23:19:00,Europe/London,Drinks,Sparkling Water 750ml,2,Regular,,8.00,0.00,8.00,1.33,T65756657,Counter iPad,,Payment,Eat in,,
2026-07-23,23:19:00,Europe/London,Drinks,Flat White,1,Regular,,3.40,0.00,3.40,0.57,T65756657,Counter iPad,,Payment,Eat in,,
2026-07-23,23:26:00,Europe/London,Starters,Salt & Pepper Squid,1,Regular,,9.50,0.00,9.50,1.58,T63736046,Counter iPad,nut allergy table,Payment,Takeaway,,
2026-07-23,23:26:00,Europe/London,Mains,Mushroom Risotto,1,Regular,,15.00,0.00,15.00,2.50,T63736046,Counter iPad,nut allergy table,Payment,Takeaway,,
2026-07-23,23:26:00,Europe/London,Mains,Chicken Supreme,1,Regular,,19.00,0.00,19.00,3.17,T63736046,Counter iPad,nut allergy table,Payment,Takeaway,,
2026-07-23,23:26:00,Europe/London,Desserts,Choc Tart,1,Regular,,8.00,0.00,8.00,1.33,T63736046,Counter iPad,nut allergy table,Payment,Eat in,,
2026-07-23,23:26:00,Europe/London,Starters,Burrata,1,Regular,,10.00,0.00,10.00,1.67,T63736046,Counter iPad,nut allergy table,Payment,Eat in,,
2026-07-23,23:26:00,Europe/London,Mains,Hake,1,Regular,,22.00,0.00,22.00,3.67,T63736046,Counter iPad,nut allergy table,Payment,Eat in,,
2026-07-23,23:26:00,Europe/London,Sides,House Salad,1,Regular,,4.50,0.00,4.50,0.75,T63736046,Counter iPad,nut allergy table,Payment,Eat in,,
2026-07-23,23:26:00,Europe/London,Drinks,Lager Pint,2,Regular,,12.40,0.00,12.40,2.07,T63736046,Counter iPad,nut allergy table,Payment,Takeaway,,
2026-07-23,23:26:00,Europe/London,Drinks,House Red 175ml,1,Regular,,7.00,0.00,7.00,1.17,T63736046,Counter iPad,nut allergy table,Payment,Eat in,,
2026-07-23,23:26:00,Europe/London,Drinks,Sparkling Water 750ml,1,Regular,,4.00,0.00,4.00,0.67,T63736046,Counter iPad,nut allergy table,Payment,Eat in,,
2026-07-23,23:26:00,Europe/London,Drinks,Espresso,1,Regular,,2.80,0.00,2.80,0.47,T63736046,Counter iPad,nut allergy table,Payment,Eat in,,
2026-07-24,12:23:00,Europe/London,Set Menu,Set Lunch - 2 Courses,1,Regular,"Mackerel Pate, Mushroom Risotto",20.00,0.00,20.00,3.33,T41928501,Counter iPad,,Payment,Takeaway,,
2026-07-24,12:23:00,Europe/London,Set Menu,Set Lunch - 3 Courses,1,Regular,"Mackerel Pate, Mushroom Risotto, Sticky Toffee Pudding",25.00,0.00,25.00,4.17,T41928501,Counter iPad,,Payment,Takeaway,,
2026-07-24,12:23:00,Europe/London,Drinks,Lager Pint,2,Regular,,12.40,0.00,12.40,2.07,T41928501,Counter iPad,,Payment,Takeaway,,
2026-07-24,12:23:00,Europe/London,Drinks,Coke,1,Regular,,3.00,0.00,3.00,0.50,T41928501,Counter iPad,,Payment,Eat in,,
2026-07-24,12:34:00,Europe/London,Starters,Burrata,1,Regular,,10.00,0.00,10.00,1.67,T20646526,Counter iPad,,Payment,Eat in,,
2026-07-24,12:34:00,Europe/London,Starters,Rock Oysters,1,x6,,16.00,0.00,16.00,2.67,T20646526,Counter iPad,,Payment,Eat in,,
2026-07-24,12:34:00,Europe/London,Mains,Lamb Rump,1,Regular,,26.00,0.00,26.00,4.33,T20646526,Counter iPad,,Payment,Takeaway,,
2026-07-24,12:34:00,Europe/London,Desserts,Sticky Toffee Pudding,1,Regular,,8.00,0.00,8.00,1.33,T20646526,Counter iPad,,Payment,Takeaway,,
2026-07-24,12:34:00,Europe/London,Starters,Soup of the Day,1,Regular,,7.00,0.00,7.00,1.17,T20646526,Counter iPad,,Payment,Eat in,,
2026-07-24,12:34:00,Europe/London,Mains,Mushroom Risotto,2,Regular,,30.00,0.00,30.00,5.00,T20646526,Counter iPad,,Payment,Eat in,,
2026-07-24,12:34:00,Europe/London,Sides,Chips,1,Regular,,4.50,0.00,4.50,0.75,T20646526,Counter iPad,,Payment,Eat in,,
2026-07-24,12:34:00,Europe/London,Desserts,Choc Tart,1,Regular,,8.00,0.00,8.00,1.33,T20646526,Counter iPad,,Payment,Eat in,,
2026-07-24,12:34:00,Europe/London,Sides,Bread & Butter,1,Regular,,4.00,0.00,4.00,0.67,T20646526,Counter iPad,,Payment,Eat in,,
2026-07-24,12:34:00,Europe/London,Drinks,Lager Pint,3,Regular,,18.60,0.00,18.60,3.10,T20646526,Counter iPad,,Payment,Eat in,,
2026-07-24,12:34:00,Europe/London,Drinks,House White 175ml,2,Regular,,14.00,0.00,14.00,2.33,T20646526,Counter iPad,,Payment,Takeaway,,
2026-07-24,12:34:00,Europe/London,Drinks,House Red 175ml,2,Regular,,14.00,0.00,14.00,2.33,T20646526,Counter iPad,,Payment,Eat in,,
2026-07-24,12:53:00,Europe/London,Starters,Pork Belly Bites,1,Regular,,8.00,0.00,8.00,1.33,T54851485,Counter iPad,,Payment,Eat in,,
2026-07-24,12:53:00,Europe/London,Mains,SPECIAL - Crab Linguine,1,Regular,,18.00,0.00,18.00,3.00,T54851485,Counter iPad,,Payment,Takeaway,,
2026-07-24,12:53:00,Europe/London,Desserts,Choc Tart,1,Regular,,8.00,0.00,8.00,1.33,T54851485,Counter iPad,,Payment,Eat in,,
2026-07-24,12:53:00,Europe/London,Starters,Mackerel Pate,1,Regular,,8.50,0.00,8.50,1.42,T54851485,Counter iPad,,Payment,Eat in,,
2026-07-24,12:53:00,Europe/London,Mains,Chicken Supreme,1,Regular,,19.00,0.00,19.00,3.17,T54851485,Counter iPad,,Payment,Eat in,,
2026-07-24,12:53:00,Europe/London,Sides,Chips,2,Regular,,9.00,-9.00,0.00,0.00,T54851485,Counter iPad,comp - long wait,Payment,Eat in,,
2026-07-24,12:53:00,Europe/London,Set Menu,Set Lunch - 2 Courses,1,Regular,"Soup of the Day, Fish & Chips (Small)",20.00,0.00,20.00,3.33,T54851485,Counter iPad,,Payment,Eat in,,
2026-07-24,12:53:00,Europe/London,Mains,Tidewater Burger,1,Regular,"Add Bacon, Add Cheese",16.50,0.00,16.50,2.75,T54851485,Counter iPad,,Payment,Eat in,,
2026-07-24,12:53:00,Europe/London,Mains,Fish & Chips,1,Regular,,17.50,0.00,17.50,2.92,T54851485,Counter iPad,,Payment,Eat in,,
2026-07-24,12:53:00,Europe/London,Desserts,Sticky Toffee Pudding,1,Regular,,8.00,0.00,8.00,1.33,T54851485,Counter iPad,,Payment,Eat in,,
2026-07-24,12:53:00,Europe/London,Drinks,Lager Pint,3,Regular,,18.60,0.00,18.60,3.10,T54851485,Counter iPad,,Payment,Eat in,,
2026-07-24,12:53:00,Europe/London,Drinks,House White 175ml,2,Regular,,14.00,0.00,14.00,2.33,T54851485,Counter iPad,,Payment,Eat in,,
2026-07-24,12:53:00,Europe/London,Drinks,Sparkling Water 750ml,1,Regular,,4.00,0.00,4.00,0.67,T54851485,Counter iPad,,Payment,Eat in,,
2026-07-24,12:53:00,Europe/London,Drinks,Espresso,1,Regular,,2.80,0.00,2.80,0.47,T54851485,Counter iPad,,Payment,Takeaway,,
2026-07-24,12:58:00,Europe/London,Mains,Steak Frites,1,Regular,,24.00,0.00,24.00,4.00,T12953357,Bar iPad,,Payment,Eat in,,
2026-07-24,12:58:00,Europe/London,Desserts,Affogato,1,Regular,,6.00,0.00,6.00,1.00,T12953357,Bar iPad,,Payment,Takeaway,,
2026-07-24,12:58:00,Europe/London,Mains,Lamb Rump,1,Regular,,26.00,0.00,26.00,4.33,T12953357,Bar iPad,,Payment,Eat in,,
2026-07-24,12:58:00,Europe/London,Sides,Bread & Butter,1,Regular,,4.00,0.00,4.00,0.67,T12953357,Bar iPad,,Payment,Eat in,,
2026-07-24,12:58:00,Europe/London,Drinks,Espresso,1,Regular,,2.80,0.00,2.80,0.47,T12953357,Bar iPad,,Payment,Takeaway,,
2026-07-24,13:10:00,Europe/London,Starters,Rock Oysters,1,x6,,16.00,0.00,16.00,2.67,T77334573,Counter iPad,,Payment,Eat in,,
2026-07-24,13:10:00,Europe/London,Desserts,Choc Tart,1,Regular,,8.00,0.00,8.00,1.33,T77334573,Counter iPad,,Payment,Eat in,,
2026-07-24,13:10:00,Europe/London,Set Menu,Set Lunch - 2 Courses,2,Regular,"Mackerel Pate, Fish & Chips (Small), Soup of the Day, Fish & Chips (Small)",40.00,0.00,40.00,6.67,T77334573,Counter iPad,,Payment,Eat in,,
2026-07-24,13:10:00,Europe/London,Drinks,Lager Pint,2,Regular,,12.40,0.00,12.40,2.07,T77334573,Counter iPad,,Payment,Eat in,,
2026-07-24,13:10:00,Europe/London,Drinks,House White 175ml,1,Regular,,7.00,0.00,7.00,1.17,T77334573,Counter iPad,,Payment,Takeaway,,
2026-07-24,13:10:00,Europe/London,Drinks,Sparkling Water 750ml,1,Regular,,4.00,0.00,4.00,0.67,T77334573,Counter iPad,,Payment,Eat in,,
2026-07-24,13:38:00,Europe/London,Mains,Lemon Sole (MP),1,Regular,,27.00,0.00,27.00,4.50,T42089205,Counter iPad,,Payment,Takeaway,,
2026-07-24,13:38:00,Europe/London,Desserts,Cheeseboard,1,3,,11.00,0.00,11.00,1.83,T42089205,Counter iPad,,Payment,Eat in,,
2026-07-24,13:38:00,Europe/London,Set Menu,Set Lunch - 3 Courses,1,Regular,"Soup of the Day, Mushroom Risotto, Kids Ice Cream",25.00,0.00,25.00,4.17,T42089205,Counter iPad,,Payment,Eat in,,
2026-07-24,13:38:00,Europe/London,Sides,Bread & Butter,1,Regular,,4.00,0.00,4.00,0.67,T42089205,Counter iPad,,Payment,Takeaway,,
2026-07-24,13:38:00,Europe/London,Drinks,Lager Pint,1,Regular,,6.20,0.00,6.20,1.03,T42089205,Counter iPad,,Payment,Eat in,,
2026-07-24,13:38:00,Europe/London,Drinks,Coke,2,Regular,,6.00,0.00,6.00,1.00,T42089205,Counter iPad,,Payment,Eat in,,
2026-07-24,13:38:00,Europe/London,Drinks,Sparkling Water 750ml,1,Regular,,4.00,0.00,4.00,0.67,T42089205,Counter iPad,,Payment,Eat in,,
2026-07-24,13:38:00,Europe/London,Drinks,Espresso,1,Regular,,2.80,0.00,2.80,0.47,T42089205,Counter iPad,,Payment,Takeaway,,
2026-07-24,13:48:00,Europe/London,Starters,Mackerel Pate,1,Regular,,8.50,0.00,8.50,1.42,T16187531,Counter iPad,,Payment,Eat in,,
2026-07-24,13:48:00,Europe/London,Mains,SPECIAL - Crab Linguine,1,Regular,,18.00,0.00,18.00,3.00,T16187531,Counter iPad,,Payment,Takeaway,,
2026-07-24,13:48:00,Europe/London,Sides,Chips,1,Regular,,4.50,0.00,4.50,0.75,T16187531,Counter iPad,,Payment,Eat in,,
2026-07-24,13:48:00,Europe/London,Sides,Bread & Butter,1,Regular,,4.00,0.00,4.00,0.67,T16187531,Counter iPad,,Payment,Eat in,,
2026-07-24,14:31:00,Europe/London,Kids,Kids Fish & Chips,1,Regular,,8.00,0.00,8.00,1.33,T86193320,Counter iPad,,Payment,Eat in,,
2026-07-24,14:31:00,Europe/London,Kids,Kids Ice Cream,1,Regular,,3.50,0.00,3.50,0.58,T86193320,Counter iPad,,Payment,Eat in,,
2026-07-24,14:31:00,Europe/London,Kids,Kids Burger,1,Regular,,7.50,0.00,7.50,1.25,T86193320,Counter iPad,,Payment,Takeaway,,
2026-07-24,14:31:00,Europe/London,Mains,Chicken Supreme,1,Regular,,19.00,0.00,19.00,3.17,T86193320,Counter iPad,,Payment,Takeaway,,
2026-07-24,14:31:00,Europe/London,Set Menu,Set Lunch - 3 Courses,1,Regular,"Soup of the Day, Fish & Chips (Small), Kids Ice Cream",25.00,0.00,25.00,4.17,T86193320,Counter iPad,,Payment,Eat in,,
2026-07-24,14:31:00,Europe/London,Drinks,Lager Pint,2,Regular,,12.40,0.00,12.40,2.07,T86193320,Counter iPad,,Payment,Takeaway,,
2026-07-24,14:31:00,Europe/London,Drinks,House White 175ml,1,Regular,,7.00,0.00,7.00,1.17,T86193320,Counter iPad,,Payment,Eat in,,
2026-07-24,14:31:00,Europe/London,Drinks,House Red 175ml,1,Regular,,7.00,0.00,7.00,1.17,T86193320,Counter iPad,,Payment,Takeaway,,
2026-07-24,14:31:00,Europe/London,Drinks,Coke,1,Regular,,3.00,0.00,3.00,0.50,T86193320,Counter iPad,,Payment,Eat in,,
2026-07-24,14:31:00,Europe/London,Drinks,Flat White,1,Regular,,3.40,0.00,3.40,0.57,T86193320,Counter iPad,,Payment,Takeaway,,
2026-07-24,14:39:00,Europe/London,Set Menu,Set Lunch - 2 Courses,1,Regular,"Soup of the Day, Fish & Chips (Small)",20.00,0.00,20.00,3.33,T89537737,Bar iPad,,Payment,Eat in,,
2026-07-24,14:39:00,Europe/London,Mains,Steak Frites,1,Regular,,24.00,0.00,24.00,4.00,T89537737,Bar iPad,,Payment,Takeaway,,
2026-07-24,14:39:00,Europe/London,Sides,Peppercorn Sauce,1,Regular,,3.00,0.00,3.00,0.50,T89537737,Bar iPad,,Payment,Eat in,,
2026-07-24,14:39:00,Europe/London,Sides,Tenderstem,1,Regular,,5.00,0.00,5.00,0.83,T89537737,Bar iPad,,Payment,Eat in,,
2026-07-24,14:39:00,Europe/London,Drinks,Lager Pint,1,Regular,,6.20,0.00,6.20,1.03,T89537737,Bar iPad,,Payment,Eat in,,
2026-07-24,14:39:00,Europe/London,Drinks,House Red 175ml,1,Regular,,7.00,0.00,7.00,1.17,T89537737,Bar iPad,,Payment,Eat in,,
2026-07-24,14:39:00,Europe/London,Drinks,Flat White,1,Regular,,3.40,0.00,3.40,0.57,T89537737,Bar iPad,,Payment,Eat in,,
2026-07-24,16:30:00,Europe/London,Other,Staff Meal,1,Regular,Fish & Chips,10.00,-10.00,0.00,0.00,T88351369,Counter iPad,,Payment,Eat in,,
2026-07-24,14:49:00,Europe/London,Kids,Kids Fish & Chips,1,Regular,,8.00,0.00,8.00,1.33,T32521762,Counter iPad,,Payment,Takeaway,,
2026-07-24,14:49:00,Europe/London,Mains,SPECIAL - Crab Linguine,1,Regular,,18.00,0.00,18.00,3.00,T32521762,Counter iPad,,Payment,Eat in,,
2026-07-24,14:49:00,Europe/London,Starters,Pork Belly Bites,1,Regular,,8.00,0.00,8.00,1.33,T32521762,Counter iPad,,Payment,Eat in,,
2026-07-24,14:49:00,Europe/London,Mains,Chicken Supreme,1,Regular,,19.00,0.00,19.00,3.17,T32521762,Counter iPad,,Payment,Eat in,,
2026-07-24,14:49:00,Europe/London,Drinks,Coke,1,Regular,,3.00,0.00,3.00,0.50,T32521762,Counter iPad,,Payment,Takeaway,,
2026-07-24,14:49:00,Europe/London,Drinks,Sparkling Water 750ml,1,Regular,,4.00,0.00,4.00,0.67,T32521762,Counter iPad,,Payment,Takeaway,,
2026-07-24,14:49:00,Europe/London,Drinks,Espresso,2,Regular,,5.60,0.00,5.60,0.93,T32521762,Counter iPad,,Payment,Takeaway,,
2026-07-24,14:49:00,Europe/London,Drinks,Flat White,1,Regular,,3.40,0.00,3.40,0.57,T32521762,Counter iPad,,Payment,Eat in,,
2026-07-24,18:09:00,Europe/London,Starters,Salt & Pepper Squid,1,Regular,,9.50,0.00,9.50,1.58,T19810322,Counter iPad,,Payment,Eat in,,
2026-07-24,18:09:00,Europe/London,Mains,SPECIAL - Crab Linguine,1,Regular,,18.00,0.00,18.00,3.00,T19810322,Counter iPad,,Payment,Eat in,,
2026-07-24,18:09:00,Europe/London,Mains,Chicken Supreme,1,Regular,,19.00,0.00,19.00,3.17,T19810322,Counter iPad,,Payment,Eat in,,
2026-07-24,18:09:00,Europe/London,Mains,Fish & Chips,1,Regular,,17.50,0.00,17.50,2.92,T19810322,Counter iPad,,Payment,Eat in,,
2026-07-24,18:09:00,Europe/London,Sides,Truffle Fries,1,Regular,,6.00,0.00,6.00,1.00,T19810322,Counter iPad,,Payment,Takeaway,,
2026-07-24,18:09:00,Europe/London,Starters,Soup of the Day,1,Regular,,7.00,0.00,7.00,1.17,T19810322,Counter iPad,,Payment,Takeaway,,
2026-07-24,18:09:00,Europe/London,Starters,Rock Oysters,1,x6,,16.00,0.00,16.00,2.67,T19810322,Counter iPad,,Payment,Eat in,,
2026-07-24,18:09:00,Europe/London,Mains,Steak Frites,1,Regular,,24.00,0.00,24.00,4.00,T19810322,Counter iPad,,Payment,Takeaway,,
2026-07-24,18:09:00,Europe/London,Sides,Peppercorn Sauce,1,Regular,,3.00,0.00,3.00,0.50,T19810322,Counter iPad,,Payment,Takeaway,,
2026-07-24,18:09:00,Europe/London,Drinks,Lager Pint,1,Regular,,6.20,0.00,6.20,1.03,T19810322,Counter iPad,,Payment,Eat in,,
2026-07-24,18:09:00,Europe/London,Drinks,Coke,1,Regular,,3.00,0.00,3.00,0.50,T19810322,Counter iPad,,Payment,Eat in,,
2026-07-24,18:09:00,Europe/London,Drinks,Sparkling Water 750ml,1,Regular,,4.00,0.00,4.00,0.67,T19810322,Counter iPad,,Payment,Eat in,,
2026-07-24,18:09:00,Europe/London,Drinks,Espresso,1,Regular,,2.80,0.00,2.80,0.47,T19810322,Counter iPad,,Payment,Takeaway,,
2026-07-24,18:09:00,Europe/London,Drinks,Flat White,2,Regular,,6.80,0.00,6.80,1.13,T19810322,Counter iPad,,Payment,Eat in,,
2026-07-24,18:10:00,Europe/London,Mains,Steak Frites,1,Regular,,24.00,0.00,24.00,4.00,T29541966,Counter iPad,,Payment,Eat in,,
2026-07-24,18:10:00,Europe/London,Sides,Peppercorn Sauce,1,Regular,,3.00,0.00,3.00,0.50,T29541966,Counter iPad,,Payment,Eat in,,
2026-07-24,18:10:00,Europe/London,Mains,Tidewater Burger,2,Regular,,33.00,0.00,33.00,5.50,T29541966,Counter iPad,,Payment,Eat in,,
2026-07-24,18:10:00,Europe/London,Sides,Truffle Fries,1,Regular,,6.00,0.00,6.00,1.00,T29541966,Counter iPad,,Payment,Takeaway,,
2026-07-24,18:10:00,Europe/London,Desserts,Sticky Toffee Pudding,2,Regular,,16.00,0.00,16.00,2.67,T29541966,Counter iPad,,Payment,Takeaway,,
2026-07-24,18:10:00,Europe/London,Starters,Soup of the Day,1,Regular,,7.00,0.00,7.00,1.17,T29541966,Counter iPad,,Payment,Eat in,,
2026-07-24,18:10:00,Europe/London,Mains,SPECIAL - Crab Linguine,1,Regular,,18.00,0.00,18.00,3.00,T29541966,Counter iPad,,Payment,Eat in,,
2026-07-24,18:10:00,Europe/London,Drinks,Lager Pint,3,Regular,,18.60,0.00,18.60,3.10,T29541966,Counter iPad,,Payment,Takeaway,,
2026-07-24,18:10:00,Europe/London,Drinks,House White 175ml,1,Regular,,7.00,0.00,7.00,1.17,T29541966,Counter iPad,,Payment,Eat in,,
2026-07-24,18:10:00,Europe/London,Drinks,House Red 175ml,1,Regular,,7.00,0.00,7.00,1.17,T29541966,Counter iPad,,Payment,Eat in,,
2026-07-24,18:10:00,Europe/London,Drinks,Coke,1,Regular,,3.00,0.00,3.00,0.50,T29541966,Counter iPad,,Payment,Eat in,,
2026-07-24,18:35:00,Europe/London,Starters,Pork Belly Bites,1,Regular,,8.00,0.00,8.00,1.33,T81891210,Counter iPad,,Payment,Takeaway,,
2026-07-24,18:35:00,Europe/London,Mains,Lemon Sole (MP),1,Regular,,27.00,0.00,27.00,4.50,T81891210,Counter iPad,,Payment,Eat in,,
2026-07-24,18:35:00,Europe/London,Starters,Soup of the Day,1,Regular,,7.00,0.00,7.00,1.17,T81891210,Counter iPad,,Payment,Eat in,,
2026-07-24,18:35:00,Europe/London,Mains,Fish & Chips,1,Regular,,17.50,0.00,17.50,2.92,T81891210,Counter iPad,,Payment,Eat in,,
2026-07-24,18:35:00,Europe/London,Sides,Chips,1,Regular,,4.50,0.00,4.50,0.75,T81891210,Counter iPad,,Payment,Eat in,,
2026-07-24,18:35:00,Europe/London,Sides,Bread & Butter,1,Regular,,4.00,0.00,4.00,0.67,T81891210,Counter iPad,,Payment,Eat in,,
2026-07-24,18:35:00,Europe/London,Drinks,House Red 175ml,1,Regular,,7.00,0.00,7.00,1.17,T81891210,Counter iPad,,Payment,Eat in,,
2026-07-24,18:35:00,Europe/London,Drinks,Espresso,1,Regular,,2.80,0.00,2.80,0.47,T81891210,Counter iPad,,Payment,Eat in,,
2026-07-24,18:35:00,Europe/London,Drinks,Flat White,1,Regular,,3.40,0.00,3.40,0.57,T81891210,Counter iPad,,Payment,Eat in,,
2026-07-24,18:35:00,Europe/London,Other,Custom Amount,1,Regular,,5.00,0.00,5.00,0.83,T81891210,Counter iPad,,Payment,Eat in,,
2026-07-24,18:48:00,Europe/London,Mains,SPECIAL - Crab Linguine,1,Regular,,18.00,0.00,18.00,3.00,T77064091,Bar iPad,,Payment,Eat in,,
2026-07-24,18:48:00,Europe/London,Starters,Mackerel Pate,1,Regular,,8.50,-8.50,0.00,0.00,T77064091,Bar iPad,comp - long wait,Payment,Takeaway,,
2026-07-24,18:48:00,Europe/London,Mains,Steak Frites,1,Regular,,24.00,0.00,24.00,4.00,T77064091,Bar iPad,,Payment,Takeaway,,
2026-07-24,18:48:00,Europe/London,Sides,Peppercorn Sauce,1,Regular,,3.00,0.00,3.00,0.50,T77064091,Bar iPad,,Payment,Eat in,,
2026-07-24,18:48:00,Europe/London,Sides,Bread & Butter,1,Regular,,4.00,0.00,4.00,0.67,T77064091,Bar iPad,,Payment,Eat in,,
2026-07-24,18:48:00,Europe/London,Drinks,Lager Pint,1,Regular,,6.20,0.00,6.20,1.03,T77064091,Bar iPad,,Payment,Eat in,,
2026-07-24,18:48:00,Europe/London,Drinks,House Red 175ml,1,Regular,,7.00,0.00,7.00,1.17,T77064091,Bar iPad,,Payment,Eat in,,
2026-07-24,18:48:00,Europe/London,Drinks,Sparkling Water 750ml,1,Regular,,4.00,0.00,4.00,0.67,T77064091,Bar iPad,,Payment,Takeaway,,
2026-07-24,18:48:00,Europe/London,Mains,Hake,1,Regular,,22.00,0.00,22.00,3.67,T38882855,Counter iPad,,Payment,Eat in,,
2026-07-24,18:48:00,Europe/London,Mains,Fish & Chips,1,Small,,13.00,0.00,13.00,2.17,T38882855,Counter iPad,,Payment,Eat in,,
2026-07-24,18:48:00,Europe/London,Starters,Soup of the Day,2,Regular,,14.00,0.00,14.00,2.33,T38882855,Counter iPad,,Payment,Takeaway,,
2026-07-24,18:48:00,Europe/London,Mains,Fish & Chips,1,Regular,,17.50,0.00,17.50,2.92,T38882855,Counter iPad,,Payment,Eat in,,
2026-07-24,18:48:00,Europe/London,Mains,Tidewater Burger,1,Regular,Add Cheese,16.50,0.00,16.50,2.75,T38882855,Counter iPad,,Payment,Eat in,,
2026-07-24,18:48:00,Europe/London,Desserts,Cheeseboard,1,3,,11.00,0.00,11.00,1.83,T38882855,Counter iPad,,Payment,Eat in,,
2026-07-24,18:48:00,Europe/London,Drinks,Lager Pint,1,Regular,,6.20,0.00,6.20,1.03,T38882855,Counter iPad,,Payment,Takeaway,,
2026-07-24,18:48:00,Europe/London,Drinks,House Red 175ml,1,Regular,,7.00,0.00,7.00,1.17,T38882855,Counter iPad,,Payment,Eat in,,
2026-07-24,18:48:00,Europe/London,Drinks,Coke,1,Regular,,3.00,0.00,3.00,0.50,T38882855,Counter iPad,,Payment,Eat in,,
2026-07-24,18:48:00,Europe/London,Drinks,Sparkling Water 750ml,1,Regular,,4.00,0.00,4.00,0.67,T38882855,Counter iPad,,Payment,Eat in,,
2026-07-24,18:48:00,Europe/London,Drinks,Espresso,1,Regular,,2.80,0.00,2.80,0.47,T38882855,Counter iPad,,Payment,Eat in,,
2026-07-24,18:48:00,Europe/London,Drinks,Flat White,1,Regular,,3.40,0.00,3.40,0.57,T38882855,Counter iPad,,Payment,Eat in,,
2026-07-24,20:09:00,Europe/London,Mains,Hake,1,Regular,,22.00,0.00,22.00,3.67,T12354301,Counter iPad,,Payment,Eat in,,
2026-07-24,20:09:00,Europe/London,Desserts,Sticky Toffee Pudding,1,Regular,,8.00,0.00,8.00,1.33,T12354301,Counter iPad,,Payment,Eat in,,
2026-07-24,20:09:00,Europe/London,Starters,Soup of the Day,1,Regular,,7.00,0.00,7.00,1.17,T12354301,Counter iPad,,Payment,Eat in,,
2026-07-24,20:09:00,Europe/London,Mains,SPECIAL - Crab Linguine,1,Regular,,18.00,0.00,18.00,3.00,T12354301,Counter iPad,,Payment,Takeaway,,
2026-07-24,20:09:00,Europe/London,Sides,Chips,1,Regular,,4.50,0.00,4.50,0.75,T12354301,Counter iPad,,Payment,Eat in,,
2026-07-24,20:09:00,Europe/London,Drinks,House Red 175ml,1,Regular,,7.00,0.00,7.00,1.17,T12354301,Counter iPad,,Payment,Eat in,,
2026-07-24,20:14:00,Europe/London,Starters,Pork Belly Bites,1,Regular,,8.00,0.00,8.00,1.33,T63311809,Bar iPad,,Payment,Takeaway,,
2026-07-24,20:14:00,Europe/London,Mains,Fish & Chips,1,Regular,,17.50,0.00,17.50,2.92,T63311809,Bar iPad,,Payment,Eat in,,
2026-07-24,20:14:00,Europe/London,Mains,Chicken Supreme,1,Regular,,19.00,0.00,19.00,3.17,T63311809,Bar iPad,,Payment,Eat in,,
2026-07-24,20:14:00,Europe/London,Sides,Fries,1,Regular,,4.50,0.00,4.50,0.75,T63311809,Bar iPad,,Payment,Takeaway,,
2026-07-24,20:14:00,Europe/London,Mains,Lemon Sole (MP),1,Regular,,26.00,0.00,26.00,4.33,T63311809,Bar iPad,,Payment,Eat in,,
2026-07-24,20:14:00,Europe/London,Desserts,Cheeseboard,1,5,,16.00,0.00,16.00,2.67,T63311809,Bar iPad,,Payment,Eat in,,
2026-07-24,20:14:00,Europe/London,Drinks,Lager Pint,3,Regular,,18.60,0.00,18.60,3.10,T63311809,Bar iPad,,Payment,Takeaway,,
2026-07-24,20:14:00,Europe/London,Drinks,House White 175ml,1,Regular,,7.00,0.00,7.00,1.17,T63311809,Bar iPad,,Payment,Eat in,,
2026-07-24,20:14:00,Europe/London,Drinks,Coke,1,Regular,,3.00,0.00,3.00,0.50,T63311809,Bar iPad,,Payment,Eat in,,
2026-07-24,20:24:00,Europe/London,Kids,Kids Burger,1,Regular,,7.50,0.00,7.50,1.25,T98802165,Counter iPad,,Payment,Eat in,,
2026-07-24,20:24:00,Europe/London,Kids,Kids Ice Cream,1,Regular,,3.50,0.00,3.50,0.58,T98802165,Counter iPad,,Payment,Eat in,,
2026-07-24,20:24:00,Europe/London,Mains,Chicken Supreme,1,Regular,,19.00,0.00,19.00,3.17,T98802165,Counter iPad,,Payment,Eat in,,
2026-07-24,20:24:00,Europe/London,Desserts,Sticky Toffee Pudding,1,Regular,,8.00,0.00,8.00,1.33,T98802165,Counter iPad,,Payment,Takeaway,,
2026-07-24,20:24:00,Europe/London,Starters,Salt & Pepper Squid,1,Regular,,9.50,0.00,9.50,1.58,T98802165,Counter iPad,,Payment,Eat in,,
2026-07-24,20:24:00,Europe/London,Sides,Bread & Butter,1,Regular,,4.00,0.00,4.00,0.67,T98802165,Counter iPad,,Payment,Takeaway,,
2026-07-24,20:24:00,Europe/London,Drinks,Lager Pint,1,Regular,,6.20,0.00,6.20,1.03,T98802165,Counter iPad,,Payment,Eat in,,
2026-07-24,20:24:00,Europe/London,Drinks,House Red 175ml,1,Regular,,7.00,0.00,7.00,1.17,T98802165,Counter iPad,,Payment,Eat in,,
2026-07-24,20:24:00,Europe/London,Drinks,Coke,2,Regular,,6.00,0.00,6.00,1.00,T98802165,Counter iPad,,Payment,Eat in,,
2026-07-24,20:24:00,Europe/London,Drinks,Sparkling Water 750ml,2,Regular,,8.00,0.00,8.00,1.33,T98802165,Counter iPad,,Payment,Eat in,,
2026-07-24,20:24:00,Europe/London,Drinks,Espresso,2,Regular,,5.60,0.00,5.60,0.93,T98802165,Counter iPad,,Payment,Takeaway,,
2026-07-24,20:36:00,Europe/London,Kids,Kids Fish & Chips,2,Regular,,16.00,0.00,16.00,2.67,T54732971,Bar iPad,,Payment,Eat in,C932,Sample Customer 932
2026-07-24,20:36:00,Europe/London,Kids,Kids Ice Cream,2,Regular,,7.00,0.00,7.00,1.17,T54732971,Bar iPad,,Payment,Takeaway,C932,Sample Customer 932
2026-07-24,20:36:00,Europe/London,Mains,Hake,1,Regular,,22.00,0.00,22.00,3.67,T54732971,Bar iPad,,Payment,Takeaway,C932,Sample Customer 932
2026-07-24,20:36:00,Europe/London,Starters,Mackerel Pate,1,Regular,,8.50,0.00,8.50,1.42,T54732971,Bar iPad,,Payment,Eat in,C932,Sample Customer 932
2026-07-24,20:36:00,Europe/London,Mains,Burger,1,Regular,,16.50,0.00,16.50,2.75,T54732971,Bar iPad,,Payment,Eat in,C932,Sample Customer 932
2026-07-24,20:36:00,Europe/London,Drinks,Lager Pint,2,Regular,,12.40,0.00,12.40,2.07,T54732971,Bar iPad,,Payment,Eat in,C932,Sample Customer 932
2026-07-24,20:36:00,Europe/London,Drinks,House White 175ml,2,Regular,,14.00,0.00,14.00,2.33,T54732971,Bar iPad,,Payment,Takeaway,C932,Sample Customer 932
2026-07-24,20:36:00,Europe/London,Drinks,House Red 175ml,1,Regular,,7.00,0.00,7.00,1.17,T54732971,Bar iPad,,Payment,Eat in,C932,Sample Customer 932
2026-07-24,20:36:00,Europe/London,Drinks,Sparkling Water 750ml,2,Regular,,8.00,0.00,8.00,1.33,T54732971,Bar iPad,,Payment,Eat in,C932,Sample Customer 932
2026-07-24,20:44:00,Europe/London,Starters,Burrata,1,Regular,,10.00,0.00,10.00,1.67,T98902195,Bar iPad,,Payment,Takeaway,,
2026-07-24,20:44:00,Europe/London,Mains,Lamb Rump,1,Regular,,26.00,0.00,26.00,4.33,T98902195,Bar iPad,,Payment,Eat in,,
2026-07-24,20:44:00,Europe/London,Mains,Burger,2,Regular,,33.00,0.00,33.00,5.50,T98902195,Bar iPad,,Payment,Eat in,,
2026-07-24,20:44:00,Europe/London,Mains,SPECIAL - Crab Linguine,1,Regular,,18.00,0.00,18.00,3.00,T98902195,Bar iPad,,Payment,Takeaway,,
2026-07-24,20:44:00,Europe/London,Starters,Pork Belly Bites,1,Regular,,8.00,0.00,8.00,1.33,T98902195,Bar iPad,,Payment,Takeaway,,
2026-07-24,20:44:00,Europe/London,Drinks,Lager Pint,1,Regular,,6.20,0.00,6.20,1.03,T98902195,Bar iPad,,Payment,Eat in,,
2026-07-24,20:44:00,Europe/London,Drinks,House White 175ml,2,Regular,,14.00,0.00,14.00,2.33,T98902195,Bar iPad,,Payment,Takeaway,,
2026-07-24,20:44:00,Europe/London,Drinks,House Red 175ml,2,Regular,,14.00,0.00,14.00,2.33,T98902195,Bar iPad,,Payment,Eat in,,
2026-07-24,20:44:00,Europe/London,Drinks,Coke,2,Regular,,6.00,0.00,6.00,1.00,T98902195,Bar iPad,,Payment,Takeaway,,
2026-07-24,20:45:00,Europe/London,Mains,Mushroom Risotto,1,Regular,,15.00,0.00,15.00,2.50,T53868653,Counter iPad,,Payment,Takeaway,,
2026-07-24,20:45:00,Europe/London,Starters,Salt & Pepper Squid,1,Regular,,9.50,0.00,9.50,1.58,T53868653,Counter iPad,,Payment,Eat in,,
2026-07-24,20:45:00,Europe/London,Starters,Rock Oysters,1,x6,,16.00,0.00,16.00,2.67,T53868653,Counter iPad,,Payment,Eat in,,
2026-07-24,20:45:00,Europe/London,Mains,Steak Frites,1,Regular,,24.00,0.00,24.00,4.00,T53868653,Counter iPad,,Payment,Takeaway,,
2026-07-24,20:45:00,Europe/London,Sides,Peppercorn Sauce,1,Regular,,3.00,0.00,3.00,0.50,T53868653,Counter iPad,,Payment,Eat in,,
2026-07-24,20:45:00,Europe/London,Drinks,Lager Pint,2,Regular,,12.40,0.00,12.40,2.07,T53868653,Counter iPad,,Payment,Takeaway,,
2026-07-24,20:45:00,Europe/London,Drinks,House White 175ml,2,Regular,,14.00,0.00,14.00,2.33,T53868653,Counter iPad,,Payment,Eat in,,
2026-07-24,20:45:00,Europe/London,Drinks,House Red 175ml,2,Regular,,14.00,0.00,14.00,2.33,T53868653,Counter iPad,,Payment,Eat in,,
2026-07-24,20:45:00,Europe/London,Drinks,Coke,2,Regular,,6.00,0.00,6.00,1.00,T53868653,Counter iPad,,Payment,Eat in,,
2026-07-24,20:49:00,Europe/London,Mains,Fish & Chips,2,Regular,,35.00,0.00,35.00,5.83,T40906584,Counter iPad,,Payment,Eat in,,
2026-07-24,20:49:00,Europe/London,Sides,House Salad,1,Regular,,4.50,0.00,4.50,0.75,T40906584,Counter iPad,,Payment,Eat in,,
2026-07-24,20:49:00,Europe/London,Starters,Rock Oysters,1,x3,,9.00,0.00,9.00,1.50,T40906584,Counter iPad,,Payment,Eat in,,
2026-07-24,20:49:00,Europe/London,Drinks,Lager Pint,2,Regular,,12.40,0.00,12.40,2.07,T40906584,Counter iPad,,Payment,Eat in,,
2026-07-24,20:49:00,Europe/London,Drinks,Espresso,1,Regular,,2.80,0.00,2.80,0.47,T40906584,Counter iPad,,Payment,Eat in,,
2026-07-24,21:08:00,Europe/London,Mains,SPECIAL - Crab Linguine,2,Regular,,36.00,0.00,36.00,6.00,T59266725,Counter iPad,,Payment,Takeaway,C232,Sample Customer 232
2026-07-24,21:08:00,Europe/London,Mains,Steak Frites,1,Regular,,24.00,0.00,24.00,4.00,T59266725,Counter iPad,,Payment,Takeaway,C232,Sample Customer 232
2026-07-24,21:08:00,Europe/London,Sides,Peppercorn Sauce,1,Regular,,3.00,0.00,3.00,0.50,T59266725,Counter iPad,,Payment,Eat in,C232,Sample Customer 232
2026-07-24,21:08:00,Europe/London,Sides,Chips,1,Regular,,4.50,0.00,4.50,0.75,T59266725,Counter iPad,,Payment,Eat in,C232,Sample Customer 232
2026-07-24,21:08:00,Europe/London,Starters,Pork Belly Bites,1,Regular,,8.00,0.00,8.00,1.33,T59266725,Counter iPad,,Payment,Takeaway,C232,Sample Customer 232
2026-07-24,21:08:00,Europe/London,Desserts,Affogato,1,Regular,,6.00,0.00,6.00,1.00,T59266725,Counter iPad,,Payment,Eat in,C232,Sample Customer 232
2026-07-24,21:08:00,Europe/London,Drinks,Lager Pint,1,Regular,,6.20,0.00,6.20,1.03,T59266725,Counter iPad,,Payment,Eat in,C232,Sample Customer 232
2026-07-24,21:08:00,Europe/London,Drinks,House White 175ml,1,Regular,,7.00,0.00,7.00,1.17,T59266725,Counter iPad,,Payment,Eat in,C232,Sample Customer 232
2026-07-24,21:08:00,Europe/London,Drinks,Flat White,1,Regular,,3.40,0.00,3.40,0.57,T59266725,Counter iPad,,Payment,Takeaway,C232,Sample Customer 232
2026-07-24,21:41:00,Europe/London,Starters,Salt & Pepper Squid,1,Regular,,9.50,0.00,9.50,1.58,T35430419,Counter iPad,,Payment,Eat in,,
2026-07-24,21:41:00,Europe/London,Mains,Mushroom Risotto,1,Regular,,15.00,0.00,15.00,2.50,T35430419,Counter iPad,,Payment,Eat in,,
2026-07-24,21:41:00,Europe/London,Sides,Truffle Fries,1,Regular,,6.00,0.00,6.00,1.00,T35430419,Counter iPad,,Payment,Eat in,,
2026-07-24,21:41:00,Europe/London,Desserts,Affogato,1,Regular,,6.00,0.00,6.00,1.00,T35430419,Counter iPad,,Payment,Eat in,,
2026-07-24,21:41:00,Europe/London,Mains,Tidewater Burger,1,Regular,,16.50,0.00,16.50,2.75,T35430419,Counter iPad,,Payment,Eat in,,
2026-07-24,21:41:00,Europe/London,Sides,Chips,1,Regular,,4.50,0.00,4.50,0.75,T35430419,Counter iPad,,Payment,Eat in,,
2026-07-24,21:41:00,Europe/London,Drinks,Lager Pint,1,Regular,,6.20,0.00,6.20,1.03,T35430419,Counter iPad,,Payment,Eat in,,
2026-07-24,21:41:00,Europe/London,Drinks,House White 175ml,1,Regular,,7.00,0.00,7.00,1.17,T35430419,Counter iPad,,Payment,Eat in,,
2026-07-24,21:41:00,Europe/London,Drinks,Sparkling Water 750ml,1,Regular,,4.00,0.00,4.00,0.67,T35430419,Counter iPad,,Payment,Eat in,,
2026-07-24,21:41:00,Europe/London,Drinks,Espresso,1,Regular,,2.80,0.00,2.80,0.47,T35430419,Counter iPad,,Payment,Takeaway,,
2026-07-24,21:46:00,Europe/London,Mains,Steak Frites,1,Regular,,24.00,0.00,24.00,4.00,T66408994,Bar iPad,,Payment,Eat in,,
2026-07-24,21:46:00,Europe/London,Mains,Burger,1,Regular,,16.50,0.00,16.50,2.75,T66408994,Bar iPad,,Payment,Takeaway,,
2026-07-24,21:46:00,Europe/London,Desserts,Cheeseboard,1,3,,11.00,0.00,11.00,1.83,T66408994,Bar iPad,,Payment,Eat in,,
2026-07-24,21:46:00,Europe/London,Drinks,Lager Pint,1,Regular,,6.20,0.00,6.20,1.03,T66408994,Bar iPad,,Payment,Eat in,,
2026-07-24,21:46:00,Europe/London,Drinks,House Red 175ml,1,Regular,,7.00,0.00,7.00,1.17,T66408994,Bar iPad,,Payment,Eat in,,
2026-07-24,21:46:00,Europe/London,Drinks,Flat White,1,Regular,,3.40,0.00,3.40,0.57,T66408994,Bar iPad,,Payment,Eat in,,
2026-07-24,22:05:00,Europe/London,Starters,Soup of the Day,1,Regular,,7.00,0.00,7.00,1.17,T52032926,Counter iPad,,Payment,Takeaway,,
2026-07-24,22:05:00,Europe/London,Mains,Fish & Chips,2,Regular,,35.00,0.00,35.00,5.83,T52032926,Counter iPad,,Payment,Eat in,,
2026-07-24,22:05:00,Europe/London,Desserts,Cheeseboard,1,3,,11.00,0.00,11.00,1.83,T52032926,Counter iPad,,Payment,Takeaway,,
2026-07-24,22:05:00,Europe/London,Drinks,Lager Pint,1,Regular,,6.20,0.00,6.20,1.03,T52032926,Counter iPad,,Payment,Takeaway,,
2026-07-24,22:05:00,Europe/London,Drinks,House Red 175ml,1,Regular,,7.00,0.00,7.00,1.17,T52032926,Counter iPad,,Payment,Eat in,,
2026-07-24,22:41:00,Europe/London,Kids,Kids Fish & Chips,1,Regular,,8.00,0.00,8.00,1.33,T27580523,Bar iPad,,Payment,Eat in,,
2026-07-24,22:41:00,Europe/London,Kids,Kids Ice Cream,1,Regular,,3.50,0.00,3.50,0.58,T27580523,Bar iPad,,Payment,Eat in,,
2026-07-24,22:41:00,Europe/London,Starters,Pork Belly Bites,1,Regular,,8.00,0.00,8.00,1.33,T27580523,Bar iPad,,Payment,Takeaway,,
2026-07-24,22:41:00,Europe/London,Mains,Steak Frites,1,Regular,,24.00,0.00,24.00,4.00,T27580523,Bar iPad,,Payment,Eat in,,
2026-07-24,22:41:00,Europe/London,Sides,Peppercorn Sauce,1,Regular,,3.00,0.00,3.00,0.50,T27580523,Bar iPad,,Payment,Eat in,,
2026-07-24,22:41:00,Europe/London,Sides,Tenderstem,3,Regular,,15.00,0.00,15.00,2.50,T27580523,Bar iPad,,Payment,Eat in,,
2026-07-24,22:41:00,Europe/London,Desserts,Sticky Toffee Pudding,1,Regular,,8.00,0.00,8.00,1.33,T27580523,Bar iPad,,Payment,Eat in,,
2026-07-24,22:41:00,Europe/London,Mains,Hake,1,Regular,,22.00,0.00,22.00,3.67,T27580523,Bar iPad,,Payment,Eat in,,
2026-07-24,22:41:00,Europe/London,Mains,Chicken Supreme,1,Regular,,19.00,0.00,19.00,3.17,T27580523,Bar iPad,,Payment,Eat in,,
2026-07-24,22:41:00,Europe/London,Sides,Bread & Butter,1,Regular,,4.00,0.00,4.00,0.67,T27580523,Bar iPad,,Payment,Takeaway,,
2026-07-24,22:41:00,Europe/London,Drinks,Lager Pint,2,Regular,,12.40,0.00,12.40,2.07,T27580523,Bar iPad,,Payment,Eat in,,
2026-07-24,22:41:00,Europe/London,Drinks,House White 175ml,1,Regular,,7.00,0.00,7.00,1.17,T27580523,Bar iPad,,Payment,Takeaway,,
2026-07-24,22:41:00,Europe/London,Drinks,House Red 175ml,1,Regular,,7.00,0.00,7.00,1.17,T27580523,Bar iPad,,Payment,Eat in,,
2026-07-24,22:41:00,Europe/London,Drinks,Espresso,1,Regular,,2.80,0.00,2.80,0.47,T27580523,Bar iPad,,Payment,Takeaway,,
2026-07-24,23:01:00,Europe/London,Starters,Soup of the Day,1,Regular,,7.00,0.00,7.00,1.17,T83735411,Counter iPad,,Payment,Eat in,,
2026-07-24,23:01:00,Europe/London,Mains,Steak Frites,2,Regular,,48.00,0.00,48.00,8.00,T83735411,Counter iPad,,Payment,Eat in,,
2026-07-24,23:01:00,Europe/London,Sides,Peppercorn Sauce,1,Regular,,3.00,0.00,3.00,0.50,T83735411,Counter iPad,,Payment,Takeaway,,
2026-07-24,23:01:00,Europe/London,Sides,House Salad,2,Regular,,9.00,0.00,9.00,1.50,T83735411,Counter iPad,,Payment,Eat in,,
2026-07-24,23:01:00,Europe/London,Starters,Burrata,1,Regular,,10.00,0.00,10.00,1.67,T83735411,Counter iPad,,Payment,Takeaway,,
2026-07-24,23:01:00,Europe/London,Sides,Bread & Butter,1,Regular,,4.00,0.00,4.00,0.67,T83735411,Counter iPad,,Payment,Eat in,,
2026-07-24,23:01:00,Europe/London,Drinks,Lager Pint,2,Regular,,12.40,0.00,12.40,2.07,T83735411,Counter iPad,,Payment,Eat in,,
2026-07-24,23:01:00,Europe/London,Drinks,House Red 175ml,2,Regular,,14.00,0.00,14.00,2.33,T83735411,Counter iPad,,Payment,Eat in,,
2026-07-24,23:01:00,Europe/London,Drinks,Sparkling Water 750ml,1,Regular,,4.00,0.00,4.00,0.67,T83735411,Counter iPad,,Payment,Eat in,,
2026-07-24,23:01:00,Europe/London,Drinks,Flat White,1,Regular,,3.40,0.00,3.40,0.57,T83735411,Counter iPad,,Payment,Eat in,,
2026-07-24,23:15:00,Europe/London,Mains,Fish & Chips,2,Regular,,35.00,0.00,35.00,5.83,T49152628,Bar iPad,,Payment,Takeaway,,
2026-07-24,23:15:00,Europe/London,Starters,Salt & Pepper Squid,1,Regular,,9.50,0.00,9.50,1.58,T49152628,Bar iPad,,Payment,Eat in,,
2026-07-24,23:15:00,Europe/London,Mains,Steak Frites,1,Regular,,24.00,0.00,24.00,4.00,T49152628,Bar iPad,,Payment,Eat in,,
2026-07-24,23:15:00,Europe/London,Sides,Fries,2,Regular,,9.00,0.00,9.00,1.50,T49152628,Bar iPad,,Payment,Eat in,,
2026-07-24,23:15:00,Europe/London,Starters,Mackerel Pate,1,Regular,,8.50,0.00,8.50,1.42,T49152628,Bar iPad,,Payment,Takeaway,,
2026-07-24,23:15:00,Europe/London,Sides,Truffle Fries,1,Regular,,6.00,0.00,6.00,1.00,T49152628,Bar iPad,,Payment,Eat in,,
2026-07-24,23:15:00,Europe/London,Mains,Burger,1,Regular,,16.50,0.00,16.50,2.75,T49152628,Bar iPad,,Payment,Eat in,,
2026-07-24,23:15:00,Europe/London,Desserts,Choc Tart,1,Regular,,8.00,0.00,8.00,1.33,T49152628,Bar iPad,,Payment,Eat in,,
2026-07-24,23:15:00,Europe/London,Drinks,Lager Pint,3,Regular,,18.60,0.00,18.60,3.10,T49152628,Bar iPad,,Payment,Eat in,,
2026-07-24,23:15:00,Europe/London,Drinks,House White 175ml,2,Regular,,14.00,0.00,14.00,2.33,T49152628,Bar iPad,,Payment,Takeaway,,
2026-07-24,23:15:00,Europe/London,Drinks,Coke,2,Regular,,6.00,0.00,6.00,1.00,T49152628,Bar iPad,,Payment,Takeaway,,
2026-07-24,23:15:00,Europe/London,Drinks,Sparkling Water 750ml,2,Regular,,8.00,0.00,8.00,1.33,T49152628,Bar iPad,,Payment,Eat in,,
2026-07-24,23:32:00,Europe/London,Mains,Burger,1,Regular,,16.50,0.00,16.50,2.75,T83914337,Bar iPad,,Payment,Eat in,,
2026-07-24,23:32:00,Europe/London,Drinks,Lager Pint,1,Regular,,6.20,0.00,6.20,1.03,T83914337,Bar iPad,,Payment,Eat in,,
2026-07-25,12:11:00,Europe/London,Desserts,Crème Brûlée,1,Regular,,7.50,0.00,7.50,1.25,T18739848,Counter iPad,,Payment,Eat in,,
2026-07-25,12:11:00,Europe/London,Starters,Salt & Pepper Squid,1,Regular,,9.50,0.00,9.50,1.58,T18739848,Counter iPad,,Payment,Takeaway,,
2026-07-25,12:11:00,Europe/London,Mains,Lamb Rump,1,Regular,,26.00,0.00,26.00,4.33,T18739848,Counter iPad,,Payment,Takeaway,,
2026-07-25,12:11:00,Europe/London,Desserts,Sticky Toffee Pudding,1,Regular,,8.00,0.00,8.00,1.33,T18739848,Counter iPad,,Payment,Takeaway,,
2026-07-25,12:11:00,Europe/London,Sides,Bread & Butter,1,Regular,,4.00,0.00,4.00,0.67,T18739848,Counter iPad,,Payment,Takeaway,,
2026-07-25,12:11:00,Europe/London,Drinks,Lager Pint,1,Regular,,6.20,0.00,6.20,1.03,T18739848,Counter iPad,,Payment,Eat in,,
2026-07-25,12:11:00,Europe/London,Drinks,House White 175ml,1,Regular,,7.00,0.00,7.00,1.17,T18739848,Counter iPad,,Payment,Eat in,,
2026-07-25,12:13:00,Europe/London,Drinks,House White 175ml,1,Regular,,0.00,0.00,0.00,0.00,T18739848,Counter iPad,wrong table,Void,Eat in,,
2026-07-25,12:11:00,Europe/London,Drinks,House Red 175ml,1,Regular,,7.00,0.00,7.00,1.17,T18739848,Counter iPad,,Payment,Eat in,,
2026-07-25,12:21:00,Europe/London,Starters,Salt & Pepper Squid,1,Regular,,9.50,0.00,9.50,1.58,T55929795,Counter iPad,,Payment,Eat in,,
2026-07-25,12:21:00,Europe/London,Starters,Rock Oysters,1,x3,,9.00,0.00,9.00,1.50,T55929795,Counter iPad,,Payment,Takeaway,,
2026-07-25,12:21:00,Europe/London,Mains,SPECIAL - Crab Linguine,1,Regular,,18.00,0.00,18.00,3.00,T55929795,Counter iPad,,Payment,Takeaway,,
2026-07-25,12:21:00,Europe/London,Sides,House Salad,1,Regular,,4.50,0.00,4.50,0.75,T55929795,Counter iPad,,Payment,Eat in,,
2026-07-25,12:21:00,Europe/London,Desserts,Sticky Toffee Pudding,1,Regular,,8.00,0.00,8.00,1.33,T55929795,Counter iPad,,Payment,Eat in,,
2026-07-25,12:21:00,Europe/London,Starters,Mackerel Pate,1,Regular,,8.50,0.00,8.50,1.42,T55929795,Counter iPad,,Payment,Eat in,,
2026-07-25,12:21:00,Europe/London,Mains,Mushroom Risotto,1,Regular,,15.00,0.00,15.00,2.50,T55929795,Counter iPad,,Payment,Eat in,,
2026-07-25,12:21:00,Europe/London,Sides,Truffle Fries,1,Regular,,6.00,0.00,6.00,1.00,T55929795,Counter iPad,,Payment,Eat in,,
2026-07-25,12:21:00,Europe/London,Drinks,Lager Pint,1,Regular,,6.20,0.00,6.20,1.03,T55929795,Counter iPad,,Payment,Eat in,,
2026-07-25,12:21:00,Europe/London,Drinks,Coke,1,Regular,,3.00,0.00,3.00,0.50,T55929795,Counter iPad,,Payment,Eat in,,
2026-07-25,12:42:00,Europe/London,Mains,Mushroom Risotto,1,Regular,,15.00,0.00,15.00,2.50,T57970820,Bar iPad,,Payment,Eat in,,
2026-07-25,12:42:00,Europe/London,Desserts,Creme Brulee,1,Regular,,7.50,0.00,7.50,1.25,T57970820,Bar iPad,,Payment,Takeaway,,
2026-07-25,12:56:00,Europe/London,Mains,Fish & Chips,2,Regular,,35.00,0.00,35.00,5.83,T35783986,Counter iPad,,Payment,Eat in,,
2026-07-25,12:56:00,Europe/London,Sides,Tenderstem,2,Regular,,10.00,0.00,10.00,1.67,T35783986,Counter iPad,,Payment,Eat in,,
2026-07-25,12:56:00,Europe/London,Mains,SPECIAL - Crab Linguine,1,Regular,,18.00,0.00,18.00,3.00,T35783986,Counter iPad,,Payment,Takeaway,,
2026-07-25,12:56:00,Europe/London,Mains,Tidewater Burger,1,Regular,,16.50,0.00,16.50,2.75,T35783986,Counter iPad,,Payment,Eat in,,
2026-07-25,12:56:00,Europe/London,Sides,Chips,1,Regular,,4.50,0.00,4.50,0.75,T35783986,Counter iPad,,Payment,Eat in,,
2026-07-25,12:56:00,Europe/London,Mains,Mushroom Risotto,1,Regular,,15.00,0.00,15.00,2.50,T35783986,Counter iPad,,Payment,Eat in,,
2026-07-25,12:56:00,Europe/London,Desserts,Choc Tart,1,Regular,,8.00,0.00,8.00,1.33,T35783986,Counter iPad,,Payment,Eat in,,
2026-07-25,12:56:00,Europe/London,Sides,House Salad,1,Regular,,4.50,0.00,4.50,0.75,T35783986,Counter iPad,,Payment,Eat in,,
2026-07-25,12:56:00,Europe/London,Desserts,Sticky Toffee Pudding,2,Regular,,16.00,0.00,16.00,2.67,T35783986,Counter iPad,,Payment,Eat in,,
2026-07-25,12:56:00,Europe/London,Starters,Burrata,1,Regular,,10.00,0.00,10.00,1.67,T35783986,Counter iPad,,Payment,Takeaway,,
2026-07-25,12:56:00,Europe/London,Mains,Steak Frites,1,Regular,,24.00,0.00,24.00,4.00,T35783986,Counter iPad,,Payment,Eat in,,
2026-07-25,12:56:00,Europe/London,Drinks,Lager Pint,2,Regular,,12.40,0.00,12.40,2.07,T35783986,Counter iPad,,Payment,Eat in,,
2026-07-25,12:56:00,Europe/London,Drinks,House White 175ml,3,Regular,,21.00,0.00,21.00,3.50,T35783986,Counter iPad,,Payment,Eat in,,
2026-07-25,12:56:00,Europe/London,Drinks,Coke,1,Regular,,3.00,0.00,3.00,0.50,T35783986,Counter iPad,,Payment,Eat in,,
2026-07-25,12:56:00,Europe/London,Drinks,Espresso,1,Regular,,2.80,0.00,2.80,0.47,T35783986,Counter iPad,,Payment,Eat in,,
2026-07-25,13:42:00,Europe/London,Mains,Steak Frites,2,Regular,,48.00,0.00,48.00,8.00,T48051198,Counter iPad,,Payment,Eat in,,
2026-07-25,13:42:00,Europe/London,Sides,Truffle Fries,1,Regular,,6.00,0.00,6.00,1.00,T48051198,Counter iPad,,Payment,Eat in,,
2026-07-25,13:42:00,Europe/London,Mains,Tidewater Burger,1,Regular,,16.50,0.00,16.50,2.75,T48051198,Counter iPad,,Payment,Eat in,,
2026-07-25,13:42:00,Europe/London,Desserts,Crème Brûlée,1,Regular,,7.50,0.00,7.50,1.25,T48051198,Counter iPad,,Payment,Eat in,,
2026-07-25,13:42:00,Europe/London,Mains,Fish & Chips,1,Regular,,17.50,0.00,17.50,2.92,T48051198,Counter iPad,,Payment,Eat in,,
2026-07-25,13:42:00,Europe/London,Sides,Bread & Butter,1,Regular,,4.00,0.00,4.00,0.67,T48051198,Counter iPad,,Payment,Eat in,,
2026-07-25,13:42:00,Europe/London,Drinks,Lager Pint,2,Regular,,12.40,0.00,12.40,2.07,T48051198,Counter iPad,,Payment,Eat in,,
2026-07-25,13:42:00,Europe/London,Drinks,House White 175ml,3,Regular,,21.00,0.00,21.00,3.50,T48051198,Counter iPad,,Payment,Eat in,,
2026-07-25,13:42:00,Europe/London,Drinks,House Red 175ml,1,Regular,,7.00,0.00,7.00,1.17,T48051198,Counter iPad,,Payment,Eat in,,
2026-07-25,13:42:00,Europe/London,Drinks,Coke,1,Regular,,3.00,0.00,3.00,0.50,T48051198,Counter iPad,,Payment,Takeaway,,
2026-07-25,13:42:00,Europe/London,Drinks,Espresso,2,Regular,,5.60,0.00,5.60,0.93,T48051198,Counter iPad,,Payment,Takeaway,,
2026-07-25,13:42:00,Europe/London,Drinks,Flat White,2,Regular,,6.80,0.00,6.80,1.13,T48051198,Counter iPad,,Payment,Takeaway,,
2026-07-25,13:42:00,Europe/London,Other,Custom Amount,1,Regular,,5.00,0.00,5.00,0.83,T48051198,Counter iPad,,Payment,Eat in,,
2026-07-25,13:56:00,Europe/London,Mains,Steak Frites,1,Regular,,24.00,0.00,24.00,4.00,T93031605,Bar iPad,,Payment,Eat in,,
2026-07-25,13:56:00,Europe/London,Mains,Lemon Sole (MP),1,Regular,,27.00,0.00,27.00,4.50,T93031605,Bar iPad,,Payment,Eat in,,
2026-07-25,13:56:00,Europe/London,Sides,Truffle Fries,1,Regular,,6.00,0.00,6.00,1.00,T93031605,Bar iPad,,Payment,Takeaway,,
2026-07-25,13:56:00,Europe/London,Drinks,Lager Pint,2,Regular,,12.40,0.00,12.40,2.07,T93031605,Bar iPad,,Payment,Eat in,,
2026-07-25,13:56:00,Europe/London,Drinks,House Red 175ml,1,Regular,,7.00,0.00,7.00,1.17,T93031605,Bar iPad,,Payment,Eat in,,
2026-07-25,13:56:00,Europe/London,Drinks,Coke,2,Regular,,6.00,0.00,6.00,1.00,T93031605,Bar iPad,,Payment,Eat in,,
2026-07-25,14:08:00,Europe/London,Mains,Burger,1,Regular,,16.50,0.00,16.50,2.75,T90779605,Bar iPad,,Payment,Takeaway,,
2026-07-25,14:08:00,Europe/London,Desserts,Creme Brulee,1,Regular,,7.50,0.00,7.50,1.25,T90779605,Bar iPad,,Payment,Eat in,,
2026-07-25,14:08:00,Europe/London,Starters,Salt & Pepper Squid,2,Regular,,19.00,0.00,19.00,3.17,T90779605,Bar iPad,,Payment,Takeaway,,
2026-07-25,14:08:00,Europe/London,Mains,Lemon Sole (MP),1,Regular,,27.00,0.00,27.00,4.50,T90779605,Bar iPad,,Payment,Eat in,,
2026-07-25,14:08:00,Europe/London,Starters,Pork Belly Bites,1,Regular,,8.00,0.00,8.00,1.33,T90779605,Bar iPad,,Payment,Eat in,,
2026-07-25,14:08:00,Europe/London,Mains,Fish & Chips,1,Regular,,17.50,0.00,17.50,2.92,T90779605,Bar iPad,,Payment,Eat in,,
2026-07-25,14:08:00,Europe/London,Drinks,Lager Pint,3,Regular,,18.60,0.00,18.60,3.10,T90779605,Bar iPad,,Payment,Eat in,,
2026-07-25,14:08:00,Europe/London,Drinks,House White 175ml,1,Regular,,7.00,0.00,7.00,1.17,T90779605,Bar iPad,,Payment,Eat in,,
2026-07-25,14:08:00,Europe/London,Drinks,House Red 175ml,1,Regular,,7.00,0.00,7.00,1.17,T90779605,Bar iPad,,Payment,Eat in,,
2026-07-25,14:08:00,Europe/London,Drinks,Coke,1,Regular,,3.00,0.00,3.00,0.50,T90779605,Bar iPad,,Payment,Eat in,,
2026-07-25,14:08:00,Europe/London,Drinks,Espresso,1,Regular,,2.80,0.00,2.80,0.47,T90779605,Bar iPad,,Payment,Eat in,,
2026-07-25,14:10:00,Europe/London,Starters,Soup of the Day,1,Regular,,7.00,0.00,7.00,1.17,T93544923,Counter iPad,,Payment,Takeaway,,
2026-07-25,14:10:00,Europe/London,Mains,Fish & Chips,2,Small,,26.00,0.00,26.00,4.33,T93544923,Counter iPad,,Payment,Eat in,,
2026-07-25,14:10:00,Europe/London,Starters,Salt & Pepper Squid,1,Regular,,9.50,0.00,9.50,1.58,T93544923,Counter iPad,,Payment,Eat in,,
2026-07-25,14:10:00,Europe/London,Drinks,Lager Pint,1,Regular,,6.20,0.00,6.20,1.03,T93544923,Counter iPad,,Payment,Eat in,,
2026-07-25,14:10:00,Europe/London,Drinks,House White 175ml,2,Regular,,14.00,0.00,14.00,2.33,T93544923,Counter iPad,,Payment,Eat in,,
2026-07-25,14:14:00,Europe/London,Kids,Kids Fish & Chips,4,Regular,,32.00,0.00,32.00,5.33,T51352952,Counter iPad,,Payment,Eat in,,
2026-07-25,14:14:00,Europe/London,Starters,Pork Belly Bites,1,Regular,,8.00,0.00,8.00,1.33,T51352952,Counter iPad,,Payment,Takeaway,,
2026-07-25,14:14:00,Europe/London,Mains,Fish & Chips,2,Regular,,35.00,0.00,35.00,5.83,T51352952,Counter iPad,,Payment,Takeaway,,
2026-07-25,14:14:00,Europe/London,Sides,Chips,1,Regular,,4.50,0.00,4.50,0.75,T51352952,Counter iPad,,Payment,Eat in,,
2026-07-25,14:14:00,Europe/London,Drinks,Lager Pint,3,Regular,,18.60,0.00,18.60,3.10,T51352952,Counter iPad,,Payment,Eat in,,
2026-07-25,14:14:00,Europe/London,Drinks,Flat White,2,Regular,,6.80,0.00,6.80,1.13,T51352952,Counter iPad,,Payment,Eat in,,
2026-07-25,14:19:00,Europe/London,Starters,Salt & Pepper Squid,1,Regular,,9.50,0.00,9.50,1.58,T81759410,Counter iPad,,Payment,Eat in,,
2026-07-25,14:19:00,Europe/London,Desserts,Sticky Toffee Pudding,1,Regular,,8.00,0.00,8.00,1.33,T81759410,Counter iPad,,Payment,Eat in,,
2026-07-25,14:19:00,Europe/London,Starters,Burrata,1,Regular,,10.00,0.00,10.00,1.67,T81759410,Counter iPad,,Payment,Eat in,,
2026-07-25,14:19:00,Europe/London,Mains,Hake,1,Regular,,22.00,0.00,22.00,3.67,T81759410,Counter iPad,,Payment,Eat in,,
2026-07-25,14:19:00,Europe/London,Drinks,Lager Pint,1,Regular,,6.20,0.00,6.20,1.03,T81759410,Counter iPad,,Payment,Takeaway,,
2026-07-25,14:37:00,Europe/London,Mains,Hake,1,Regular,,22.00,0.00,22.00,3.67,T29111014,Counter iPad,,Payment,Eat in,,
2026-07-25,14:37:00,Europe/London,Sides,Chips,1,Regular,,4.50,0.00,4.50,0.75,T29111014,Counter iPad,,Payment,Eat in,,
2026-07-25,14:37:00,Europe/London,Desserts,Crème Brûlée,1,Regular,,7.50,0.00,7.50,1.25,T29111014,Counter iPad,,Payment,Takeaway,,
2026-07-25,14:37:00,Europe/London,Starters,Soup of the Day,1,Regular,,7.00,0.00,7.00,1.17,T29111014,Counter iPad,,Payment,Takeaway,,
2026-07-25,14:37:00,Europe/London,Mains,Tidewater Burger,1,Regular,,16.50,0.00,16.50,2.75,T29111014,Counter iPad,,Payment,Eat in,,
2026-07-25,14:37:00,Europe/London,Starters,Salt & Pepper Squid,2,Regular,,19.00,0.00,19.00,3.17,T29111014,Counter iPad,,Payment,Takeaway,,
2026-07-25,14:37:00,Europe/London,Starters,Rock Oysters,1,x6,,16.00,0.00,16.00,2.67,T29111014,Counter iPad,,Payment,Eat in,,
2026-07-25,14:37:00,Europe/London,Mains,Mushroom Risotto,1,Regular,,15.00,0.00,15.00,2.50,T29111014,Counter iPad,,Payment,Eat in,,
2026-07-25,14:37:00,Europe/London,Sides,House Salad,1,Regular,,4.50,0.00,4.50,0.75,T29111014,Counter iPad,,Payment,Eat in,,
2026-07-25,14:37:00,Europe/London,Desserts,Sticky Toffee Pudding,2,Regular,,16.00,0.00,16.00,2.67,T29111014,Counter iPad,,Payment,Takeaway,,
2026-07-25,14:37:00,Europe/London,Mains,Steak Frites,1,Regular,,24.00,0.00,24.00,4.00,T29111014,Counter iPad,,Payment,Eat in,,
2026-07-25,14:37:00,Europe/London,Sides,Tenderstem,1,Regular,,5.00,0.00,5.00,0.83,T29111014,Counter iPad,,Payment,Takeaway,,
2026-07-25,14:37:00,Europe/London,Drinks,Lager Pint,1,Regular,,6.20,0.00,6.20,1.03,T29111014,Counter iPad,,Payment,Eat in,,
2026-07-25,14:37:00,Europe/London,Drinks,House Red 175ml,1,Regular,,7.00,0.00,7.00,1.17,T29111014,Counter iPad,,Payment,Eat in,,
2026-07-25,14:37:00,Europe/London,Drinks,Coke,1,Regular,,3.00,0.00,3.00,0.50,T29111014,Counter iPad,,Payment,Eat in,,
2026-07-25,14:55:00,Europe/London,Mains,Tidewater Burger,1,Regular,,16.50,0.00,16.50,2.75,T71890185,Counter iPad,,Payment,Takeaway,,
2026-07-25,14:55:00,Europe/London,Starters,Salt & Pepper Squid,1,Regular,,9.50,0.00,9.50,1.58,T71890185,Counter iPad,,Payment,Eat in,,
2026-07-25,14:55:00,Europe/London,Mains,Fish & Chips,3,Regular,,52.50,0.00,52.50,8.75,T71890185,Counter iPad,,Payment,Eat in,,
2026-07-25,14:55:00,Europe/London,Desserts,Cheeseboard,1,5,,16.00,0.00,16.00,2.67,T71890185,Counter iPad,,Payment,Eat in,,
2026-07-25,14:55:00,Europe/London,Sides,Chips,1,Regular,,4.50,0.00,4.50,0.75,T71890185,Counter iPad,,Payment,Takeaway,,
2026-07-25,14:55:00,Europe/London,Drinks,Lager Pint,3,Regular,,18.60,0.00,18.60,3.10,T71890185,Counter iPad,,Payment,Eat in,,
2026-07-25,14:55:00,Europe/London,Drinks,House White 175ml,2,Regular,,14.00,0.00,14.00,2.33,T71890185,Counter iPad,,Payment,Eat in,,
2026-07-25,14:55:00,Europe/London,Drinks,House Red 175ml,1,Regular,,7.00,0.00,7.00,1.17,T71890185,Counter iPad,,Payment,Takeaway,,
2026-07-25,14:55:00,Europe/London,Drinks,Sparkling Water 750ml,2,Regular,,8.00,0.00,8.00,1.33,T71890185,Counter iPad,,Payment,Eat in,,
2026-07-25,14:55:00,Europe/London,Drinks,Espresso,2,Regular,,5.60,0.00,5.60,0.93,T71890185,Counter iPad,,Payment,Takeaway,,
2026-07-25,18:05:00,Europe/London,Mains,Fish & Chips,2,Regular,,35.00,0.00,35.00,5.83,T78968089,Bar iPad,,Payment,Takeaway,,
2026-07-25,18:05:00,Europe/London,Sides,Tenderstem,1,Regular,,5.00,0.00,5.00,0.83,T78968089,Bar iPad,,Payment,Eat in,,
2026-07-25,18:05:00,Europe/London,Mains,Hake,1,Regular,,22.00,0.00,22.00,3.67,T78968089,Bar iPad,,Payment,Eat in,,
2026-07-25,18:05:00,Europe/London,Mains,SPECIAL - Crab Linguine,1,Regular,,18.00,0.00,18.00,3.00,T78968089,Bar iPad,,Payment,Eat in,,
2026-07-25,18:05:00,Europe/London,Desserts,Sticky Toffee Pudding,2,Regular,,16.00,0.00,16.00,2.67,T78968089,Bar iPad,,Payment,Eat in,,
2026-07-25,18:05:00,Europe/London,Starters,Salt & Pepper Squid,1,Regular,,9.50,0.00,9.50,1.58,T78968089,Bar iPad,,Payment,Takeaway,,
2026-07-25,18:05:00,Europe/London,Mains,Steak Frites,1,Regular,,24.00,0.00,24.00,4.00,T78968089,Bar iPad,,Payment,Eat in,,
2026-07-25,18:05:00,Europe/London,Sides,Peppercorn Sauce,1,Regular,,3.00,0.00,3.00,0.50,T78968089,Bar iPad,,Payment,Eat in,,
2026-07-25,18:05:00,Europe/London,Drinks,Lager Pint,3,Regular,,18.60,0.00,18.60,3.10,T78968089,Bar iPad,,Payment,Eat in,,
2026-07-25,18:05:00,Europe/London,Drinks,House White 175ml,2,Regular,,14.00,0.00,14.00,2.33,T78968089,Bar iPad,,Payment,Eat in,,
2026-07-25,18:05:00,Europe/London,Drinks,House Red 175ml,2,Regular,,14.00,0.00,14.00,2.33,T78968089,Bar iPad,,Payment,Eat in,,
2026-07-25,18:05:00,Europe/London,Drinks,Coke,1,Regular,,3.00,0.00,3.00,0.50,T78968089,Bar iPad,,Payment,Eat in,,
2026-07-25,18:05:00,Europe/London,Drinks,Sparkling Water 750ml,1,Regular,,4.00,0.00,4.00,0.67,T78968089,Bar iPad,,Payment,Takeaway,,
2026-07-25,18:05:00,Europe/London,Drinks,Espresso,1,Regular,,2.80,0.00,2.80,0.47,T78968089,Bar iPad,,Payment,Eat in,,
2026-07-25,18:05:00,Europe/London,Drinks,Flat White,1,Regular,,3.40,0.00,3.40,0.57,T78968089,Bar iPad,,Payment,Takeaway,,
2026-07-25,18:38:00,Europe/London,Kids,Kids Burger,1,Regular,,7.50,0.00,7.50,1.25,T64673881,Counter iPad,,Payment,Eat in,,
2026-07-25,18:38:00,Europe/London,Kids,Kids Ice Cream,2,Regular,,7.00,0.00,7.00,1.17,T64673881,Counter iPad,,Payment,Eat in,,
2026-07-25,18:38:00,Europe/London,Kids,Kids Fish & Chips,1,Regular,,8.00,0.00,8.00,1.33,T64673881,Counter iPad,,Payment,Eat in,,
2026-07-25,18:38:00,Europe/London,Mains,Tidewater Burger,2,Regular,,33.00,0.00,33.00,5.50,T64673881,Counter iPad,,Payment,Takeaway,,
2026-07-25,18:38:00,Europe/London,Desserts,Choc Tart,1,Regular,,8.00,0.00,8.00,1.33,T64673881,Counter iPad,,Payment,Eat in,,
2026-07-25,18:38:00,Europe/London,Starters,Soup of the Day,1,Regular,,7.00,0.00,7.00,1.17,T64673881,Counter iPad,,Payment,Eat in,,
2026-07-25,18:38:00,Europe/London,Sides,Bread & Butter,1,Regular,,4.00,0.00,4.00,0.67,T64673881,Counter iPad,,Payment,Eat in,,
2026-07-25,18:38:00,Europe/London,Drinks,Lager Pint,3,Regular,,18.60,0.00,18.60,3.10,T64673881,Counter iPad,,Payment,Eat in,,
2026-07-25,18:38:00,Europe/London,Drinks,House White 175ml,2,Regular,,14.00,0.00,14.00,2.33,T64673881,Counter iPad,,Payment,Eat in,,
2026-07-25,18:38:00,Europe/London,Drinks,Coke,2,Regular,,6.00,0.00,6.00,1.00,T64673881,Counter iPad,,Payment,Eat in,,
2026-07-25,18:38:00,Europe/London,Drinks,Flat White,2,Regular,,6.80,0.00,6.80,1.13,T64673881,Counter iPad,,Payment,Eat in,,
2026-07-25,19:07:00,Europe/London,Starters,Burrata,1,Regular,,10.00,0.00,10.00,1.67,T33934203,Counter iPad,,Payment,Eat in,,
2026-07-25,19:07:00,Europe/London,Mains,Chicken Supreme,1,Regular,,19.00,0.00,19.00,3.17,T33934203,Counter iPad,,Payment,Takeaway,,
2026-07-25,19:07:00,Europe/London,Desserts,Sticky Toffee Pudding,1,Regular,,8.00,0.00,8.00,1.33,T33934203,Counter iPad,,Payment,Eat in,,
2026-07-25,19:07:00,Europe/London,Mains,Steak Frites,1,Regular,,24.00,0.00,24.00,4.00,T33934203,Counter iPad,,Payment,Eat in,,
2026-07-25,19:07:00,Europe/London,Sides,Peppercorn Sauce,1,Regular,,3.00,0.00,3.00,0.50,T33934203,Counter iPad,,Payment,Takeaway,,
2026-07-25,19:07:00,Europe/London,Desserts,Choc Tart,1,Regular,,8.00,0.00,8.00,1.33,T33934203,Counter iPad,,Payment,Eat in,,
2026-07-25,19:07:00,Europe/London,Starters,Pork Belly Bites,1,Regular,,8.00,0.00,8.00,1.33,T33934203,Counter iPad,,Payment,Eat in,,
2026-07-25,19:07:00,Europe/London,Mains,Fish & Chips,1,Regular,,17.50,0.00,17.50,2.92,T33934203,Counter iPad,,Payment,Eat in,,
2026-07-25,19:07:00,Europe/London,Drinks,Lager Pint,1,Regular,,6.20,0.00,6.20,1.03,T33934203,Counter iPad,,Payment,Takeaway,,
2026-07-25,19:07:00,Europe/London,Drinks,House White 175ml,1,Regular,,7.00,0.00,7.00,1.17,T33934203,Counter iPad,,Payment,Eat in,,
2026-07-25,19:07:00,Europe/London,Drinks,House Red 175ml,2,Regular,,14.00,0.00,14.00,2.33,T33934203,Counter iPad,,Payment,Eat in,,
2026-07-25,19:07:00,Europe/London,Drinks,Coke,1,Regular,,3.00,0.00,3.00,0.50,T33934203,Counter iPad,,Payment,Takeaway,,
2026-07-25,19:07:00,Europe/London,Drinks,Sparkling Water 750ml,1,Regular,,4.00,0.00,4.00,0.67,T33934203,Counter iPad,,Payment,Eat in,,
2026-07-25,19:17:00,Europe/London,Mains,Lamb Rump,2,Regular,,52.00,0.00,52.00,8.67,T95889264,Bar iPad,,Payment,Eat in,,
2026-07-25,19:17:00,Europe/London,Sides,Truffle Fries,2,Regular,,12.00,0.00,12.00,2.00,T95889264,Bar iPad,,Payment,Eat in,,
2026-07-25,19:17:00,Europe/London,Starters,Rock Oysters,1,x3,,9.00,0.00,9.00,1.50,T95889264,Bar iPad,,Payment,Takeaway,,
2026-07-25,19:17:00,Europe/London,Starters,Soup of the Day,1,Regular,,7.00,0.00,7.00,1.17,T95889264,Bar iPad,,Payment,Eat in,,
2026-07-25,19:17:00,Europe/London,Mains,Hake,1,Regular,,22.00,0.00,22.00,3.67,T95889264,Bar iPad,,Payment,Takeaway,,
2026-07-25,19:17:00,Europe/London,Desserts,Sticky Toffee Pudding,1,Regular,,8.00,0.00,8.00,1.33,T95889264,Bar iPad,,Payment,Takeaway,,
2026-07-25,19:17:00,Europe/London,Mains,Steak Frites,1,Regular,,24.00,0.00,24.00,4.00,T95889264,Bar iPad,,Payment,Eat in,,
2026-07-25,19:17:00,Europe/London,Sides,Peppercorn Sauce,1,Regular,,3.00,0.00,3.00,0.50,T95889264,Bar iPad,,Payment,Eat in,,
2026-07-25,19:17:00,Europe/London,Desserts,Choc Tart,1,Regular,,8.00,0.00,8.00,1.33,T95889264,Bar iPad,,Payment,Takeaway,,
2026-07-25,19:17:00,Europe/London,Starters,Rock Oysters,1,x6,,16.00,0.00,16.00,2.67,T95889264,Bar iPad,,Payment,Eat in,,
2026-07-25,19:17:00,Europe/London,Mains,Fish & Chips,1,Regular,,17.50,0.00,17.50,2.92,T95889264,Bar iPad,,Payment,Takeaway,,
2026-07-25,19:17:00,Europe/London,Drinks,Lager Pint,2,Regular,,12.40,0.00,12.40,2.07,T95889264,Bar iPad,,Payment,Takeaway,,
2026-07-25,19:17:00,Europe/London,Drinks,House White 175ml,1,Regular,,7.00,0.00,7.00,1.17,T95889264,Bar iPad,,Payment,Eat in,,
2026-07-25,19:17:00,Europe/London,Drinks,Sparkling Water 750ml,1,Regular,,4.00,0.00,4.00,0.67,T95889264,Bar iPad,,Payment,Takeaway,,
2026-07-25,16:30:00,Europe/London,Other,Staff Meal,1,Regular,Burger,10.00,-10.00,0.00,0.00,T85783290,Counter iPad,,Payment,Eat in,,
2026-07-25,19:38:00,Europe/London,Starters,Mackerel Pate,1,Regular,,8.50,0.00,8.50,1.42,T15043044,Counter iPad,,Payment,Eat in,,
2026-07-25,19:38:00,Europe/London,Mains,Fish & Chips,1,Regular,,17.50,0.00,17.50,2.92,T15043044,Counter iPad,,Payment,Eat in,,
2026-07-25,19:38:00,Europe/London,Mains,Hake,1,Regular,,22.00,0.00,22.00,3.67,T15043044,Counter iPad,,Payment,Eat in,,
2026-07-25,19:38:00,Europe/London,Sides,Bread & Butter,1,Regular,,4.00,0.00,4.00,0.67,T15043044,Counter iPad,,Payment,Eat in,,
2026-07-25,19:38:00,Europe/London,Drinks,Lager Pint,1,Regular,,6.20,0.00,6.20,1.03,T15043044,Counter iPad,,Payment,Eat in,,
2026-07-25,19:38:00,Europe/London,Drinks,House White 175ml,1,Regular,,7.00,0.00,7.00,1.17,T15043044,Counter iPad,,Payment,Eat in,,
2026-07-25,19:38:00,Europe/London,Drinks,House Red 175ml,1,Regular,,7.00,0.00,7.00,1.17,T15043044,Counter iPad,,Payment,Takeaway,,
2026-07-25,19:38:00,Europe/London,Drinks,Sparkling Water 750ml,1,Regular,,4.00,0.00,4.00,0.67,T15043044,Counter iPad,,Payment,Takeaway,,
2026-07-25,19:38:00,Europe/London,Drinks,Espresso,1,Regular,,2.80,0.00,2.80,0.47,T15043044,Counter iPad,,Payment,Takeaway,,
2026-07-25,19:38:00,Europe/London,Drinks,Flat White,2,Regular,,6.80,0.00,6.80,1.13,T15043044,Counter iPad,,Payment,Eat in,,
2026-07-25,19:39:00,Europe/London,Mains,Fish & Chips,1,Regular,,17.50,0.00,17.50,2.92,T11329241,Counter iPad,,Payment,Eat in,,
2026-07-25,19:39:00,Europe/London,Mains,Hake,1,Regular,,22.00,0.00,22.00,3.67,T11329241,Counter iPad,,Payment,Eat in,,
2026-07-25,19:39:00,Europe/London,Mains,Steak Frites,1,Regular,,24.00,0.00,24.00,4.00,T11329241,Counter iPad,,Payment,Eat in,,
2026-07-25,19:39:00,Europe/London,Drinks,Lager Pint,1,Regular,,6.20,0.00,6.20,1.03,T11329241,Counter iPad,,Payment,Eat in,,
2026-07-25,19:39:00,Europe/London,Drinks,House White 175ml,2,Regular,,14.00,0.00,14.00,2.33,T11329241,Counter iPad,,Payment,Eat in,,
2026-07-25,19:39:00,Europe/London,Drinks,Sparkling Water 750ml,2,Regular,,8.00,0.00,8.00,1.33,T11329241,Counter iPad,,Payment,Eat in,,
2026-07-25,19:39:00,Europe/London,Drinks,Flat White,1,Regular,,3.40,0.00,3.40,0.57,T11329241,Counter iPad,,Payment,Eat in,,
2026-07-25,19:49:00,Europe/London,Mains,Tidewater Burger,3,Regular,,49.50,0.00,49.50,8.25,T59683260,Counter iPad,,Payment,Eat in,,
2026-07-25,19:49:00,Europe/London,Starters,Pork Belly Bites,1,Regular,,8.00,0.00,8.00,1.33,T59683260,Counter iPad,,Payment,Eat in,,
2026-07-25,19:49:00,Europe/London,Mains,Lamb Rump,1,Regular,,26.00,0.00,26.00,4.33,T59683260,Counter iPad,,Payment,Eat in,,
2026-07-25,19:49:00,Europe/London,Desserts,Sticky Toffee Pudding,1,Regular,,8.00,0.00,8.00,1.33,T59683260,Counter iPad,,Payment,Eat in,,
2026-07-25,19:49:00,Europe/London,Sides,Bread & Butter,1,Regular,,4.00,0.00,4.00,0.67,T59683260,Counter iPad,,Payment,Eat in,,
2026-07-25,19:49:00,Europe/London,Drinks,House White 175ml,2,Regular,,14.00,0.00,14.00,2.33,T59683260,Counter iPad,,Payment,Eat in,,
2026-07-25,19:49:00,Europe/London,Drinks,Coke,1,Regular,,3.00,0.00,3.00,0.50,T59683260,Counter iPad,,Payment,Eat in,,
2026-07-25,20:09:00,Europe/London,Mains,Fish & Chips,2,Regular,,35.00,0.00,35.00,5.83,T91515740,Counter iPad,,Payment,Eat in,C618,Sample Customer 618
2026-07-25,20:09:00,Europe/London,Desserts,Sticky Toffee Pudding,1,Regular,,8.00,0.00,8.00,1.33,T91515740,Counter iPad,,Payment,Eat in,C618,Sample Customer 618
2026-07-25,20:09:00,Europe/London,Starters,Soup of the Day,2,Regular,,14.00,0.00,14.00,2.33,T91515740,Counter iPad,,Payment,Takeaway,C618,Sample Customer 618
2026-07-25,20:09:00,Europe/London,Starters,Rock Oysters,1,x3,,9.00,0.00,9.00,1.50,T91515740,Counter iPad,,Payment,Eat in,C618,Sample Customer 618
2026-07-25,20:09:00,Europe/London,Mains,Steak Frites,2,Regular,,48.00,0.00,48.00,8.00,T91515740,Counter iPad,,Payment,Eat in,C618,Sample Customer 618
2026-07-25,20:09:00,Europe/London,Desserts,Cheeseboard,1,5,,16.00,0.00,16.00,2.67,T91515740,Counter iPad,,Payment,Eat in,C618,Sample Customer 618
2026-07-25,20:09:00,Europe/London,Sides,Peppercorn Sauce,1,Regular,,3.00,0.00,3.00,0.50,T91515740,Counter iPad,,Payment,Eat in,C618,Sample Customer 618
2026-07-25,20:09:00,Europe/London,Desserts,Crème Brûlée,1,Regular,,7.50,0.00,7.50,1.25,T91515740,Counter iPad,,Payment,Eat in,C618,Sample Customer 618
2026-07-25,20:09:00,Europe/London,Mains,Tidewater Burger,1,Regular,,16.50,0.00,16.50,2.75,T91515740,Counter iPad,,Payment,Eat in,C618,Sample Customer 618
2026-07-25,20:09:00,Europe/London,Sides,Bread & Butter,1,Regular,,4.00,0.00,4.00,0.67,T91515740,Counter iPad,,Payment,Takeaway,C618,Sample Customer 618
2026-07-25,20:09:00,Europe/London,Drinks,House White 175ml,4,Regular,,28.00,0.00,28.00,4.67,T91515740,Counter iPad,,Payment,Eat in,C618,Sample Customer 618
2026-07-25,20:09:00,Europe/London,Drinks,Coke,4,Regular,,12.00,0.00,12.00,2.00,T91515740,Counter iPad,,Payment,Eat in,C618,Sample Customer 618
2026-07-25,20:09:00,Europe/London,Drinks,Sparkling Water 750ml,1,Regular,,4.00,0.00,4.00,0.67,T91515740,Counter iPad,,Payment,Eat in,C618,Sample Customer 618
2026-07-25,20:09:00,Europe/London,Drinks,Espresso,1,Regular,,2.80,0.00,2.80,0.47,T91515740,Counter iPad,,Payment,Eat in,C618,Sample Customer 618
2026-07-25,20:17:00,Europe/London,Kids,Kids Fish & Chips,2,Regular,,16.00,0.00,16.00,2.67,T77128499,Bar iPad,,Payment,Eat in,C211,Sample Customer 211
2026-07-25,20:17:00,Europe/London,Kids,Kids Ice Cream,1,Regular,,3.50,0.00,3.50,0.58,T77128499,Bar iPad,,Payment,Eat in,C211,Sample Customer 211
2026-07-25,20:17:00,Europe/London,Starters,Pork Belly Bites,1,Regular,,8.00,0.00,8.00,1.33,T77128499,Bar iPad,,Payment,Eat in,C211,Sample Customer 211
2026-07-25,20:17:00,Europe/London,Mains,Steak Frites,1,Regular,,24.00,0.00,24.00,4.00,T77128499,Bar iPad,,Payment,Eat in,C211,Sample Customer 211
2026-07-25,20:17:00,Europe/London,Mains,Fish & Chips,1,Regular,,17.50,0.00,17.50,2.92,T77128499,Bar iPad,,Payment,Eat in,C211,Sample Customer 211
2026-07-25,20:17:00,Europe/London,Sides,Bread & Butter,1,Regular,,4.00,0.00,4.00,0.67,T77128499,Bar iPad,,Payment,Eat in,C211,Sample Customer 211
2026-07-25,20:17:00,Europe/London,Drinks,Lager Pint,3,Regular,,18.60,0.00,18.60,3.10,T77128499,Bar iPad,,Payment,Takeaway,C211,Sample Customer 211
2026-07-25,20:17:00,Europe/London,Drinks,House White 175ml,1,Regular,,7.00,0.00,7.00,1.17,T77128499,Bar iPad,,Payment,Eat in,C211,Sample Customer 211
2026-07-25,20:57:00,Europe/London,Drinks,House White 175ml,1,Regular,,-7.00,0.00,-7.00,-1.17,T77128499,Bar iPad,sent back,Refund,Eat in,C211,Sample Customer 211
2026-07-25,20:17:00,Europe/London,Drinks,House Red 175ml,2,Regular,,14.00,0.00,14.00,2.33,T77128499,Bar iPad,,Payment,Eat in,C211,Sample Customer 211
2026-07-25,20:17:00,Europe/London,Drinks,Coke,2,Regular,,6.00,0.00,6.00,1.00,T77128499,Bar iPad,,Payment,Eat in,C211,Sample Customer 211
2026-07-25,20:19:00,Europe/London,Drinks,Coke,1,Regular,,0.00,0.00,0.00,0.00,T77128499,Bar iPad,wrong table,Void,Eat in,C211,Sample Customer 211
2026-07-25,20:17:00,Europe/London,Drinks,Sparkling Water 750ml,1,Regular,,4.00,0.00,4.00,0.67,T77128499,Bar iPad,,Payment,Takeaway,C211,Sample Customer 211
2026-07-25,20:17:00,Europe/London,Drinks,Flat White,1,Regular,,3.40,0.00,3.40,0.57,T77128499,Bar iPad,,Payment,Eat in,C211,Sample Customer 211
2026-07-25,20:41:00,Europe/London,Starters,Pork Belly Bites,1,Regular,,8.00,0.00,8.00,1.33,T18843083,Counter iPad,,Payment,Takeaway,,
2026-07-25,20:41:00,Europe/London,Mains,Steak Frites,2,Regular,,48.00,0.00,48.00,8.00,T18843083,Counter iPad,,Payment,Eat in,,
2026-07-25,20:41:00,Europe/London,Sides,Peppercorn Sauce,1,Regular,,3.00,0.00,3.00,0.50,T18843083,Counter iPad,,Payment,Eat in,,
2026-07-25,20:41:00,Europe/London,Starters,Burrata,1,Regular,,10.00,0.00,10.00,1.67,T18843083,Counter iPad,,Payment,Eat in,,
2026-07-25,20:41:00,Europe/London,Mains,Tidewater Burger,2,Regular,,33.00,0.00,33.00,5.50,T18843083,Counter iPad,,Payment,Eat in,,
2026-07-25,20:41:00,Europe/London,Sides,Tenderstem,1,Regular,,5.00,0.00,5.00,0.83,T18843083,Counter iPad,,Payment,Eat in,,
2026-07-25,20:41:00,Europe/London,Desserts,Sticky Toffee Pudding,2,Regular,,16.00,0.00,16.00,2.67,T18843083,Counter iPad,,Payment,Takeaway,,
2026-07-25,20:41:00,Europe/London,Starters,Soup of the Day,1,Regular,,7.00,0.00,7.00,1.17,T18843083,Counter iPad,,Payment,Eat in,,
2026-07-25,20:41:00,Europe/London,Starters,Rock Oysters,1,x6,,16.00,0.00,16.00,2.67,T18843083,Counter iPad,,Payment,Eat in,,
2026-07-25,20:41:00,Europe/London,Mains,Hake,1,Regular,,22.00,0.00,22.00,3.67,T18843083,Counter iPad,,Payment,Eat in,,
2026-07-25,20:41:00,Europe/London,Mains,SPECIAL - Crab Linguine,1,Regular,,18.00,0.00,18.00,3.00,T18843083,Counter iPad,,Payment,Takeaway,,
2026-07-25,20:41:00,Europe/London,Starters,Salt & Pepper Squid,1,Regular,,9.50,0.00,9.50,1.58,T18843083,Counter iPad,,Payment,Eat in,,
2026-07-25,20:41:00,Europe/London,Desserts,Choc Tart,1,Regular,,8.00,0.00,8.00,1.33,T18843083,Counter iPad,,Payment,Takeaway,,
2026-07-25,20:41:00,Europe/London,Drinks,House White 175ml,1,Regular,,7.00,0.00,7.00,1.17,T18843083,Counter iPad,,Payment,Eat in,,
2026-07-25,20:41:00,Europe/London,Drinks,House Red 175ml,2,Regular,,14.00,0.00,14.00,2.33,T18843083,Counter iPad,,Payment,Eat in,,
2026-07-25,20:41:00,Europe/London,Drinks,Coke,1,Regular,,3.00,0.00,3.00,0.50,T18843083,Counter iPad,,Payment,Eat in,,
2026-07-25,20:41:00,Europe/London,Drinks,Espresso,1,Regular,,2.80,0.00,2.80,0.47,T18843083,Counter iPad,,Payment,Eat in,,
2026-07-25,21:03:00,Europe/London,Kids,Kids Burger,2,Regular,,15.00,0.00,15.00,2.50,T57918325,Counter iPad,,Payment,Eat in,,
2026-07-25,21:03:00,Europe/London,Kids,Kids Ice Cream,2,Regular,,7.00,0.00,7.00,1.17,T57918325,Counter iPad,,Payment,Eat in,,
2026-07-25,21:03:00,Europe/London,Kids,Kids Fish & Chips,1,Regular,,8.00,0.00,8.00,1.33,T57918325,Counter iPad,,Payment,Eat in,,
2026-07-25,21:03:00,Europe/London,Starters,Salt & Pepper Squid,1,Regular,,9.50,0.00,9.50,1.58,T57918325,Counter iPad,,Payment,Eat in,,
2026-07-25,21:05:00,Europe/London,Starters,Salt & Pepper Squid,1,Regular,,0.00,0.00,0.00,0.00,T57918325,Counter iPad,wrong table,Void,Eat in,,
2026-07-25,21:03:00,Europe/London,Mains,Fish & Chips,1,Regular,,17.50,0.00,17.50,2.92,T57918325,Counter iPad,,Payment,Takeaway,,
2026-07-25,21:03:00,Europe/London,Sides,Truffle Fries,1,Regular,,6.00,0.00,6.00,1.00,T57918325,Counter iPad,,Payment,Eat in,,
2026-07-25,21:03:00,Europe/London,Mains,Tidewater Burger,1,Regular,,16.50,0.00,16.50,2.75,T57918325,Counter iPad,,Payment,Takeaway,,
2026-07-25,21:03:00,Europe/London,Desserts,Cheeseboard,1,3,,11.00,0.00,11.00,1.83,T57918325,Counter iPad,,Payment,Takeaway,,
2026-07-25,21:03:00,Europe/London,Drinks,Lager Pint,1,Regular,,6.20,0.00,6.20,1.03,T57918325,Counter iPad,,Payment,Eat in,,
2026-07-25,21:03:00,Europe/London,Drinks,House Red 175ml,1,Regular,,7.00,0.00,7.00,1.17,T57918325,Counter iPad,,Payment,Takeaway,,
2026-07-25,21:03:00,Europe/London,Drinks,Coke,1,Regular,,3.00,0.00,3.00,0.50,T57918325,Counter iPad,,Payment,Eat in,,
2026-07-25,21:55:00,Europe/London,Mains,Tidewater Burger,1,Regular,"Add Bacon, Add Cheese",16.50,0.00,16.50,2.75,T67651729,Counter iPad,,Payment,Eat in,,
2026-07-25,21:55:00,Europe/London,Sides,Chips,1,Regular,,4.50,0.00,4.50,0.75,T67651729,Counter iPad,,Payment,Eat in,,
2026-07-25,21:55:00,Europe/London,Drinks,Lager Pint,1,Regular,,6.20,0.00,6.20,1.03,T67651729,Counter iPad,,Payment,Takeaway,,
2026-07-25,21:55:00,Europe/London,Drinks,House White 175ml,1,Regular,,7.00,0.00,7.00,1.17,T67651729,Counter iPad,,Payment,Eat in,,
2026-07-25,22:07:00,Europe/London,Mains,Fish & Chips,1,Regular,,17.50,0.00,17.50,2.92,T72939278,Counter iPad,,Payment,Eat in,C389,Sample Customer 389
2026-07-25,22:07:00,Europe/London,Sides,Chips,1,Regular,,4.50,0.00,4.50,0.75,T72939278,Counter iPad,,Payment,Eat in,C389,Sample Customer 389
2026-07-25,22:18:00,Europe/London,Mains,Fish & Chips,1,Regular,,17.50,0.00,17.50,2.92,T91181358,Counter iPad,,Payment,Takeaway,,
2026-07-25,22:18:00,Europe/London,Desserts,Affogato,1,Regular,,6.00,0.00,6.00,1.00,T91181358,Counter iPad,,Payment,Eat in,,
2026-07-25,22:18:00,Europe/London,Starters,Mackerel Pate,1,Regular,,8.50,0.00,8.50,1.42,T91181358,Counter iPad,,Payment,Eat in,,
2026-07-25,22:18:00,Europe/London,Mains,Steak Frites,1,Regular,,24.00,0.00,24.00,4.00,T91181358,Counter iPad,,Payment,Eat in,,
2026-07-25,22:18:00,Europe/London,Drinks,Lager Pint,1,Regular,,6.20,0.00,6.20,1.03,T91181358,Counter iPad,,Payment,Takeaway,,
2026-07-25,22:18:00,Europe/London,Drinks,Coke,1,Regular,,3.00,0.00,3.00,0.50,T91181358,Counter iPad,,Payment,Takeaway,,
2026-07-25,22:18:00,Europe/London,Drinks,Sparkling Water 750ml,1,Regular,,4.00,0.00,4.00,0.67,T91181358,Counter iPad,,Payment,Takeaway,,
2026-07-25,22:18:00,Europe/London,Drinks,Espresso,1,Regular,,2.80,0.00,2.80,0.47,T91181358,Counter iPad,,Payment,Takeaway,,
2026-07-25,22:20:00,Europe/London,Starters,Soup of the Day,1,Regular,,7.00,0.00,7.00,1.17,T17545560,Counter iPad,,Payment,Eat in,C467,Sample Customer 467
2026-07-25,22:20:00,Europe/London,Mains,Fish & Chips,1,Regular,,17.50,0.00,17.50,2.92,T17545560,Counter iPad,,Payment,Eat in,C467,Sample Customer 467
2026-07-25,22:20:00,Europe/London,Mains,Hake,1,Regular,,22.00,0.00,22.00,3.67,T17545560,Counter iPad,,Payment,Eat in,C467,Sample Customer 467
2026-07-25,22:20:00,Europe/London,Desserts,Crème Brûlée,1,Regular,,7.50,0.00,7.50,1.25,T17545560,Counter iPad,,Payment,Eat in,C467,Sample Customer 467
2026-07-25,22:20:00,Europe/London,Sides,Bread & Butter,1,Regular,,4.00,0.00,4.00,0.67,T17545560,Counter iPad,,Payment,Eat in,C467,Sample Customer 467
2026-07-25,22:20:00,Europe/London,Drinks,Lager Pint,2,Regular,,12.40,0.00,12.40,2.07,T17545560,Counter iPad,,Payment,Eat in,C467,Sample Customer 467
2026-07-25,22:20:00,Europe/London,Drinks,House Red 175ml,1,Regular,,7.00,0.00,7.00,1.17,T17545560,Counter iPad,,Payment,Eat in,C467,Sample Customer 467
2026-07-25,22:20:00,Europe/London,Drinks,Espresso,1,Regular,,2.80,0.00,2.80,0.47,T17545560,Counter iPad,,Payment,Takeaway,C467,Sample Customer 467
2026-07-25,22:20:00,Europe/London,Drinks,Flat White,1,Regular,,3.40,0.00,3.40,0.57,T17545560,Counter iPad,,Payment,Eat in,C467,Sample Customer 467
2026-07-25,22:41:00,Europe/London,Starters,Salt & Pepper Squid,1,Regular,,9.50,0.00,9.50,1.58,T24732486,Counter iPad,,Payment,Eat in,,
2026-07-25,22:41:00,Europe/London,Starters,Rock Oysters,1,x3,,9.00,0.00,9.00,1.50,T24732486,Counter iPad,,Payment,Eat in,,
2026-07-25,22:41:00,Europe/London,Mains,Steak Frites,1,Regular,,24.00,0.00,24.00,4.00,T24732486,Counter iPad,,Payment,Eat in,,
2026-07-25,22:41:00,Europe/London,Sides,Tenderstem,1,Regular,,5.00,0.00,5.00,0.83,T24732486,Counter iPad,,Payment,Takeaway,,
2026-07-25,22:41:00,Europe/London,Sides,Bread & Butter,1,Regular,,4.00,0.00,4.00,0.67,T24732486,Counter iPad,,Payment,Takeaway,,
2026-07-25,22:41:00,Europe/London,Drinks,Lager Pint,1,Regular,,6.20,0.00,6.20,1.03,T24732486,Counter iPad,,Payment,Eat in,,
2026-07-25,22:41:00,Europe/London,Drinks,House White 175ml,1,Regular,,7.00,0.00,7.00,1.17,T24732486,Counter iPad,,Payment,Eat in,,
2026-07-26,12:07:00,Europe/London,Starters,Pork Belly Bites,1,Regular,,8.00,0.00,8.00,1.33,T70169261,Bar iPad,,Payment,Eat in,C365,Sample Customer 365
2026-07-26,12:07:00,Europe/London,Mains,Fish & Chips,1,Small,,13.00,0.00,13.00,2.17,T70169261,Bar iPad,,Payment,Takeaway,C365,Sample Customer 365
2026-07-26,12:07:00,Europe/London,Mains,Steak Frites,1,Regular,,24.00,0.00,24.00,4.00,T70169261,Bar iPad,,Payment,Eat in,C365,Sample Customer 365
2026-07-26,12:07:00,Europe/London,Sides,Peppercorn Sauce,1,Regular,,3.00,0.00,3.00,0.50,T70169261,Bar iPad,,Payment,Eat in,C365,Sample Customer 365
2026-07-26,12:07:00,Europe/London,Mains,Sunday Roast,1,Regular,,24.00,0.00,24.00,4.00,T70169261,Bar iPad,,Payment,Eat in,C365,Sample Customer 365
2026-07-26,12:07:00,Europe/London,Sides,Fries,1,Regular,,4.50,0.00,4.50,0.75,T70169261,Bar iPad,,Payment,Eat in,C365,Sample Customer 365
2026-07-26,12:07:00,Europe/London,Desserts,Affogato,1,Regular,,6.00,0.00,6.00,1.00,T70169261,Bar iPad,,Payment,Eat in,C365,Sample Customer 365
2026-07-26,12:07:00,Europe/London,Mains,Burger,1,Regular,,16.50,0.00,16.50,2.75,T70169261,Bar iPad,,Payment,Eat in,C365,Sample Customer 365
2026-07-26,12:07:00,Europe/London,Drinks,Lager Pint,4,Regular,,24.80,0.00,24.80,4.13,T70169261,Bar iPad,,Payment,Eat in,C365,Sample Customer 365
2026-07-26,12:07:00,Europe/London,Drinks,House White 175ml,3,Regular,,21.00,0.00,21.00,3.50,T70169261,Bar iPad,,Payment,Eat in,C365,Sample Customer 365
2026-07-26,12:07:00,Europe/London,Drinks,House Red 175ml,1,Regular,,7.00,0.00,7.00,1.17,T70169261,Bar iPad,,Payment,Eat in,C365,Sample Customer 365
2026-07-26,12:07:00,Europe/London,Drinks,Coke,2,Regular,,6.00,0.00,6.00,1.00,T70169261,Bar iPad,,Payment,Eat in,C365,Sample Customer 365
2026-07-26,12:07:00,Europe/London,Drinks,Sparkling Water 750ml,1,Regular,,4.00,0.00,4.00,0.67,T70169261,Bar iPad,,Payment,Eat in,C365,Sample Customer 365
2026-07-26,12:07:00,Europe/London,Drinks,Espresso,1,Regular,,2.80,0.00,2.80,0.47,T70169261,Bar iPad,,Payment,Eat in,C365,Sample Customer 365
2026-07-26,12:12:00,Europe/London,Kids,Kids Fish & Chips,1,Regular,,8.00,0.00,8.00,1.33,T13484792,Counter iPad,,Payment,Eat in,C962,Sample Customer 962
2026-07-26,12:12:00,Europe/London,Kids,Kids Ice Cream,1,Regular,,3.50,0.00,3.50,0.58,T13484792,Counter iPad,,Payment,Eat in,C962,Sample Customer 962
2026-07-26,12:12:00,Europe/London,Kids,Kids Burger,1,Regular,,7.50,0.00,7.50,1.25,T13484792,Counter iPad,,Payment,Takeaway,C962,Sample Customer 962
2026-07-26,12:12:00,Europe/London,Starters,Burrata,1,Regular,,10.00,0.00,10.00,1.67,T13484792,Counter iPad,,Payment,Eat in,C962,Sample Customer 962
2026-07-26,12:12:00,Europe/London,Mains,Sunday Roast,2,Regular,,48.00,0.00,48.00,8.00,T13484792,Counter iPad,,Payment,Takeaway,C962,Sample Customer 962
2026-07-26,12:12:00,Europe/London,Sides,Truffle Fries,1,Regular,,6.00,0.00,6.00,1.00,T13484792,Counter iPad,,Payment,Eat in,C962,Sample Customer 962
2026-07-26,12:12:00,Europe/London,Starters,Mackerel Pate,1,Regular,,8.50,0.00,8.50,1.42,T13484792,Counter iPad,,Payment,Eat in,C962,Sample Customer 962
2026-07-26,12:12:00,Europe/London,Mains,Hake,1,Regular,,22.00,0.00,22.00,3.67,T13484792,Counter iPad,,Payment,Eat in,C962,Sample Customer 962
2026-07-26,12:12:00,Europe/London,Sides,Chips,1,Regular,,4.50,0.00,4.50,0.75,T13484792,Counter iPad,,Payment,Eat in,C962,Sample Customer 962
2026-07-26,12:12:00,Europe/London,Sides,Bread & Butter,1,Regular,,4.00,0.00,4.00,0.67,T13484792,Counter iPad,,Payment,Eat in,C962,Sample Customer 962
2026-07-26,12:12:00,Europe/London,Drinks,Lager Pint,2,Regular,,12.40,0.00,12.40,2.07,T13484792,Counter iPad,,Payment,Eat in,C962,Sample Customer 962
2026-07-26,12:12:00,Europe/London,Drinks,House White 175ml,1,Regular,,7.00,0.00,7.00,1.17,T13484792,Counter iPad,,Payment,Eat in,C962,Sample Customer 962
2026-07-26,12:12:00,Europe/London,Drinks,Coke,1,Regular,,3.00,0.00,3.00,0.50,T13484792,Counter iPad,,Payment,Eat in,C962,Sample Customer 962
2026-07-26,12:12:00,Europe/London,Drinks,Espresso,1,Regular,,2.80,0.00,2.80,0.47,T13484792,Counter iPad,,Payment,Eat in,C962,Sample Customer 962
2026-07-26,12:25:00,Europe/London,Kids,Kids Fish & Chips,1,Regular,,8.00,0.00,8.00,1.33,T59956700,Counter iPad,,Payment,Eat in,C276,Sample Customer 276
2026-07-26,12:25:00,Europe/London,Kids,Kids Ice Cream,1,Regular,,3.50,0.00,3.50,0.58,T59956700,Counter iPad,,Payment,Eat in,C276,Sample Customer 276
2026-07-26,12:25:00,Europe/London,Kids,Kids Burger,1,Regular,,7.50,0.00,7.50,1.25,T59956700,Counter iPad,,Payment,Eat in,C276,Sample Customer 276
2026-07-26,12:25:00,Europe/London,Starters,Soup of the Day,1,Regular,,7.00,0.00,7.00,1.17,T59956700,Counter iPad,,Payment,Eat in,C276,Sample Customer 276
2026-07-26,12:25:00,Europe/London,Starters,Salt & Pepper Squid,1,Regular,,9.50,0.00,9.50,1.58,T59956700,Counter iPad,,Payment,Eat in,C276,Sample Customer 276
2026-07-26,12:25:00,Europe/London,Mains,Mushroom Risotto,1,Regular,,15.00,0.00,15.00,2.50,T59956700,Counter iPad,,Payment,Eat in,C276,Sample Customer 276
2026-07-26,13:05:00,Europe/London,Mains,Mushroom Risotto,1,Regular,,-15.00,0.00,-15.00,-2.50,T59956700,Counter iPad,sent back,Refund,Eat in,C276,Sample Customer 276
2026-07-26,12:25:00,Europe/London,Sides,Chips,1,Regular,,4.50,0.00,4.50,0.75,T59956700,Counter iPad,,Payment,Eat in,C276,Sample Customer 276
2026-07-26,12:25:00,Europe/London,Desserts,Choc Tart,1,Regular,,8.00,0.00,8.00,1.33,T59956700,Counter iPad,,Payment,Eat in,C276,Sample Customer 276
2026-07-26,12:25:00,Europe/London,Sides,Bread & Butter,1,Regular,,4.00,0.00,4.00,0.67,T59956700,Counter iPad,,Payment,Eat in,C276,Sample Customer 276
2026-07-26,12:25:00,Europe/London,Drinks,House White 175ml,1,Regular,,7.00,0.00,7.00,1.17,T59956700,Counter iPad,,Payment,Eat in,C276,Sample Customer 276
2026-07-26,12:25:00,Europe/London,Drinks,House Red 175ml,1,Regular,,7.00,0.00,7.00,1.17,T59956700,Counter iPad,,Payment,Eat in,C276,Sample Customer 276
2026-07-26,12:25:00,Europe/London,Drinks,Coke,1,Regular,,3.00,0.00,3.00,0.50,T59956700,Counter iPad,,Payment,Eat in,C276,Sample Customer 276
2026-07-26,12:25:00,Europe/London,Drinks,Sparkling Water 750ml,2,Regular,,8.00,0.00,8.00,1.33,T59956700,Counter iPad,,Payment,Eat in,C276,Sample Customer 276
2026-07-26,12:39:00,Europe/London,Starters,Salt & Pepper Squid,1,Regular,,9.50,0.00,9.50,1.58,T68487002,Counter iPad,,Payment,Takeaway,,
2026-07-26,12:39:00,Europe/London,Starters,Soup of the Day,1,Regular,,7.00,0.00,7.00,1.17,T68487002,Counter iPad,,Payment,Eat in,,
2026-07-26,12:39:00,Europe/London,Mains,Tidewater Burger,1,Regular,Add Cheese,16.50,0.00,16.50,2.75,T68487002,Counter iPad,,Payment,Eat in,,
2026-07-26,12:39:00,Europe/London,Desserts,Cheeseboard,1,5,,16.00,0.00,16.00,2.67,T68487002,Counter iPad,,Payment,Eat in,,
2026-07-26,12:39:00,Europe/London,Sides,Bread & Butter,1,Regular,,4.00,0.00,4.00,0.67,T68487002,Counter iPad,,Payment,Takeaway,,
2026-07-26,12:39:00,Europe/London,Drinks,House White 175ml,1,Regular,,7.00,0.00,7.00,1.17,T68487002,Counter iPad,,Payment,Eat in,,
2026-07-26,12:39:00,Europe/London,Drinks,Flat White,1,Regular,,3.40,0.00,3.40,0.57,T68487002,Counter iPad,,Payment,Eat in,,
2026-07-26,12:40:00,Europe/London,Desserts,Choc Tart,1,Regular,,8.00,0.00,8.00,1.33,T73319690,Counter iPad,,Payment,Eat in,,
2026-07-26,12:40:00,Europe/London,Mains,Sunday Roast,3,Regular,,72.00,0.00,72.00,12.00,T73319690,Counter iPad,,Payment,Eat in,,
2026-07-26,12:40:00,Europe/London,Sides,Chips,1,Regular,,4.50,0.00,4.50,0.75,T73319690,Counter iPad,,Payment,Eat in,,
2026-07-26,12:40:00,Europe/London,Desserts,Affogato,1,Regular,,6.00,0.00,6.00,1.00,T73319690,Counter iPad,,Payment,Takeaway,,
2026-07-26,12:40:00,Europe/London,Sides,Truffle Fries,1,Regular,,6.00,0.00,6.00,1.00,T73319690,Counter iPad,,Payment,Eat in,,
2026-07-26,12:40:00,Europe/London,Desserts,Crème Brûlée,1,Regular,,7.50,0.00,7.50,1.25,T73319690,Counter iPad,,Payment,Eat in,,
2026-07-26,12:40:00,Europe/London,Drinks,Lager Pint,2,Regular,,12.40,0.00,12.40,2.07,T73319690,Counter iPad,,Payment,Eat in,,
2026-07-26,12:40:00,Europe/London,Drinks,House White 175ml,1,Regular,,7.00,0.00,7.00,1.17,T73319690,Counter iPad,,Payment,Eat in,,
2026-07-26,12:40:00,Europe/London,Drinks,House Red 175ml,1,Regular,,7.00,0.00,7.00,1.17,T73319690,Counter iPad,,Payment,Eat in,,
2026-07-26,12:40:00,Europe/London,Drinks,Coke,1,Regular,,3.00,0.00,3.00,0.50,T73319690,Counter iPad,,Payment,Takeaway,,
2026-07-26,12:40:00,Europe/London,Drinks,Sparkling Water 750ml,1,Regular,,4.00,0.00,4.00,0.67,T73319690,Counter iPad,,Payment,Eat in,,
2026-07-26,12:40:00,Europe/London,Drinks,Espresso,1,Regular,,2.80,0.00,2.80,0.47,T73319690,Counter iPad,,Payment,Eat in,,
2026-07-26,12:42:00,Europe/London,Mains,Mushroom Risotto,1,Regular,,15.00,0.00,15.00,2.50,T33161081,Counter iPad,,Payment,Takeaway,,
2026-07-26,12:42:00,Europe/London,Starters,Burrata,1,Regular,,10.00,0.00,10.00,1.67,T33161081,Counter iPad,,Payment,Eat in,,
2026-07-26,12:42:00,Europe/London,Mains,Steak Frites,1,Regular,,24.00,0.00,24.00,4.00,T33161081,Counter iPad,,Payment,Eat in,,
2026-07-26,12:42:00,Europe/London,Sides,Chips,1,Regular,,4.50,0.00,4.50,0.75,T33161081,Counter iPad,,Payment,Eat in,,
2026-07-26,12:42:00,Europe/London,Desserts,Sticky Toffee Pudding,1,Regular,,8.00,0.00,8.00,1.33,T33161081,Counter iPad,,Payment,Eat in,,
2026-07-26,12:42:00,Europe/London,Starters,Pork Belly Bites,1,Regular,,8.00,0.00,8.00,1.33,T33161081,Counter iPad,,Payment,Takeaway,,
2026-07-26,12:42:00,Europe/London,Mains,Sunday Roast,1,Regular,,24.00,0.00,24.00,4.00,T33161081,Counter iPad,,Payment,Takeaway,,
2026-07-26,12:42:00,Europe/London,Drinks,House White 175ml,1,Regular,,7.00,0.00,7.00,1.17,T33161081,Counter iPad,,Payment,Eat in,,
2026-07-26,12:42:00,Europe/London,Drinks,House Red 175ml,1,Regular,,7.00,0.00,7.00,1.17,T33161081,Counter iPad,,Payment,Takeaway,,
2026-07-26,12:42:00,Europe/London,Drinks,Coke,1,Regular,,3.00,0.00,3.00,0.50,T33161081,Counter iPad,,Payment,Eat in,,
2026-07-26,12:42:00,Europe/London,Drinks,Sparkling Water 750ml,1,Regular,,4.00,0.00,4.00,0.67,T33161081,Counter iPad,,Payment,Eat in,,
2026-07-26,12:42:00,Europe/London,Drinks,Espresso,1,Regular,,2.80,0.00,2.80,0.47,T33161081,Counter iPad,,Payment,Eat in,,
2026-07-26,12:49:00,Europe/London,Mains,Fish & Chips,1,Regular,,17.50,0.00,17.50,2.92,T55061172,Counter iPad,,Payment,Takeaway,,
2026-07-26,12:49:00,Europe/London,Sides,Chips,1,Regular,,4.50,0.00,4.50,0.75,T55061172,Counter iPad,,Payment,Takeaway,,
2026-07-26,12:49:00,Europe/London,Starters,Pork Belly Bites,1,Regular,,8.00,0.00,8.00,1.33,T55061172,Counter iPad,,Payment,Eat in,,
2026-07-26,12:49:00,Europe/London,Mains,Steak Frites,1,Regular,,24.00,0.00,24.00,4.00,T55061172,Counter iPad,,Payment,Takeaway,,
2026-07-26,12:49:00,Europe/London,Sides,Peppercorn Sauce,1,Regular,,3.00,0.00,3.00,0.50,T55061172,Counter iPad,,Payment,Takeaway,,
2026-07-26,12:49:00,Europe/London,Desserts,Sticky Toffee Pudding,1,Regular,,8.00,0.00,8.00,1.33,T55061172,Counter iPad,,Payment,Eat in,,
2026-07-26,12:49:00,Europe/London,Starters,Salt & Pepper Squid,1,Regular,,9.50,0.00,9.50,1.58,T55061172,Counter iPad,,Payment,Eat in,,
2026-07-26,12:49:00,Europe/London,Mains,Sunday Roast,1,Regular,,24.00,0.00,24.00,4.00,T55061172,Counter iPad,,Payment,Eat in,,
2026-07-26,12:49:00,Europe/London,Sides,Bread & Butter,1,Regular,,4.00,0.00,4.00,0.67,T55061172,Counter iPad,,Payment,Eat in,,
2026-07-26,12:49:00,Europe/London,Drinks,Lager Pint,1,Regular,,6.20,0.00,6.20,1.03,T55061172,Counter iPad,,Payment,Takeaway,,
2026-07-26,12:49:00,Europe/London,Drinks,Espresso,1,Regular,,2.80,0.00,2.80,0.47,T55061172,Counter iPad,,Payment,Takeaway,,
2026-07-26,13:21:00,Europe/London,Starters,Rock Oysters,1,x6,,16.00,0.00,16.00,2.67,T41735406,Counter iPad,,Payment,Eat in,,
2026-07-26,13:21:00,Europe/London,Mains,Tidewater Burger,1,Regular,,16.50,0.00,16.50,2.75,T41735406,Counter iPad,,Payment,Eat in,,
2026-07-26,13:21:00,Europe/London,Sides,Truffle Fries,1,Regular,,6.00,0.00,6.00,1.00,T41735406,Counter iPad,,Payment,Eat in,,
2026-07-26,13:21:00,Europe/London,Desserts,Crème Brûlée,1,Regular,,7.50,0.00,7.50,1.25,T41735406,Counter iPad,,Payment,Eat in,,
2026-07-26,13:21:00,Europe/London,Starters,Salt & Pepper Squid,1,Regular,,9.50,0.00,9.50,1.58,T41735406,Counter iPad,,Payment,Eat in,,
2026-07-26,13:21:00,Europe/London,Mains,Sunday Roast,1,Regular,,24.00,0.00,24.00,4.00,T41735406,Counter iPad,,Payment,Eat in,,
2026-07-26,13:21:00,Europe/London,Sides,Bread & Butter,1,Regular,,4.00,0.00,4.00,0.67,T41735406,Counter iPad,,Payment,Eat in,,
2026-07-26,13:21:00,Europe/London,Drinks,Espresso,1,Regular,,2.80,0.00,2.80,0.47,T41735406,Counter iPad,,Payment,Eat in,,
2026-07-26,13:25:00,Europe/London,Mains,Tidewater Burger,1,Regular,,16.50,0.00,16.50,2.75,T26558626,Counter iPad,,Payment,Eat in,,
2026-07-26,13:25:00,Europe/London,Desserts,Sticky Toffee Pudding,2,Regular,,16.00,0.00,16.00,2.67,T26558626,Counter iPad,,Payment,Eat in,,
2026-07-26,13:25:00,Europe/London,Starters,Salt & Pepper Squid,1,Regular,,9.50,0.00,9.50,1.58,T26558626,Counter iPad,,Payment,Eat in,,
2026-07-26,13:25:00,Europe/London,Mains,Sunday Roast,1,Regular,,24.00,0.00,24.00,4.00,T26558626,Counter iPad,,Payment,Takeaway,,
2026-07-26,13:25:00,Europe/London,Sides,Chips,1,Regular,,4.50,0.00,4.50,0.75,T26558626,Counter iPad,,Payment,Takeaway,,
2026-07-26,13:25:00,Europe/London,Drinks,Lager Pint,1,Regular,,6.20,0.00,6.20,1.03,T26558626,Counter iPad,,Payment,Eat in,,
2026-07-26,13:25:00,Europe/London,Drinks,House Red 175ml,1,Regular,,7.00,0.00,7.00,1.17,T26558626,Counter iPad,,Payment,Eat in,,
2026-07-26,13:26:00,Europe/London,Mains,Fish & Chips,1,Regular,,17.50,0.00,17.50,2.92,T74152616,Counter iPad,,Payment,Eat in,,
2026-07-26,13:26:00,Europe/London,Sides,Truffle Fries,1,Regular,,6.00,0.00,6.00,1.00,T74152616,Counter iPad,,Payment,Takeaway,,
2026-07-26,13:26:00,Europe/London,Mains,Sunday Roast,1,Regular,,24.00,0.00,24.00,4.00,T74152616,Counter iPad,,Payment,Takeaway,,
2026-07-26,13:26:00,Europe/London,Drinks,Lager Pint,1,Regular,,6.20,0.00,6.20,1.03,T74152616,Counter iPad,,Payment,Eat in,,
2026-07-26,13:26:00,Europe/London,Drinks,House White 175ml,1,Regular,,7.00,0.00,7.00,1.17,T74152616,Counter iPad,,Payment,Takeaway,,
2026-07-26,13:26:00,Europe/London,Drinks,House Red 175ml,2,Regular,,14.00,0.00,14.00,2.33,T74152616,Counter iPad,,Payment,Eat in,,
2026-07-26,13:31:00,Europe/London,Starters,Pork Belly Bites,1,Regular,,8.00,0.00,8.00,1.33,T96756622,Counter iPad,,Payment,Eat in,,
2026-07-26,13:31:00,Europe/London,Mains,Chicken Supreme,1,Regular,,19.00,0.00,19.00,3.17,T96756622,Counter iPad,,Payment,Eat in,,
2026-07-26,13:31:00,Europe/London,Sides,Tenderstem,1,Regular,,5.00,0.00,5.00,0.83,T96756622,Counter iPad,,Payment,Eat in,,
2026-07-26,13:31:00,Europe/London,Desserts,Sticky Toffee Pudding,1,Regular,,8.00,0.00,8.00,1.33,T96756622,Counter iPad,,Payment,Eat in,,
2026-07-26,13:31:00,Europe/London,Mains,Tidewater Burger,1,Regular,Add Bacon,16.50,0.00,16.50,2.75,T96756622,Counter iPad,,Payment,Eat in,,
2026-07-26,13:31:00,Europe/London,Sides,House Salad,1,Regular,,4.50,0.00,4.50,0.75,T96756622,Counter iPad,,Payment,Takeaway,,
2026-07-26,13:31:00,Europe/London,Sides,Bread & Butter,1,Regular,,4.00,0.00,4.00,0.67,T96756622,Counter iPad,,Payment,Eat in,,
2026-07-26,13:31:00,Europe/London,Drinks,Lager Pint,1,Regular,,6.20,0.00,6.20,1.03,T96756622,Counter iPad,,Payment,Takeaway,,
2026-07-26,13:31:00,Europe/London,Drinks,Sparkling Water 750ml,1,Regular,,4.00,0.00,4.00,0.67,T96756622,Counter iPad,,Payment,Eat in,,
2026-07-26,13:31:00,Europe/London,Drinks,Flat White,1,Regular,,3.40,0.00,3.40,0.57,T96756622,Counter iPad,,Payment,Takeaway,,
2026-07-26,13:39:00,Europe/London,Starters,Mackerel Pate,2,Regular,,17.00,0.00,17.00,2.83,T83210143,Counter iPad,,Payment,Eat in,,
2026-07-26,13:39:00,Europe/London,Mains,Mushroom Risotto,2,Regular,,30.00,0.00,30.00,5.00,T83210143,Counter iPad,,Payment,Eat in,,
2026-07-26,13:39:00,Europe/London,Starters,Pork Belly Bites,1,Regular,,8.00,0.00,8.00,1.33,T83210143,Counter iPad,,Payment,Eat in,,
2026-07-26,13:39:00,Europe/London,Mains,Fish & Chips,1,Regular,,17.50,0.00,17.50,2.92,T83210143,Counter iPad,,Payment,Eat in,,
2026-07-26,13:39:00,Europe/London,Starters,Burrata,1,Regular,,10.00,0.00,10.00,1.67,T83210143,Counter iPad,,Payment,Eat in,,
2026-07-26,13:39:00,Europe/London,Mains,Steak Frites,1,Regular,,24.00,0.00,24.00,4.00,T83210143,Counter iPad,,Payment,Eat in,,
2026-07-26,13:39:00,Europe/London,Sides,Chips,1,Regular,,4.50,0.00,4.50,0.75,T83210143,Counter iPad,,Payment,Eat in,,
2026-07-26,13:39:00,Europe/London,Drinks,House White 175ml,2,Regular,,14.00,0.00,14.00,2.33,T83210143,Counter iPad,,Payment,Eat in,,
2026-07-26,13:39:00,Europe/London,Drinks,Coke,1,Regular,,3.00,0.00,3.00,0.50,T83210143,Counter iPad,,Payment,Eat in,,
2026-07-26,13:39:00,Europe/London,Drinks,Flat White,1,Regular,,3.40,0.00,3.40,0.57,T83210143,Counter iPad,,Payment,Eat in,,
2026-07-26,13:51:00,Europe/London,Starters,Soup of the Day,1,Regular,,7.00,0.00,7.00,1.17,T71697104,Counter iPad,,Payment,Eat in,,
2026-07-26,13:51:00,Europe/London,Mains,Sunday Roast,1,Regular,,24.00,0.00,24.00,4.00,T71697104,Counter iPad,,Payment,Eat in,,
2026-07-26,13:51:00,Europe/London,Desserts,Crème Brûlée,1,Regular,,7.50,0.00,7.50,1.25,T71697104,Counter iPad,,Payment,Takeaway,,
2026-07-26,13:51:00,Europe/London,Starters,Mackerel Pate,1,Regular,,8.50,0.00,8.50,1.42,T71697104,Counter iPad,,Payment,Takeaway,,
2026-07-26,13:51:00,Europe/London,Mains,Steak Frites,1,Regular,,24.00,0.00,24.00,4.00,T71697104,Counter iPad,,Payment,Eat in,,
2026-07-26,13:51:00,Europe/London,Sides,Bread & Butter,1,Regular,,4.00,0.00,4.00,0.67,T71697104,Counter iPad,,Payment,Eat in,,
2026-07-26,13:51:00,Europe/London,Drinks,House White 175ml,2,Regular,,14.00,0.00,14.00,2.33,T71697104,Counter iPad,,Payment,Eat in,,
2026-07-26,13:51:00,Europe/London,Drinks,Coke,1,Regular,,3.00,0.00,3.00,0.50,T71697104,Counter iPad,,Payment,Takeaway,,
2026-07-26,14:19:00,Europe/London,Starters,Burrata,1,Regular,,10.00,0.00,10.00,1.67,T13496568,Bar iPad,,Payment,Eat in,C584,Sample Customer 584
2026-07-26,14:19:00,Europe/London,Sides,Truffle Fries,1,Regular,,6.00,0.00,6.00,1.00,T13496568,Bar iPad,,Payment,Takeaway,C584,Sample Customer 584
2026-07-26,14:19:00,Europe/London,Mains,Burger,1,Regular,,16.50,0.00,16.50,2.75,T13496568,Bar iPad,,Payment,Eat in,C584,Sample Customer 584
2026-07-26,14:19:00,Europe/London,Sides,Fries,1,Regular,,4.50,0.00,4.50,0.75,T13496568,Bar iPad,,Payment,Takeaway,C584,Sample Customer 584
2026-07-26,14:19:00,Europe/London,Desserts,Cheeseboard,1,5,,16.00,0.00,16.00,2.67,T13496568,Bar iPad,,Payment,Takeaway,C584,Sample Customer 584
2026-07-26,14:19:00,Europe/London,Mains,Lamb Rump,1,Regular,,26.00,0.00,26.00,4.33,T13496568,Bar iPad,,Payment,Takeaway,C584,Sample Customer 584
2026-07-26,14:19:00,Europe/London,Mains,Fish & Chips,1,Regular,,17.50,0.00,17.50,2.92,T13496568,Bar iPad,,Payment,Eat in,C584,Sample Customer 584
2026-07-26,14:19:00,Europe/London,Desserts,Sticky Toffee Pudding,1,Regular,,8.00,0.00,8.00,1.33,T13496568,Bar iPad,,Payment,Eat in,C584,Sample Customer 584
2026-07-26,14:19:00,Europe/London,Sides,Bread & Butter,1,Regular,,4.00,0.00,4.00,0.67,T13496568,Bar iPad,,Payment,Takeaway,C584,Sample Customer 584
2026-07-26,14:19:00,Europe/London,Drinks,Lager Pint,2,Regular,,12.40,0.00,12.40,2.07,T13496568,Bar iPad,,Payment,Eat in,C584,Sample Customer 584
2026-07-26,14:19:00,Europe/London,Drinks,Coke,1,Regular,,3.00,0.00,3.00,0.50,T13496568,Bar iPad,,Payment,Takeaway,C584,Sample Customer 584
2026-07-26,14:19:00,Europe/London,Drinks,Espresso,2,Regular,,5.60,0.00,5.60,0.93,T13496568,Bar iPad,,Payment,Eat in,C584,Sample Customer 584
2026-07-26,14:19:00,Europe/London,Drinks,Flat White,1,Regular,,3.40,0.00,3.40,0.57,T13496568,Bar iPad,,Payment,Eat in,C584,Sample Customer 584
2026-07-26,14:29:00,Europe/London,Mains,Fish & Chips,1,Regular,,17.50,0.00,17.50,2.92,T84036507,Counter iPad,,Payment,Eat in,,
2026-07-26,14:29:00,Europe/London,Desserts,Crème Brûlée,1,Regular,,7.50,0.00,7.50,1.25,T84036507,Counter iPad,,Payment,Eat in,,
2026-07-26,14:29:00,Europe/London,Mains,Hake,1,Regular,,22.00,0.00,22.00,3.67,T84036507,Counter iPad,,Payment,Eat in,,
2026-07-26,14:29:00,Europe/London,Drinks,Lager Pint,1,Regular,,6.20,0.00,6.20,1.03,T84036507,Counter iPad,,Payment,Eat in,,
2026-07-26,14:29:00,Europe/London,Drinks,Coke,1,Regular,,3.00,0.00,3.00,0.50,T84036507,Counter iPad,,Payment,Takeaway,,
2026-07-26,14:57:00,Europe/London,Mains,Lemon Sole (MP),1,Regular,,27.00,0.00,27.00,4.50,T55576030,Counter iPad,,Payment,Eat in,,
2026-07-26,14:57:00,Europe/London,Sides,Chips,1,Regular,,4.50,0.00,4.50,0.75,T55576030,Counter iPad,,Payment,Eat in,,
2026-07-26,14:57:00,Europe/London,Sides,Bread & Butter,1,Regular,,4.00,0.00,4.00,0.67,T55576030,Counter iPad,,Payment,Takeaway,,
2026-07-26,15:37:00,Europe/London,Sides,Bread & Butter,1,Regular,,-4.00,0.00,-4.00,-0.67,T55576030,Counter iPad,sent back,Refund,Eat in,,
2026-07-26,14:57:00,Europe/London,Drinks,Lager Pint,1,Regular,,6.20,0.00,6.20,1.03,T55576030,Counter iPad,,Payment,Eat in,,
2026-07-26,14:57:00,Europe/London,Drinks,House White 175ml,1,Regular,,7.00,0.00,7.00,1.17,T55576030,Counter iPad,,Payment,Takeaway,,
2026-07-26,18:00:00,Europe/London,Mains,Sunday Roast,2,Regular,,48.00,0.00,48.00,8.00,T62675165,Counter iPad,,Payment,Eat in,,
2026-07-26,18:00:00,Europe/London,Starters,Mackerel Pate,1,Regular,,8.50,0.00,8.50,1.42,T62675165,Counter iPad,,Payment,Eat in,,
2026-07-26,18:00:00,Europe/London,Desserts,Choc Tart,1,Regular,,8.00,0.00,8.00,1.33,T62675165,Counter iPad,,Payment,Eat in,,
2026-07-26,18:00:00,Europe/London,Sides,Bread & Butter,1,Regular,,4.00,0.00,4.00,0.67,T62675165,Counter iPad,,Payment,Eat in,,
2026-07-26,18:00:00,Europe/London,Drinks,Lager Pint,1,Regular,,6.20,0.00,6.20,1.03,T62675165,Counter iPad,,Payment,Eat in,,
2026-07-26,18:00:00,Europe/London,Drinks,House White 175ml,1,Regular,,7.00,0.00,7.00,1.17,T62675165,Counter iPad,,Payment,Eat in,,
2026-07-26,18:00:00,Europe/London,Drinks,Espresso,1,Regular,,2.80,0.00,2.80,0.47,T62675165,Counter iPad,,Payment,Eat in,,
2026-07-26,18:00:00,Europe/London,Other,Custom Amount,1,Regular,,5.00,0.00,5.00,0.83,T62675165,Counter iPad,,Payment,Eat in,,
2026-07-26,19:00:00,Europe/London,Mains,Sunday Roast,3,Regular,,72.00,0.00,72.00,12.00,T71960210,Counter iPad,,Payment,Eat in,,
2026-07-26,19:00:00,Europe/London,Desserts,Affogato,1,Regular,,6.00,0.00,6.00,1.00,T71960210,Counter iPad,,Payment,Takeaway,,
2026-07-26,19:00:00,Europe/London,Starters,Salt & Pepper Squid,1,Regular,,9.50,0.00,9.50,1.58,T71960210,Counter iPad,,Payment,Eat in,,
2026-07-26,19:00:00,Europe/London,Sides,Bread & Butter,1,Regular,,4.00,0.00,4.00,0.67,T71960210,Counter iPad,,Payment,Eat in,,
2026-07-26,19:00:00,Europe/London,Drinks,Lager Pint,2,Regular,,12.40,0.00,12.40,2.07,T71960210,Counter iPad,,Payment,Eat in,,
2026-07-26,19:00:00,Europe/London,Drinks,House White 175ml,1,Regular,,7.00,0.00,7.00,1.17,T71960210,Counter iPad,,Payment,Takeaway,,
2026-07-26,19:00:00,Europe/London,Drinks,Coke,1,Regular,,3.00,0.00,3.00,0.50,T71960210,Counter iPad,,Payment,Eat in,,
2026-07-26,19:53:00,Europe/London,Starters,Salt & Pepper Squid,1,Regular,,9.50,-9.50,0.00,0.00,T87503761,Counter iPad,comp - long wait,Payment,Eat in,,
2026-07-26,19:53:00,Europe/London,Starters,Rock Oysters,1,x3,,9.00,0.00,9.00,1.50,T87503761,Counter iPad,,Payment,Eat in,,
2026-07-26,19:53:00,Europe/London,Mains,Tidewater Burger,2,Regular,,33.00,0.00,33.00,5.50,T87503761,Counter iPad,,Payment,Eat in,,
2026-07-26,19:53:00,Europe/London,Desserts,Affogato,1,Regular,,6.00,0.00,6.00,1.00,T87503761,Counter iPad,,Payment,Eat in,,
2026-07-26,19:53:00,Europe/London,Drinks,Lager Pint,1,Regular,,6.20,0.00,6.20,1.03,T87503761,Counter iPad,,Payment,Eat in,,
2026-07-26,19:53:00,Europe/London,Drinks,House White 175ml,1,Regular,,7.00,0.00,7.00,1.17,T87503761,Counter iPad,,Payment,Eat in,,
2026-07-26,19:53:00,Europe/London,Drinks,House Red 175ml,1,Regular,,7.00,0.00,7.00,1.17,T87503761,Counter iPad,,Payment,Takeaway,,
2026-07-26,19:53:00,Europe/London,Drinks,Sparkling Water 750ml,1,Regular,,4.00,0.00,4.00,0.67,T87503761,Counter iPad,,Payment,Eat in,,
2026-07-26,19:55:00,Europe/London,Mains,Fish & Chips,1,Regular,,17.50,0.00,17.50,2.92,T55028213,Counter iPad,,Payment,Eat in,,
2026-07-26,19:55:00,Europe/London,Starters,Pork Belly Bites,1,Regular,,8.00,0.00,8.00,1.33,T55028213,Counter iPad,,Payment,Eat in,,
2026-07-26,19:55:00,Europe/London,Mains,Fish & Chips,1,Small,,13.00,0.00,13.00,2.17,T55028213,Counter iPad,,Payment,Eat in,,
2026-07-26,19:55:00,Europe/London,Desserts,Crème Brûlée,1,Regular,,7.50,0.00,7.50,1.25,T55028213,Counter iPad,,Payment,Eat in,,
2026-07-26,19:55:00,Europe/London,Drinks,Sparkling Water 750ml,1,Regular,,4.00,0.00,4.00,0.67,T55028213,Counter iPad,,Payment,Eat in,,
2026-07-26,23:10:00,Europe/London,Starters,Salt & Pepper Squid,1,Regular,,9.50,0.00,9.50,1.58,T27779448,Counter iPad,,Payment,Takeaway,,
2026-07-26,23:10:00,Europe/London,Mains,Fish & Chips,1,Regular,,17.50,0.00,17.50,2.92,T27779448,Counter iPad,,Payment,Takeaway,,
2026-07-26,23:10:00,Europe/London,Mains,Sunday Roast,2,Regular,,48.00,0.00,48.00,8.00,T27779448,Counter iPad,,Payment,Eat in,,
2026-07-26,23:10:00,Europe/London,Starters,Burrata,1,Regular,,10.00,0.00,10.00,1.67,T27779448,Counter iPad,,Payment,Eat in,,
2026-07-26,23:10:00,Europe/London,Sides,Truffle Fries,2,Regular,,12.00,0.00,12.00,2.00,T27779448,Counter iPad,,Payment,Eat in,,
2026-07-26,23:10:00,Europe/London,Starters,Mackerel Pate,1,Regular,,8.50,0.00,8.50,1.42,T27779448,Counter iPad,,Payment,Eat in,,
2026-07-26,23:10:00,Europe/London,Mains,Tidewater Burger,1,Regular,,16.50,0.00,16.50,2.75,T27779448,Counter iPad,,Payment,Takeaway,,
2026-07-26,23:10:00,Europe/London,Mains,Hake,1,Regular,,22.00,0.00,22.00,3.67,T27779448,Counter iPad,,Payment,Eat in,,
2026-07-26,23:10:00,Europe/London,Desserts,Sticky Toffee Pudding,1,Regular,,8.00,0.00,8.00,1.33,T27779448,Counter iPad,,Payment,Eat in,,
2026-07-26,23:10:00,Europe/London,Mains,Steak Frites,1,Regular,,24.00,0.00,24.00,4.00,T27779448,Counter iPad,,Payment,Eat in,,
2026-07-26,23:10:00,Europe/London,Sides,Bread & Butter,1,Regular,,4.00,0.00,4.00,0.67,T27779448,Counter iPad,,Payment,Takeaway,,
2026-07-26,23:10:00,Europe/London,Drinks,Lager Pint,2,Regular,,12.40,0.00,12.40,2.07,T27779448,Counter iPad,,Payment,Eat in,,
2026-07-26,23:10:00,Europe/London,Drinks,House White 175ml,2,Regular,,14.00,0.00,14.00,2.33,T27779448,Counter iPad,,Payment,Eat in,,
2026-07-26,23:10:00,Europe/London,Drinks,House Red 175ml,1,Regular,,7.00,0.00,7.00,1.17,T27779448,Counter iPad,,Payment,Eat in,,
2026-07-26,23:10:00,Europe/London,Drinks,Coke,1,Regular,,3.00,0.00,3.00,0.50,T27779448,Counter iPad,,Payment,Eat in,,
2026-07-26,23:10:00,Europe/London,Drinks,Sparkling Water 750ml,2,Regular,,8.00,0.00,8.00,1.33,T27779448,Counter iPad,,Payment,Eat in,,
2026-07-26,23:10:00,Europe/London,Drinks,Espresso,1,Regular,,2.80,0.00,2.80,0.47,T27779448,Counter iPad,,Payment,Takeaway,,
2026-07-26,23:10:00,Europe/London,Drinks,Flat White,1,Regular,,3.40,0.00,3.40,0.57,T27779448,Counter iPad,,Payment,Eat in,,
2026-07-26,23:41:00,Europe/London,Starters,Rock Oysters,1,x6,,16.00,0.00,16.00,2.67,T53741741,Counter iPad,,Payment,Eat in,,
2026-07-26,23:41:00,Europe/London,Mains,Tidewater Burger,1,Regular,Add Cheese,16.50,0.00,16.50,2.75,T53741741,Counter iPad,,Payment,Eat in,,
2026-07-26,23:41:00,Europe/London,Mains,Steak Frites,1,Regular,,24.00,0.00,24.00,4.00,T53741741,Counter iPad,,Payment,Takeaway,,
2026-07-26,23:41:00,Europe/London,Desserts,Affogato,1,Regular,,6.00,0.00,6.00,1.00,T53741741,Counter iPad,,Payment,Takeaway,,
2026-07-26,23:41:00,Europe/London,Sides,Bread & Butter,1,Regular,,4.00,0.00,4.00,0.67,T53741741,Counter iPad,,Payment,Eat in,,
2026-07-26,23:41:00,Europe/London,Drinks,Lager Pint,1,Regular,,6.20,0.00,6.20,1.03,T53741741,Counter iPad,,Payment,Eat in,,
2026-07-26,23:41:00,Europe/London,Drinks,House Red 175ml,1,Regular,,7.00,0.00,7.00,1.17,T53741741,Counter iPad,,Payment,Eat in,,
2026-07-26,23:43:00,Europe/London,Drinks,House Red 175ml,1,Regular,,0.00,0.00,0.00,0.00,T53741741,Counter iPad,wrong table,Void,Eat in,,
2026-07-26,23:41:00,Europe/London,Drinks,Coke,1,Regular,,3.00,0.00,3.00,0.50,T53741741,Counter iPad,,Payment,Eat in,,
2026-07-26,23:41:00,Europe/London,Drinks,Sparkling Water 750ml,1,Regular,,4.00,0.00,4.00,0.67,T53741741,Counter iPad,,Payment,Eat in,,
2026-07-28,13:25:00,Europe/London,Starters,Salt & Pepper Squid,1,Regular,,9.50,0.00,9.50,1.58,T11108210,Counter iPad,,Payment,Eat in,,
2026-07-28,13:25:00,Europe/London,Mains,Chicken Supreme,1,Regular,,19.00,0.00,19.00,3.17,T11108210,Counter iPad,,Payment,Eat in,,
2026-07-28,13:25:00,Europe/London,Set Menu,Set Lunch - 2 Courses,1,Regular,"Soup of the Day, Fish & Chips (Small)",20.00,0.00,20.00,3.33,T11108210,Counter iPad,,Payment,Takeaway,,
2026-07-28,13:25:00,Europe/London,Drinks,Lager Pint,1,Regular,,6.20,0.00,6.20,1.03,T11108210,Counter iPad,,Payment,Takeaway,,
2026-07-28,13:29:00,Europe/London,Set Menu,Set Lunch - 3 Courses,2,Regular,"Soup of the Day, Mushroom Risotto, Kids Ice Cream, Soup of the Day, Mushroom Risotto, Kids Ice Cream",50.00,0.00,50.00,8.33,T21402767,Counter iPad,,Payment,Eat in,,
2026-07-28,13:29:00,Europe/London,Mains,Chicken Supreme,1,Regular,,19.00,0.00,19.00,3.17,T21402767,Counter iPad,,Payment,Takeaway,,
2026-07-28,13:29:00,Europe/London,Mains,Tidewater Burger,1,Regular,,16.50,0.00,16.50,2.75,T21402767,Counter iPad,,Payment,Takeaway,,
2026-07-28,13:29:00,Europe/London,Starters,Soup of the Day,1,Regular,,7.00,0.00,7.00,1.17,T21402767,Counter iPad,,Payment,Takeaway,,
2026-07-28,13:29:00,Europe/London,Starters,Rock Oysters,1,x3,,9.00,0.00,9.00,1.50,T21402767,Counter iPad,,Payment,Eat in,,
2026-07-28,13:29:00,Europe/London,Mains,Steak Frites,1,Regular,,24.00,0.00,24.00,4.00,T21402767,Counter iPad,,Payment,Takeaway,,
2026-07-28,13:29:00,Europe/London,Drinks,Lager Pint,3,Regular,,18.60,0.00,18.60,3.10,T21402767,Counter iPad,,Payment,Eat in,,
2026-07-28,13:29:00,Europe/London,Drinks,House White 175ml,2,Regular,,14.00,0.00,14.00,2.33,T21402767,Counter iPad,,Payment,Eat in,,
2026-07-28,13:29:00,Europe/London,Drinks,Espresso,1,Regular,,2.80,0.00,2.80,0.47,T21402767,Counter iPad,,Payment,Eat in,,
2026-07-28,14:37:00,Europe/London,Mains,Chicken Supreme,1,Regular,,19.00,0.00,19.00,3.17,T53657334,Bar iPad,,Payment,Eat in,,
2026-07-28,14:37:00,Europe/London,Starters,Soup of the Day,1,Regular,,7.00,0.00,7.00,1.17,T53657334,Bar iPad,,Payment,Takeaway,,
2026-07-28,14:37:00,Europe/London,Mains,Steak Frites,1,Regular,,24.00,0.00,24.00,4.00,T53657334,Bar iPad,,Payment,Eat in,,
2026-07-28,14:37:00,Europe/London,Sides,Peppercorn Sauce,1,Regular,,3.00,0.00,3.00,0.50,T53657334,Bar iPad,,Payment,Takeaway,,
2026-07-28,14:37:00,Europe/London,Sides,Bread & Butter,1,Regular,,4.00,0.00,4.00,0.67,T53657334,Bar iPad,,Payment,Eat in,,
2026-07-28,14:37:00,Europe/London,Drinks,Lager Pint,1,Regular,,6.20,0.00,6.20,1.03,T53657334,Bar iPad,,Payment,Eat in,,
2026-07-28,14:37:00,Europe/London,Drinks,Coke,1,Regular,,3.00,0.00,3.00,0.50,T53657334,Bar iPad,,Payment,Takeaway,,
2026-07-28,14:37:00,Europe/London,Drinks,Sparkling Water 750ml,1,Regular,,4.00,0.00,4.00,0.67,T53657334,Bar iPad,,Payment,Eat in,,
2026-07-28,16:30:00,Europe/London,Other,Staff Meal,1,Regular,Risotto,10.00,-10.00,0.00,0.00,T15958236,Counter iPad,,Payment,Eat in,,
2026-07-28,14:43:00,Europe/London,Starters,Pork Belly Bites,1,Regular,,8.00,0.00,8.00,1.33,T82244875,Counter iPad,,Payment,Takeaway,,
2026-07-28,14:43:00,Europe/London,Mains,Steak Frites,1,Regular,,24.00,0.00,24.00,4.00,T82244875,Counter iPad,,Payment,Eat in,,
2026-07-28,14:43:00,Europe/London,Sides,Peppercorn Sauce,1,Regular,,3.00,0.00,3.00,0.50,T82244875,Counter iPad,,Payment,Eat in,,
2026-07-28,14:43:00,Europe/London,Sides,Chips,1,Regular,,4.50,0.00,4.50,0.75,T82244875,Counter iPad,,Payment,Takeaway,,
2026-07-28,14:43:00,Europe/London,Desserts,Crème Brûlée,1,Regular,,7.50,0.00,7.50,1.25,T82244875,Counter iPad,,Payment,Eat in,,
2026-07-28,14:43:00,Europe/London,Starters,Rock Oysters,1,x3,,9.00,0.00,9.00,1.50,T82244875,Counter iPad,,Payment,Eat in,,
2026-07-28,14:43:00,Europe/London,Drinks,Lager Pint,1,Regular,,6.20,0.00,6.20,1.03,T82244875,Counter iPad,,Payment,Eat in,,
2026-07-28,14:43:00,Europe/London,Drinks,Coke,1,Regular,,3.00,0.00,3.00,0.50,T82244875,Counter iPad,,Payment,Eat in,,
2026-07-28,18:02:00,Europe/London,Mains,Tidewater Burger,2,Regular,,33.00,0.00,33.00,5.50,T62330169,Counter iPad,,Payment,Takeaway,,
2026-07-28,18:02:00,Europe/London,Sides,Bread & Butter,1,Regular,,4.00,0.00,4.00,0.67,T62330169,Counter iPad,,Payment,Eat in,,
2026-07-28,18:02:00,Europe/London,Drinks,House Red 175ml,1,Regular,,7.00,0.00,7.00,1.17,T62330169,Counter iPad,,Payment,Eat in,,
2026-07-28,18:02:00,Europe/London,Drinks,Coke,1,Regular,,3.00,0.00,3.00,0.50,T62330169,Counter iPad,,Payment,Takeaway,,
2026-07-28,18:02:00,Europe/London,Drinks,Espresso,1,Regular,,2.80,0.00,2.80,0.47,T62330169,Counter iPad,,Payment,Eat in,,
2026-07-28,18:32:00,Europe/London,Mains,Chicken Supreme,2,Regular,,38.00,0.00,38.00,6.33,T54384311,Bar iPad,,Payment,Eat in,,
2026-07-28,18:32:00,Europe/London,Sides,Truffle Fries,1,Regular,,6.00,0.00,6.00,1.00,T54384311,Bar iPad,,Payment,Eat in,,
2026-07-28,18:32:00,Europe/London,Drinks,Lager Pint,1,Regular,,6.20,0.00,6.20,1.03,T54384311,Bar iPad,,Payment,Eat in,,
2026-07-28,18:32:00,Europe/London,Drinks,House Red 175ml,1,Regular,,7.00,0.00,7.00,1.17,T54384311,Bar iPad,,Payment,Eat in,,
2026-07-28,18:32:00,Europe/London,Drinks,Coke,1,Regular,,3.00,0.00,3.00,0.50,T54384311,Bar iPad,,Payment,Takeaway,,
2026-07-28,18:32:00,Europe/London,Drinks,Espresso,1,Regular,,2.80,0.00,2.80,0.47,T54384311,Bar iPad,,Payment,Eat in,,
2026-07-28,19:18:00,Europe/London,Kids,Kids Fish & Chips,1,Regular,,8.00,0.00,8.00,1.33,T62232970,Bar iPad,,Payment,Takeaway,,
2026-07-28,19:18:00,Europe/London,Mains,Burger,2,Regular,,33.00,0.00,33.00,5.50,T62232970,Bar iPad,,Payment,Eat in,,
2026-07-28,19:18:00,Europe/London,Desserts,Sticky Toffee Pudding,1,Regular,,8.00,0.00,8.00,1.33,T62232970,Bar iPad,,Payment,Takeaway,,
2026-07-28,19:18:00,Europe/London,Sides,Bread & Butter,1,Regular,,4.00,0.00,4.00,0.67,T62232970,Bar iPad,,Payment,Eat in,,
2026-07-28,19:18:00,Europe/London,Drinks,Lager Pint,2,Regular,,12.40,0.00,12.40,2.07,T62232970,Bar iPad,,Payment,Eat in,,
2026-07-28,19:18:00,Europe/London,Drinks,House White 175ml,2,Regular,,14.00,0.00,14.00,2.33,T62232970,Bar iPad,,Payment,Eat in,,
2026-07-28,19:21:00,Europe/London,Kids,Kids Burger,1,Regular,,7.50,0.00,7.50,1.25,T75967315,Counter iPad,,Payment,Takeaway,,
2026-07-28,19:21:00,Europe/London,Mains,Fish & Chips,1,Regular,,17.50,0.00,17.50,2.92,T75967315,Counter iPad,,Payment,Takeaway,,
2026-07-28,19:21:00,Europe/London,Desserts,Sticky Toffee Pudding,1,Regular,,8.00,0.00,8.00,1.33,T75967315,Counter iPad,,Payment,Eat in,,
2026-07-28,19:21:00,Europe/London,Starters,Pork Belly Bites,2,Regular,,16.00,0.00,16.00,2.67,T75967315,Counter iPad,,Payment,Takeaway,,
2026-07-28,19:21:00,Europe/London,Mains,Chicken Supreme,1,Regular,,19.00,0.00,19.00,3.17,T75967315,Counter iPad,,Payment,Eat in,,
2026-07-28,19:21:00,Europe/London,Mains,Lamb Rump,1,Regular,,26.00,0.00,26.00,4.33,T75967315,Counter iPad,,Payment,Eat in,,
2026-07-28,19:21:00,Europe/London,Desserts,Cheeseboard,1,3,,11.00,0.00,11.00,1.83,T75967315,Counter iPad,,Payment,Eat in,,
2026-07-28,19:21:00,Europe/London,Mains,Tidewater Burger,1,Regular,,16.50,0.00,16.50,2.75,T75967315,Counter iPad,,Payment,Eat in,,
2026-07-28,19:21:00,Europe/London,Sides,Truffle Fries,1,Regular,,6.00,0.00,6.00,1.00,T75967315,Counter iPad,,Payment,Eat in,,
2026-07-28,19:21:00,Europe/London,Desserts,Affogato,1,Regular,,6.00,0.00,6.00,1.00,T75967315,Counter iPad,,Payment,Takeaway,,
2026-07-28,19:21:00,Europe/London,Sides,Bread & Butter,1,Regular,,4.00,0.00,4.00,0.67,T75967315,Counter iPad,,Payment,Eat in,,
2026-07-28,19:21:00,Europe/London,Drinks,Lager Pint,1,Regular,,6.20,0.00,6.20,1.03,T75967315,Counter iPad,,Payment,Takeaway,,
2026-07-28,19:21:00,Europe/London,Drinks,House White 175ml,1,Regular,,7.00,0.00,7.00,1.17,T75967315,Counter iPad,,Payment,Takeaway,,
2026-07-28,19:21:00,Europe/London,Drinks,House Red 175ml,1,Regular,,7.00,0.00,7.00,1.17,T75967315,Counter iPad,,Payment,Eat in,,
2026-07-28,19:21:00,Europe/London,Drinks,Sparkling Water 750ml,1,Regular,,4.00,0.00,4.00,0.67,T75967315,Counter iPad,,Payment,Eat in,,
2026-07-28,19:21:00,Europe/London,Drinks,Espresso,1,Regular,,2.80,0.00,2.80,0.47,T75967315,Counter iPad,,Payment,Takeaway,,
2026-07-28,21:30:00,Europe/London,Starters,Soup of the Day,1,Regular,,7.00,0.00,7.00,1.17,T81682098,Counter iPad,Table 7 - call 07700 900214 when ready,Payment,Eat in,,
2026-07-28,21:30:00,Europe/London,Mains,Tidewater Burger,2,Regular,,33.00,0.00,33.00,5.50,T81682098,Counter iPad,Table 7 - call 07700 900214 when ready,Payment,Eat in,,
2026-07-28,21:30:00,Europe/London,Mains,Hake,1,Regular,,22.00,0.00,22.00,3.67,T81682098,Counter iPad,Table 7 - call 07700 900214 when ready,Payment,Eat in,,
2026-07-28,21:30:00,Europe/London,Sides,Chips,2,Regular,,9.00,0.00,9.00,1.50,T81682098,Counter iPad,Table 7 - call 07700 900214 when ready,Payment,Eat in,,
2026-07-28,21:32:00,Europe/London,Sides,Chips,1,Regular,,0.00,0.00,0.00,0.00,T81682098,Counter iPad,wrong table,Void,Eat in,,
2026-07-28,21:30:00,Europe/London,Desserts,Sticky Toffee Pudding,2,Regular,,16.00,0.00,16.00,2.67,T81682098,Counter iPad,Table 7 - call 07700 900214 when ready,Payment,Eat in,,
2026-07-28,21:30:00,Europe/London,Starters,Salt & Pepper Squid,1,Regular,,9.50,0.00,9.50,1.58,T81682098,Counter iPad,Table 7 - call 07700 900214 when ready,Payment,Eat in,,
2026-07-28,21:30:00,Europe/London,Sides,Truffle Fries,2,Regular,,12.00,0.00,12.00,2.00,T81682098,Counter iPad,Table 7 - call 07700 900214 when ready,Payment,Eat in,,
2026-07-28,21:30:00,Europe/London,Mains,Fish & Chips,1,Regular,,17.50,0.00,17.50,2.92,T81682098,Counter iPad,Table 7 - call 07700 900214 when ready,Payment,Eat in,,
2026-07-28,21:30:00,Europe/London,Desserts,Cheeseboard,1,3,,11.00,0.00,11.00,1.83,T81682098,Counter iPad,Table 7 - call 07700 900214 when ready,Payment,Eat in,,
2026-07-28,21:30:00,Europe/London,Drinks,Lager Pint,3,Regular,,18.60,0.00,18.60,3.10,T81682098,Counter iPad,Table 7 - call 07700 900214 when ready,Payment,Eat in,,
2026-07-28,21:30:00,Europe/London,Drinks,House White 175ml,3,Regular,,21.00,0.00,21.00,3.50,T81682098,Counter iPad,Table 7 - call 07700 900214 when ready,Payment,Eat in,,
2026-07-28,21:30:00,Europe/London,Drinks,House Red 175ml,2,Regular,,14.00,0.00,14.00,2.33,T81682098,Counter iPad,Table 7 - call 07700 900214 when ready,Payment,Eat in,,
2026-07-28,21:30:00,Europe/London,Drinks,Coke,2,Regular,,6.00,0.00,6.00,1.00,T81682098,Counter iPad,Table 7 - call 07700 900214 when ready,Payment,Eat in,,
2026-07-28,21:30:00,Europe/London,Drinks,Flat White,1,Regular,,3.40,0.00,3.40,0.57,T81682098,Counter iPad,Table 7 - call 07700 900214 when ready,Payment,Takeaway,,
2026-07-28,22:10:00,Europe/London,Starters,Salt & Pepper Squid,2,Regular,,19.00,0.00,19.00,3.17,T26011030,Counter iPad,,Payment,Eat in,,
2026-07-28,22:10:00,Europe/London,Mains,Steak Frites,1,Regular,,24.00,0.00,24.00,4.00,T26011030,Counter iPad,,Payment,Takeaway,,
2026-07-28,22:10:00,Europe/London,Starters,Soup of the Day,1,Regular,,7.00,0.00,7.00,1.17,T26011030,Counter iPad,,Payment,Takeaway,,
2026-07-28,22:10:00,Europe/London,Mains,Lemon Sole (MP),1,Regular,,26.00,0.00,26.00,4.33,T26011030,Counter iPad,,Payment,Takeaway,,
2026-07-28,22:10:00,Europe/London,Sides,Truffle Fries,1,Regular,,6.00,0.00,6.00,1.00,T26011030,Counter iPad,,Payment,Eat in,,
2026-07-28,22:10:00,Europe/London,Desserts,Choc Tart,1,Regular,,8.00,0.00,8.00,1.33,T26011030,Counter iPad,,Payment,Eat in,,
2026-07-28,22:10:00,Europe/London,Mains,Mushroom Risotto,1,Regular,,15.00,0.00,15.00,2.50,T26011030,Counter iPad,,Payment,Eat in,,
2026-07-28,22:10:00,Europe/London,Desserts,Sticky Toffee Pudding,1,Regular,,8.00,0.00,8.00,1.33,T26011030,Counter iPad,,Payment,Eat in,,
2026-07-28,22:10:00,Europe/London,Drinks,Lager Pint,3,Regular,,18.60,0.00,18.60,3.10,T26011030,Counter iPad,,Payment,Takeaway,,
2026-07-28,22:10:00,Europe/London,Drinks,House White 175ml,2,Regular,,14.00,0.00,14.00,2.33,T26011030,Counter iPad,,Payment,Takeaway,,
2026-07-28,22:10:00,Europe/London,Drinks,House Red 175ml,1,Regular,,7.00,0.00,7.00,1.17,T26011030,Counter iPad,,Payment,Eat in,,
2026-07-28,22:10:00,Europe/London,Drinks,Espresso,2,Regular,,5.60,0.00,5.60,0.93,T26011030,Counter iPad,,Payment,Takeaway,,
2026-07-28,22:10:00,Europe/London,Drinks,Flat White,1,Regular,,3.40,0.00,3.40,0.57,T26011030,Counter iPad,,Payment,Eat in,,
2026-07-28,23:44:00,Europe/London,Starters,Pork Belly Bites,1,Regular,,8.00,0.00,8.00,1.33,T26704923,Counter iPad,,Payment,Eat in,,
2026-07-28,23:44:00,Europe/London,Mains,Steak Frites,1,Regular,,24.00,0.00,24.00,4.00,T26704923,Counter iPad,,Payment,Eat in,,
2026-07-28,23:44:00,Europe/London,Desserts,Affogato,1,Regular,,6.00,0.00,6.00,1.00,T26704923,Counter iPad,,Payment,Eat in,,
2026-07-28,23:44:00,Europe/London,Mains,Tidewater Burger,1,Regular,,16.50,0.00,16.50,2.75,T26704923,Counter iPad,,Payment,Eat in,,
2026-07-28,23:44:00,Europe/London,Sides,House Salad,1,Regular,,4.50,0.00,4.50,0.75,T26704923,Counter iPad,,Payment,Eat in,,
2026-07-28,23:44:00,Europe/London,Mains,Lamb Rump,1,Regular,,26.00,0.00,26.00,4.33,T26704923,Counter iPad,,Payment,Eat in,,
2026-07-28,23:44:00,Europe/London,Mains,Fish & Chips,1,Regular,,17.50,0.00,17.50,2.92,T26704923,Counter iPad,,Payment,Eat in,,
2026-07-28,23:44:00,Europe/London,Sides,Truffle Fries,1,Regular,,6.00,0.00,6.00,1.00,T26704923,Counter iPad,,Payment,Eat in,,
2026-07-28,23:44:00,Europe/London,Sides,Bread & Butter,1,Regular,,4.00,0.00,4.00,0.67,T26704923,Counter iPad,,Payment,Eat in,,
2026-07-28,23:44:00,Europe/London,Drinks,Lager Pint,1,Regular,,6.20,0.00,6.20,1.03,T26704923,Counter iPad,,Payment,Takeaway,,
2026-07-28,23:44:00,Europe/London,Drinks,House Red 175ml,1,Regular,,7.00,0.00,7.00,1.17,T26704923,Counter iPad,,Payment,Eat in,,
2026-07-28,23:44:00,Europe/London,Drinks,Coke,1,Regular,,3.00,0.00,3.00,0.50,T26704923,Counter iPad,,Payment,Takeaway,,
2026-07-28,23:44:00,Europe/London,Drinks,Sparkling Water 750ml,1,Regular,,4.00,0.00,4.00,0.67,T26704923,Counter iPad,,Payment,Eat in,,
2026-07-28,23:44:00,Europe/London,Drinks,Espresso,1,Regular,,2.80,0.00,2.80,0.47,T26704923,Counter iPad,,Payment,Takeaway,,
2026-07-29,12:11:00,Europe/London,Starters,Pork Belly Bites,1,Regular,,8.00,0.00,8.00,1.33,T77580502,Bar iPad,,Payment,Eat in,,
2026-07-29,12:11:00,Europe/London,Mains,Burger,2,Regular,,33.00,0.00,33.00,5.50,T77580502,Bar iPad,,Payment,Eat in,,
2026-07-29,12:11:00,Europe/London,Set Menu,Set Lunch - 2 Courses,1,Regular,"Mackerel Pate, Fish & Chips (Small)",20.00,0.00,20.00,3.33,T77580502,Bar iPad,,Payment,Eat in,,
2026-07-29,12:11:00,Europe/London,Sides,Bread & Butter,1,Regular,,4.00,0.00,4.00,0.67,T77580502,Bar iPad,,Payment,Eat in,,
2026-07-29,12:11:00,Europe/London,Drinks,Lager Pint,2,Regular,,12.40,0.00,12.40,2.07,T77580502,Bar iPad,,Payment,Takeaway,,
2026-07-29,12:11:00,Europe/London,Drinks,Coke,1,Regular,,3.00,0.00,3.00,0.50,T77580502,Bar iPad,,Payment,Eat in,,
2026-07-29,12:11:00,Europe/London,Drinks,Sparkling Water 750ml,1,Regular,,4.00,0.00,4.00,0.67,T77580502,Bar iPad,,Payment,Eat in,,
2026-07-29,12:38:00,Europe/London,Set Menu,Set Lunch - 2 Courses,1,Regular,"Mackerel Pate, Mushroom Risotto",20.00,0.00,20.00,3.33,T80785813,Counter iPad,,Payment,Eat in,,
2026-07-29,12:38:00,Europe/London,Mains,Tidewater Burger,1,Regular,,16.50,0.00,16.50,2.75,T80785813,Counter iPad,,Payment,Takeaway,,
2026-07-29,12:38:00,Europe/London,Drinks,Lager Pint,2,Regular,,12.40,0.00,12.40,2.07,T80785813,Counter iPad,,Payment,Eat in,,
2026-07-29,12:38:00,Europe/London,Drinks,House White 175ml,1,Regular,,7.00,0.00,7.00,1.17,T80785813,Counter iPad,,Payment,Takeaway,,
2026-07-29,12:38:00,Europe/London,Drinks,House Red 175ml,1,Regular,,7.00,0.00,7.00,1.17,T80785813,Counter iPad,,Payment,Takeaway,,
2026-07-29,12:38:00,Europe/London,Drinks,Coke,2,Regular,,6.00,0.00,6.00,1.00,T80785813,Counter iPad,,Payment,Takeaway,,
2026-07-29,12:38:00,Europe/London,Drinks,Flat White,1,Regular,,3.40,0.00,3.40,0.57,T80785813,Counter iPad,,Payment,Eat in,,
2026-07-29,12:59:00,Europe/London,Starters,Soup of the Day,1,Regular,,7.00,0.00,7.00,1.17,T87624187,Counter iPad,,Payment,Eat in,,
2026-07-29,12:59:00,Europe/London,Mains,Steak Frites,1,Regular,,24.00,0.00,24.00,4.00,T87624187,Counter iPad,,Payment,Takeaway,,
2026-07-29,12:59:00,Europe/London,Sides,Truffle Fries,1,Regular,,6.00,0.00,6.00,1.00,T87624187,Counter iPad,,Payment,Eat in,,
2026-07-29,12:59:00,Europe/London,Mains,Fish & Chips,2,Regular,,35.00,0.00,35.00,5.83,T87624187,Counter iPad,,Payment,Takeaway,,
2026-07-29,12:59:00,Europe/London,Sides,Chips,1,Regular,,4.50,0.00,4.50,0.75,T87624187,Counter iPad,,Payment,Takeaway,,
2026-07-29,12:59:00,Europe/London,Desserts,Cheeseboard,1,3,,11.00,0.00,11.00,1.83,T87624187,Counter iPad,,Payment,Takeaway,,
2026-07-29,12:59:00,Europe/London,Set Menu,Set Lunch - 2 Courses,1,Regular,"Soup of the Day, Fish & Chips (Small)",20.00,0.00,20.00,3.33,T87624187,Counter iPad,,Payment,Eat in,,
2026-07-29,12:59:00,Europe/London,Starters,Mackerel Pate,1,Regular,,8.50,0.00,8.50,1.42,T87624187,Counter iPad,,Payment,Takeaway,,
2026-07-29,12:59:00,Europe/London,Desserts,Sticky Toffee Pudding,1,Regular,,8.00,0.00,8.00,1.33,T87624187,Counter iPad,,Payment,Eat in,,
2026-07-29,12:59:00,Europe/London,Drinks,Lager Pint,2,Regular,,12.40,0.00,12.40,2.07,T87624187,Counter iPad,,Payment,Eat in,,
2026-07-29,12:59:00,Europe/London,Drinks,House White 175ml,2,Regular,,14.00,0.00,14.00,2.33,T87624187,Counter iPad,,Payment,Eat in,,
2026-07-29,12:59:00,Europe/London,Drinks,Coke,1,Regular,,3.00,0.00,3.00,0.50,T87624187,Counter iPad,,Payment,Eat in,,
2026-07-29,12:59:00,Europe/London,Drinks,Espresso,1,Regular,,2.80,0.00,2.80,0.47,T87624187,Counter iPad,,Payment,Takeaway,,
2026-07-29,12:59:00,Europe/London,Drinks,Flat White,1,Regular,,3.40,0.00,3.40,0.57,T87624187,Counter iPad,,Payment,Eat in,,
2026-07-29,13:07:00,Europe/London,Starters,Soup of the Day,1,Regular,,7.00,0.00,7.00,1.17,T23432232,Counter iPad,,Payment,Eat in,,
2026-07-29,13:07:00,Europe/London,Mains,Fish & Chips,1,Regular,,17.50,0.00,17.50,2.92,T23432232,Counter iPad,,Payment,Takeaway,,
2026-07-29,13:07:00,Europe/London,Sides,Chips,1,Regular,,4.50,0.00,4.50,0.75,T23432232,Counter iPad,,Payment,Eat in,,
2026-07-29,13:07:00,Europe/London,Desserts,Affogato,1,Regular,,6.00,0.00,6.00,1.00,T23432232,Counter iPad,,Payment,Eat in,,
2026-07-29,13:07:00,Europe/London,Drinks,Lager Pint,1,Regular,,6.20,0.00,6.20,1.03,T23432232,Counter iPad,,Payment,Eat in,,
2026-07-29,13:07:00,Europe/London,Drinks,House White 175ml,1,Regular,,7.00,0.00,7.00,1.17,T23432232,Counter iPad,,Payment,Takeaway,,
2026-07-29,13:07:00,Europe/London,Drinks,House Red 175ml,1,Regular,,7.00,0.00,7.00,1.17,T23432232,Counter iPad,,Payment,Eat in,,
2026-07-29,14:01:00,Europe/London,Set Menu,Set Lunch - 2 Courses,2,Regular,"Soup of the Day, Mushroom Risotto, Soup of the Day, Fish & Chips (Small)",40.00,0.00,40.00,6.67,T55051595,Bar iPad,,Payment,Eat in,,
2026-07-29,14:01:00,Europe/London,Drinks,Lager Pint,1,Regular,,6.20,0.00,6.20,1.03,T55051595,Bar iPad,,Payment,Takeaway,,
2026-07-29,14:01:00,Europe/London,Drinks,House White 175ml,1,Regular,,7.00,0.00,7.00,1.17,T55051595,Bar iPad,,Payment,Eat in,,
2026-07-29,14:01:00,Europe/London,Drinks,Sparkling Water 750ml,1,Regular,,4.00,0.00,4.00,0.67,T55051595,Bar iPad,,Payment,Eat in,,
2026-07-29,14:07:00,Europe/London,Set Menu,Set Lunch - 3 Courses,1,Regular,"Soup of the Day, Fish & Chips (Small), Sticky Toffee Pudding",25.00,0.00,25.00,4.17,T99066750,Counter iPad,,Payment,Takeaway,,
2026-07-29,14:07:00,Europe/London,Drinks,House White 175ml,1,Regular,,7.00,0.00,7.00,1.17,T99066750,Counter iPad,,Payment,Eat in,,
2026-07-29,14:07:00,Europe/London,Drinks,House Red 175ml,1,Regular,,7.00,0.00,7.00,1.17,T99066750,Counter iPad,,Payment,Eat in,,
2026-07-29,14:07:00,Europe/London,Drinks,Coke,1,Regular,,3.00,0.00,3.00,0.50,T99066750,Counter iPad,,Payment,Eat in,,
2026-07-29,14:07:00,Europe/London,Drinks,Espresso,1,Regular,,2.80,0.00,2.80,0.47,T99066750,Counter iPad,,Payment,Takeaway,,
2026-07-29,14:38:00,Europe/London,Kids,Kids Burger,2,Regular,,15.00,0.00,15.00,2.50,T40364163,Counter iPad,,Payment,Eat in,,
2026-07-29,14:38:00,Europe/London,Kids,Kids Ice Cream,1,Regular,,3.50,0.00,3.50,0.58,T40364163,Counter iPad,,Payment,Eat in,,
2026-07-29,14:38:00,Europe/London,Set Menu,Set Lunch - 3 Courses,1,Regular,"Soup of the Day, Fish & Chips (Small), Sticky Toffee Pudding",25.00,0.00,25.00,4.17,T40364163,Counter iPad,,Payment,Takeaway,,
2026-07-29,14:38:00,Europe/London,Starters,Salt & Pepper Squid,1,Regular,,9.50,0.00,9.50,1.58,T40364163,Counter iPad,,Payment,Takeaway,,
2026-07-29,14:38:00,Europe/London,Mains,Steak Frites,1,Regular,,24.00,0.00,24.00,4.00,T40364163,Counter iPad,,Payment,Takeaway,,
2026-07-29,14:38:00,Europe/London,Drinks,Lager Pint,1,Regular,,6.20,0.00,6.20,1.03,T40364163,Counter iPad,,Payment,Takeaway,,
2026-07-29,14:38:00,Europe/London,Drinks,House White 175ml,3,Regular,,21.00,0.00,21.00,3.50,T40364163,Counter iPad,,Payment,Eat in,,
2026-07-29,14:38:00,Europe/London,Drinks,House Red 175ml,1,Regular,,7.00,0.00,7.00,1.17,T40364163,Counter iPad,,Payment,Eat in,,
2026-07-29,14:38:00,Europe/London,Drinks,Coke,1,Regular,,3.00,0.00,3.00,0.50,T40364163,Counter iPad,,Payment,Takeaway,,
2026-07-29,14:38:00,Europe/London,Drinks,Flat White,2,Regular,,6.80,0.00,6.80,1.13,T40364163,Counter iPad,,Payment,Eat in,,
2026-07-29,19:32:00,Europe/London,Starters,Burrata,1,Regular,,10.00,0.00,10.00,1.67,T14045654,Counter iPad,,Payment,Eat in,C354,Sample Customer 354
2026-07-29,19:32:00,Europe/London,Drinks,Lager Pint,1,Regular,,6.20,0.00,6.20,1.03,T14045654,Counter iPad,,Payment,Eat in,C354,Sample Customer 354
2026-07-29,19:33:00,Europe/London,Starters,Rock Oysters,1,x6,,16.00,0.00,16.00,2.67,T37676596,Counter iPad,,Payment,Takeaway,,
2026-07-29,19:33:00,Europe/London,Mains,Steak Frites,1,Regular,,24.00,0.00,24.00,4.00,T37676596,Counter iPad,,Payment,Eat in,,
2026-07-29,19:33:00,Europe/London,Sides,Peppercorn Sauce,1,Regular,,3.00,0.00,3.00,0.50,T37676596,Counter iPad,,Payment,Eat in,,
2026-07-29,19:33:00,Europe/London,Desserts,Sticky Toffee Pudding,1,Regular,,8.00,0.00,8.00,1.33,T37676596,Counter iPad,,Payment,Eat in,,
2026-07-29,19:33:00,Europe/London,Sides,Bread & Butter,1,Regular,,4.00,0.00,4.00,0.67,T37676596,Counter iPad,,Payment,Eat in,,
2026-07-29,20:16:00,Europe/London,Kids,Kids Fish & Chips,1,Regular,,8.00,0.00,8.00,1.33,T13704209,Counter iPad,,Payment,Takeaway,C592,Sample Customer 592
2026-07-29,20:16:00,Europe/London,Mains,Fish & Chips,1,Small,,13.00,0.00,13.00,2.17,T13704209,Counter iPad,,Payment,Eat in,C592,Sample Customer 592
2026-07-29,20:16:00,Europe/London,Desserts,Affogato,1,Regular,,6.00,0.00,6.00,1.00,T13704209,Counter iPad,,Payment,Eat in,C592,Sample Customer 592
2026-07-29,20:16:00,Europe/London,Sides,Tenderstem,1,Regular,,5.00,0.00,5.00,0.83,T13704209,Counter iPad,,Payment,Eat in,C592,Sample Customer 592
2026-07-29,20:16:00,Europe/London,Drinks,Lager Pint,3,Regular,,18.60,0.00,18.60,3.10,T13704209,Counter iPad,,Payment,Eat in,C592,Sample Customer 592
2026-07-29,20:16:00,Europe/London,Drinks,House White 175ml,1,Regular,,7.00,0.00,7.00,1.17,T13704209,Counter iPad,,Payment,Eat in,C592,Sample Customer 592
2026-07-29,20:16:00,Europe/London,Drinks,Coke,1,Regular,,3.00,0.00,3.00,0.50,T13704209,Counter iPad,,Payment,Takeaway,C592,Sample Customer 592
2026-07-29,20:33:00,Europe/London,Starters,Burrata,2,Regular,,20.00,0.00,20.00,3.33,T77548127,Bar iPad,,Payment,Eat in,,
2026-07-29,20:33:00,Europe/London,Mains,Chicken Supreme,1,Regular,,19.00,0.00,19.00,3.17,T77548127,Bar iPad,,Payment,Eat in,,
2026-07-29,20:33:00,Europe/London,Desserts,Choc Tart,1,Regular,,8.00,0.00,8.00,1.33,T77548127,Bar iPad,,Payment,Eat in,,
2026-07-29,20:33:00,Europe/London,Mains,Fish & Chips,1,Regular,,17.50,0.00,17.50,2.92,T77548127,Bar iPad,,Payment,Eat in,,
2026-07-29,20:33:00,Europe/London,Sides,Fries,1,Regular,,4.50,0.00,4.50,0.75,T77548127,Bar iPad,,Payment,Eat in,,
2026-07-29,20:33:00,Europe/London,Drinks,Espresso,1,Regular,,2.80,0.00,2.80,0.47,T77548127,Bar iPad,,Payment,Eat in,,
2026-07-29,21:05:00,Europe/London,Starters,Soup of the Day,1,Regular,,7.00,0.00,7.00,1.17,T63903115,Counter iPad,,Payment,Eat in,,
2026-07-29,21:05:00,Europe/London,Mains,Mushroom Risotto,2,Regular,,30.00,0.00,30.00,5.00,T63903115,Counter iPad,,Payment,Eat in,,
2026-07-29,21:05:00,Europe/London,Sides,Truffle Fries,1,Regular,,6.00,0.00,6.00,1.00,T63903115,Counter iPad,,Payment,Eat in,,
2026-07-29,21:05:00,Europe/London,Drinks,House White 175ml,1,Regular,,7.00,0.00,7.00,1.17,T63903115,Counter iPad,,Payment,Eat in,,
2026-07-29,21:05:00,Europe/London,Drinks,House Red 175ml,2,Regular,,14.00,0.00,14.00,2.33,T63903115,Counter iPad,,Payment,Eat in,,
2026-07-29,21:05:00,Europe/London,Drinks,Coke,1,Regular,,3.00,0.00,3.00,0.50,T63903115,Counter iPad,,Payment,Eat in,,
2026-07-29,21:52:00,Europe/London,Starters,Mackerel Pate,1,Regular,,8.50,0.00,8.50,1.42,T78088402,Counter iPad,Table 10 - call 07700 900536 when ready,Payment,Eat in,,
2026-07-29,21:52:00,Europe/London,Mains,Tidewater Burger,2,Regular,,33.00,0.00,33.00,5.50,T78088402,Counter iPad,Table 10 - call 07700 900536 when ready,Payment,Eat in,,
2026-07-29,21:52:00,Europe/London,Sides,House Salad,1,Regular,,4.50,0.00,4.50,0.75,T78088402,Counter iPad,Table 10 - call 07700 900536 when ready,Payment,Eat in,,
2026-07-29,21:52:00,Europe/London,Desserts,Sticky Toffee Pudding,1,Regular,,8.00,0.00,8.00,1.33,T78088402,Counter iPad,Table 10 - call 07700 900536 when ready,Payment,Takeaway,,
2026-07-29,21:52:00,Europe/London,Drinks,Lager Pint,2,Regular,,12.40,0.00,12.40,2.07,T78088402,Counter iPad,Table 10 - call 07700 900536 when ready,Payment,Eat in,,
2026-07-29,21:52:00,Europe/London,Drinks,Coke,1,Regular,,3.00,0.00,3.00,0.50,T78088402,Counter iPad,Table 10 - call 07700 900536 when ready,Payment,Eat in,,
2026-07-29,21:52:00,Europe/London,Mains,Fish & Chips,2,Regular,,35.00,0.00,35.00,5.83,T63276563,Counter iPad,,Payment,Eat in,C128,Sample Customer 128
2026-07-29,21:52:00,Europe/London,Starters,Soup of the Day,1,Regular,,7.00,0.00,7.00,1.17,T63276563,Counter iPad,,Payment,Takeaway,C128,Sample Customer 128
2026-07-29,21:52:00,Europe/London,Sides,Chips,1,Regular,,4.50,0.00,4.50,0.75,T63276563,Counter iPad,,Payment,Takeaway,C128,Sample Customer 128
2026-07-29,21:52:00,Europe/London,Drinks,Lager Pint,1,Regular,,6.20,0.00,6.20,1.03,T63276563,Counter iPad,,Payment,Eat in,C128,Sample Customer 128
2026-07-29,21:52:00,Europe/London,Drinks,House Red 175ml,1,Regular,,7.00,0.00,7.00,1.17,T63276563,Counter iPad,,Payment,Eat in,C128,Sample Customer 128
2026-07-29,21:52:00,Europe/London,Drinks,Coke,1,Regular,,3.00,0.00,3.00,0.50,T63276563,Counter iPad,,Payment,Takeaway,C128,Sample Customer 128
2026-07-29,22:02:00,Europe/London,Mains,Steak Frites,1,Regular,,24.00,0.00,24.00,4.00,T80395868,Counter iPad,,Payment,Takeaway,,
2026-07-29,22:02:00,Europe/London,Sides,Chips,2,Regular,,9.00,0.00,9.00,1.50,T80395868,Counter iPad,,Payment,Eat in,,
2026-07-29,22:02:00,Europe/London,Mains,Lemon Sole (MP),1,Regular,,24.00,0.00,24.00,4.00,T80395868,Counter iPad,,Payment,Eat in,,
2026-07-29,22:02:00,Europe/London,Desserts,Choc Tart,1,Regular,,8.00,0.00,8.00,1.33,T80395868,Counter iPad,,Payment,Eat in,,
2026-07-29,22:02:00,Europe/London,Starters,Rock Oysters,1,x3,,9.00,0.00,9.00,1.50,T80395868,Counter iPad,,Payment,Eat in,,
2026-07-29,22:02:00,Europe/London,Mains,Fish & Chips,1,Regular,,17.50,0.00,17.50,2.92,T80395868,Counter iPad,,Payment,Takeaway,,
2026-07-29,22:02:00,Europe/London,Desserts,Cheeseboard,1,3,,11.00,0.00,11.00,1.83,T80395868,Counter iPad,,Payment,Takeaway,,
2026-07-29,22:02:00,Europe/London,Drinks,Lager Pint,2,Regular,,12.40,0.00,12.40,2.07,T80395868,Counter iPad,,Payment,Takeaway,,
2026-07-29,22:02:00,Europe/London,Drinks,House White 175ml,1,Regular,,7.00,0.00,7.00,1.17,T80395868,Counter iPad,,Payment,Takeaway,,
2026-07-29,22:02:00,Europe/London,Drinks,House Red 175ml,1,Regular,,7.00,0.00,7.00,1.17,T80395868,Counter iPad,,Payment,Eat in,,
2026-07-29,22:02:00,Europe/London,Drinks,Espresso,1,Regular,,2.80,0.00,2.80,0.47,T80395868,Counter iPad,,Payment,Eat in,,
2026-07-29,22:19:00,Europe/London,Mains,Tidewater Burger,1,Regular,,16.50,0.00,16.50,2.75,T69643913,Counter iPad,,Payment,Eat in,,
2026-07-29,22:19:00,Europe/London,Starters,Pork Belly Bites,1,Regular,,8.00,0.00,8.00,1.33,T69643913,Counter iPad,,Payment,Eat in,,
2026-07-29,22:19:00,Europe/London,Mains,Fish & Chips,2,Regular,,35.00,0.00,35.00,5.83,T69643913,Counter iPad,,Payment,Eat in,,
2026-07-29,22:19:00,Europe/London,Sides,Chips,1,Regular,,4.50,0.00,4.50,0.75,T69643913,Counter iPad,,Payment,Eat in,,
2026-07-29,22:19:00,Europe/London,Desserts,Crème Brûlée,1,Regular,,7.50,0.00,7.50,1.25,T69643913,Counter iPad,,Payment,Eat in,,
2026-07-29,22:19:00,Europe/London,Starters,Soup of the Day,1,Regular,,7.00,0.00,7.00,1.17,T69643913,Counter iPad,,Payment,Takeaway,,
2026-07-29,22:19:00,Europe/London,Mains,Chicken Supreme,1,Regular,,19.00,0.00,19.00,3.17,T69643913,Counter iPad,,Payment,Takeaway,,
2026-07-29,22:19:00,Europe/London,Desserts,Sticky Toffee Pudding,1,Regular,,8.00,0.00,8.00,1.33,T69643913,Counter iPad,,Payment,Eat in,,
2026-07-29,22:19:00,Europe/London,Drinks,Lager Pint,3,Regular,,18.60,0.00,18.60,3.10,T69643913,Counter iPad,,Payment,Takeaway,,
2026-07-29,22:19:00,Europe/London,Drinks,House White 175ml,1,Regular,,7.00,0.00,7.00,1.17,T69643913,Counter iPad,,Payment,Takeaway,,
2026-07-29,22:19:00,Europe/London,Drinks,House Red 175ml,1,Regular,,7.00,0.00,7.00,1.17,T69643913,Counter iPad,,Payment,Eat in,,
2026-07-29,22:19:00,Europe/London,Drinks,Coke,1,Regular,,3.00,0.00,3.00,0.50,T69643913,Counter iPad,,Payment,Eat in,,
2026-07-29,22:19:00,Europe/London,Drinks,Sparkling Water 750ml,2,Regular,,8.00,0.00,8.00,1.33,T69643913,Counter iPad,,Payment,Eat in,,
2026-07-29,22:21:00,Europe/London,Mains,Tidewater Burger,2,Regular,,33.00,0.00,33.00,5.50,T77768488,Counter iPad,,Payment,Eat in,,
2026-07-29,22:21:00,Europe/London,Sides,Truffle Fries,1,Regular,,6.00,0.00,6.00,1.00,T77768488,Counter iPad,,Payment,Takeaway,,
2026-07-29,22:21:00,Europe/London,Desserts,Sticky Toffee Pudding,1,Regular,,8.00,0.00,8.00,1.33,T77768488,Counter iPad,,Payment,Takeaway,,
2026-07-29,22:21:00,Europe/London,Starters,Salt & Pepper Squid,1,Regular,,9.50,0.00,9.50,1.58,T77768488,Counter iPad,,Payment,Eat in,,
2026-07-29,22:21:00,Europe/London,Mains,Steak Frites,1,Regular,,24.00,0.00,24.00,4.00,T77768488,Counter iPad,,Payment,Takeaway,,
2026-07-29,22:21:00,Europe/London,Sides,Tenderstem,1,Regular,,5.00,0.00,5.00,0.83,T77768488,Counter iPad,,Payment,Eat in,,
2026-07-29,22:21:00,Europe/London,Starters,Mackerel Pate,1,Regular,,8.50,0.00,8.50,1.42,T77768488,Counter iPad,,Payment,Eat in,,
2026-07-29,22:21:00,Europe/London,Mains,Fish & Chips,1,Regular,,17.50,0.00,17.50,2.92,T77768488,Counter iPad,,Payment,Eat in,,
2026-07-29,22:21:00,Europe/London,Mains,Fish & Chips,1,Small,,13.00,0.00,13.00,2.17,T77768488,Counter iPad,,Payment,Eat in,,
2026-07-29,22:21:00,Europe/London,Drinks,Lager Pint,1,Regular,,6.20,0.00,6.20,1.03,T77768488,Counter iPad,,Payment,Eat in,,
2026-07-29,22:21:00,Europe/London,Drinks,House White 175ml,2,Regular,,14.00,0.00,14.00,2.33,T77768488,Counter iPad,,Payment,Eat in,,
2026-07-29,22:21:00,Europe/London,Drinks,Coke,2,Regular,,6.00,0.00,6.00,1.00,T77768488,Counter iPad,,Payment,Eat in,,
2026-07-29,22:21:00,Europe/London,Drinks,Espresso,1,Regular,,2.80,0.00,2.80,0.47,T77768488,Counter iPad,,Payment,Eat in,,
2026-07-29,22:49:00,Europe/London,Mains,Hake,1,Regular,,22.00,0.00,22.00,3.67,T16890606,Counter iPad,,Payment,Eat in,,
2026-07-29,22:49:00,Europe/London,Mains,Mushroom Risotto,1,Regular,,15.00,0.00,15.00,2.50,T16890606,Counter iPad,,Payment,Takeaway,,
2026-07-29,22:49:00,Europe/London,Desserts,Sticky Toffee Pudding,1,Regular,,8.00,0.00,8.00,1.33,T16890606,Counter iPad,,Payment,Eat in,,
2026-07-29,22:49:00,Europe/London,Starters,Salt & Pepper Squid,1,Regular,,9.50,0.00,9.50,1.58,T16890606,Counter iPad,,Payment,Takeaway,,
2026-07-29,22:49:00,Europe/London,Mains,Fish & Chips,1,Regular,,17.50,0.00,17.50,2.92,T16890606,Counter iPad,,Payment,Eat in,,
2026-07-29,22:49:00,Europe/London,Mains,Steak Frites,1,Regular,,24.00,0.00,24.00,4.00,T16890606,Counter iPad,,Payment,Eat in,,
2026-07-29,22:49:00,Europe/London,Sides,Peppercorn Sauce,1,Regular,,3.00,0.00,3.00,0.50,T16890606,Counter iPad,,Payment,Eat in,,
2026-07-29,22:49:00,Europe/London,Desserts,Crème Brûlée,1,Regular,,7.50,0.00,7.50,1.25,T16890606,Counter iPad,,Payment,Takeaway,,
2026-07-29,22:49:00,Europe/London,Sides,Bread & Butter,1,Regular,,4.00,0.00,4.00,0.67,T16890606,Counter iPad,,Payment,Eat in,,
2026-07-29,22:49:00,Europe/London,Drinks,Lager Pint,2,Regular,,12.40,0.00,12.40,2.07,T16890606,Counter iPad,,Payment,Eat in,,
2026-07-29,22:49:00,Europe/London,Drinks,House White 175ml,1,Regular,,7.00,0.00,7.00,1.17,T16890606,Counter iPad,,Payment,Eat in,,
2026-07-29,22:49:00,Europe/London,Drinks,House Red 175ml,1,Regular,,7.00,0.00,7.00,1.17,T16890606,Counter iPad,,Payment,Takeaway,,
2026-07-29,22:49:00,Europe/London,Drinks,Coke,1,Regular,,3.00,0.00,3.00,0.50,T16890606,Counter iPad,,Payment,Eat in,,
2026-07-29,22:49:00,Europe/London,Drinks,Espresso,1,Regular,,2.80,0.00,2.80,0.47,T16890606,Counter iPad,,Payment,Eat in,,
2026-07-29,22:49:00,Europe/London,Drinks,Flat White,1,Regular,,3.40,0.00,3.40,0.57,T16890606,Counter iPad,,Payment,Takeaway,,
2026-07-29,23:04:00,Europe/London,Starters,Soup of the Day,1,Regular,,7.00,0.00,7.00,1.17,T86693160,Bar iPad,,Payment,Eat in,,
2026-07-29,23:04:00,Europe/London,Mains,Hake,1,Regular,,22.00,0.00,22.00,3.67,T86693160,Bar iPad,,Payment,Eat in,,
2026-07-29,23:04:00,Europe/London,Mains,Fish & Chips,1,Regular,,17.50,0.00,17.50,2.92,T86693160,Bar iPad,,Payment,Eat in,,
2026-07-29,23:04:00,Europe/London,Drinks,Flat White,1,Regular,,3.40,0.00,3.40,0.57,T86693160,Bar iPad,,Payment,Eat in,,
2026-07-29,23:24:00,Europe/London,Starters,Pork Belly Bites,1,Regular,,8.00,0.00,8.00,1.33,T50607593,Counter iPad,,Payment,Eat in,,
2026-07-29,23:24:00,Europe/London,Mains,Lamb Rump,1,Regular,,26.00,0.00,26.00,4.33,T50607593,Counter iPad,,Payment,Eat in,,
2026-07-29,23:24:00,Europe/London,Mains,Hake,2,Regular,,44.00,0.00,44.00,7.33,T50607593,Counter iPad,,Payment,Takeaway,,
2026-07-29,23:24:00,Europe/London,Sides,Chips,1,Regular,,4.50,0.00,4.50,0.75,T50607593,Counter iPad,,Payment,Eat in,,
2026-07-29,23:24:00,Europe/London,Desserts,Affogato,1,Regular,,6.00,0.00,6.00,1.00,T50607593,Counter iPad,,Payment,Takeaway,,
2026-07-29,23:24:00,Europe/London,Drinks,Lager Pint,2,Regular,,12.40,0.00,12.40,2.07,T50607593,Counter iPad,,Payment,Takeaway,,
2026-07-29,23:24:00,Europe/London,Drinks,House White 175ml,1,Regular,,7.00,0.00,7.00,1.17,T50607593,Counter iPad,,Payment,Takeaway,,
2026-07-29,23:24:00,Europe/London,Drinks,House Red 175ml,2,Regular,,14.00,0.00,14.00,2.33,T50607593,Counter iPad,,Payment,Eat in,,
2026-07-29,23:24:00,Europe/London,Drinks,Sparkling Water 750ml,1,Regular,,4.00,0.00,4.00,0.67,T50607593,Counter iPad,,Payment,Eat in,,
2026-07-29,23:24:00,Europe/London,Drinks,Flat White,1,Regular,,3.40,0.00,3.40,0.57,T50607593,Counter iPad,,Payment,Takeaway,,
2026-07-30,12:04:00,Europe/London,Kids,Kids Burger,1,Regular,,7.50,0.00,7.50,1.25,T52137728,Counter iPad,,Payment,Takeaway,,
2026-07-30,12:04:00,Europe/London,Kids,Kids Ice Cream,1,Regular,,3.50,0.00,3.50,0.58,T52137728,Counter iPad,,Payment,Eat in,,
2026-07-30,12:04:00,Europe/London,Set Menu,Set Lunch - 2 Courses,1,Regular,"Mackerel Pate, Fish & Chips (Small)",20.00,0.00,20.00,3.33,T52137728,Counter iPad,,Payment,Eat in,,
2026-07-30,12:04:00,Europe/London,Mains,Fish & Chips,1,Regular,,17.50,0.00,17.50,2.92,T52137728,Counter iPad,,Payment,Eat in,,
2026-07-30,12:04:00,Europe/London,Desserts,Cheeseboard,1,5,,16.00,0.00,16.00,2.67,T52137728,Counter iPad,,Payment,Eat in,,
2026-07-30,12:04:00,Europe/London,Drinks,Lager Pint,2,Regular,,12.40,0.00,12.40,2.07,T52137728,Counter iPad,,Payment,Eat in,,
2026-07-30,12:04:00,Europe/London,Drinks,House White 175ml,2,Regular,,14.00,0.00,14.00,2.33,T52137728,Counter iPad,,Payment,Takeaway,,
2026-07-30,12:04:00,Europe/London,Drinks,House Red 175ml,2,Regular,,14.00,0.00,14.00,2.33,T52137728,Counter iPad,,Payment,Eat in,,
2026-07-30,12:34:00,Europe/London,Set Menu,Set Lunch - 2 Courses,2,Regular,"Soup of the Day, Mushroom Risotto, Soup of the Day, Fish & Chips (Small)",40.00,0.00,40.00,6.67,T21125101,Counter iPad,,Payment,Eat in,,
2026-07-30,12:34:00,Europe/London,Drinks,Lager Pint,1,Regular,,6.20,0.00,6.20,1.03,T21125101,Counter iPad,,Payment,Eat in,,
2026-07-30,12:34:00,Europe/London,Drinks,Coke,1,Regular,,3.00,0.00,3.00,0.50,T21125101,Counter iPad,,Payment,Eat in,,
2026-07-30,12:34:00,Europe/London,Drinks,Espresso,1,Regular,,2.80,0.00,2.80,0.47,T21125101,Counter iPad,,Payment,Eat in,,
2026-07-30,12:34:00,Europe/London,Set Menu,Set Lunch - 2 Courses,1,Regular,"Mackerel Pate, Mushroom Risotto",20.00,0.00,20.00,3.33,T76111740,Counter iPad,Table 15 - call 07700 900235 when ready,Payment,Eat in,,
2026-07-30,12:34:00,Europe/London,Set Menu,Set Lunch - 3 Courses,1,Regular,"Soup of the Day, Fish & Chips (Small), Sticky Toffee Pudding",25.00,0.00,25.00,4.17,T76111740,Counter iPad,Table 15 - call 07700 900235 when ready,Payment,Eat in,,
2026-07-30,12:34:00,Europe/London,Drinks,Lager Pint,1,Regular,,6.20,0.00,6.20,1.03,T76111740,Counter iPad,Table 15 - call 07700 900235 when ready,Payment,Eat in,,
2026-07-30,12:34:00,Europe/London,Drinks,House White 175ml,2,Regular,,14.00,0.00,14.00,2.33,T76111740,Counter iPad,Table 15 - call 07700 900235 when ready,Payment,Takeaway,,
2026-07-30,12:34:00,Europe/London,Drinks,House Red 175ml,1,Regular,,7.00,0.00,7.00,1.17,T76111740,Counter iPad,Table 15 - call 07700 900235 when ready,Payment,Eat in,,
2026-07-30,12:34:00,Europe/London,Drinks,Espresso,1,Regular,,2.80,0.00,2.80,0.47,T76111740,Counter iPad,Table 15 - call 07700 900235 when ready,Payment,Takeaway,,
2026-07-30,12:39:00,Europe/London,Set Menu,Set Lunch - 3 Courses,1,Regular,"Mackerel Pate, Fish & Chips (Small), Kids Ice Cream",25.00,0.00,25.00,4.17,T52800571,Counter iPad,,Payment,Takeaway,,
2026-07-30,12:39:00,Europe/London,Sides,Bread & Butter,1,Regular,,4.00,0.00,4.00,0.67,T52800571,Counter iPad,,Payment,Takeaway,,
2026-07-30,12:39:00,Europe/London,Drinks,House White 175ml,1,Regular,,7.00,0.00,7.00,1.17,T52800571,Counter iPad,,Payment,Eat in,,
2026-07-30,12:39:00,Europe/London,Drinks,House Red 175ml,1,Regular,,7.00,0.00,7.00,1.17,T52800571,Counter iPad,,Payment,Eat in,,
2026-07-30,12:52:00,Europe/London,Set Menu,Set Lunch - 3 Courses,1,Regular,"Mackerel Pate, Fish & Chips (Small), Kids Ice Cream",25.00,0.00,25.00,4.17,T29469358,Counter iPad,,Payment,Eat in,,
2026-07-30,12:52:00,Europe/London,Starters,Soup of the Day,1,Regular,,7.00,0.00,7.00,1.17,T29469358,Counter iPad,,Payment,Eat in,,
2026-07-30,12:52:00,Europe/London,Mains,Lamb Rump,1,Regular,,26.00,0.00,26.00,4.33,T29469358,Counter iPad,,Payment,Takeaway,,
2026-07-30,12:52:00,Europe/London,Sides,Tenderstem,1,Regular,,5.00,0.00,5.00,0.83,T29469358,Counter iPad,,Payment,Takeaway,,
2026-07-30,12:52:00,Europe/London,Drinks,Lager Pint,1,Regular,,6.20,0.00,6.20,1.03,T29469358,Counter iPad,,Payment,Eat in,,
2026-07-30,12:52:00,Europe/London,Drinks,Espresso,1,Regular,,2.80,0.00,2.80,0.47,T29469358,Counter iPad,,Payment,Takeaway,,
2026-07-30,12:52:00,Europe/London,Drinks,Flat White,1,Regular,,3.40,0.00,3.40,0.57,T29469358,Counter iPad,,Payment,Takeaway,,
2026-07-30,14:08:00,Europe/London,Mains,Fish & Chips,1,Regular,,17.50,-17.50,0.00,0.00,T59616728,Counter iPad,comp - long wait,Payment,Eat in,,
2026-07-30,14:08:00,Europe/London,Sides,Chips,1,Regular,,4.50,0.00,4.50,0.75,T59616728,Counter iPad,nut allergy table,Payment,Eat in,,
2026-07-30,14:08:00,Europe/London,Desserts,Sticky Toffee Pudding,3,Regular,,24.00,0.00,24.00,4.00,T59616728,Counter iPad,nut allergy table,Payment,Takeaway,,
2026-07-30,14:08:00,Europe/London,Starters,Soup of the Day,1,Regular,,7.00,0.00,7.00,1.17,T59616728,Counter iPad,nut allergy table,Payment,Eat in,,
2026-07-30,14:08:00,Europe/London,Mains,Steak Frites,1,Regular,,24.00,0.00,24.00,4.00,T59616728,Counter iPad,nut allergy table,Payment,Takeaway,,
2026-07-30,14:08:00,Europe/London,Starters,Rock Oysters,1,x3,,9.00,0.00,9.00,1.50,T59616728,Counter iPad,nut allergy table,Payment,Eat in,,
2026-07-30,14:08:00,Europe/London,Mains,Fish & Chips,1,Small,,13.00,0.00,13.00,2.17,T59616728,Counter iPad,nut allergy table,Payment,Takeaway,,
2026-07-30,14:08:00,Europe/London,Starters,Salt & Pepper Squid,1,Regular,,9.50,0.00,9.50,1.58,T59616728,Counter iPad,nut allergy table,Payment,Eat in,,
2026-07-30,14:08:00,Europe/London,Mains,Lamb Rump,1,Regular,,26.00,0.00,26.00,4.33,T59616728,Counter iPad,nut allergy table,Payment,Eat in,,
2026-07-30,14:08:00,Europe/London,Desserts,Choc Tart,1,Regular,,8.00,0.00,8.00,1.33,T59616728,Counter iPad,nut allergy table,Payment,Eat in,,
2026-07-30,14:08:00,Europe/London,Drinks,Lager Pint,2,Regular,,12.40,0.00,12.40,2.07,T59616728,Counter iPad,nut allergy table,Payment,Eat in,,
2026-07-30,14:08:00,Europe/London,Drinks,House Red 175ml,1,Regular,,7.00,0.00,7.00,1.17,T59616728,Counter iPad,nut allergy table,Payment,Eat in,,
2026-07-30,14:08:00,Europe/London,Drinks,Coke,1,Regular,,3.00,0.00,3.00,0.50,T59616728,Counter iPad,nut allergy table,Payment,Eat in,,
2026-07-30,14:08:00,Europe/London,Drinks,Espresso,1,Regular,,2.80,0.00,2.80,0.47,T59616728,Counter iPad,nut allergy table,Payment,Eat in,,
2026-07-30,14:57:00,Europe/London,Starters,Burrata,1,Regular,,10.00,0.00,10.00,1.67,T96544198,Counter iPad,,Payment,Eat in,,
2026-07-30,14:57:00,Europe/London,Mains,Hake,1,Regular,,22.00,0.00,22.00,3.67,T96544198,Counter iPad,,Payment,Eat in,,
2026-07-30,14:57:00,Europe/London,Desserts,Sticky Toffee Pudding,1,Regular,,8.00,0.00,8.00,1.33,T96544198,Counter iPad,,Payment,Eat in,,
2026-07-30,14:57:00,Europe/London,Mains,Chicken Supreme,1,Regular,,19.00,0.00,19.00,3.17,T96544198,Counter iPad,,Payment,Eat in,,
2026-07-30,14:57:00,Europe/London,Sides,Truffle Fries,1,Regular,,6.00,0.00,6.00,1.00,T96544198,Counter iPad,,Payment,Takeaway,,
2026-07-30,14:57:00,Europe/London,Sides,Bread & Butter,1,Regular,,4.00,0.00,4.00,0.67,T96544198,Counter iPad,,Payment,Takeaway,,
2026-07-30,14:57:00,Europe/London,Drinks,House White 175ml,1,Regular,,7.00,0.00,7.00,1.17,T96544198,Counter iPad,,Payment,Eat in,,
2026-07-30,14:57:00,Europe/London,Drinks,House Red 175ml,1,Regular,,7.00,0.00,7.00,1.17,T96544198,Counter iPad,,Payment,Takeaway,,
2026-07-30,14:57:00,Europe/London,Drinks,Coke,1,Regular,,3.00,0.00,3.00,0.50,T96544198,Counter iPad,,Payment,Eat in,,
2026-07-30,14:57:00,Europe/London,Drinks,Sparkling Water 750ml,1,Regular,,4.00,0.00,4.00,0.67,T96544198,Counter iPad,,Payment,Eat in,,
2026-07-30,18:35:00,Europe/London,Mains,Tidewater Burger,2,Regular,"Add Bacon, Add Cheese",33.00,0.00,33.00,5.50,T50941646,Counter iPad,,Payment,Eat in,,
2026-07-30,18:35:00,Europe/London,Desserts,Sticky Toffee Pudding,1,Regular,,8.00,0.00,8.00,1.33,T50941646,Counter iPad,,Payment,Eat in,,
2026-07-30,18:35:00,Europe/London,Starters,Soup of the Day,1,Regular,,7.00,0.00,7.00,1.17,T50941646,Counter iPad,,Payment,Eat in,,
2026-07-30,18:35:00,Europe/London,Sides,Truffle Fries,1,Regular,,6.00,0.00,6.00,1.00,T50941646,Counter iPad,,Payment,Eat in,,
2026-07-30,18:35:00,Europe/London,Drinks,Lager Pint,2,Regular,,12.40,0.00,12.40,2.07,T50941646,Counter iPad,,Payment,Takeaway,,
2026-07-30,18:35:00,Europe/London,Drinks,House White 175ml,2,Regular,,14.00,0.00,14.00,2.33,T50941646,Counter iPad,,Payment,Takeaway,,
2026-07-30,18:35:00,Europe/London,Drinks,House Red 175ml,1,Regular,,7.00,0.00,7.00,1.17,T50941646,Counter iPad,,Payment,Eat in,,
2026-07-30,19:41:00,Europe/London,Starters,Salt & Pepper Squid,2,Regular,,19.00,0.00,19.00,3.17,T35290389,Bar iPad,,Payment,Eat in,,
2026-07-30,19:41:00,Europe/London,Mains,Lamb Rump,1,Regular,,26.00,0.00,26.00,4.33,T35290389,Bar iPad,,Payment,Eat in,,
2026-07-30,19:41:00,Europe/London,Desserts,Sticky Toffee Pudding,1,Regular,,8.00,0.00,8.00,1.33,T35290389,Bar iPad,,Payment,Takeaway,,
2026-07-30,19:41:00,Europe/London,Sides,Truffle Fries,1,Regular,,6.00,0.00,6.00,1.00,T35290389,Bar iPad,,Payment,Eat in,,
2026-07-30,19:41:00,Europe/London,Sides,Bread & Butter,1,Regular,,4.00,0.00,4.00,0.67,T35290389,Bar iPad,,Payment,Takeaway,,
2026-07-30,19:41:00,Europe/London,Drinks,House White 175ml,1,Regular,,7.00,0.00,7.00,1.17,T35290389,Bar iPad,,Payment,Takeaway,,
2026-07-30,19:41:00,Europe/London,Drinks,House Red 175ml,1,Regular,,7.00,0.00,7.00,1.17,T35290389,Bar iPad,,Payment,Takeaway,,
2026-07-30,19:41:00,Europe/London,Drinks,Sparkling Water 750ml,1,Regular,,4.00,0.00,4.00,0.67,T35290389,Bar iPad,,Payment,Eat in,,
2026-07-30,19:41:00,Europe/London,Drinks,Espresso,1,Regular,,2.80,0.00,2.80,0.47,T35290389,Bar iPad,,Payment,Takeaway,,
2026-07-30,19:41:00,Europe/London,Drinks,Flat White,1,Regular,,3.40,0.00,3.40,0.57,T35290389,Bar iPad,,Payment,Eat in,,
2026-07-30,16:30:00,Europe/London,Other,Staff Meal,1,Regular,Burger,10.00,-10.00,0.00,0.00,T17583789,Counter iPad,,Payment,Eat in,,
2026-07-30,20:28:00,Europe/London,Starters,Soup of the Day,3,Regular,,21.00,0.00,21.00,3.50,T61082966,Counter iPad,,Payment,Eat in,C306,Sample Customer 306
2026-07-30,20:28:00,Europe/London,Mains,Chicken Supreme,1,Regular,,19.00,0.00,19.00,3.17,T61082966,Counter iPad,,Payment,Eat in,C306,Sample Customer 306
2026-07-30,20:28:00,Europe/London,Sides,Chips,2,Regular,,9.00,0.00,9.00,1.50,T61082966,Counter iPad,,Payment,Eat in,C306,Sample Customer 306
2026-07-30,20:28:00,Europe/London,Mains,Tidewater Burger,2,Regular,,33.00,0.00,33.00,5.50,T61082966,Counter iPad,,Payment,Eat in,C306,Sample Customer 306
2026-07-30,20:28:00,Europe/London,Mains,Steak Frites,1,Regular,,24.00,0.00,24.00,4.00,T61082966,Counter iPad,,Payment,Takeaway,C306,Sample Customer 306
2026-07-30,21:08:00,Europe/London,Mains,Steak Frites,1,Regular,,-24.00,0.00,-24.00,-4.00,T61082966,Counter iPad,sent back,Refund,Eat in,C306,Sample Customer 306
2026-07-30,20:28:00,Europe/London,Sides,Peppercorn Sauce,1,Regular,,3.00,0.00,3.00,0.50,T61082966,Counter iPad,,Payment,Eat in,C306,Sample Customer 306
2026-07-30,20:28:00,Europe/London,Mains,Fish & Chips,1,Small,,13.00,0.00,13.00,2.17,T61082966,Counter iPad,,Payment,Takeaway,C306,Sample Customer 306
2026-07-30,20:28:00,Europe/London,Sides,Truffle Fries,1,Regular,,6.00,0.00,6.00,1.00,T61082966,Counter iPad,,Payment,Takeaway,C306,Sample Customer 306
2026-07-30,20:28:00,Europe/London,Mains,Mushroom Risotto,1,Regular,,15.00,0.00,15.00,2.50,T61082966,Counter iPad,,Payment,Takeaway,C306,Sample Customer 306
2026-07-30,20:28:00,Europe/London,Drinks,Lager Pint,1,Regular,,6.20,0.00,6.20,1.03,T61082966,Counter iPad,,Payment,Takeaway,C306,Sample Customer 306
2026-07-30,20:28:00,Europe/London,Drinks,House White 175ml,1,Regular,,7.00,0.00,7.00,1.17,T61082966,Counter iPad,,Payment,Eat in,C306,Sample Customer 306
2026-07-30,20:28:00,Europe/London,Drinks,House Red 175ml,4,Regular,,28.00,0.00,28.00,4.67,T61082966,Counter iPad,,Payment,Eat in,C306,Sample Customer 306
2026-07-30,20:28:00,Europe/London,Drinks,Coke,1,Regular,,3.00,0.00,3.00,0.50,T61082966,Counter iPad,,Payment,Eat in,C306,Sample Customer 306
2026-07-30,20:28:00,Europe/London,Drinks,Espresso,1,Regular,,2.80,0.00,2.80,0.47,T61082966,Counter iPad,,Payment,Eat in,C306,Sample Customer 306
2026-07-30,20:41:00,Europe/London,Mains,Fish & Chips,1,Regular,,17.50,0.00,17.50,2.92,T70202897,Counter iPad,,Payment,Eat in,,
2026-07-30,20:41:00,Europe/London,Starters,Pork Belly Bites,1,Regular,,8.00,0.00,8.00,1.33,T70202897,Counter iPad,,Payment,Takeaway,,
2026-07-30,20:41:00,Europe/London,Mains,Mushroom Risotto,1,Regular,,15.00,0.00,15.00,2.50,T70202897,Counter iPad,,Payment,Takeaway,,
2026-07-30,20:41:00,Europe/London,Sides,Bread & Butter,1,Regular,,4.00,0.00,4.00,0.67,T70202897,Counter iPad,,Payment,Eat in,,
2026-07-30,20:41:00,Europe/London,Drinks,Lager Pint,2,Regular,,12.40,0.00,12.40,2.07,T70202897,Counter iPad,,Payment,Takeaway,,
2026-07-30,20:41:00,Europe/London,Drinks,House White 175ml,1,Regular,,7.00,0.00,7.00,1.17,T70202897,Counter iPad,,Payment,Takeaway,,
2026-07-30,20:41:00,Europe/London,Drinks,House Red 175ml,1,Regular,,7.00,0.00,7.00,1.17,T70202897,Counter iPad,,Payment,Eat in,,
2026-07-30,20:41:00,Europe/London,Drinks,Coke,1,Regular,,3.00,0.00,3.00,0.50,T70202897,Counter iPad,,Payment,Takeaway,,
2026-07-30,21:22:00,Europe/London,Starters,Burrata,1,Regular,,10.00,0.00,10.00,1.67,T89286139,Counter iPad,,Payment,Eat in,,
2026-07-30,21:22:00,Europe/London,Mains,Fish & Chips,1,Regular,,17.50,0.00,17.50,2.92,T89286139,Counter iPad,,Payment,Eat in,,
2026-07-30,21:22:00,Europe/London,Mains,Steak Frites,1,Regular,,24.00,0.00,24.00,4.00,T89286139,Counter iPad,,Payment,Takeaway,,
2026-07-30,21:22:00,Europe/London,Starters,Pork Belly Bites,1,Regular,,8.00,0.00,8.00,1.33,T89286139,Counter iPad,,Payment,Eat in,,
2026-07-30,21:22:00,Europe/London,Mains,Mushroom Risotto,1,Regular,,15.00,0.00,15.00,2.50,T89286139,Counter iPad,,Payment,Takeaway,,
2026-07-30,21:22:00,Europe/London,Sides,Chips,1,Regular,,4.50,0.00,4.50,0.75,T89286139,Counter iPad,,Payment,Eat in,,
2026-07-30,21:22:00,Europe/London,Sides,Bread & Butter,1,Regular,,4.00,-4.00,0.00,0.00,T89286139,Counter iPad,comp - long wait,Payment,Eat in,,
2026-07-30,21:22:00,Europe/London,Drinks,Lager Pint,2,Regular,,12.40,0.00,12.40,2.07,T89286139,Counter iPad,,Payment,Eat in,,
2026-07-30,21:22:00,Europe/London,Drinks,House Red 175ml,1,Regular,,7.00,0.00,7.00,1.17,T89286139,Counter iPad,,Payment,Eat in,,
2026-07-30,21:22:00,Europe/London,Drinks,Sparkling Water 750ml,1,Regular,,4.00,0.00,4.00,0.67,T89286139,Counter iPad,,Payment,Takeaway,,
2026-07-30,21:22:00,Europe/London,Drinks,Flat White,1,Regular,,3.40,0.00,3.40,0.57,T89286139,Counter iPad,,Payment,Takeaway,,
2026-07-30,21:24:00,Europe/London,Mains,Fish & Chips,1,Regular,,17.50,0.00,17.50,2.92,T96812503,Counter iPad,,Payment,Takeaway,,
2026-07-30,21:24:00,Europe/London,Mains,Chicken Supreme,1,Regular,,19.00,0.00,19.00,3.17,T96812503,Counter iPad,,Payment,Eat in,,
2026-07-30,21:24:00,Europe/London,Drinks,Lager Pint,1,Regular,,6.20,0.00,6.20,1.03,T96812503,Counter iPad,,Payment,Takeaway,,
2026-07-30,21:24:00,Europe/London,Drinks,Sparkling Water 750ml,1,Regular,,4.00,0.00,4.00,0.67,T96812503,Counter iPad,,Payment,Eat in,,
2026-07-30,21:24:00,Europe/London,Drinks,Flat White,1,Regular,,3.40,0.00,3.40,0.57,T96812503,Counter iPad,,Payment,Takeaway,,
2026-07-30,21:38:00,Europe/London,Mains,Fish & Chips,2,Regular,,35.00,0.00,35.00,5.83,T92396170,Counter iPad,,Payment,Eat in,,
2026-07-30,21:38:00,Europe/London,Mains,Tidewater Burger,1,Regular,"Add Bacon, Add Cheese",16.50,0.00,16.50,2.75,T92396170,Counter iPad,,Payment,Eat in,,
2026-07-30,21:38:00,Europe/London,Desserts,Affogato,1,Regular,,6.00,0.00,6.00,1.00,T92396170,Counter iPad,,Payment,Eat in,,
2026-07-30,21:38:00,Europe/London,Starters,Soup of the Day,1,Regular,,7.00,0.00,7.00,1.17,T92396170,Counter iPad,,Payment,Eat in,,
2026-07-30,21:38:00,Europe/London,Desserts,Crème Brûlée,1,Regular,,7.50,0.00,7.50,1.25,T92396170,Counter iPad,,Payment,Eat in,,
2026-07-30,21:38:00,Europe/London,Drinks,Lager Pint,2,Regular,,12.40,0.00,12.40,2.07,T92396170,Counter iPad,,Payment,Eat in,,
2026-07-30,21:38:00,Europe/London,Drinks,House White 175ml,1,Regular,,7.00,0.00,7.00,1.17,T92396170,Counter iPad,,Payment,Eat in,,
2026-07-30,21:40:00,Europe/London,Mains,Fish & Chips,2,Regular,,35.00,0.00,35.00,5.83,T33690682,Counter iPad,,Payment,Takeaway,,
2026-07-30,21:40:00,Europe/London,Starters,Soup of the Day,1,Regular,,7.00,0.00,7.00,1.17,T33690682,Counter iPad,,Payment,Eat in,,
2026-07-30,21:40:00,Europe/London,Mains,Mushroom Risotto,1,Regular,,15.00,0.00,15.00,2.50,T33690682,Counter iPad,,Payment,Eat in,,
2026-07-30,21:40:00,Europe/London,Desserts,Sticky Toffee Pudding,1,Regular,,8.00,0.00,8.00,1.33,T33690682,Counter iPad,,Payment,Eat in,,
2026-07-30,21:40:00,Europe/London,Desserts,Crème Brûlée,1,Regular,,7.50,0.00,7.50,1.25,T33690682,Counter iPad,,Payment,Takeaway,,
2026-07-30,21:40:00,Europe/London,Drinks,Lager Pint,1,Regular,,6.20,0.00,6.20,1.03,T33690682,Counter iPad,,Payment,Eat in,,
2026-07-30,21:40:00,Europe/London,Drinks,House Red 175ml,1,Regular,,7.00,0.00,7.00,1.17,T33690682,Counter iPad,,Payment,Takeaway,,
2026-07-30,21:40:00,Europe/London,Drinks,Espresso,2,Regular,,5.60,0.00,5.60,0.93,T33690682,Counter iPad,,Payment,Eat in,,
2026-07-30,22:16:00,Europe/London,Mains,Mushroom Risotto,1,Regular,,15.00,0.00,15.00,2.50,T14159260,Counter iPad,,Payment,Eat in,,
2026-07-30,22:16:00,Europe/London,Desserts,Choc Tart,1,Regular,,8.00,0.00,8.00,1.33,T14159260,Counter iPad,,Payment,Takeaway,,
2026-07-30,22:43:00,Europe/London,Mains,Tidewater Burger,4,Regular,,66.00,0.00,66.00,11.00,T88961669,Counter iPad,,Payment,Eat in,,
2026-07-30,22:43:00,Europe/London,Sides,Truffle Fries,1,Regular,,6.00,0.00,6.00,1.00,T88961669,Counter iPad,,Payment,Eat in,,
2026-07-30,22:43:00,Europe/London,Desserts,Crème Brûlée,1,Regular,,7.50,0.00,7.50,1.25,T88961669,Counter iPad,,Payment,Eat in,,
2026-07-30,22:43:00,Europe/London,Sides,Chips,1,Regular,,4.50,0.00,4.50,0.75,T88961669,Counter iPad,,Payment,Takeaway,,
2026-07-30,22:43:00,Europe/London,Starters,Salt & Pepper Squid,1,Regular,,9.50,0.00,9.50,1.58,T88961669,Counter iPad,,Payment,Eat in,,
2026-07-30,22:43:00,Europe/London,Starters,Pork Belly Bites,1,Regular,,8.00,0.00,8.00,1.33,T88961669,Counter iPad,,Payment,Eat in,,
2026-07-30,22:43:00,Europe/London,Desserts,Affogato,1,Regular,,6.00,0.00,6.00,1.00,T88961669,Counter iPad,,Payment,Eat in,,
2026-07-30,22:43:00,Europe/London,Starters,Rock Oysters,1,x3,,9.00,0.00,9.00,1.50,T88961669,Counter iPad,,Payment,Takeaway,,
2026-07-30,22:43:00,Europe/London,Mains,Fish & Chips,1,Regular,,17.50,0.00,17.50,2.92,T88961669,Counter iPad,,Payment,Takeaway,,
2026-07-30,22:43:00,Europe/London,Desserts,Sticky Toffee Pudding,1,Regular,,8.00,0.00,8.00,1.33,T88961669,Counter iPad,,Payment,Eat in,,
2026-07-30,22:43:00,Europe/London,Drinks,Lager Pint,4,Regular,,24.80,0.00,24.80,4.13,T88961669,Counter iPad,,Payment,Eat in,,
2026-07-30,22:43:00,Europe/London,Drinks,House White 175ml,2,Regular,,14.00,0.00,14.00,2.33,T88961669,Counter iPad,,Payment,Eat in,,
2026-07-30,22:43:00,Europe/London,Drinks,House Red 175ml,1,Regular,,7.00,0.00,7.00,1.17,T88961669,Counter iPad,,Payment,Eat in,,
2026-07-30,22:43:00,Europe/London,Drinks,Coke,2,Regular,,6.00,0.00,6.00,1.00,T88961669,Counter iPad,,Payment,Eat in,,
2026-07-30,22:43:00,Europe/London,Drinks,Sparkling Water 750ml,1,Regular,,4.00,0.00,4.00,0.67,T88961669,Counter iPad,,Payment,Eat in,,
2026-07-30,22:47:00,Europe/London,Starters,Burrata,1,Regular,,10.00,0.00,10.00,1.67,T73861276,Bar iPad,,Payment,Eat in,,
2026-07-30,22:47:00,Europe/London,Mains,Lemon Sole (MP),1,Regular,,24.00,0.00,24.00,4.00,T73861276,Bar iPad,,Payment,Eat in,,
2026-07-30,22:47:00,Europe/London,Desserts,Choc Tart,1,Regular,,8.00,0.00,8.00,1.33,T73861276,Bar iPad,,Payment,Eat in,,
2026-07-30,22:47:00,Europe/London,Mains,Fish & Chips,2,Regular,,35.00,0.00,35.00,5.83,T73861276,Bar iPad,,Payment,Eat in,,
2026-07-30,22:47:00,Europe/London,Desserts,Sticky Toffee Pudding,2,Regular,,16.00,0.00,16.00,2.67,T73861276,Bar iPad,,Payment,Eat in,,
2026-07-30,22:47:00,Europe/London,Mains,Steak Frites,1,Regular,,24.00,0.00,24.00,4.00,T73861276,Bar iPad,,Payment,Takeaway,,
2026-07-30,22:47:00,Europe/London,Sides,Peppercorn Sauce,1,Regular,,3.00,0.00,3.00,0.50,T73861276,Bar iPad,,Payment,Eat in,,
2026-07-30,22:47:00,Europe/London,Desserts,Creme Brulee,1,Regular,,7.50,0.00,7.50,1.25,T73861276,Bar iPad,,Payment,Takeaway,,
2026-07-30,22:47:00,Europe/London,Sides,Fries,1,Regular,,4.50,0.00,4.50,0.75,T73861276,Bar iPad,,Payment,Eat in,,
2026-07-30,22:47:00,Europe/London,Starters,Soup of the Day,1,Regular,,7.00,0.00,7.00,1.17,T73861276,Bar iPad,,Payment,Eat in,,
2026-07-30,22:47:00,Europe/London,Starters,Salt & Pepper Squid,1,Regular,,9.50,0.00,9.50,1.58,T73861276,Bar iPad,,Payment,Eat in,,
2026-07-30,22:47:00,Europe/London,Sides,Truffle Fries,1,Regular,,6.00,0.00,6.00,1.00,T73861276,Bar iPad,,Payment,Eat in,,
2026-07-30,22:47:00,Europe/London,Sides,Bread & Butter,1,Regular,,4.00,0.00,4.00,0.67,T73861276,Bar iPad,,Payment,Eat in,,
2026-07-30,22:47:00,Europe/London,Drinks,Lager Pint,3,Regular,,18.60,0.00,18.60,3.10,T73861276,Bar iPad,,Payment,Takeaway,,
2026-07-30,22:47:00,Europe/London,Drinks,House White 175ml,2,Regular,,14.00,0.00,14.00,2.33,T73861276,Bar iPad,,Payment,Eat in,,
2026-07-30,22:47:00,Europe/London,Drinks,House Red 175ml,3,Regular,,21.00,0.00,21.00,3.50,T73861276,Bar iPad,,Payment,Eat in,,
2026-07-30,22:47:00,Europe/London,Drinks,Coke,1,Regular,,3.00,0.00,3.00,0.50,T73861276,Bar iPad,,Payment,Takeaway,,
2026-07-30,22:47:00,Europe/London,Drinks,Sparkling Water 750ml,1,Regular,,4.00,0.00,4.00,0.67,T73861276,Bar iPad,,Payment,Takeaway,,
2026-07-30,22:47:00,Europe/London,Drinks,Espresso,1,Regular,,2.80,0.00,2.80,0.47,T73861276,Bar iPad,,Payment,Eat in,,
2026-07-30,23:18:00,Europe/London,Kids,Kids Fish & Chips,1,Regular,,8.00,0.00,8.00,1.33,T60590274,Bar iPad,,Payment,Eat in,C747,Sample Customer 747
2026-07-30,23:18:00,Europe/London,Kids,Kids Burger,1,Regular,,7.50,0.00,7.50,1.25,T60590274,Bar iPad,,Payment,Eat in,C747,Sample Customer 747
2026-07-30,23:18:00,Europe/London,Kids,Kids Ice Cream,1,Regular,,3.50,0.00,3.50,0.58,T60590274,Bar iPad,,Payment,Eat in,C747,Sample Customer 747
2026-07-30,23:18:00,Europe/London,Mains,Burger,1,Regular,,16.50,0.00,16.50,2.75,T60590274,Bar iPad,,Payment,Takeaway,C747,Sample Customer 747
2026-07-30,23:18:00,Europe/London,Sides,Fries,2,Regular,,9.00,0.00,9.00,1.50,T60590274,Bar iPad,,Payment,Eat in,C747,Sample Customer 747
2026-07-30,23:18:00,Europe/London,Starters,Salt & Pepper Squid,1,Regular,,9.50,0.00,9.50,1.58,T60590274,Bar iPad,,Payment,Eat in,C747,Sample Customer 747
2026-07-30,23:18:00,Europe/London,Desserts,Creme Brulee,1,Regular,,7.50,0.00,7.50,1.25,T60590274,Bar iPad,,Payment,Takeaway,C747,Sample Customer 747
2026-07-30,23:18:00,Europe/London,Sides,Bread & Butter,1,Regular,,4.00,0.00,4.00,0.67,T60590274,Bar iPad,,Payment,Eat in,C747,Sample Customer 747
2026-07-30,23:18:00,Europe/London,Drinks,Lager Pint,2,Regular,,12.40,0.00,12.40,2.07,T60590274,Bar iPad,,Payment,Eat in,C747,Sample Customer 747
2026-07-30,23:18:00,Europe/London,Drinks,House White 175ml,3,Regular,,21.00,0.00,21.00,3.50,T60590274,Bar iPad,,Payment,Eat in,C747,Sample Customer 747
2026-07-30,23:18:00,Europe/London,Drinks,Coke,1,Regular,,3.00,0.00,3.00,0.50,T60590274,Bar iPad,,Payment,Eat in,C747,Sample Customer 747
2026-07-30,23:18:00,Europe/London,Drinks,Sparkling Water 750ml,2,Regular,,8.00,0.00,8.00,1.33,T60590274,Bar iPad,,Payment,Eat in,C747,Sample Customer 747
2026-07-30,23:43:00,Europe/London,Kids,Kids Burger,1,Regular,,7.50,0.00,7.50,1.25,T19257433,Counter iPad,,Payment,Eat in,,
2026-07-30,23:43:00,Europe/London,Kids,Kids Ice Cream,1,Regular,,3.50,0.00,3.50,0.58,T19257433,Counter iPad,,Payment,Eat in,,
2026-07-30,23:43:00,Europe/London,Mains,Hake,1,Regular,,22.00,0.00,22.00,3.67,T19257433,Counter iPad,,Payment,Eat in,,
2026-07-30,23:43:00,Europe/London,Mains,Tidewater Burger,1,Regular,Add Bacon,16.50,0.00,16.50,2.75,T19257433,Counter iPad,,Payment,Eat in,,
2026-07-30,23:43:00,Europe/London,Desserts,Crème Brûlée,1,Regular,,7.50,0.00,7.50,1.25,T19257433,Counter iPad,,Payment,Eat in,,
2026-07-30,23:43:00,Europe/London,Drinks,Lager Pint,4,Regular,,24.80,0.00,24.80,4.13,T19257433,Counter iPad,,Payment,Takeaway,,
2026-07-30,23:43:00,Europe/London,Drinks,Coke,2,Regular,,6.00,0.00,6.00,1.00,T19257433,Counter iPad,,Payment,Eat in,,
2026-07-30,23:43:00,Europe/London,Drinks,Espresso,2,Regular,,5.60,0.00,5.60,0.93,T19257433,Counter iPad,,Payment,Eat in,,
2026-07-31,12:12:00,Europe/London,Mains,Chicken Supreme,1,Regular,,19.00,0.00,19.00,3.17,T21782975,Bar iPad,,Payment,Eat in,,
2026-07-31,12:12:00,Europe/London,Sides,Bread & Butter,1,Regular,,4.00,0.00,4.00,0.67,T21782975,Bar iPad,,Payment,Eat in,,
2026-07-31,12:12:00,Europe/London,Drinks,House White 175ml,1,Regular,,7.00,0.00,7.00,1.17,T21782975,Bar iPad,,Payment,Eat in,,
2026-07-31,12:12:00,Europe/London,Drinks,Coke,1,Regular,,3.00,0.00,3.00,0.50,T21782975,Bar iPad,,Payment,Takeaway,,
2026-07-31,12:12:00,Europe/London,Drinks,Flat White,1,Regular,,3.40,0.00,3.40,0.57,T21782975,Bar iPad,,Payment,Eat in,,
2026-07-31,12:52:00,Europe/London,Starters,Salt & Pepper Squid,1,Regular,,9.50,0.00,9.50,1.58,T39799232,Counter iPad,,Payment,Eat in,,
2026-07-31,12:52:00,Europe/London,Mains,Fish & Chips,1,Small,,13.00,0.00,13.00,2.17,T39799232,Counter iPad,,Payment,Takeaway,,
2026-07-31,12:52:00,Europe/London,Mains,Fish & Chips,1,Regular,,17.50,0.00,17.50,2.92,T39799232,Counter iPad,,Payment,Eat in,,
2026-07-31,12:52:00,Europe/London,Desserts,Sticky Toffee Pudding,1,Regular,,8.00,0.00,8.00,1.33,T39799232,Counter iPad,,Payment,Takeaway,,
2026-07-31,12:52:00,Europe/London,Drinks,Lager Pint,1,Regular,,6.20,0.00,6.20,1.03,T39799232,Counter iPad,,Payment,Eat in,,
2026-07-31,12:52:00,Europe/London,Drinks,Coke,1,Regular,,3.00,0.00,3.00,0.50,T39799232,Counter iPad,,Payment,Eat in,,
2026-07-31,12:54:00,Europe/London,Kids,Kids Burger,1,Regular,,7.50,0.00,7.50,1.25,T34278715,Counter iPad,,Payment,Eat in,,
2026-07-31,12:54:00,Europe/London,Kids,Kids Ice Cream,1,Regular,,3.50,0.00,3.50,0.58,T34278715,Counter iPad,,Payment,Takeaway,,
2026-07-31,12:54:00,Europe/London,Kids,Kids Fish & Chips,1,Regular,,8.00,0.00,8.00,1.33,T34278715,Counter iPad,,Payment,Eat in,,
2026-07-31,12:54:00,Europe/London,Starters,Burrata,1,Regular,,10.00,0.00,10.00,1.67,T34278715,Counter iPad,,Payment,Eat in,,
2026-07-31,12:54:00,Europe/London,Starters,Rock Oysters,1,x6,,16.00,0.00,16.00,2.67,T34278715,Counter iPad,,Payment,Eat in,,
2026-07-31,12:54:00,Europe/London,Mains,Steak Frites,1,Regular,,24.00,0.00,24.00,4.00,T34278715,Counter iPad,,Payment,Takeaway,,
2026-07-31,12:54:00,Europe/London,Sides,Peppercorn Sauce,1,Regular,,3.00,-3.00,0.00,0.00,T34278715,Counter iPad,comp - long wait,Payment,Eat in,,
2026-07-31,12:54:00,Europe/London,Mains,Chicken Supreme,1,Regular,,19.00,0.00,19.00,3.17,T34278715,Counter iPad,,Payment,Takeaway,,
2026-07-31,12:54:00,Europe/London,Desserts,Choc Tart,1,Regular,,8.00,0.00,8.00,1.33,T34278715,Counter iPad,,Payment,Eat in,,
2026-07-31,12:54:00,Europe/London,Sides,Bread & Butter,1,Regular,,4.00,0.00,4.00,0.67,T34278715,Counter iPad,,Payment,Eat in,,
2026-07-31,12:54:00,Europe/London,Drinks,House White 175ml,1,Regular,,7.00,0.00,7.00,1.17,T34278715,Counter iPad,,Payment,Takeaway,,
2026-07-31,12:54:00,Europe/London,Drinks,House Red 175ml,1,Regular,,7.00,0.00,7.00,1.17,T34278715,Counter iPad,,Payment,Eat in,,
2026-07-31,12:54:00,Europe/London,Drinks,Espresso,1,Regular,,2.80,0.00,2.80,0.47,T34278715,Counter iPad,,Payment,Eat in,,
2026-07-31,12:54:00,Europe/London,Drinks,Flat White,1,Regular,,3.40,0.00,3.40,0.57,T34278715,Counter iPad,,Payment,Eat in,,
2026-07-31,13:21:00,Europe/London,Mains,Tidewater Burger,1,Regular,Add Cheese,16.50,0.00,16.50,2.75,T74877181,Counter iPad,,Payment,Takeaway,C138,Sample Customer 138
2026-07-31,13:21:00,Europe/London,Sides,Chips,1,Regular,,4.50,0.00,4.50,0.75,T74877181,Counter iPad,,Payment,Takeaway,C138,Sample Customer 138
2026-07-31,13:21:00,Europe/London,Set Menu,Set Lunch - 3 Courses,1,Regular,"Mackerel Pate, Mushroom Risotto, Sticky Toffee Pudding",25.00,0.00,25.00,4.17,T74877181,Counter iPad,,Payment,Eat in,C138,Sample Customer 138
2026-07-31,13:21:00,Europe/London,Drinks,Lager Pint,1,Regular,,6.20,0.00,6.20,1.03,T74877181,Counter iPad,,Payment,Takeaway,C138,Sample Customer 138
2026-07-31,13:21:00,Europe/London,Drinks,House Red 175ml,1,Regular,,7.00,0.00,7.00,1.17,T74877181,Counter iPad,,Payment,Takeaway,C138,Sample Customer 138
2026-07-31,13:34:00,Europe/London,Mains,Chicken Supreme,1,Regular,,19.00,0.00,19.00,3.17,T73887445,Counter iPad,,Payment,Eat in,,
2026-07-31,13:34:00,Europe/London,Starters,Pork Belly Bites,1,Regular,,8.00,0.00,8.00,1.33,T73887445,Counter iPad,,Payment,Takeaway,,
2026-07-31,13:34:00,Europe/London,Mains,Hake,1,Regular,,22.00,0.00,22.00,3.67,T73887445,Counter iPad,,Payment,Eat in,,
2026-07-31,13:34:00,Europe/London,Sides,Chips,1,Regular,,4.50,0.00,4.50,0.75,T73887445,Counter iPad,,Payment,Eat in,,
2026-07-31,13:34:00,Europe/London,Desserts,Choc Tart,1,Regular,,8.00,0.00,8.00,1.33,T73887445,Counter iPad,,Payment,Eat in,,
2026-07-31,13:34:00,Europe/London,Sides,Bread & Butter,1,Regular,,4.00,0.00,4.00,0.67,T73887445,Counter iPad,,Payment,Eat in,,
2026-07-31,13:34:00,Europe/London,Drinks,Lager Pint,2,Regular,,12.40,0.00,12.40,2.07,T73887445,Counter iPad,,Payment,Eat in,,
2026-07-31,13:34:00,Europe/London,Drinks,House White 175ml,1,Regular,,7.00,0.00,7.00,1.17,T73887445,Counter iPad,,Payment,Takeaway,,
2026-07-31,13:34:00,Europe/London,Drinks,House Red 175ml,1,Regular,,7.00,0.00,7.00,1.17,T73887445,Counter iPad,,Payment,Eat in,,
2026-07-31,13:34:00,Europe/London,Drinks,Coke,1,Regular,,3.00,0.00,3.00,0.50,T73887445,Counter iPad,,Payment,Eat in,,
2026-07-31,13:34:00,Europe/London,Drinks,Sparkling Water 750ml,1,Regular,,4.00,0.00,4.00,0.67,T73887445,Counter iPad,,Payment,Eat in,,
2026-07-31,13:35:00,Europe/London,Set Menu,Set Lunch - 2 Courses,3,Regular,"Soup of the Day, Mushroom Risotto, Soup of the Day, Mushroom Risotto, Mackerel Pate, Mushroom Risotto",60.00,0.00,60.00,10.00,T30437450,Counter iPad,,Payment,Takeaway,,
2026-07-31,13:35:00,Europe/London,Mains,SPECIAL - Crab Linguine,1,Regular,,18.00,0.00,18.00,3.00,T30437450,Counter iPad,,Payment,Eat in,,
2026-07-31,13:35:00,Europe/London,Mains,Fish & Chips,1,Small,,13.00,0.00,13.00,2.17,T30437450,Counter iPad,,Payment,Eat in,,
2026-07-31,13:35:00,Europe/London,Sides,Chips,1,Regular,,4.50,0.00,4.50,0.75,T30437450,Counter iPad,,Payment,Eat in,,
2026-07-31,13:35:00,Europe/London,Drinks,Lager Pint,2,Regular,,12.40,0.00,12.40,2.07,T30437450,Counter iPad,,Payment,Takeaway,,
2026-07-31,13:35:00,Europe/London,Drinks,House White 175ml,2,Regular,,14.00,0.00,14.00,2.33,T30437450,Counter iPad,,Payment,Eat in,,
2026-07-31,13:35:00,Europe/London,Drinks,House Red 175ml,2,Regular,,14.00,0.00,14.00,2.33,T30437450,Counter iPad,,Payment,Eat in,,
2026-07-31,13:35:00,Europe/London,Drinks,Espresso,3,Regular,,8.40,0.00,8.40,1.40,T30437450,Counter iPad,,Payment,Takeaway,,
2026-07-31,13:35:00,Europe/London,Drinks,Flat White,1,Regular,,3.40,0.00,3.40,0.57,T30437450,Counter iPad,,Payment,Eat in,,
2026-07-31,14:17:00,Europe/London,Starters,Soup of the Day,1,Regular,,7.00,0.00,7.00,1.17,T22552281,Counter iPad,regulars,Payment,Takeaway,,
2026-07-31,14:17:00,Europe/London,Starters,Rock Oysters,1,x3,,9.00,0.00,9.00,1.50,T22552281,Counter iPad,regulars,Payment,Takeaway,,
2026-07-31,14:17:00,Europe/London,Mains,Fish & Chips,1,Regular,,17.50,0.00,17.50,2.92,T22552281,Counter iPad,regulars,Payment,Takeaway,,
2026-07-31,14:17:00,Europe/London,Sides,Chips,1,Regular,,4.50,0.00,4.50,0.75,T22552281,Counter iPad,regulars,Payment,Eat in,,
2026-07-31,14:17:00,Europe/London,Starters,Pork Belly Bites,1,Regular,,8.00,0.00,8.00,1.33,T22552281,Counter iPad,regulars,Payment,Takeaway,,
2026-07-31,14:17:00,Europe/London,Mains,Tidewater Burger,1,Regular,,16.50,0.00,16.50,2.75,T22552281,Counter iPad,regulars,Payment,Eat in,,
2026-07-31,14:17:00,Europe/London,Sides,Tenderstem,1,Regular,,5.00,0.00,5.00,0.83,T22552281,Counter iPad,regulars,Payment,Eat in,,
2026-07-31,14:17:00,Europe/London,Sides,Bread & Butter,1,Regular,,4.00,0.00,4.00,0.67,T22552281,Counter iPad,regulars,Payment,Eat in,,
2026-07-31,14:17:00,Europe/London,Drinks,Lager Pint,1,Regular,,6.20,0.00,6.20,1.03,T22552281,Counter iPad,regulars,Payment,Eat in,,
2026-07-31,14:17:00,Europe/London,Drinks,Coke,1,Regular,,3.00,0.00,3.00,0.50,T22552281,Counter iPad,regulars,Payment,Eat in,,
2026-07-31,14:17:00,Europe/London,Drinks,Flat White,1,Regular,,3.40,0.00,3.40,0.57,T22552281,Counter iPad,regulars,Payment,Eat in,,
2026-07-31,14:25:00,Europe/London,Kids,Kids Fish & Chips,1,Regular,,8.00,0.00,8.00,1.33,T71804208,Counter iPad,,Payment,Eat in,,
2026-07-31,14:25:00,Europe/London,Kids,Kids Ice Cream,1,Regular,,3.50,0.00,3.50,0.58,T71804208,Counter iPad,,Payment,Eat in,,
2026-07-31,14:25:00,Europe/London,Mains,Tidewater Burger,1,Regular,,16.50,0.00,16.50,2.75,T71804208,Counter iPad,,Payment,Eat in,,
2026-07-31,14:25:00,Europe/London,Sides,Chips,1,Regular,,4.50,0.00,4.50,0.75,T71804208,Counter iPad,,Payment,Eat in,,
2026-07-31,14:25:00,Europe/London,Desserts,Sticky Toffee Pudding,1,Regular,,8.00,0.00,8.00,1.33,T71804208,Counter iPad,,Payment,Eat in,,
2026-07-31,14:25:00,Europe/London,Starters,Mackerel Pate,1,Regular,,8.50,0.00,8.50,1.42,T71804208,Counter iPad,,Payment,Eat in,,
2026-07-31,14:25:00,Europe/London,Mains,Chicken Supreme,1,Regular,,19.00,0.00,19.00,3.17,T71804208,Counter iPad,,Payment,Takeaway,,
2026-07-31,14:25:00,Europe/London,Mains,Fish & Chips,1,Small,,13.00,0.00,13.00,2.17,T71804208,Counter iPad,,Payment,Takeaway,,
2026-07-31,14:25:00,Europe/London,Sides,Bread & Butter,1,Regular,,4.00,0.00,4.00,0.67,T71804208,Counter iPad,,Payment,Eat in,,
2026-07-31,14:25:00,Europe/London,Drinks,Lager Pint,1,Regular,,6.20,0.00,6.20,1.03,T71804208,Counter iPad,,Payment,Eat in,,
2026-07-31,14:25:00,Europe/London,Drinks,House Red 175ml,1,Regular,,7.00,0.00,7.00,1.17,T71804208,Counter iPad,,Payment,Takeaway,,
2026-07-31,14:25:00,Europe/London,Drinks,Coke,1,Regular,,3.00,0.00,3.00,0.50,T71804208,Counter iPad,,Payment,Takeaway,,
2026-07-31,14:25:00,Europe/London,Drinks,Sparkling Water 750ml,1,Regular,,4.00,0.00,4.00,0.67,T71804208,Counter iPad,,Payment,Eat in,,
2026-07-31,14:32:00,Europe/London,Set Menu,Set Lunch - 2 Courses,3,Regular,"Mackerel Pate, Fish & Chips (Small), Mackerel Pate, Mushroom Risotto, Mackerel Pate, Fish & Chips (Small)",60.00,0.00,60.00,10.00,T19169595,Counter iPad,,Payment,Eat in,C287,Sample Customer 287
2026-07-31,14:32:00,Europe/London,Starters,Salt & Pepper Squid,1,Regular,,9.50,0.00,9.50,1.58,T19169595,Counter iPad,,Payment,Eat in,C287,Sample Customer 287
2026-07-31,14:32:00,Europe/London,Mains,Hake,1,Regular,,22.00,0.00,22.00,3.67,T19169595,Counter iPad,,Payment,Eat in,C287,Sample Customer 287
2026-07-31,14:32:00,Europe/London,Sides,Truffle Fries,1,Regular,,6.00,0.00,6.00,1.00,T19169595,Counter iPad,,Payment,Eat in,C287,Sample Customer 287
2026-07-31,14:32:00,Europe/London,Drinks,Lager Pint,1,Regular,,6.20,0.00,6.20,1.03,T19169595,Counter iPad,,Payment,Takeaway,C287,Sample Customer 287
2026-07-31,14:32:00,Europe/London,Drinks,House White 175ml,1,Regular,,7.00,0.00,7.00,1.17,T19169595,Counter iPad,,Payment,Eat in,C287,Sample Customer 287
2026-07-31,14:32:00,Europe/London,Drinks,House Red 175ml,1,Regular,,7.00,0.00,7.00,1.17,T19169595,Counter iPad,,Payment,Eat in,C287,Sample Customer 287
2026-07-31,14:32:00,Europe/London,Drinks,Espresso,1,Regular,,2.80,0.00,2.80,0.47,T19169595,Counter iPad,,Payment,Eat in,C287,Sample Customer 287
2026-07-31,14:32:00,Europe/London,Drinks,Flat White,1,Regular,,3.40,0.00,3.40,0.57,T19169595,Counter iPad,,Payment,Takeaway,C287,Sample Customer 287
2026-07-31,14:39:00,Europe/London,Set Menu,Set Lunch - 2 Courses,2,Regular,"Mackerel Pate, Fish & Chips (Small), Mackerel Pate, Mushroom Risotto",40.00,0.00,40.00,6.67,T37918429,Bar iPad,,Payment,Eat in,,
2026-07-31,14:39:00,Europe/London,Drinks,House White 175ml,2,Regular,,14.00,0.00,14.00,2.33,T37918429,Bar iPad,,Payment,Eat in,,
2026-07-31,18:19:00,Europe/London,Mains,SPECIAL - Crab Linguine,1,Regular,,18.00,0.00,18.00,3.00,T73194303,Counter iPad,,Payment,Eat in,,
2026-07-31,18:19:00,Europe/London,Mains,Lamb Rump,1,Regular,,26.00,0.00,26.00,4.33,T73194303,Counter iPad,,Payment,Eat in,,
2026-07-31,18:19:00,Europe/London,Sides,Bread & Butter,1,Regular,,4.00,0.00,4.00,0.67,T73194303,Counter iPad,,Payment,Eat in,,
2026-07-31,18:19:00,Europe/London,Drinks,Lager Pint,2,Regular,,12.40,0.00,12.40,2.07,T73194303,Counter iPad,,Payment,Takeaway,,
2026-07-31,18:19:00,Europe/London,Drinks,Coke,1,Regular,,3.00,0.00,3.00,0.50,T73194303,Counter iPad,,Payment,Eat in,,
2026-07-31,18:19:00,Europe/London,Drinks,Sparkling Water 750ml,1,Regular,,4.00,0.00,4.00,0.67,T73194303,Counter iPad,,Payment,Eat in,,
2026-07-31,18:22:00,Europe/London,Kids,Kids Burger,2,Regular,,15.00,0.00,15.00,2.50,T76319600,Counter iPad,,Payment,Eat in,,
2026-07-31,18:22:00,Europe/London,Starters,Soup of the Day,1,Regular,,7.00,0.00,7.00,1.17,T76319600,Counter iPad,,Payment,Takeaway,,
2026-07-31,18:22:00,Europe/London,Mains,Hake,1,Regular,,22.00,0.00,22.00,3.67,T76319600,Counter iPad,,Payment,Eat in,,
2026-07-31,18:22:00,Europe/London,Sides,Truffle Fries,1,Regular,,6.00,0.00,6.00,1.00,T76319600,Counter iPad,,Payment,Takeaway,,
2026-07-31,18:22:00,Europe/London,Mains,Fish & Chips,1,Regular,,17.50,0.00,17.50,2.92,T76319600,Counter iPad,,Payment,Eat in,,
2026-07-31,18:22:00,Europe/London,Starters,Salt & Pepper Squid,1,Regular,,9.50,0.00,9.50,1.58,T76319600,Counter iPad,,Payment,Eat in,,
2026-07-31,18:22:00,Europe/London,Mains,Tidewater Burger,1,Regular,,16.50,0.00,16.50,2.75,T76319600,Counter iPad,,Payment,Eat in,,
2026-07-31,18:22:00,Europe/London,Desserts,Crème Brûlée,1,Regular,,7.50,0.00,7.50,1.25,T76319600,Counter iPad,,Payment,Eat in,,
2026-07-31,18:22:00,Europe/London,Mains,Lamb Rump,1,Regular,,26.00,0.00,26.00,4.33,T76319600,Counter iPad,,Payment,Eat in,,
2026-07-31,18:22:00,Europe/London,Drinks,House White 175ml,1,Regular,,7.00,0.00,7.00,1.17,T76319600,Counter iPad,,Payment,Eat in,,
2026-07-31,18:22:00,Europe/London,Drinks,House Red 175ml,2,Regular,,14.00,0.00,14.00,2.33,T76319600,Counter iPad,,Payment,Eat in,,
2026-07-31,18:22:00,Europe/London,Drinks,Sparkling Water 750ml,1,Regular,,4.00,0.00,4.00,0.67,T76319600,Counter iPad,,Payment,Eat in,,
2026-07-31,18:25:00,Europe/London,Starters,Pork Belly Bites,3,Regular,,24.00,0.00,24.00,4.00,T96217564,Bar iPad,,Payment,Eat in,,
2026-07-31,18:25:00,Europe/London,Mains,Fish & Chips,2,Regular,,35.00,0.00,35.00,5.83,T96217564,Bar iPad,,Payment,Takeaway,,
2026-07-31,18:25:00,Europe/London,Sides,House Salad,1,Regular,,4.50,0.00,4.50,0.75,T96217564,Bar iPad,,Payment,Eat in,,
2026-07-31,18:25:00,Europe/London,Mains,Burger,2,Regular,,33.00,0.00,33.00,5.50,T96217564,Bar iPad,,Payment,Eat in,,
2026-07-31,18:25:00,Europe/London,Sides,Truffle Fries,2,Regular,,12.00,0.00,12.00,2.00,T96217564,Bar iPad,,Payment,Eat in,,
2026-07-31,18:25:00,Europe/London,Starters,Soup of the Day,1,Regular,,7.00,0.00,7.00,1.17,T96217564,Bar iPad,,Payment,Takeaway,,
2026-07-31,18:25:00,Europe/London,Sides,Tenderstem,1,Regular,,5.00,0.00,5.00,0.83,T96217564,Bar iPad,,Payment,Takeaway,,
2026-07-31,18:25:00,Europe/London,Sides,Fries,1,Regular,,4.50,0.00,4.50,0.75,T96217564,Bar iPad,,Payment,Takeaway,,
2026-07-31,18:25:00,Europe/London,Desserts,Choc Tart,1,Regular,,8.00,0.00,8.00,1.33,T96217564,Bar iPad,,Payment,Eat in,,
2026-07-31,18:25:00,Europe/London,Mains,SPECIAL - Crab Linguine,1,Regular,,18.00,0.00,18.00,3.00,T96217564,Bar iPad,,Payment,Takeaway,,
2026-07-31,18:25:00,Europe/London,Sides,Bread & Butter,1,Regular,,4.00,0.00,4.00,0.67,T96217564,Bar iPad,,Payment,Eat in,,
2026-07-31,18:25:00,Europe/London,Drinks,Lager Pint,2,Regular,,12.40,0.00,12.40,2.07,T96217564,Bar iPad,,Payment,Takeaway,,
2026-07-31,18:25:00,Europe/London,Drinks,House White 175ml,3,Regular,,21.00,0.00,21.00,3.50,T96217564,Bar iPad,,Payment,Takeaway,,
2026-07-31,18:25:00,Europe/London,Drinks,House Red 175ml,1,Regular,,7.00,0.00,7.00,1.17,T96217564,Bar iPad,,Payment,Eat in,,
2026-07-31,18:25:00,Europe/London,Drinks,Coke,3,Regular,,9.00,0.00,9.00,1.50,T96217564,Bar iPad,,Payment,Eat in,,
2026-07-31,18:25:00,Europe/London,Drinks,Espresso,1,Regular,,2.80,0.00,2.80,0.47,T96217564,Bar iPad,,Payment,Eat in,,
2026-07-31,18:25:00,Europe/London,Drinks,Flat White,1,Regular,,3.40,0.00,3.40,0.57,T96217564,Bar iPad,,Payment,Eat in,,
2026-07-31,18:32:00,Europe/London,Starters,Salt & Pepper Squid,2,Regular,,19.00,0.00,19.00,3.17,T50638829,Counter iPad,,Payment,Eat in,,
2026-07-31,18:32:00,Europe/London,Mains,Tidewater Burger,1,Regular,,16.50,0.00,16.50,2.75,T50638829,Counter iPad,,Payment,Takeaway,,
2026-07-31,18:32:00,Europe/London,Desserts,Crème Brûlée,1,Regular,,7.50,0.00,7.50,1.25,T50638829,Counter iPad,,Payment,Eat in,,
2026-07-31,18:32:00,Europe/London,Mains,Fish & Chips,1,Regular,,17.50,0.00,17.50,2.92,T50638829,Counter iPad,,Payment,Eat in,,
2026-07-31,18:32:00,Europe/London,Desserts,Sticky Toffee Pudding,1,Regular,,8.00,0.00,8.00,1.33,T50638829,Counter iPad,,Payment,Eat in,,
2026-07-31,18:32:00,Europe/London,Drinks,Lager Pint,1,Regular,,6.20,0.00,6.20,1.03,T50638829,Counter iPad,,Payment,Takeaway,,
2026-07-31,18:32:00,Europe/London,Drinks,House White 175ml,1,Regular,,7.00,0.00,7.00,1.17,T50638829,Counter iPad,,Payment,Eat in,,
2026-07-31,18:32:00,Europe/London,Drinks,House Red 175ml,1,Regular,,7.00,0.00,7.00,1.17,T50638829,Counter iPad,,Payment,Eat in,,
2026-07-31,18:39:00,Europe/London,Starters,Burrata,1,Regular,,10.00,0.00,10.00,1.67,T73581688,Counter iPad,,Payment,Takeaway,C290,Sample Customer 290
2026-07-31,18:39:00,Europe/London,Mains,Tidewater Burger,2,Regular,Add Bacon,33.00,0.00,33.00,5.50,T73581688,Counter iPad,,Payment,Eat in,C290,Sample Customer 290
2026-07-31,18:39:00,Europe/London,Desserts,Sticky Toffee Pudding,2,Regular,,16.00,0.00,16.00,2.67,T73581688,Counter iPad,,Payment,Takeaway,C290,Sample Customer 290
2026-07-31,18:39:00,Europe/London,Starters,Mackerel Pate,2,Regular,,17.00,0.00,17.00,2.83,T73581688,Counter iPad,,Payment,Eat in,C290,Sample Customer 290
2026-07-31,18:39:00,Europe/London,Mains,Chicken Supreme,1,Regular,,19.00,0.00,19.00,3.17,T73581688,Counter iPad,,Payment,Eat in,C290,Sample Customer 290
2026-07-31,18:39:00,Europe/London,Sides,Chips,1,Regular,,4.50,0.00,4.50,0.75,T73581688,Counter iPad,,Payment,Eat in,C290,Sample Customer 290
2026-07-31,18:39:00,Europe/London,Starters,Salt & Pepper Squid,1,Regular,,9.50,0.00,9.50,1.58,T73581688,Counter iPad,,Payment,Takeaway,C290,Sample Customer 290
2026-07-31,18:39:00,Europe/London,Mains,Fish & Chips,1,Regular,,17.50,0.00,17.50,2.92,T73581688,Counter iPad,,Payment,Eat in,C290,Sample Customer 290
2026-07-31,18:39:00,Europe/London,Desserts,Cheeseboard,1,3,,11.00,0.00,11.00,1.83,T73581688,Counter iPad,,Payment,Takeaway,C290,Sample Customer 290
2026-07-31,18:39:00,Europe/London,Drinks,Lager Pint,3,Regular,,18.60,0.00,18.60,3.10,T73581688,Counter iPad,,Payment,Takeaway,C290,Sample Customer 290
2026-07-31,18:39:00,Europe/London,Drinks,Flat White,1,Regular,,3.40,0.00,3.40,0.57,T73581688,Counter iPad,,Payment,Eat in,C290,Sample Customer 290
2026-07-31,19:57:00,Europe/London,Mains,Fish & Chips,2,Regular,,35.00,0.00,35.00,5.83,T33474356,Bar iPad,,Payment,Eat in,,
2026-07-31,19:57:00,Europe/London,Starters,Rock Oysters,1,x3,,9.00,0.00,9.00,1.50,T33474356,Bar iPad,,Payment,Takeaway,,
2026-07-31,19:57:00,Europe/London,Desserts,Creme Brulee,1,Regular,,7.50,0.00,7.50,1.25,T33474356,Bar iPad,,Payment,Eat in,,
2026-07-31,19:57:00,Europe/London,Drinks,Lager Pint,2,Regular,,12.40,0.00,12.40,2.07,T33474356,Bar iPad,,Payment,Eat in,,
2026-07-31,19:57:00,Europe/London,Drinks,House White 175ml,2,Regular,,14.00,0.00,14.00,2.33,T33474356,Bar iPad,,Payment,Takeaway,,
2026-07-31,19:57:00,Europe/London,Drinks,House Red 175ml,1,Regular,,7.00,0.00,7.00,1.17,T33474356,Bar iPad,,Payment,Eat in,,
2026-07-31,19:57:00,Europe/London,Drinks,Coke,1,Regular,,3.00,0.00,3.00,0.50,T33474356,Bar iPad,,Payment,Takeaway,,
2026-07-31,19:57:00,Europe/London,Drinks,Sparkling Water 750ml,1,Regular,,4.00,0.00,4.00,0.67,T33474356,Bar iPad,,Payment,Eat in,,
2026-07-31,19:57:00,Europe/London,Drinks,Flat White,1,Regular,,3.40,0.00,3.40,0.57,T33474356,Bar iPad,,Payment,Eat in,,
2026-07-31,20:02:00,Europe/London,Starters,Mackerel Pate,1,Regular,,8.50,0.00,8.50,1.42,T42332876,Counter iPad,,Payment,Eat in,,
2026-07-31,20:02:00,Europe/London,Mains,Tidewater Burger,1,Regular,,16.50,0.00,16.50,2.75,T42332876,Counter iPad,,Payment,Eat in,,
2026-07-31,20:02:00,Europe/London,Mains,Steak Frites,1,Regular,,24.00,0.00,24.00,4.00,T42332876,Counter iPad,,Payment,Eat in,,
2026-07-31,20:02:00,Europe/London,Sides,Peppercorn Sauce,1,Regular,,3.00,0.00,3.00,0.50,T42332876,Counter iPad,,Payment,Eat in,,
2026-07-31,20:02:00,Europe/London,Drinks,Lager Pint,1,Regular,,6.20,0.00,6.20,1.03,T42332876,Counter iPad,,Payment,Eat in,,
2026-07-31,20:02:00,Europe/London,Drinks,Coke,1,Regular,,3.00,0.00,3.00,0.50,T42332876,Counter iPad,,Payment,Takeaway,,
2026-07-31,20:04:00,Europe/London,Starters,Burrata,1,Regular,,10.00,0.00,10.00,1.67,T63885666,Counter iPad,,Payment,Eat in,,
2026-07-31,20:04:00,Europe/London,Mains,Fish & Chips,1,Small,,13.00,0.00,13.00,2.17,T63885666,Counter iPad,,Payment,Eat in,,
2026-07-31,20:04:00,Europe/London,Desserts,Sticky Toffee Pudding,1,Regular,,8.00,0.00,8.00,1.33,T63885666,Counter iPad,,Payment,Eat in,,
2026-07-31,20:04:00,Europe/London,Mains,Steak Frites,1,Regular,,24.00,0.00,24.00,4.00,T63885666,Counter iPad,,Payment,Eat in,,
2026-07-31,20:04:00,Europe/London,Sides,Truffle Fries,1,Regular,,6.00,0.00,6.00,1.00,T63885666,Counter iPad,,Payment,Takeaway,,
2026-07-31,20:04:00,Europe/London,Drinks,Lager Pint,1,Regular,,6.20,0.00,6.20,1.03,T63885666,Counter iPad,,Payment,Eat in,,
2026-07-31,20:04:00,Europe/London,Drinks,Coke,1,Regular,,3.00,0.00,3.00,0.50,T63885666,Counter iPad,,Payment,Takeaway,,
2026-07-31,20:12:00,Europe/London,Kids,Kids Burger,1,Regular,,7.50,0.00,7.50,1.25,T82756765,Counter iPad,,Payment,Takeaway,,
2026-07-31,20:12:00,Europe/London,Starters,Salt & Pepper Squid,2,Regular,,19.00,0.00,19.00,3.17,T82756765,Counter iPad,,Payment,Eat in,,
2026-07-31,20:12:00,Europe/London,Mains,Tidewater Burger,2,Regular,,33.00,0.00,33.00,5.50,T82756765,Counter iPad,,Payment,Takeaway,,
2026-07-31,20:12:00,Europe/London,Sides,Chips,1,Regular,,4.50,0.00,4.50,0.75,T82756765,Counter iPad,,Payment,Takeaway,,
2026-07-31,20:12:00,Europe/London,Mains,Fish & Chips,1,Regular,,17.50,0.00,17.50,2.92,T82756765,Counter iPad,,Payment,Takeaway,,
2026-07-31,20:12:00,Europe/London,Desserts,Sticky Toffee Pudding,1,Regular,,8.00,0.00,8.00,1.33,T82756765,Counter iPad,,Payment,Eat in,,
2026-07-31,20:12:00,Europe/London,Starters,Burrata,1,Regular,,10.00,0.00,10.00,1.67,T82756765,Counter iPad,,Payment,Eat in,,
2026-07-31,20:12:00,Europe/London,Mains,Chicken Supreme,1,Regular,,19.00,0.00,19.00,3.17,T82756765,Counter iPad,,Payment,Takeaway,,
2026-07-31,20:12:00,Europe/London,Starters,Rock Oysters,1,x3,,9.00,0.00,9.00,1.50,T82756765,Counter iPad,,Payment,Eat in,,
2026-07-31,20:12:00,Europe/London,Sides,Bread & Butter,1,Regular,,4.00,0.00,4.00,0.67,T82756765,Counter iPad,,Payment,Eat in,,
2026-07-31,20:12:00,Europe/London,Drinks,Lager Pint,3,Regular,,18.60,0.00,18.60,3.10,T82756765,Counter iPad,,Payment,Eat in,,
2026-07-31,20:12:00,Europe/London,Drinks,House White 175ml,1,Regular,,7.00,0.00,7.00,1.17,T82756765,Counter iPad,,Payment,Takeaway,,
2026-07-31,20:12:00,Europe/London,Drinks,House Red 175ml,1,Regular,,7.00,0.00,7.00,1.17,T82756765,Counter iPad,,Payment,Eat in,,
2026-07-31,20:12:00,Europe/London,Drinks,Coke,1,Regular,,3.00,0.00,3.00,0.50,T82756765,Counter iPad,,Payment,Eat in,,
2026-07-31,20:12:00,Europe/London,Drinks,Espresso,1,Regular,,2.80,0.00,2.80,0.47,T82756765,Counter iPad,,Payment,Takeaway,,
2026-07-31,20:12:00,Europe/London,Drinks,Flat White,1,Regular,,3.40,0.00,3.40,0.57,T82756765,Counter iPad,,Payment,Eat in,,
2026-07-31,20:12:00,Europe/London,Mains,Fish & Chips,2,Regular,,35.00,0.00,35.00,5.83,T30055270,Counter iPad,,Payment,Eat in,C877,Sample Customer 877
2026-07-31,20:12:00,Europe/London,Desserts,Sticky Toffee Pudding,1,Regular,,8.00,0.00,8.00,1.33,T30055270,Counter iPad,,Payment,Eat in,C877,Sample Customer 877
2026-07-31,20:12:00,Europe/London,Sides,Bread & Butter,1,Regular,,4.00,0.00,4.00,0.67,T30055270,Counter iPad,,Payment,Eat in,C877,Sample Customer 877
2026-07-31,20:12:00,Europe/London,Drinks,Lager Pint,2,Regular,,12.40,0.00,12.40,2.07,T30055270,Counter iPad,,Payment,Takeaway,C877,Sample Customer 877
2026-07-31,20:12:00,Europe/London,Drinks,House Red 175ml,1,Regular,,7.00,0.00,7.00,1.17,T30055270,Counter iPad,,Payment,Eat in,C877,Sample Customer 877
2026-07-31,20:12:00,Europe/London,Drinks,Sparkling Water 750ml,1,Regular,,4.00,0.00,4.00,0.67,T30055270,Counter iPad,,Payment,Takeaway,C877,Sample Customer 877
2026-07-31,20:15:00,Europe/London,Starters,Pork Belly Bites,1,Regular,,8.00,0.00,8.00,1.33,T85588580,Bar iPad,,Payment,Takeaway,,
2026-07-31,20:15:00,Europe/London,Starters,Rock Oysters,1,x3,,9.00,0.00,9.00,1.50,T85588580,Bar iPad,,Payment,Takeaway,,
2026-07-31,20:15:00,Europe/London,Mains,Fish & Chips,1,Regular,,17.50,0.00,17.50,2.92,T85588580,Bar iPad,,Payment,Eat in,,
2026-07-31,20:15:00,Europe/London,Desserts,Sticky Toffee Pudding,1,Regular,,8.00,0.00,8.00,1.33,T85588580,Bar iPad,,Payment,Eat in,,
2026-07-31,20:15:00,Europe/London,Mains,Hake,1,Regular,,22.00,0.00,22.00,3.67,T85588580,Bar iPad,,Payment,Eat in,,
2026-07-31,20:15:00,Europe/London,Sides,Fries,1,Regular,,4.50,0.00,4.50,0.75,T85588580,Bar iPad,,Payment,Eat in,,
2026-07-31,20:15:00,Europe/London,Sides,Bread & Butter,1,Regular,,4.00,0.00,4.00,0.67,T85588580,Bar iPad,,Payment,Eat in,,
2026-07-31,20:15:00,Europe/London,Drinks,Flat White,1,Regular,,3.40,0.00,3.40,0.57,T85588580,Bar iPad,,Payment,Eat in,,
2026-07-31,20:37:00,Europe/London,Mains,Steak Frites,1,Regular,,24.00,0.00,24.00,4.00,T66800179,Counter iPad,,Payment,Eat in,,
2026-07-31,20:37:00,Europe/London,Desserts,Choc Tart,1,Regular,,8.00,0.00,8.00,1.33,T66800179,Counter iPad,,Payment,Eat in,,
2026-07-31,20:37:00,Europe/London,Starters,Salt & Pepper Squid,1,Regular,,9.50,0.00,9.50,1.58,T66800179,Counter iPad,,Payment,Eat in,,
2026-07-31,20:37:00,Europe/London,Mains,Mushroom Risotto,1,Regular,,15.00,0.00,15.00,2.50,T66800179,Counter iPad,,Payment,Eat in,,
2026-07-31,20:37:00,Europe/London,Sides,House Salad,1,Regular,,4.50,0.00,4.50,0.75,T66800179,Counter iPad,,Payment,Takeaway,,
2026-07-31,20:37:00,Europe/London,Sides,Bread & Butter,1,Regular,,4.00,0.00,4.00,0.67,T66800179,Counter iPad,,Payment,Eat in,,
2026-07-31,20:37:00,Europe/London,Drinks,Lager Pint,1,Regular,,6.20,0.00,6.20,1.03,T66800179,Counter iPad,,Payment,Takeaway,,
2026-07-31,20:37:00,Europe/London,Drinks,House White 175ml,1,Regular,,7.00,0.00,7.00,1.17,T66800179,Counter iPad,,Payment,Takeaway,,
2026-07-31,21:04:00,Europe/London,Starters,Soup of the Day,2,Regular,,14.00,0.00,14.00,2.33,T98758967,Counter iPad,,Payment,Eat in,,
2026-07-31,21:04:00,Europe/London,Mains,Steak Frites,1,Regular,,24.00,0.00,24.00,4.00,T98758967,Counter iPad,,Payment,Takeaway,,
2026-07-31,21:04:00,Europe/London,Sides,Peppercorn Sauce,1,Regular,,3.00,0.00,3.00,0.50,T98758967,Counter iPad,,Payment,Eat in,,
2026-07-31,21:04:00,Europe/London,Mains,Fish & Chips,1,Regular,,17.50,0.00,17.50,2.92,T98758967,Counter iPad,,Payment,Eat in,,
2026-07-31,21:04:00,Europe/London,Desserts,Crème Brûlée,1,Regular,,7.50,0.00,7.50,1.25,T98758967,Counter iPad,,Payment,Takeaway,,
2026-07-31,21:04:00,Europe/London,Sides,Bread & Butter,1,Regular,,4.00,0.00,4.00,0.67,T98758967,Counter iPad,,Payment,Eat in,,
2026-07-31,21:04:00,Europe/London,Drinks,House White 175ml,1,Regular,,7.00,0.00,7.00,1.17,T98758967,Counter iPad,,Payment,Eat in,,
2026-07-31,21:21:00,Europe/London,Mains,SPECIAL - Crab Linguine,1,Regular,,18.00,0.00,18.00,3.00,T27413557,Counter iPad,,Payment,Eat in,C188,Sample Customer 188
2026-07-31,21:21:00,Europe/London,Sides,Chips,2,Regular,,9.00,0.00,9.00,1.50,T27413557,Counter iPad,,Payment,Eat in,C188,Sample Customer 188
2026-07-31,21:21:00,Europe/London,Starters,Pork Belly Bites,1,Regular,,8.00,0.00,8.00,1.33,T27413557,Counter iPad,,Payment,Takeaway,C188,Sample Customer 188
2026-07-31,21:21:00,Europe/London,Mains,Fish & Chips,1,Regular,,17.50,0.00,17.50,2.92,T27413557,Counter iPad,,Payment,Eat in,C188,Sample Customer 188
2026-07-31,21:21:00,Europe/London,Drinks,House Red 175ml,1,Regular,,7.00,0.00,7.00,1.17,T27413557,Counter iPad,,Payment,Takeaway,C188,Sample Customer 188
2026-07-31,21:21:00,Europe/London,Drinks,Coke,1,Regular,,3.00,0.00,3.00,0.50,T27413557,Counter iPad,,Payment,Eat in,C188,Sample Customer 188
2026-07-31,21:21:00,Europe/London,Drinks,Sparkling Water 750ml,1,Regular,,4.00,0.00,4.00,0.67,T27413557,Counter iPad,,Payment,Takeaway,C188,Sample Customer 188
2026-07-31,21:21:00,Europe/London,Drinks,Flat White,1,Regular,,3.40,0.00,3.40,0.57,T27413557,Counter iPad,,Payment,Eat in,C188,Sample Customer 188
2026-07-31,21:24:00,Europe/London,Starters,Burrata,1,Regular,,10.00,0.00,10.00,1.67,T73872483,Counter iPad,,Payment,Eat in,,
2026-07-31,21:24:00,Europe/London,Mains,Chicken Supreme,1,Regular,,19.00,0.00,19.00,3.17,T73872483,Counter iPad,,Payment,Eat in,,
2026-07-31,21:24:00,Europe/London,Mains,Tidewater Burger,1,Regular,,16.50,0.00,16.50,2.75,T73872483,Counter iPad,,Payment,Eat in,,
2026-07-31,21:24:00,Europe/London,Desserts,Crème Brûlée,1,Regular,,7.50,0.00,7.50,1.25,T73872483,Counter iPad,,Payment,Eat in,,
2026-07-31,21:24:00,Europe/London,Drinks,Lager Pint,1,Regular,,6.20,0.00,6.20,1.03,T73872483,Counter iPad,,Payment,Eat in,,
2026-07-31,21:24:00,Europe/London,Drinks,Coke,1,Regular,,3.00,0.00,3.00,0.50,T73872483,Counter iPad,,Payment,Eat in,,
2026-07-31,21:24:00,Europe/London,Drinks,Sparkling Water 750ml,1,Regular,,4.00,0.00,4.00,0.67,T73872483,Counter iPad,,Payment,Eat in,,
2026-07-31,22:16:00,Europe/London,Starters,Burrata,1,Regular,,10.00,0.00,10.00,1.67,T17458835,Counter iPad,,Payment,Eat in,,
2026-07-31,22:16:00,Europe/London,Mains,Mushroom Risotto,1,Regular,,15.00,0.00,15.00,2.50,T17458835,Counter iPad,,Payment,Eat in,,
2026-07-31,22:16:00,Europe/London,Sides,Truffle Fries,1,Regular,,6.00,0.00,6.00,1.00,T17458835,Counter iPad,,Payment,Eat in,,
2026-07-31,22:16:00,Europe/London,Desserts,Crème Brûlée,1,Regular,,7.50,0.00,7.50,1.25,T17458835,Counter iPad,,Payment,Eat in,,
2026-07-31,22:16:00,Europe/London,Starters,Mackerel Pate,1,Regular,,8.50,0.00,8.50,1.42,T17458835,Counter iPad,,Payment,Eat in,,
2026-07-31,22:16:00,Europe/London,Mains,SPECIAL - Crab Linguine,1,Regular,,18.00,0.00,18.00,3.00,T17458835,Counter iPad,,Payment,Takeaway,,
2026-07-31,22:16:00,Europe/London,Sides,Bread & Butter,1,Regular,,4.00,0.00,4.00,0.67,T17458835,Counter iPad,,Payment,Eat in,,
2026-07-31,22:16:00,Europe/London,Drinks,Lager Pint,1,Regular,,6.20,0.00,6.20,1.03,T17458835,Counter iPad,,Payment,Takeaway,,
2026-07-31,22:16:00,Europe/London,Drinks,House White 175ml,1,Regular,,7.00,0.00,7.00,1.17,T17458835,Counter iPad,,Payment,Eat in,,
2026-07-31,22:16:00,Europe/London,Drinks,House Red 175ml,1,Regular,,7.00,0.00,7.00,1.17,T17458835,Counter iPad,,Payment,Takeaway,,
2026-07-31,16:30:00,Europe/London,Other,Staff Meal,1,Regular,Burger,10.00,-10.00,0.00,0.00,T64377453,Counter iPad,,Payment,Eat in,,
2026-07-31,22:26:00,Europe/London,Starters,Salt & Pepper Squid,1,Regular,,9.50,0.00,9.50,1.58,T92531966,Counter iPad,,Payment,Eat in,,
2026-07-31,22:26:00,Europe/London,Mains,Tidewater Burger,1,Regular,Add Bacon,16.50,0.00,16.50,2.75,T92531966,Counter iPad,,Payment,Eat in,,
2026-07-31,22:26:00,Europe/London,Desserts,Crème Brûlée,1,Regular,,7.50,0.00,7.50,1.25,T92531966,Counter iPad,,Payment,Eat in,,
2026-07-31,22:26:00,Europe/London,Sides,Bread & Butter,1,Regular,,4.00,0.00,4.00,0.67,T92531966,Counter iPad,,Payment,Eat in,,
2026-07-31,22:26:00,Europe/London,Drinks,Lager Pint,1,Regular,,6.20,0.00,6.20,1.03,T92531966,Counter iPad,,Payment,Eat in,,
2026-07-31,22:33:00,Europe/London,Mains,Fish & Chips,2,Regular,,35.00,0.00,35.00,5.83,T31702566,Bar iPad,,Payment,Eat in,,
2026-07-31,22:33:00,Europe/London,Sides,Fries,1,Regular,,4.50,0.00,4.50,0.75,T31702566,Bar iPad,,Payment,Eat in,,
2026-07-31,22:34:00,Europe/London,Starters,Pork Belly Bites,1,Regular,,8.00,0.00,8.00,1.33,T20879725,Bar iPad,,Payment,Eat in,,
2026-07-31,22:34:00,Europe/London,Mains,Hake,1,Regular,,22.00,0.00,22.00,3.67,T20879725,Bar iPad,,Payment,Eat in,,
2026-07-31,22:34:00,Europe/London,Starters,Burrata,1,Regular,,10.00,0.00,10.00,1.67,T20879725,Bar iPad,,Payment,Eat in,,
2026-07-31,22:34:00,Europe/London,Mains,Burger,1,Regular,,16.50,0.00,16.50,2.75,T20879725,Bar iPad,,Payment,Eat in,,
2026-07-31,22:34:00,Europe/London,Desserts,Creme Brulee,1,Regular,,7.50,0.00,7.50,1.25,T20879725,Bar iPad,,Payment,Eat in,,
2026-07-31,22:34:00,Europe/London,Drinks,Lager Pint,2,Regular,,12.40,0.00,12.40,2.07,T20879725,Bar iPad,,Payment,Eat in,,
2026-07-31,22:34:00,Europe/London,Drinks,House Red 175ml,1,Regular,,7.00,0.00,7.00,1.17,T20879725,Bar iPad,,Payment,Eat in,,
2026-07-31,22:34:00,Europe/London,Drinks,Sparkling Water 750ml,1,Regular,,4.00,0.00,4.00,0.67,T20879725,Bar iPad,,Payment,Eat in,,
2026-07-31,22:34:00,Europe/London,Drinks,Espresso,1,Regular,,2.80,0.00,2.80,0.47,T20879725,Bar iPad,,Payment,Eat in,,
2026-07-31,22:34:00,Europe/London,Drinks,Flat White,1,Regular,,3.40,0.00,3.40,0.57,T20879725,Bar iPad,,Payment,Eat in,,
2026-07-31,22:51:00,Europe/London,Mains,Steak Frites,2,Regular,,48.00,0.00,48.00,8.00,T25000588,Counter iPad,,Payment,Eat in,,
2026-07-31,22:51:00,Europe/London,Sides,Peppercorn Sauce,1,Regular,,3.00,0.00,3.00,0.50,T25000588,Counter iPad,,Payment,Eat in,,
2026-07-31,22:51:00,Europe/London,Starters,Rock Oysters,1,x3,,9.00,0.00,9.00,1.50,T25000588,Counter iPad,,Payment,Eat in,,
2026-07-31,22:51:00,Europe/London,Mains,Fish & Chips,2,Regular,,35.00,0.00,35.00,5.83,T25000588,Counter iPad,,Payment,Eat in,,
2026-07-31,22:51:00,Europe/London,Sides,House Salad,1,Regular,,4.50,0.00,4.50,0.75,T25000588,Counter iPad,,Payment,Eat in,,
2026-07-31,22:51:00,Europe/London,Desserts,Sticky Toffee Pudding,1,Regular,,8.00,0.00,8.00,1.33,T25000588,Counter iPad,,Payment,Eat in,,
2026-07-31,22:51:00,Europe/London,Starters,Soup of the Day,1,Regular,,7.00,0.00,7.00,1.17,T25000588,Counter iPad,,Payment,Eat in,,
2026-07-31,22:51:00,Europe/London,Sides,Chips,1,Regular,,4.50,0.00,4.50,0.75,T25000588,Counter iPad,,Payment,Eat in,,
2026-07-31,22:51:00,Europe/London,Starters,Salt & Pepper Squid,2,Regular,,19.00,0.00,19.00,3.17,T25000588,Counter iPad,,Payment,Takeaway,,
2026-07-31,22:51:00,Europe/London,Mains,SPECIAL - Crab Linguine,1,Regular,,18.00,0.00,18.00,3.00,T25000588,Counter iPad,,Payment,Eat in,,
2026-07-31,22:51:00,Europe/London,Sides,Tenderstem,1,Regular,,5.00,0.00,5.00,0.83,T25000588,Counter iPad,,Payment,Eat in,,
2026-07-31,22:51:00,Europe/London,Mains,Tidewater Burger,1,Regular,,16.50,0.00,16.50,2.75,T25000588,Counter iPad,,Payment,Eat in,,
2026-07-31,22:51:00,Europe/London,Desserts,Cheeseboard,1,5,,16.00,0.00,16.00,2.67,T25000588,Counter iPad,,Payment,Eat in,,
2026-07-31,22:51:00,Europe/London,Drinks,Lager Pint,1,Regular,,6.20,0.00,6.20,1.03,T25000588,Counter iPad,,Payment,Eat in,,
2026-07-31,22:51:00,Europe/London,Drinks,House White 175ml,3,Regular,,21.00,0.00,21.00,3.50,T25000588,Counter iPad,,Payment,Eat in,,
2026-07-31,22:51:00,Europe/London,Drinks,House Red 175ml,1,Regular,,7.00,0.00,7.00,1.17,T25000588,Counter iPad,,Payment,Eat in,,
2026-07-31,22:51:00,Europe/London,Drinks,Coke,2,Regular,,6.00,0.00,6.00,1.00,T25000588,Counter iPad,,Payment,Eat in,,
2026-07-31,22:51:00,Europe/London,Drinks,Espresso,1,Regular,,2.80,0.00,2.80,0.47,T25000588,Counter iPad,,Payment,Takeaway,,
2026-07-31,22:51:00,Europe/London,Drinks,Flat White,1,Regular,,3.40,0.00,3.40,0.57,T25000588,Counter iPad,,Payment,Eat in,,
2026-07-31,23:43:00,Europe/London,Starters,Pork Belly Bites,2,Regular,,16.00,0.00,16.00,2.67,T73917920,Counter iPad,,Payment,Eat in,,
2026-07-31,23:43:00,Europe/London,Mains,Tidewater Burger,2,Regular,,33.00,0.00,33.00,5.50,T73917920,Counter iPad,,Payment,Eat in,,
2026-07-31,23:43:00,Europe/London,Sides,Chips,1,Regular,,4.50,0.00,4.50,0.75,T73917920,Counter iPad,,Payment,Eat in,,
2026-07-31,23:43:00,Europe/London,Sides,Bread & Butter,1,Regular,,4.00,0.00,4.00,0.67,T73917920,Counter iPad,,Payment,Eat in,,
2026-07-31,23:45:00,Europe/London,Sides,Bread & Butter,1,Regular,,0.00,0.00,0.00,0.00,T73917920,Counter iPad,wrong table,Void,Eat in,,
2026-07-31,23:43:00,Europe/London,Drinks,Lager Pint,1,Regular,,6.20,0.00,6.20,1.03,T73917920,Counter iPad,,Payment,Takeaway,,
2026-07-31,23:43:00,Europe/London,Drinks,House White 175ml,1,Regular,,7.00,0.00,7.00,1.17,T73917920,Counter iPad,,Payment,Takeaway,,
2026-07-31,23:43:00,Europe/London,Drinks,Coke,1,Regular,,3.00,0.00,3.00,0.50,T73917920,Counter iPad,,Payment,Takeaway,,
2026-07-31,23:50:00,Europe/London,Starters,Rock Oysters,1,x3,,9.00,0.00,9.00,1.50,T52603908,Counter iPad,,Payment,Eat in,,
2026-07-31,23:50:00,Europe/London,Mains,Tidewater Burger,1,Regular,,16.50,0.00,16.50,2.75,T52603908,Counter iPad,,Payment,Eat in,,
2026-07-31,23:50:00,Europe/London,Sides,Bread & Butter,1,Regular,,4.00,0.00,4.00,0.67,T52603908,Counter iPad,,Payment,Eat in,,
2026-07-31,23:50:00,Europe/London,Drinks,Coke,1,Regular,,3.00,0.00,3.00,0.50,T52603908,Counter iPad,,Payment,Eat in,,
