Date,Time,Time Zone,Category,Item,Qty,Price Point Name,Modifiers Applied,Gross Sales,Discounts,Net Sales,Tax,Transaction ID,Device Name,Event Type,Dining Option,Customer ID,Customer Name
2026-09-01,12:05:00,Europe/London,Dessert,Nutella Calzone,3,Regular,,22.50,0.00,22.50,3.75,T284765,Counter iPad,Payment,Eat in,,
2026-09-01,12:41:00,Europe/London,Dessert,Tiramisu,2,Regular,,14.00,0.00,14.00,2.33,T433434,Counter iPad,Payment,Eat in,,
2026-09-01,12:54:00,Europe/London,Dessert,Panna Cotta,1,Regular,,7.00,0.00,7.00,1.17,T812045,Counter iPad,Payment,Eat in,,
2026-09-01,13:06:00,Europe/London,Starter,Arancini,3,Regular,,22.50,0.00,22.50,3.75,T173769,Counter iPad,Payment,Eat in,,
2026-09-01,13:09:00,Europe/London,Service,Service Charge 12.5%,4,Regular,,0.00,0.00,0.00,0.00,T231821,Counter iPad,Payment,Takeaway,,
2026-09-01,13:13:00,Europe/London,Main,Diavola,1,Regular,,13.00,0.00,13.00,2.17,T394260,Counter iPad,Payment,Takeaway,,
2026-09-01,13:14:00,Europe/London,Starter,Garlic Bread,1,Regular,,6.50,0.00,6.50,1.08,T761259,Counter iPad,Payment,Takeaway,,
2026-09-01,13:47:00,Europe/London,Starter,Burrata,3,Regular,,28.50,0.00,28.50,4.75,T787374,Counter iPad,Payment,Eat in,,
2026-09-01,14:04:00,Europe/London,Drinks,Peroni 330ml,38,Regular,,190.00,0.00,190.00,31.67,T820398,Counter iPad,Payment,Takeaway,C4895,Sample Customer 48
2026-09-01,14:13:00,Europe/London,Main,Mortadella & Pistachio,4,Regular,,60.00,0.00,60.00,10.00,T253416,Counter iPad,Payment,Takeaway,,
2026-09-01,14:40:00,Europe/London,Starter,Arancini,3,Regular,,22.50,0.00,22.50,3.75,T364025,Counter iPad,Payment,Takeaway,,
2026-09-01,14:45:00,Europe/London,Starter,Bruschetta,1,Regular,,6.00,0.00,6.00,1.00,T919768,Counter iPad,Payment,Eat in,,
2026-09-01,15:05:00,Europe/London,Starter,Garlic Bread,2,Regular,,13.00,0.00,13.00,2.17,T677814,Counter iPad,Payment,Eat in,,
2026-09-01,15:15:00,Europe/London,Side,Dough Balls,2,Regular,,10.00,0.00,10.00,1.67,T333727,Counter iPad,Payment,Eat in,C3611,Sample Customer 76
2026-09-01,15:27:00,Europe/London,Main,Nduja + Hot Honey,3,Regular,,42.00,0.00,42.00,7.00,T587722,Counter iPad,Payment,Eat in,,
2026-09-01,15:36:00,Europe/London,Starter,Arancini,1,Regular,,7.50,0.00,7.50,1.25,T139417,Counter iPad,Payment,Takeaway,,
2026-09-01,15:38:00,Europe/London,Main,Margherita,1,Regular,,11.50,0.00,11.50,1.92,T625390,Counter iPad,Payment,Eat in,,
2026-09-01,15:52:00,Europe/London,Main,Margherita,3,Regular,,34.50,0.00,34.50,5.75,T308059,Counter iPad,Payment,Takeaway,,
2026-09-01,16:17:00,Europe/London,Main,Margherita,1,Regular,,11.50,0.00,11.50,1.92,T172268,Counter iPad,Payment,Eat in,,
2026-09-01,16:17:00,Europe/London,Main,Prosciutto Rucola,3,Regular,,43.50,0.00,43.50,7.25,T920054,Counter iPad,Payment,Eat in,C4370,Sample Customer 66
2026-09-01,16:23:00,Europe/London,Main,Nduja + Hot Honey,2,Regular,,28.00,0.00,28.00,4.67,T359453,Counter iPad,Payment,Eat in,,
2026-09-01,16:25:00,Europe/London,Main,Margherita,3,Regular,,34.50,0.00,34.50,5.75,T542458,Counter iPad,Payment,Eat in,,
2026-09-01,16:28:00,Europe/London,Side,Rocket Salad,3,Regular,,15.00,0.00,15.00,2.50,T114471,Counter iPad,Payment,Eat in,,
2026-09-01,17:13:00,Europe/London,Side,Fries (Rosemary),1,Regular,,4.50,0.00,4.50,0.75,T786355,Counter iPad,Payment,Eat in,,
2026-09-01,17:14:00,Europe/London,Main,Salsiccia e Friarielli,1,Regular,,14.00,0.00,14.00,2.33,T521554,Counter iPad,Payment,Eat in,,
2026-09-01,17:25:00,Europe/London,Dessert,Nutella Calzone,1,Regular,,7.50,0.00,7.50,1.25,T163234,Counter iPad,Payment,Eat in,,
2026-09-01,17:43:00,Europe/London,Main,Salsiccia e Friarielli,1,Regular,,14.00,0.00,14.00,2.33,T520990,Counter iPad,Payment,Takeaway,,
2026-09-01,17:49:00,Europe/London,Side,Friarielli,1,Regular,,6.00,0.00,6.00,1.00,T844103,Counter iPad,Payment,Eat in,,
2026-09-01,17:51:00,Europe/London,Side,Fries (Rosemary),3,Regular,,13.50,0.00,13.50,2.25,T198540,Counter iPad,Payment,Takeaway,C8932,Sample Customer 63
2026-09-01,18:07:00,Europe/London,Main,Diavola,3,Regular,,39.00,0.00,39.00,6.50,T162811,Counter iPad,Payment,Eat in,,
2026-09-01,18:14:00,Europe/London,Main,Funghi,3,Regular,,36.00,0.00,36.00,6.00,T749543,Counter iPad,Payment,Eat in,,
2026-09-01,18:16:00,Europe/London,Side,Fries (Rosemary),2,Regular,,9.00,0.00,9.00,1.50,T680940,Counter iPad,Payment,Eat in,,
2026-09-01,18:37:00,Europe/London,Side,Dough Balls,1,Regular,,5.00,0.00,5.00,0.83,T901170,Counter iPad,Payment,Eat in,,
2026-09-01,18:40:00,Europe/London,Side,Fries (Rosemary),1,Regular,,4.50,0.00,4.50,0.75,T233065,Counter iPad,Payment,Eat in,C2547,Sample Customer 85
2026-09-01,18:41:00,Europe/London,Starter,Garlic Bread,2,Regular,,13.00,0.00,13.00,2.17,T150631,Counter iPad,Payment,Eat in,,
2026-09-01,18:48:00,Europe/London,Main,Margherita,3,Regular,,34.50,0.00,34.50,5.75,T504136,Counter iPad,Payment,Eat in,,
2026-09-01,19:04:00,Europe/London,Side,Dough Balls,2,Regular,,10.00,0.00,10.00,1.67,T354728,Counter iPad,Payment,Takeaway,,
2026-09-01,19:10:00,Europe/London,Main,Salsiccia e Friarielli,2,Regular,,28.00,0.00,28.00,4.67,T972322,Counter iPad,Payment,Eat in,,
2026-09-01,19:19:00,Europe/London,Side,Dough Balls,1,Regular,,5.00,0.00,5.00,0.83,T538699,Counter iPad,Payment,Takeaway,,
2026-09-01,19:25:00,Europe/London,Side,Fries (Rosemary),2,Regular,,9.00,0.00,9.00,1.50,T449932,Counter iPad,Payment,Takeaway,,
2026-09-01,19:30:00,Europe/London,Main,Diavola,2,Regular,,26.00,0.00,26.00,4.33,T369820,Counter iPad,Payment,Eat in,,
2026-09-01,19:31:00,Europe/London,Dessert,Cannoli,1,Regular,,7.00,0.00,7.00,1.17,T234787,Counter iPad,Payment,Eat in,,
2026-09-01,19:36:00,Europe/London,Main,Quattro Formaggi,1,Regular,,13.50,0.00,13.50,2.25,T893617,Counter iPad,Payment,Eat in,,
2026-09-01,19:39:00,Europe/London,Side,Dough Balls,1,Regular,,5.00,0.00,5.00,0.83,T504390,Counter iPad,Payment,Eat in,,
2026-09-01,19:50:00,Europe/London,Main,Diavola,1,Regular,,13.00,0.00,13.00,2.17,T866850,Counter iPad,Payment,Eat in,,
2026-09-01,19:56:00,Europe/London,Add-ons,Extra Nduja,9,Regular,,18.00,0.00,18.00,3.00,T107272,Counter iPad,Payment,Takeaway,,
2026-09-01,19:58:00,Europe/London,Starter,Bruschetta,1,Regular,,6.00,0.00,6.00,1.00,T211547,Counter iPad,Payment,Eat in,,
2026-09-01,20:00:00,Europe/London,Drinks,San Pellegrino 500ml,9,Regular,,31.50,0.00,31.50,5.25,T779337,Counter iPad,Payment,Takeaway,C2453,Sample Customer 71
2026-09-01,20:18:00,Europe/London,Main,Margherita,2,Regular,,23.00,0.00,23.00,3.83,T675469,Counter iPad,Payment,Eat in,,
2026-09-01,20:23:00,Europe/London,Main,Margherita,1,Regular,,11.50,0.00,11.50,1.92,T380187,Counter iPad,Payment,Eat in,,
2026-09-01,20:28:00,Europe/London,Main,Salsiccia e Friarielli,1,Regular,,14.00,0.00,14.00,2.33,T478231,Counter iPad,Payment,Eat in,,
2026-09-01,20:30:00,Europe/London,Dessert,Tiramisu,1,Regular,,7.00,0.00,7.00,1.17,T242423,Counter iPad,Payment,Takeaway,,
2026-09-01,20:35:00,Europe/London,Side,Fries (Rosemary),2,Regular,,9.00,0.00,9.00,1.50,T908005,Counter iPad,Payment,Eat in,,
2026-09-01,20:41:00,Europe/London,Main,Nduja + Hot Honey,1,Regular,,14.00,0.00,14.00,2.33,T234215,Counter iPad,Payment,Takeaway,C1249,Sample Customer 11
2026-09-01,20:52:00,Europe/London,Drinks,Coca-Cola 330ml,18,Regular,,54.00,0.00,54.00,9.00,T715067,Counter iPad,Payment,Takeaway,,
2026-09-01,20:55:00,Europe/London,Main,Diavola,3,Regular,,39.00,0.00,39.00,6.50,T431635,Counter iPad,Payment,Eat in,,
2026-09-01,21:03:00,Europe/London,Starter,Garlic Bread,3,Regular,,19.50,0.00,19.50,3.25,T632084,Counter iPad,Payment,Eat in,C1614,Sample Customer 12
2026-09-01,21:16:00,Europe/London,Coffee,Espresso,16,Regular,,40.00,0.00,40.00,6.67,T406942,Counter iPad,Payment,Eat in,,
2026-09-01,21:29:00,Europe/London,Dessert,Tiramisu,3,Regular,,21.00,0.00,21.00,3.50,T273430,Counter iPad,Payment,Eat in,,
2026-09-01,21:29:00,Europe/London,Dessert,Affogato,1,Regular,,5.00,0.00,5.00,0.83,T240182,Counter iPad,Payment,Eat in,,
2026-09-01,21:37:00,Europe/London,Starter,Garlic Bread,2,Regular,,13.00,0.00,13.00,2.17,T515949,Counter iPad,Payment,Eat in,,
2026-09-01,21:44:00,Europe/London,Main,Prosciutto Rucola,3,Regular,,43.50,0.00,43.50,7.25,T947761,Counter iPad,Payment,Takeaway,,
2026-09-01,22:26:00,Europe/London,Main,Quattro Formaggi,1,Regular,,13.50,0.00,13.50,2.25,T170192,Counter iPad,Payment,Eat in,,
2026-09-01,22:53:00,Europe/London,Wine,House Red 175ml,19,Regular,,133.00,0.00,133.00,22.17,T218034,Counter iPad,Payment,Takeaway,,
2026-09-02,12:02:00,Europe/London,Side,Fries (Rosemary),2,Regular,,9.00,0.00,9.00,1.50,T299167,Counter iPad,Payment,Eat in,,
2026-09-02,12:07:00,Europe/London,Drinks,Coca-Cola 330ml,21,Regular,,63.00,0.00,63.00,10.50,T253462,Counter iPad,Payment,Eat in,,
2026-09-02,12:18:00,Europe/London,Main,Diavola,2,Regular,,26.00,0.00,26.00,4.33,T560341,Counter iPad,Payment,Eat in,,
2026-09-02,12:49:00,Europe/London,Dessert,Nutella Calzone,3,Regular,,22.50,0.00,22.50,3.75,T312335,Counter iPad,Payment,Eat in,,
2026-09-02,12:50:00,Europe/London,Side,Fries (Rosemary),3,Regular,,13.50,0.00,13.50,2.25,T625171,Counter iPad,Payment,Takeaway,,
2026-09-02,12:58:00,Europe/London,Main,Margherita,1,Regular,,11.50,0.00,11.50,1.92,T851211,Counter iPad,Payment,Eat in,,
2026-09-02,13:16:00,Europe/London,Starter,Burrata,1,Regular,,9.50,0.00,9.50,1.58,T343580,Counter iPad,Payment,Takeaway,,
2026-09-02,13:19:00,Europe/London,Main,Nduja + Hot Honey,2,Regular,,28.00,0.00,28.00,4.67,T792753,Counter iPad,Payment,Eat in,,
2026-09-02,13:25:00,Europe/London,Main,Margherita,3,Regular,,34.50,0.00,34.50,5.75,T651822,Counter iPad,Payment,Eat in,,
2026-09-02,13:40:00,Europe/London,Main,Margherita,3,Regular,,34.50,0.00,34.50,5.75,T936047,Counter iPad,Payment,Takeaway,,
2026-09-02,13:50:00,Europe/London,Side,Fries (Rosemary),3,Regular,,13.50,0.00,13.50,2.25,T141996,Counter iPad,Payment,Eat in,,
2026-09-02,14:08:00,Europe/London,Dessert,Tiramisu,1,Regular,,7.00,0.00,7.00,1.17,T419153,Counter iPad,Payment,Eat in,,
2026-09-02,14:18:00,Europe/London,Starter,Garlic Bread,1,Regular,,6.50,0.00,6.50,1.08,T539499,Counter iPad,Payment,Eat in,C9858,Sample Customer 16
2026-09-02,14:40:00,Europe/London,Side,Fries (Rosemary),1,Regular,,4.50,0.00,4.50,0.75,T806426,Counter iPad,Payment,Takeaway,,
2026-09-02,14:44:00,Europe/London,Starter,Garlic Bread,1,Regular,,6.50,0.00,6.50,1.08,T917710,Counter iPad,Payment,Eat in,,
2026-09-02,15:01:00,Europe/London,Main,Diavola,3,Regular,,39.00,0.00,39.00,6.50,T727003,Counter iPad,Payment,Eat in,,
2026-09-02,15:19:00,Europe/London,Main,Funghi,2,Regular,,24.00,0.00,24.00,4.00,T318564,Counter iPad,Payment,Takeaway,,
2026-09-02,15:24:00,Europe/London,Starter,Arancini,3,Regular,,22.50,0.00,22.50,3.75,T373554,Counter iPad,Payment,Eat in,,
2026-09-02,15:34:00,Europe/London,Main,Salsiccia e Friarielli,1,Regular,,14.00,0.00,14.00,2.33,T281394,Counter iPad,Payment,Eat in,,
2026-09-02,15:35:00,Europe/London,Starter,Arancini,1,Regular,,7.50,0.00,7.50,1.25,T359059,Counter iPad,Payment,Eat in,,
2026-09-02,16:03:00,Europe/London,Starter,Arancini,1,Regular,,7.50,0.00,7.50,1.25,T122845,Counter iPad,Payment,Eat in,,
2026-09-02,16:10:00,Europe/London,Service,Service Charge 12.5%,1,Regular,,0.00,0.00,0.00,0.00,T901751,Counter iPad,Payment,Takeaway,,
2026-09-02,16:16:00,Europe/London,Main,Margherita,2,Regular,,23.00,0.00,23.00,3.83,T981875,Counter iPad,Payment,Eat in,,
2026-09-02,16:41:00,Europe/London,Starter,Burrata,2,Regular,,19.00,0.00,19.00,3.17,T327536,Counter iPad,Payment,Eat in,,
2026-09-02,16:43:00,Europe/London,Dessert,Panna Cotta,2,Regular,,14.00,0.00,14.00,2.33,T412572,Counter iPad,Payment,Eat in,,
2026-09-02,16:44:00,Europe/London,Main,Nduja + Hot Honey,2,Regular,,28.00,0.00,28.00,4.67,T746142,Counter iPad,Payment,Eat in,,
2026-09-02,16:45:00,Europe/London,Starter,Burrata,1,Regular,,9.50,0.00,9.50,1.58,T155084,Counter iPad,Payment,Eat in,C8144,Sample Customer 88
2026-09-02,17:06:00,Europe/London,Starter,Garlic Bread,3,Regular,,19.50,0.00,19.50,3.25,T674351,Counter iPad,Payment,Takeaway,,
2026-09-02,17:07:00,Europe/London,Side,Dough Balls,2,Regular,,10.00,0.00,10.00,1.67,T451288,Counter iPad,Payment,Takeaway,,
2026-09-02,17:18:00,Europe/London,Main,Salsiccia e Friarielli,1,Regular,,14.00,0.00,14.00,2.33,T677398,Counter iPad,Payment,Takeaway,,
2026-09-02,17:24:00,Europe/London,Side,Dough Balls,1,Regular,,5.00,0.00,5.00,0.83,T295614,Counter iPad,Payment,Eat in,,
2026-09-02,17:29:00,Europe/London,Starter,Garlic Bread,3,Regular,,19.50,0.00,19.50,3.25,T714006,Counter iPad,Payment,Eat in,,
2026-09-02,17:40:00,Europe/London,Main,Prosciutto Rucola,3,Regular,,43.50,0.00,43.50,7.25,T992679,Counter iPad,Payment,Eat in,,
2026-09-02,17:42:00,Europe/London,Main,Nduja + Hot Honey,2,Regular,,28.00,0.00,28.00,4.67,T830001,Counter iPad,Payment,Takeaway,,
2026-09-02,17:45:00,Europe/London,Side,Fries (Rosemary),1,Regular,,4.50,0.00,4.50,0.75,T413754,Counter iPad,Payment,Eat in,,
2026-09-02,17:47:00,Europe/London,Main,Diavola,2,Regular,,26.00,0.00,26.00,4.33,T143780,Counter iPad,Payment,Eat in,,
2026-09-02,18:01:00,Europe/London,Drinks,Peroni 330ml,41,Regular,,205.00,0.00,205.00,34.17,T997849,Counter iPad,Payment,Eat in,,
2026-09-02,18:09:00,Europe/London,Main,Quattro Formaggi,1,Regular,,13.50,0.00,13.50,2.25,T547578,Counter iPad,Payment,Eat in,,
2026-09-02,18:15:00,Europe/London,Main,Margherita,3,Regular,,34.50,0.00,34.50,5.75,T965065,Counter iPad,Payment,Takeaway,,
2026-09-02,18:27:00,Europe/London,Main,Mortadella & Pistachio,4,Regular,,60.00,0.00,60.00,10.00,T145186,Counter iPad,Payment,Eat in,,
2026-09-02,18:34:00,Europe/London,Side,Fries (Rosemary),3,Regular,,13.50,0.00,13.50,2.25,T701928,Counter iPad,Payment,Eat in,,
2026-09-02,18:43:00,Europe/London,Main,Prosciutto Rucola,2,Regular,,29.00,0.00,29.00,4.83,T831244,Counter iPad,Payment,Eat in,,
2026-09-02,18:50:00,Europe/London,Main,Funghi,1,Regular,Extra basil,12.00,0.00,12.00,2.00,T763168,Counter iPad,Payment,Takeaway,,
2026-09-02,19:01:00,Europe/London,Side,Dough Balls,2,Regular,,10.00,0.00,10.00,1.67,T931265,Counter iPad,Payment,Eat in,,
2026-09-02,19:01:00,Europe/London,Main,Quattro Formaggi,2,Regular,,27.00,0.00,27.00,4.50,T439066,Counter iPad,Payment,Takeaway,,
2026-09-02,19:13:00,Europe/London,Side,Friarielli,2,Regular,,12.00,0.00,12.00,2.00,T767026,Counter iPad,Payment,Eat in,,
2026-09-02,19:32:00,Europe/London,Side,Rocket Salad,2,Regular,,10.00,0.00,10.00,1.67,T607478,Counter iPad,Payment,Eat in,,
2026-09-02,19:42:00,Europe/London,Wine,House Red 175ml,19,Regular,,133.00,0.00,133.00,22.17,T898474,Counter iPad,Payment,Eat in,,
2026-09-02,19:47:00,Europe/London,Main,Margherita,2,Regular,,23.00,0.00,23.00,3.83,T778772,Counter iPad,Payment,Eat in,,
2026-09-02,20:19:00,Europe/London,Starter,Arancini,3,Regular,,22.50,0.00,22.50,3.75,T583069,Counter iPad,Payment,Eat in,C6183,Sample Customer 83
2026-09-02,20:22:00,Europe/London,Dessert,Affogato,1,Regular,,5.00,0.00,5.00,0.83,T423961,Counter iPad,Payment,Eat in,C1844,Sample Customer 41
2026-09-02,20:43:00,Europe/London,Dessert,Tiramisu,3,Regular,,21.00,0.00,21.00,3.50,T265579,Counter iPad,Payment,Eat in,,
2026-09-02,20:52:00,Europe/London,Dessert,Nutella Calzone,2,Regular,,15.00,0.00,15.00,2.50,T620225,Counter iPad,Payment,Eat in,,
2026-09-02,20:57:00,Europe/London,Main,Diavola,3,Regular,Extra basil,39.00,0.00,39.00,6.50,T125661,Counter iPad,Payment,Takeaway,,
2026-09-02,21:11:00,Europe/London,Drinks,San Pellegrino 500ml,15,Regular,,52.50,0.00,52.50,8.75,T915207,Counter iPad,Payment,Takeaway,,
2026-09-02,21:13:00,Europe/London,Starter,Garlic Bread,1,Regular,,6.50,0.00,6.50,1.08,T620528,Counter iPad,Payment,Takeaway,,
2026-09-02,21:14:00,Europe/London,Side,Dough Balls,2,Regular,,10.00,0.00,10.00,1.67,T533580,Counter iPad,Payment,Eat in,,
2026-09-02,21:29:00,Europe/London,Starter,Bruschetta,2,Regular,,12.00,0.00,12.00,2.00,T667316,Counter iPad,Payment,Eat in,,
2026-09-02,21:52:00,Europe/London,Side,Rocket Salad,1,Regular,,5.00,0.00,5.00,0.83,T776002,Counter iPad,Payment,Takeaway,C7431,Sample Customer 61
2026-09-02,22:11:00,Europe/London,Starter,Garlic Bread,3,Regular,,19.50,0.00,19.50,3.25,T208061,Counter iPad,Payment,Takeaway,,
2026-09-02,22:14:00,Europe/London,Main,Diavola,2,Regular,,26.00,0.00,26.00,4.33,T910091,Counter iPad,Payment,Eat in,C3282,Sample Customer 84
2026-09-02,22:18:00,Europe/London,Main,Prosciutto Rucola,1,Regular,Extra basil,14.50,0.00,14.50,2.42,T156127,Counter iPad,Payment,Takeaway,,
2026-09-02,22:18:00,Europe/London,Dessert,Tiramisu,3,Regular,,21.00,0.00,21.00,3.50,T434707,Counter iPad,Payment,Eat in,,
2026-09-02,22:22:00,Europe/London,Dessert,Cannoli,2,Regular,,14.00,0.00,14.00,2.33,T501238,Counter iPad,Payment,Eat in,,
2026-09-02,22:26:00,Europe/London,Main,Nduja + Hot Honey,1,Regular,,14.00,0.00,14.00,2.33,T145220,Counter iPad,Payment,Eat in,,
2026-09-02,22:27:00,Europe/London,Add-ons,Extra Nduja,2,Regular,,4.00,0.00,4.00,0.67,T225382,Counter iPad,Payment,Takeaway,,
2026-09-02,22:28:00,Europe/London,Main,Margherita,2,Regular,,23.00,0.00,23.00,3.83,T675613,Counter iPad,Payment,Takeaway,,
2026-09-02,22:32:00,Europe/London,Main,Salsiccia e Friarielli,3,Regular,,42.00,0.00,42.00,7.00,T242775,Counter iPad,Payment,Takeaway,,
2026-09-02,22:57:00,Europe/London,Coffee,Espresso,16,Regular,,40.00,0.00,40.00,6.67,T896224,Counter iPad,Payment,Takeaway,,
2026-09-03,12:13:00,Europe/London,Main,Prosciutto Rucola,1,Regular,,14.50,0.00,14.50,2.42,T587123,Counter iPad,Payment,Takeaway,,
2026-09-03,12:17:00,Europe/London,Side,Dough Balls,2,Regular,,10.00,0.00,10.00,1.67,T796542,Counter iPad,Payment,Eat in,,
2026-09-03,12:26:00,Europe/London,Side,Fries (Rosemary),3,Regular,,13.50,0.00,13.50,2.25,T912158,Counter iPad,Payment,Eat in,,
2026-09-03,12:26:00,Europe/London,Main,Diavola,1,Regular,,13.00,0.00,13.00,2.17,T286131,Counter iPad,Payment,Eat in,,
2026-09-03,12:30:00,Europe/London,Service,Service Charge 12.5%,1,Regular,,0.00,0.00,0.00,0.00,T771143,Counter iPad,Payment,Eat in,,
2026-09-03,12:31:00,Europe/London,Side,Fries (Rosemary),1,Regular,,4.50,0.00,4.50,0.75,T695074,Counter iPad,Payment,Takeaway,,
2026-09-03,12:40:00,Europe/London,Starter,Bruschetta,2,Regular,,12.00,0.00,12.00,2.00,T931066,Counter iPad,Payment,Eat in,,
2026-09-03,12:41:00,Europe/London,Main,Salsiccia e Friarielli,2,Regular,,28.00,0.00,28.00,4.67,T211668,Counter iPad,Payment,Eat in,,
2026-09-03,12:45:00,Europe/London,Main,Quattro Formaggi,1,Regular,,13.50,0.00,13.50,2.25,T399806,Counter iPad,Payment,Eat in,,
2026-09-03,13:06:00,Europe/London,Dessert,Nutella Calzone,3,Regular,,22.50,0.00,22.50,3.75,T210855,Counter iPad,Payment,Eat in,,
2026-09-03,13:07:00,Europe/London,Starter,Garlic Bread,2,Regular,,13.00,0.00,13.00,2.17,T636800,Counter iPad,Payment,Eat in,,
2026-09-03,13:08:00,Europe/London,Main,Salsiccia e Friarielli,1,Regular,,14.00,0.00,14.00,2.33,T387027,Counter iPad,Payment,Eat in,,
2026-09-03,13:17:00,Europe/London,Starter,Garlic Bread,2,Regular,,13.00,0.00,13.00,2.17,T597128,Counter iPad,Payment,Takeaway,C2064,Sample Customer 8
2026-09-03,13:33:00,Europe/London,Dessert,Tiramisu,2,Regular,,14.00,0.00,14.00,2.33,T445816,Counter iPad,Payment,Takeaway,,
2026-09-03,13:41:00,Europe/London,Dessert,Cannoli,2,Regular,,14.00,0.00,14.00,2.33,T487558,Counter iPad,Payment,Eat in,,
2026-09-03,13:43:00,Europe/London,Dessert,Panna Cotta,2,Regular,,14.00,0.00,14.00,2.33,T582444,Counter iPad,Payment,Takeaway,,
2026-09-03,13:48:00,Europe/London,Starter,Garlic Bread,1,Regular,,6.50,0.00,6.50,1.08,T685184,Counter iPad,Payment,Takeaway,,
2026-09-03,13:48:00,Europe/London,Dessert,Tiramisu,2,Regular,,14.00,0.00,14.00,2.33,T887770,Counter iPad,Payment,Takeaway,,
2026-09-03,14:05:00,Europe/London,Drinks,San Pellegrino 500ml,16,Regular,,56.00,0.00,56.00,9.33,T837921,Counter iPad,Payment,Takeaway,,
2026-09-03,14:48:00,Europe/London,Main,Margherita,2,Regular,,23.00,0.00,23.00,3.83,T642467,Counter iPad,Payment,Eat in,,
2026-09-03,14:50:00,Europe/London,Side,Fries (Rosemary),3,Regular,,13.50,0.00,13.50,2.25,T424372,Counter iPad,Payment,Takeaway,C5227,Sample Customer 39
2026-09-03,14:52:00,Europe/London,Main,Margherita,3,Regular,,34.50,0.00,34.50,5.75,T483560,Counter iPad,Payment,Eat in,,
2026-09-03,14:53:00,Europe/London,Main,Prosciutto Rucola,3,Regular,,43.50,0.00,43.50,7.25,T624441,Counter iPad,Payment,Eat in,C6510,Sample Customer 22
2026-09-03,14:54:00,Europe/London,Main,Mortadella & Pistachio,5,Regular,,75.00,0.00,75.00,12.50,T838789,Counter iPad,Payment,Eat in,,
2026-09-03,14:59:00,Europe/London,Starter,Garlic Bread,1,Regular,,6.50,0.00,6.50,1.08,T612714,Counter iPad,Payment,Eat in,,
2026-09-03,15:04:00,Europe/London,Main,Diavola,1,Regular,,13.00,0.00,13.00,2.17,T521519,Counter iPad,Payment,Eat in,,
2026-09-03,15:45:00,Europe/London,Side,Dough Balls,2,Regular,,10.00,0.00,10.00,1.67,T236173,Counter iPad,Payment,Eat in,,
2026-09-03,15:53:00,Europe/London,Main,Quattro Formaggi,1,Regular,,13.50,0.00,13.50,2.25,T801740,Counter iPad,Payment,Eat in,C8345,Sample Customer 33
2026-09-03,15:56:00,Europe/London,Starter,Burrata,1,Regular,,9.50,0.00,9.50,1.58,T507589,Counter iPad,Payment,Eat in,,
2026-09-03,16:21:00,Europe/London,Main,Prosciutto Rucola,2,Regular,,29.00,0.00,29.00,4.83,T980685,Counter iPad,Payment,Takeaway,C4036,Sample Customer 18
2026-09-03,16:22:00,Europe/London,Add-ons,Extra Nduja,6,Regular,,12.00,0.00,12.00,2.00,T325552,Counter iPad,Payment,Eat in,,
2026-09-03,16:28:00,Europe/London,Main,Margherita,2,Regular,,23.00,0.00,23.00,3.83,T828776,Counter iPad,Payment,Eat in,,
2026-09-03,16:39:00,Europe/London,Drinks,Peroni 330ml,37,Regular,,185.00,0.00,185.00,30.83,T382059,Counter iPad,Payment,Takeaway,,
2026-09-03,16:47:00,Europe/London,Starter,Arancini,1,Regular,,7.50,0.00,7.50,1.25,T986203,Counter iPad,Payment,Takeaway,C2104,Sample Customer 27
2026-09-03,16:49:00,Europe/London,Starter,Arancini,2,Regular,,15.00,0.00,15.00,2.50,T959837,Counter iPad,Payment,Eat in,,
2026-09-03,16:50:00,Europe/London,Main,Diavola,1,Regular,,13.00,0.00,13.00,2.17,T578757,Counter iPad,Payment,Eat in,,
2026-09-03,16:57:00,Europe/London,Starter,Burrata,3,Regular,,28.50,0.00,28.50,4.75,T347578,Counter iPad,Payment,Takeaway,C4322,Sample Customer 21
2026-09-03,17:01:00,Europe/London,Side,Fries (Rosemary),1,Regular,,4.50,0.00,4.50,0.75,T551595,Counter iPad,Payment,Takeaway,,
2026-09-03,17:14:00,Europe/London,Starter,Arancini,1,Regular,,7.50,0.00,7.50,1.25,T616888,Counter iPad,Payment,Eat in,,
2026-09-03,17:33:00,Europe/London,Side,Rocket Salad,3,Regular,,15.00,0.00,15.00,2.50,T326822,Counter iPad,Payment,Eat in,C3145,Sample Customer 76
2026-09-03,17:36:00,Europe/London,Main,Salsiccia e Friarielli,1,Regular,,14.00,0.00,14.00,2.33,T232409,Counter iPad,Payment,Eat in,,
2026-09-03,17:38:00,Europe/London,Starter,Garlic Bread,2,Regular,,13.00,0.00,13.00,2.17,T620801,Counter iPad,Payment,Takeaway,,
2026-09-03,17:42:00,Europe/London,Main,Margherita,3,Regular,,34.50,0.00,34.50,5.75,T942229,Counter iPad,Payment,Takeaway,C9541,Sample Customer 39
2026-09-03,17:49:00,Europe/London,Main,Diavola,2,Regular,,26.00,0.00,26.00,4.33,T269950,Counter iPad,Payment,Eat in,C1002,Sample Customer 20
2026-09-03,17:50:00,Europe/London,Side,Friarielli,2,Regular,,12.00,0.00,12.00,2.00,T127758,Counter iPad,Payment,Eat in,,
2026-09-03,18:07:00,Europe/London,Main,Margherita,1,Regular,,11.50,0.00,11.50,1.92,T529943,Counter iPad,Payment,Eat in,,
2026-09-03,18:12:00,Europe/London,Side,Dough Balls,2,Regular,,10.00,0.00,10.00,1.67,T589699,Counter iPad,Payment,Eat in,,
2026-09-03,18:16:00,Europe/London,Dessert,Affogato,2,Regular,,10.00,0.00,10.00,1.67,T571794,Counter iPad,Payment,Eat in,C5204,Sample Customer 96
2026-09-03,18:23:00,Europe/London,Starter,Arancini,3,Regular,,22.50,0.00,22.50,3.75,T815723,Counter iPad,Payment,Eat in,,
2026-09-03,18:36:00,Europe/London,Dessert,Nutella Calzone,1,Regular,,7.50,0.00,7.50,1.25,T340790,Counter iPad,Payment,Eat in,,
2026-09-03,19:11:00,Europe/London,Main,Margherita,3,Regular,,34.50,0.00,34.50,5.75,T771640,Counter iPad,Payment,Takeaway,,
2026-09-03,19:14:00,Europe/London,Main,Diavola,3,Regular,,39.00,0.00,39.00,6.50,T169021,Counter iPad,Payment,Eat in,,
2026-09-03,19:25:00,Europe/London,Side,Rocket Salad,1,Regular,,5.00,0.00,5.00,0.83,T340343,Counter iPad,Payment,Takeaway,,
2026-09-03,19:25:00,Europe/London,Dessert,Tiramisu,1,Regular,,7.00,0.00,7.00,1.17,T289139,Counter iPad,Payment,Eat in,,
2026-09-03,19:30:00,Europe/London,Main,Prosciutto Rucola,1,Regular,,14.50,0.00,14.50,2.42,T126809,Counter iPad,Payment,Eat in,,
2026-09-03,19:35:00,Europe/London,Main,Diavola,3,Regular,,39.00,0.00,39.00,6.50,T674475,Counter iPad,Payment,Takeaway,,
2026-09-03,19:43:00,Europe/London,Main,Diavola,2,Regular,,26.00,0.00,26.00,4.33,T322582,Counter iPad,Payment,Takeaway,,
2026-09-03,19:44:00,Europe/London,Dessert,Nutella Calzone,2,Regular,,15.00,0.00,15.00,2.50,T343551,Counter iPad,Payment,Eat in,,
2026-09-03,20:20:00,Europe/London,Dessert,Tiramisu,2,Regular,,14.00,0.00,14.00,2.33,T678930,Counter iPad,Payment,Eat in,,
2026-09-03,20:31:00,Europe/London,Starter,Garlic Bread,1,Regular,,6.50,0.00,6.50,1.08,T460160,Counter iPad,Payment,Takeaway,,
2026-09-03,20:42:00,Europe/London,Main,Margherita,1,Regular,,11.50,0.00,11.50,1.92,T349172,Counter iPad,Payment,Takeaway,,
2026-09-03,20:49:00,Europe/London,Main,Nduja + Hot Honey,2,Regular,,28.00,0.00,28.00,4.67,T454040,Counter iPad,Payment,Takeaway,,
2026-09-03,21:07:00,Europe/London,Main,Quattro Formaggi,1,Regular,,13.50,0.00,13.50,2.25,T484826,Counter iPad,Payment,Eat in,,
2026-09-03,21:14:00,Europe/London,Main,Margherita,3,Regular,,34.50,0.00,34.50,5.75,T248991,Counter iPad,Payment,Eat in,,
2026-09-03,21:22:00,Europe/London,Main,Funghi,3,Regular,,36.00,0.00,36.00,6.00,T955042,Counter iPad,Payment,Takeaway,,
2026-09-03,21:28:00,Europe/London,Wine,House Red 175ml,19,Regular,,133.00,0.00,133.00,22.17,T176211,Counter iPad,Payment,Eat in,,
2026-09-03,21:32:00,Europe/London,Coffee,Espresso,11,Regular,,27.50,0.00,27.50,4.58,T990926,Counter iPad,Payment,Eat in,,
2026-09-03,21:50:00,Europe/London,Main,Salsiccia e Friarielli,2,Regular,,28.00,0.00,28.00,4.67,T917813,Counter iPad,Payment,Takeaway,,
2026-09-03,21:55:00,Europe/London,Dessert,Tiramisu,1,Regular,,7.00,0.00,7.00,1.17,T223270,Counter iPad,Payment,Takeaway,,
2026-09-03,21:56:00,Europe/London,Main,Funghi,1,Regular,,12.00,0.00,12.00,2.00,T888836,Counter iPad,Payment,Eat in,,
2026-09-03,22:04:00,Europe/London,Side,Dough Balls,2,Regular,,10.00,0.00,10.00,1.67,T229278,Counter iPad,Payment,Eat in,,
2026-09-03,22:05:00,Europe/London,Side,Fries (Rosemary),3,Regular,,13.50,0.00,13.50,2.25,T322823,Counter iPad,Payment,Eat in,,
2026-09-03,22:22:00,Europe/London,Starter,Garlic Bread,1,Regular,,6.50,0.00,6.50,1.08,T123658,Counter iPad,Payment,Eat in,,
2026-09-03,22:26:00,Europe/London,Starter,Arancini,2,Regular,,15.00,0.00,15.00,2.50,T185031,Counter iPad,Payment,Eat in,,
2026-09-03,22:31:00,Europe/London,Drinks,Coca-Cola 330ml,26,Regular,,78.00,0.00,78.00,13.00,T980555,Counter iPad,Payment,Takeaway,,
2026-09-03,22:36:00,Europe/London,Starter,Garlic Bread,3,Regular,,19.50,0.00,19.50,3.25,T814328,Counter iPad,Payment,Eat in,,
2026-09-03,22:36:00,Europe/London,Main,Nduja + Hot Honey,3,Regular,,42.00,0.00,42.00,7.00,T519242,Counter iPad,Payment,Takeaway,,
2026-09-03,22:47:00,Europe/London,Main,Nduja + Hot Honey,2,Regular,Extra basil,28.00,0.00,28.00,4.67,T179799,Counter iPad,Payment,Takeaway,C3825,Sample Customer 47
2026-09-03,22:48:00,Europe/London,Side,Fries (Rosemary),3,Regular,,13.50,0.00,13.50,2.25,T282351,Counter iPad,Payment,Eat in,,
2026-09-04,12:00:00,Europe/London,Side,Fries (Rosemary),2,Regular,,9.00,0.00,9.00,1.50,T782305,Counter iPad,Payment,Takeaway,C2305,Sample Customer 50
2026-09-04,12:27:00,Europe/London,Main,Nduja + Hot Honey,1,Regular,,14.00,0.00,14.00,2.33,T330607,Counter iPad,Payment,Eat in,,
2026-09-04,12:35:00,Europe/London,Main,Margherita,2,Regular,,23.00,0.00,23.00,3.83,T824581,Counter iPad,Payment,Takeaway,,
2026-09-04,12:38:00,Europe/London,Starter,Arancini,2,Regular,,15.00,0.00,15.00,2.50,T253493,Counter iPad,Payment,Eat in,,
2026-09-04,12:45:00,Europe/London,Main,Margherita,1,Regular,,11.50,0.00,11.50,1.92,T889678,Counter iPad,Payment,Eat in,,
2026-09-04,12:55:00,Europe/London,Dessert,Nutella Calzone,3,Regular,,22.50,0.00,22.50,3.75,T851661,Counter iPad,Payment,Eat in,C1525,Sample Customer 27
2026-09-04,12:57:00,Europe/London,Main,Diavola,1,Regular,,13.00,0.00,13.00,2.17,T403708,Counter iPad,Payment,Eat in,,
2026-09-04,12:59:00,Europe/London,Main,Margherita,1,Regular,,11.50,0.00,11.50,1.92,T812865,Counter iPad,Payment,Eat in,,
2026-09-04,13:06:00,Europe/London,Dessert,Tiramisu,2,Regular,,14.00,0.00,14.00,2.33,T288853,Counter iPad,Payment,Takeaway,C7905,Sample Customer 34
2026-09-04,13:13:00,Europe/London,Side,Fries (Rosemary),3,Regular,,13.50,0.00,13.50,2.25,T227242,Counter iPad,Payment,Eat in,C8738,Sample Customer 3
2026-09-04,13:17:00,Europe/London,Main,Diavola,2,Regular,,26.00,0.00,26.00,4.33,T536235,Counter iPad,Payment,Eat in,,
2026-09-04,13:18:00,Europe/London,Side,Fries (Rosemary),3,Regular,,13.50,0.00,13.50,2.25,T759159,Counter iPad,Payment,Takeaway,,
2026-09-04,13:30:00,Europe/London,Starter,Garlic Bread,1,Regular,,6.50,0.00,6.50,1.08,T765100,Counter iPad,Payment,Eat in,,
2026-09-04,13:31:00,Europe/London,Starter,Garlic Bread,2,Regular,,13.00,0.00,13.00,2.17,T161818,Counter iPad,Payment,Eat in,,
2026-09-04,13:33:00,Europe/London,Main,Margherita,2,Regular,,23.00,0.00,23.00,3.83,T767044,Counter iPad,Payment,Eat in,,
2026-09-04,13:33:00,Europe/London,Main,Nduja + Hot Honey,3,Regular,,42.00,0.00,42.00,7.00,T262296,Counter iPad,Payment,Eat in,,
2026-09-04,13:37:00,Europe/London,Main,Diavola,3,Regular,,39.00,0.00,39.00,6.50,T365654,Counter iPad,Payment,Takeaway,,
2026-09-04,13:41:00,Europe/London,Side,Fries (Rosemary),2,Regular,,9.00,0.00,9.00,1.50,T595129,Counter iPad,Payment,Eat in,,
2026-09-04,13:51:00,Europe/London,Side,Friarielli,2,Regular,,12.00,0.00,12.00,2.00,T776813,Counter iPad,Payment,Eat in,,
2026-09-04,14:05:00,Europe/London,Main,Nduja + Hot Honey,1,Regular,,14.00,0.00,14.00,2.33,T263232,Counter iPad,Payment,Takeaway,,
2026-09-04,14:09:00,Europe/London,Starter,Garlic Bread,1,Regular,,6.50,0.00,6.50,1.08,T343224,Counter iPad,Payment,Takeaway,,
2026-09-04,14:19:00,Europe/London,Main,Margherita,1,Regular,,11.50,0.00,11.50,1.92,T853066,Counter iPad,Payment,Takeaway,C5498,Sample Customer 42
2026-09-04,14:26:00,Europe/London,Main,Diavola,2,Regular,,26.00,0.00,26.00,4.33,T176904,Counter iPad,Payment,Takeaway,,
2026-09-04,14:35:00,Europe/London,Side,Dough Balls,1,Regular,,5.00,0.00,5.00,0.83,T564842,Counter iPad,Payment,Eat in,,
2026-09-04,14:41:00,Europe/London,Starter,Arancini,1,Regular,,7.50,0.00,7.50,1.25,T650290,Counter iPad,Payment,Takeaway,,
2026-09-04,14:52:00,Europe/London,Side,Rocket Salad,3,Regular,,15.00,0.00,15.00,2.50,T478520,Counter iPad,Payment,Takeaway,C8663,Sample Customer 43
2026-09-04,14:56:00,Europe/London,Dessert,Tiramisu,2,Regular,,14.00,0.00,14.00,2.33,T444264,Counter iPad,Payment,Eat in,,
2026-09-04,14:57:00,Europe/London,Starter,Arancini,3,Regular,,22.50,0.00,22.50,3.75,T334172,Counter iPad,Payment,Eat in,,
2026-09-04,14:58:00,Europe/London,Main,Prosciutto Rucola,1,Regular,,14.50,0.00,14.50,2.42,T243757,Counter iPad,Payment,Eat in,,
2026-09-04,15:16:00,Europe/London,Main,Prosciutto Rucola,1,Regular,,14.50,0.00,14.50,2.42,T372173,Counter iPad,Payment,Eat in,,
2026-09-04,15:17:00,Europe/London,Dessert,Nutella Calzone,3,Regular,,22.50,0.00,22.50,3.75,T462203,Counter iPad,Payment,Eat in,,
2026-09-04,15:25:00,Europe/London,Starter,Garlic Bread,2,Regular,,13.00,0.00,13.00,2.17,T509940,Counter iPad,Payment,Eat in,C2320,Sample Customer 22
2026-09-04,15:28:00,Europe/London,Side,Fries (Rosemary),2,Regular,,9.00,0.00,9.00,1.50,T869190,Counter iPad,Payment,Takeaway,,
2026-09-04,15:31:00,Europe/London,Main,Funghi,2,Regular,,24.00,0.00,24.00,4.00,T138373,Counter iPad,Payment,Eat in,,
2026-09-04,15:46:00,Europe/London,Add-ons,Extra Nduja,6,Regular,,12.00,0.00,12.00,2.00,T425974,Counter iPad,Payment,Eat in,,
2026-09-04,16:01:00,Europe/London,Main,Margherita,2,Regular,,23.00,0.00,23.00,3.83,T683218,Counter iPad,Payment,Eat in,,
2026-09-04,16:10:00,Europe/London,Main,Prosciutto Rucola,2,Regular,,29.00,0.00,29.00,4.83,T645950,Counter iPad,Payment,Takeaway,,
2026-09-04,16:16:00,Europe/London,Wine,House Red 175ml,18,Regular,,126.00,0.00,126.00,21.00,T845949,Counter iPad,Payment,Eat in,,
2026-09-04,16:22:00,Europe/London,Main,Margherita,2,Regular,,23.00,0.00,23.00,3.83,T350217,Counter iPad,Payment,Eat in,,
2026-09-04,16:28:00,Europe/London,Dessert,Cannoli,2,Regular,,14.00,0.00,14.00,2.33,T943814,Counter iPad,Payment,Eat in,,
2026-09-04,16:39:00,Europe/London,Main,Margherita,1,Regular,,11.50,0.00,11.50,1.92,T918996,Counter iPad,Payment,Eat in,,
2026-09-04,16:41:00,Europe/London,Main,Diavola,1,Regular,,13.00,0.00,13.00,2.17,T348047,Counter iPad,Payment,Eat in,,
2026-09-04,16:44:00,Europe/London,Dessert,Tiramisu,2,Regular,,14.00,0.00,14.00,2.33,T231042,Counter iPad,Payment,Eat in,C6692,Sample Customer 44
2026-09-04,16:45:00,Europe/London,Main,Diavola,3,Regular,,39.00,0.00,39.00,6.50,T527557,Counter iPad,Payment,Eat in,,
2026-09-04,16:48:00,Europe/London,Starter,Arancini,1,Regular,,7.50,0.00,7.50,1.25,T409259,Counter iPad,Payment,Eat in,,
2026-09-04,16:49:00,Europe/London,Main,Prosciutto Rucola,1,Regular,,14.50,0.00,14.50,2.42,T166147,Counter iPad,Payment,Takeaway,,
2026-09-04,16:50:00,Europe/London,Drinks,Coca-Cola 330ml,25,Regular,,75.00,0.00,75.00,12.50,T553240,Counter iPad,Payment,Takeaway,,
2026-09-04,16:56:00,Europe/London,Starter,Garlic Bread,2,Regular,,13.00,0.00,13.00,2.17,T243577,Counter iPad,Payment,Eat in,,
2026-09-04,17:06:00,Europe/London,Main,Prosciutto Rucola,1,Regular,,14.50,0.00,14.50,2.42,T680947,Counter iPad,Payment,Eat in,,
2026-09-04,17:07:00,Europe/London,Main,Quattro Formaggi,1,Regular,,13.50,0.00,13.50,2.25,T466500,Counter iPad,Payment,Takeaway,,
2026-09-04,17:13:00,Europe/London,Side,Dough Balls,1,Regular,,5.00,0.00,5.00,0.83,T857560,Counter iPad,Payment,Eat in,,
2026-09-04,17:19:00,Europe/London,Main,Nduja + Hot Honey,2,Regular,,28.00,0.00,28.00,4.67,T730579,Counter iPad,Payment,Eat in,,
2026-09-04,17:20:00,Europe/London,Side,Rocket Salad,2,Regular,,10.00,0.00,10.00,1.67,T106278,Counter iPad,Payment,Eat in,,
2026-09-04,17:43:00,Europe/London,Coffee,Espresso,14,Regular,,35.00,0.00,35.00,5.83,T907352,Counter iPad,Payment,Eat in,,
2026-09-04,17:49:00,Europe/London,Side,Fries (Rosemary),1,Regular,,4.50,0.00,4.50,0.75,T883539,Counter iPad,Payment,Takeaway,,
2026-09-04,17:54:00,Europe/London,Main,Nduja + Hot Honey,3,Regular,,42.00,0.00,42.00,7.00,T402620,Counter iPad,Payment,Eat in,,
2026-09-04,17:56:00,Europe/London,Main,Diavola,1,Regular,,13.00,0.00,13.00,2.17,T889872,Counter iPad,Payment,Eat in,C3748,Sample Customer 30
2026-09-04,18:00:00,Europe/London,Side,Fries (Rosemary),1,Regular,,4.50,0.00,4.50,0.75,T109780,Counter iPad,Payment,Takeaway,,
2026-09-04,18:02:00,Europe/London,Drinks,San Pellegrino 500ml,10,Regular,,35.00,0.00,35.00,5.83,T396590,Counter iPad,Payment,Eat in,C9371,Sample Customer 72
2026-09-04,18:14:00,Europe/London,Main,Prosciutto Rucola,2,Regular,,29.00,0.00,29.00,4.83,T784282,Counter iPad,Payment,Eat in,,
2026-09-04,18:22:00,Europe/London,Starter,Garlic Bread,3,Regular,,19.50,0.00,19.50,3.25,T815887,Counter iPad,Payment,Eat in,,
2026-09-04,18:28:00,Europe/London,Starter,Arancini,3,Regular,,22.50,0.00,22.50,3.75,T846622,Counter iPad,Payment,Eat in,C2854,Sample Customer 11
2026-09-04,18:30:00,Europe/London,Dessert,Panna Cotta,2,Regular,,14.00,0.00,14.00,2.33,T118649,Counter iPad,Payment,Takeaway,,
2026-09-04,18:31:00,Europe/London,Main,Margherita,2,Regular,,23.00,0.00,23.00,3.83,T241852,Counter iPad,Payment,Takeaway,C1155,Sample Customer 86
2026-09-04,18:36:00,Europe/London,Side,Fries (Rosemary),1,Regular,,4.50,0.00,4.50,0.75,T829507,Counter iPad,Payment,Eat in,,
2026-09-04,18:37:00,Europe/London,Drinks,Peroni 330ml,39,Regular,,195.00,0.00,195.00,32.50,T252818,Counter iPad,Payment,Takeaway,,
2026-09-04,18:50:00,Europe/London,Main,Nduja + Hot Honey,1,Regular,Extra basil,14.00,0.00,14.00,2.33,T100447,Counter iPad,Payment,Eat in,,
2026-09-04,18:50:00,Europe/London,Dessert,Affogato,1,Regular,,5.00,0.00,5.00,0.83,T290346,Counter iPad,Payment,Eat in,,
2026-09-04,19:05:00,Europe/London,Main,Margherita,1,Regular,,11.50,0.00,11.50,1.92,T989353,Counter iPad,Payment,Eat in,C8442,Sample Customer 8
2026-09-04,19:07:00,Europe/London,Main,Margherita,3,Regular,,34.50,0.00,34.50,5.75,T194426,Counter iPad,Payment,Eat in,,
2026-09-04,19:13:00,Europe/London,Starter,Bruschetta,3,Regular,,18.00,0.00,18.00,3.00,T817603,Counter iPad,Payment,Eat in,,
2026-09-04,19:13:00,Europe/London,Main,Prosciutto Rucola,2,Regular,,29.00,0.00,29.00,4.83,T203111,Counter iPad,Payment,Eat in,,
2026-09-04,19:24:00,Europe/London,Main,Margherita,1,Regular,,11.50,0.00,11.50,1.92,T512362,Counter iPad,Payment,Takeaway,C7794,Sample Customer 64
2026-09-04,19:24:00,Europe/London,Main,Quattro Formaggi,3,Regular,,40.50,0.00,40.50,6.75,T222383,Counter iPad,Payment,Eat in,,
2026-09-04,19:29:00,Europe/London,Dessert,Tiramisu,3,Regular,,21.00,0.00,21.00,3.50,T784273,Counter iPad,Payment,Eat in,,
2026-09-04,19:34:00,Europe/London,Main,Salsiccia e Friarielli,1,Regular,,14.00,0.00,14.00,2.33,T350248,Counter iPad,Payment,Eat in,,
2026-09-04,19:37:00,Europe/London,Side,Dough Balls,2,Regular,,10.00,0.00,10.00,1.67,T485871,Counter iPad,Payment,Takeaway,,
2026-09-04,19:43:00,Europe/London,Side,Dough Balls,3,Regular,,15.00,0.00,15.00,2.50,T237305,Counter iPad,Payment,Takeaway,,
2026-09-04,19:50:00,Europe/London,Main,Diavola,2,Regular,,26.00,0.00,26.00,4.33,T528794,Counter iPad,Payment,Eat in,,
2026-09-04,20:01:00,Europe/London,Main,Salsiccia e Friarielli,1,Regular,,14.00,0.00,14.00,2.33,T116520,Counter iPad,Payment,Takeaway,,
2026-09-04,20:06:00,Europe/London,Dessert,Tiramisu,2,Regular,,14.00,0.00,14.00,2.33,T881806,Counter iPad,Payment,Eat in,,
2026-09-04,20:09:00,Europe/London,Main,Mortadella & Pistachio,7,Regular,,105.00,0.00,105.00,17.50,T996231,Counter iPad,Payment,Eat in,,
2026-09-04,20:13:00,Europe/London,Side,Dough Balls,1,Regular,,5.00,0.00,5.00,0.83,T231613,Counter iPad,Payment,Eat in,,
2026-09-04,20:13:00,Europe/London,Dessert,Affogato,1,Regular,,5.00,0.00,5.00,0.83,T572707,Counter iPad,Payment,Eat in,C2715,Sample Customer 41
2026-09-04,20:16:00,Europe/London,Dessert,Panna Cotta,1,Regular,,7.00,0.00,7.00,1.17,T132983,Counter iPad,Payment,Eat in,C9011,Sample Customer 63
2026-09-04,20:37:00,Europe/London,Main,Diavola,1,Regular,,13.00,0.00,13.00,2.17,T812838,Counter iPad,Payment,Eat in,,
2026-09-04,20:44:00,Europe/London,Starter,Burrata,3,Regular,,28.50,0.00,28.50,4.75,T106691,Counter iPad,Payment,Eat in,,
2026-09-04,20:46:00,Europe/London,Main,Salsiccia e Friarielli,3,Regular,,42.00,0.00,42.00,7.00,T254770,Counter iPad,Payment,Eat in,,
2026-09-04,20:54:00,Europe/London,Side,Dough Balls,1,Regular,,5.00,0.00,5.00,0.83,T383544,Counter iPad,Payment,Takeaway,,
2026-09-04,21:01:00,Europe/London,Main,Salsiccia e Friarielli,1,Regular,,14.00,0.00,14.00,2.33,T238093,Counter iPad,Payment,Eat in,,
2026-09-04,21:09:00,Europe/London,Starter,Arancini,1,Regular,,7.50,0.00,7.50,1.25,T535562,Counter iPad,Payment,Eat in,,
2026-09-04,21:11:00,Europe/London,Starter,Garlic Bread,1,Regular,,6.50,0.00,6.50,1.08,T375509,Counter iPad,Payment,Eat in,C1067,Sample Customer 19
2026-09-04,21:13:00,Europe/London,Side,Dough Balls,2,Regular,,10.00,0.00,10.00,1.67,T411693,Counter iPad,Payment,Eat in,,
2026-09-04,21:23:00,Europe/London,Main,Margherita,3,Regular,,34.50,0.00,34.50,5.75,T166433,Counter iPad,Payment,Takeaway,,
2026-09-04,21:23:00,Europe/London,Service,Service Charge 12.5%,7,Regular,,0.00,0.00,0.00,0.00,T644253,Counter iPad,Payment,Eat in,C7835,Sample Customer 84
2026-09-04,21:33:00,Europe/London,Dessert,Nutella Calzone,1,Regular,,7.50,0.00,7.50,1.25,T338479,Counter iPad,Payment,Takeaway,,
2026-09-04,21:36:00,Europe/London,Starter,Garlic Bread,2,Regular,,13.00,0.00,13.00,2.17,T434088,Counter iPad,Payment,Eat in,,
2026-09-04,21:36:00,Europe/London,Main,Margherita,3,Regular,,34.50,0.00,34.50,5.75,T585009,Counter iPad,Payment,Eat in,C8145,Sample Customer 54
2026-09-04,21:41:00,Europe/London,Starter,Garlic Bread,3,Regular,,19.50,0.00,19.50,3.25,T809047,Counter iPad,Payment,Takeaway,,
2026-09-04,21:46:00,Europe/London,Main,Salsiccia e Friarielli,2,Regular,,28.00,0.00,28.00,4.67,T226678,Counter iPad,Payment,Eat in,C3616,Sample Customer 90
2026-09-04,22:20:00,Europe/London,Main,Funghi,3,Regular,,36.00,0.00,36.00,6.00,T622060,Counter iPad,Payment,Eat in,,
2026-09-04,22:24:00,Europe/London,Side,Fries (Rosemary),2,Regular,,9.00,0.00,9.00,1.50,T722710,Counter iPad,Payment,Takeaway,C3544,Sample Customer 61
2026-09-04,22:29:00,Europe/London,Dessert,Nutella Calzone,1,Regular,,7.50,0.00,7.50,1.25,T280423,Counter iPad,Payment,Eat in,,
2026-09-04,22:45:00,Europe/London,Main,Diavola,2,Regular,,26.00,0.00,26.00,4.33,T637712,Counter iPad,Payment,Takeaway,,
2026-09-04,22:46:00,Europe/London,Starter,Arancini,1,Regular,,7.50,0.00,7.50,1.25,T497011,Counter iPad,Payment,Eat in,C6434,Sample Customer 57
2026-09-04,22:51:00,Europe/London,Starter,Garlic Bread,1,Regular,,6.50,0.00,6.50,1.08,T686438,Counter iPad,Payment,Eat in,,
2026-09-04,22:58:00,Europe/London,Starter,Burrata,3,Regular,,28.50,0.00,28.50,4.75,T826498,Counter iPad,Payment,Takeaway,,
2026-09-04,22:59:00,Europe/London,Side,Fries (Rosemary),3,Regular,,13.50,0.00,13.50,2.25,T366391,Counter iPad,Payment,Eat in,,
2026-09-05,12:14:00,Europe/London,Side,Friarielli,2,Regular,,12.00,0.00,12.00,2.00,T691607,Counter iPad,Payment,Eat in,,
2026-09-05,12:16:00,Europe/London,Starter,Arancini,2,Regular,,15.00,0.00,15.00,2.50,T304410,Counter iPad,Payment,Takeaway,C2029,Sample Customer 78
2026-09-05,12:18:00,Europe/London,Side,Fries (Rosemary),1,Regular,,4.50,0.00,4.50,0.75,T973706,Counter iPad,Payment,Eat in,,
2026-09-05,12:19:00,Europe/London,Main,Margherita,2,Regular,,23.00,0.00,23.00,3.83,T419280,Counter iPad,Payment,Eat in,,
2026-09-05,12:34:00,Europe/London,Main,Margherita,3,Regular,,34.50,0.00,34.50,5.75,T170927,Counter iPad,Payment,Eat in,,
2026-09-05,12:39:00,Europe/London,Side,Fries (Rosemary),2,Regular,,9.00,0.00,9.00,1.50,T782567,Counter iPad,Payment,Takeaway,,
2026-09-05,12:43:00,Europe/London,Main,Diavola,2,Regular,,26.00,0.00,26.00,4.33,T808798,Counter iPad,Payment,Eat in,,
2026-09-05,12:51:00,Europe/London,Main,Salsiccia e Friarielli,3,Regular,,42.00,0.00,42.00,7.00,T161773,Counter iPad,Payment,Takeaway,,
2026-09-05,12:59:00,Europe/London,Main,Margherita,1,Regular,,11.50,0.00,11.50,1.92,T856314,Counter iPad,Payment,Takeaway,,
2026-09-05,12:59:00,Europe/London,Dessert,Tiramisu,1,Regular,,7.00,0.00,7.00,1.17,T349746,Counter iPad,Payment,Eat in,,
2026-09-05,13:00:00,Europe/London,Starter,Garlic Bread,2,Regular,,13.00,0.00,13.00,2.17,T694315,Counter iPad,Payment,Eat in,,
2026-09-05,13:17:00,Europe/London,Starter,Arancini,1,Regular,,7.50,0.00,7.50,1.25,T184686,Counter iPad,Payment,Eat in,C7884,Sample Customer 16
2026-09-05,13:23:00,Europe/London,Side,Fries (Rosemary),1,Regular,,4.50,0.00,4.50,0.75,T776214,Counter iPad,Payment,Eat in,C7847,Sample Customer 62
2026-09-05,13:23:00,Europe/London,Main,Prosciutto Rucola,3,Regular,,43.50,0.00,43.50,7.25,T498149,Counter iPad,Payment,Eat in,,
2026-09-05,13:27:00,Europe/London,Dessert,Affogato,1,Regular,,5.00,0.00,5.00,0.83,T268050,Counter iPad,Payment,Eat in,C2712,Sample Customer 30
2026-09-05,13:36:00,Europe/London,Starter,Burrata,2,Regular,,19.00,0.00,19.00,3.17,T279879,Counter iPad,Payment,Eat in,,
2026-09-05,13:39:00,Europe/London,Starter,Burrata,1,Regular,,9.50,0.00,9.50,1.58,T269671,Counter iPad,Payment,Eat in,C3323,Sample Customer 90
2026-09-05,13:44:00,Europe/London,Main,Diavola,2,Regular,,26.00,0.00,26.00,4.33,T877288,Counter iPad,Payment,Eat in,,
2026-09-05,13:46:00,Europe/London,Starter,Bruschetta,2,Regular,,12.00,0.00,12.00,2.00,T743828,Counter iPad,Payment,Eat in,,
2026-09-05,13:48:00,Europe/London,Main,Nduja + Hot Honey,1,Regular,,14.00,0.00,14.00,2.33,T989348,Counter iPad,Payment,Takeaway,,
2026-09-05,13:48:00,Europe/London,Main,Mortadella & Pistachio,7,Regular,,105.00,0.00,105.00,17.50,T585508,Counter iPad,Payment,Eat in,,
2026-09-05,13:51:00,Europe/London,Wine,House Red 175ml,17,Regular,,119.00,0.00,119.00,19.83,T977528,Counter iPad,Payment,Eat in,,
2026-09-05,13:54:00,Europe/London,Starter,Burrata,1,Regular,,9.50,0.00,9.50,1.58,T719155,Counter iPad,Payment,Eat in,,
2026-09-05,13:55:00,Europe/London,Main,Salsiccia e Friarielli,2,Regular,,28.00,0.00,28.00,4.67,T314850,Counter iPad,Payment,Eat in,,
2026-09-05,14:03:00,Europe/London,Main,Quattro Formaggi,3,Regular,,40.50,0.00,40.50,6.75,T545252,Counter iPad,Payment,Takeaway,,
2026-09-05,14:04:00,Europe/London,Dessert,Nutella Calzone,2,Regular,,15.00,0.00,15.00,2.50,T217310,Counter iPad,Payment,Eat in,,
2026-09-05,14:09:00,Europe/London,Main,Margherita,1,Regular,,11.50,0.00,11.50,1.92,T915315,Counter iPad,Payment,Takeaway,,
2026-09-05,14:34:00,Europe/London,Main,Margherita,2,Regular,,23.00,0.00,23.00,3.83,T388009,Counter iPad,Payment,Takeaway,,
2026-09-05,14:44:00,Europe/London,Starter,Burrata,1,Regular,,9.50,0.00,9.50,1.58,T774805,Counter iPad,Payment,Takeaway,C1698,Sample Customer 90
2026-09-05,14:46:00,Europe/London,Side,Rocket Salad,3,Regular,,15.00,0.00,15.00,2.50,T803567,Counter iPad,Payment,Eat in,C5467,Sample Customer 50
2026-09-05,14:59:00,Europe/London,Side,Dough Balls,3,Regular,,15.00,0.00,15.00,2.50,T389953,Counter iPad,Payment,Eat in,,
2026-09-05,15:01:00,Europe/London,Side,Rocket Salad,3,Regular,,15.00,0.00,15.00,2.50,T360822,Counter iPad,Payment,Eat in,,
2026-09-05,15:02:00,Europe/London,Drinks,Coca-Cola 330ml,26,Regular,,78.00,0.00,78.00,13.00,T114043,Counter iPad,Payment,Eat in,,
2026-09-05,15:05:00,Europe/London,Dessert,Panna Cotta,1,Regular,,7.00,0.00,7.00,1.17,T753846,Counter iPad,Payment,Eat in,,
2026-09-05,15:06:00,Europe/London,Dessert,Tiramisu,3,Regular,,21.00,0.00,21.00,3.50,T813009,Counter iPad,Payment,Eat in,C8243,Sample Customer 83
2026-09-05,15:07:00,Europe/London,Drinks,Peroni 330ml,42,Regular,,210.00,0.00,210.00,35.00,T394710,Counter iPad,Payment,Eat in,,
2026-09-05,15:18:00,Europe/London,Side,Dough Balls,3,Regular,,15.00,0.00,15.00,2.50,T232259,Counter iPad,Payment,Takeaway,,
2026-09-05,15:19:00,Europe/London,Main,Funghi,2,Regular,,24.00,0.00,24.00,4.00,T517500,Counter iPad,Payment,Eat in,,
2026-09-05,15:20:00,Europe/London,Side,Dough Balls,1,Regular,,5.00,0.00,5.00,0.83,T297461,Counter iPad,Payment,Takeaway,,
2026-09-05,15:23:00,Europe/London,Main,Diavola,2,Regular,,26.00,0.00,26.00,4.33,T870983,Counter iPad,Payment,Takeaway,C6892,Sample Customer 49
2026-09-05,15:24:00,Europe/London,Starter,Arancini,3,Regular,,22.50,0.00,22.50,3.75,T473952,Counter iPad,Payment,Eat in,,
2026-09-05,15:28:00,Europe/London,Starter,Garlic Bread,1,Regular,,6.50,0.00,6.50,1.08,T270187,Counter iPad,Payment,Eat in,,
2026-09-05,15:28:00,Europe/London,Main,Nduja + Hot Honey,2,Regular,,28.00,0.00,28.00,4.67,T400665,Counter iPad,Payment,Eat in,,
2026-09-05,15:29:00,Europe/London,Main,Prosciutto Rucola,1,Regular,,14.50,0.00,14.50,2.42,T230016,Counter iPad,Payment,Eat in,C8458,Sample Customer 81
2026-09-05,15:36:00,Europe/London,Starter,Burrata,2,Regular,,19.00,0.00,19.00,3.17,T422700,Counter iPad,Payment,Eat in,,
2026-09-05,15:36:00,Europe/London,Main,Funghi,1,Regular,,12.00,0.00,12.00,2.00,T253880,Counter iPad,Payment,Eat in,,
2026-09-05,15:40:00,Europe/London,Main,Diavola,3,Regular,,39.00,0.00,39.00,6.50,T325384,Counter iPad,Payment,Eat in,,
2026-09-05,15:43:00,Europe/London,Main,Marinara,1,Regular,,9.00,0.00,9.00,1.50,T302892,Counter iPad,Payment,Eat in,,
2026-09-05,15:45:00,Europe/London,Main,Prosciutto Rucola,1,Regular,,14.50,0.00,14.50,2.42,T715054,Counter iPad,Payment,Eat in,,
2026-09-05,15:50:00,Europe/London,Main,Margherita,3,Regular,,34.50,0.00,34.50,5.75,T560437,Counter iPad,Payment,Eat in,C4285,Sample Customer 91
2026-09-05,15:51:00,Europe/London,Starter,Garlic Bread,2,Regular,,13.00,0.00,13.00,2.17,T351016,Counter iPad,Payment,Eat in,,
2026-09-05,16:04:00,Europe/London,Drinks,San Pellegrino 500ml,8,Regular,,28.00,0.00,28.00,4.67,T748768,Counter iPad,Payment,Eat in,,
2026-09-05,16:18:00,Europe/London,Main,Funghi,1,Regular,,12.00,0.00,12.00,2.00,T797956,Counter iPad,Payment,Takeaway,,
2026-09-05,16:19:00,Europe/London,Main,Margherita,2,Regular,,23.00,0.00,23.00,3.83,T311820,Counter iPad,Payment,Eat in,,
2026-09-05,16:22:00,Europe/London,Starter,Garlic Bread,2,Regular,,13.00,0.00,13.00,2.17,T731535,Counter iPad,Payment,Eat in,C8768,Sample Customer 16
2026-09-05,16:24:00,Europe/London,Starter,Bruschetta,2,Regular,,12.00,0.00,12.00,2.00,T519099,Counter iPad,Payment,Eat in,C1218,Sample Customer 10
2026-09-05,16:36:00,Europe/London,Coffee,Espresso,11,Regular,,27.50,0.00,27.50,4.58,T737495,Counter iPad,Payment,Eat in,,
2026-09-05,16:40:00,Europe/London,Dessert,Tiramisu,1,Regular,,7.00,0.00,7.00,1.17,T188819,Counter iPad,Payment,Takeaway,,
2026-09-05,17:10:00,Europe/London,Add-ons,Extra Nduja,10,Regular,,20.00,0.00,20.00,3.33,T907651,Counter iPad,Payment,Takeaway,,
2026-09-05,17:12:00,Europe/London,Main,Margherita,3,Regular,,34.50,0.00,34.50,5.75,T578602,Counter iPad,Payment,Takeaway,,
2026-09-05,17:16:00,Europe/London,Side,Fries (Rosemary),2,Regular,,9.00,0.00,9.00,1.50,T381042,Counter iPad,Payment,Eat in,,
2026-09-05,17:16:00,Europe/London,Main,Nduja + Hot Honey,3,Regular,,42.00,0.00,42.00,7.00,T840693,Counter iPad,Payment,Takeaway,C5263,Sample Customer 85
2026-09-05,17:24:00,Europe/London,Main,Prosciutto Rucola,1,Regular,,14.50,0.00,14.50,2.42,T705816,Counter iPad,Payment,Takeaway,,
2026-09-05,17:25:00,Europe/London,Main,Nduja + Hot Honey,1,Regular,,14.00,0.00,14.00,2.33,T268549,Counter iPad,Payment,Eat in,,
2026-09-05,17:28:00,Europe/London,Dessert,Tiramisu,3,Regular,,21.00,0.00,21.00,3.50,T387053,Counter iPad,Payment,Eat in,,
2026-09-05,17:36:00,Europe/London,Side,Fries (Rosemary),3,Regular,,13.50,0.00,13.50,2.25,T863118,Counter iPad,Payment,Eat in,C8697,Sample Customer 87
2026-09-05,17:39:00,Europe/London,Starter,Garlic Bread,3,Regular,,19.50,0.00,19.50,3.25,T126739,Counter iPad,Payment,Eat in,C4407,Sample Customer 79
2026-09-05,17:39:00,Europe/London,Starter,Arancini,2,Regular,,15.00,0.00,15.00,2.50,T145702,Counter iPad,Payment,Eat in,,
2026-09-05,17:47:00,Europe/London,Starter,Garlic Bread,1,Regular,,6.50,0.00,6.50,1.08,T377617,Counter iPad,Payment,Eat in,C3645,Sample Customer 67
2026-09-05,17:51:00,Europe/London,Side,Dough Balls,1,Regular,,5.00,0.00,5.00,0.83,T624671,Counter iPad,Payment,Eat in,C4159,Sample Customer 9
2026-09-05,17:51:00,Europe/London,Main,Diavola,3,Regular,,39.00,0.00,39.00,6.50,T110077,Counter iPad,Payment,Eat in,,
2026-09-05,17:59:00,Europe/London,Starter,Arancini,1,Regular,,7.50,0.00,7.50,1.25,T389019,Counter iPad,Payment,Eat in,,
2026-09-05,18:00:00,Europe/London,Dessert,Affogato,1,Regular,,5.00,0.00,5.00,0.83,T909873,Counter iPad,Payment,Takeaway,,
2026-09-05,18:02:00,Europe/London,Starter,Arancini,1,Regular,,7.50,0.00,7.50,1.25,T493811,Counter iPad,Payment,Eat in,,
2026-09-05,18:02:00,Europe/London,Dessert,Tiramisu,1,Regular,,7.00,0.00,7.00,1.17,T142196,Counter iPad,Payment,Takeaway,,
2026-09-05,18:05:00,Europe/London,Main,Diavola,2,Regular,,26.00,0.00,26.00,4.33,T317214,Counter iPad,Payment,Takeaway,,
2026-09-05,18:39:00,Europe/London,Main,Diavola,1,Regular,Extra basil,13.00,0.00,13.00,2.17,T541226,Counter iPad,Payment,Takeaway,C2274,Sample Customer 61
2026-09-05,18:52:00,Europe/London,Main,Margherita,2,Regular,,23.00,0.00,23.00,3.83,T152528,Counter iPad,Payment,Takeaway,C3384,Sample Customer 42
2026-09-05,18:54:00,Europe/London,Side,Dough Balls,2,Regular,,10.00,0.00,10.00,1.67,T587026,Counter iPad,Payment,Takeaway,,
2026-09-05,18:54:00,Europe/London,Main,Margherita,1,Regular,,11.50,0.00,11.50,1.92,T770326,Counter iPad,Payment,Eat in,C1802,Sample Customer 18
2026-09-05,19:01:00,Europe/London,Starter,Arancini,2,Regular,,15.00,0.00,15.00,2.50,T762345,Counter iPad,Payment,Eat in,,
2026-09-05,19:02:00,Europe/London,Service,Service Charge 12.5%,8,Regular,,0.00,0.00,0.00,0.00,T297253,Counter iPad,Payment,Takeaway,,
2026-09-05,19:03:00,Europe/London,Dessert,Nutella Calzone,2,Regular,,15.00,0.00,15.00,2.50,T997727,Counter iPad,Payment,Eat in,,
2026-09-05,19:03:00,Europe/London,Dessert,Panna Cotta,2,Regular,,14.00,0.00,14.00,2.33,T611420,Counter iPad,Payment,Eat in,,
2026-09-05,19:12:00,Europe/London,Starter,Arancini,2,Regular,,15.00,0.00,15.00,2.50,T490819,Counter iPad,Payment,Takeaway,C8312,Sample Customer 25
2026-09-05,19:17:00,Europe/London,Side,Fries (Rosemary),2,Regular,,9.00,0.00,9.00,1.50,T922738,Counter iPad,Payment,Takeaway,,
2026-09-05,19:19:00,Europe/London,Dessert,Nutella Calzone,1,Regular,,7.50,0.00,7.50,1.25,T705444,Counter iPad,Payment,Takeaway,,
2026-09-05,19:25:00,Europe/London,Main,Margherita,1,Regular,,11.50,0.00,11.50,1.92,T863161,Counter iPad,Payment,Eat in,,
2026-09-05,19:30:00,Europe/London,Starter,Garlic Bread,1,Regular,,6.50,0.00,6.50,1.08,T607337,Counter iPad,Payment,Eat in,,
2026-09-05,19:35:00,Europe/London,Main,Nduja + Hot Honey,1,Regular,,14.00,0.00,14.00,2.33,T253585,Counter iPad,Payment,Eat in,,
2026-09-05,19:42:00,Europe/London,Main,Margherita,1,Regular,,11.50,0.00,11.50,1.92,T612740,Counter iPad,Payment,Takeaway,,
2026-09-05,19:53:00,Europe/London,Main,Salsiccia e Friarielli,2,Regular,,28.00,0.00,28.00,4.67,T306261,Counter iPad,Payment,Eat in,,
2026-09-05,20:11:00,Europe/London,Dessert,Tiramisu,2,Regular,,14.00,0.00,14.00,2.33,T530185,Counter iPad,Payment,Takeaway,,
2026-09-05,20:19:00,Europe/London,Starter,Garlic Bread,3,Regular,,19.50,0.00,19.50,3.25,T774147,Counter iPad,Payment,Eat in,,
2026-09-05,20:21:00,Europe/London,Starter,Garlic Bread,1,Regular,,6.50,0.00,6.50,1.08,T767357,Counter iPad,Payment,Eat in,,
2026-09-05,20:22:00,Europe/London,Main,Diavola,3,Regular,,39.00,0.00,39.00,6.50,T461867,Counter iPad,Payment,Takeaway,,
2026-09-05,20:23:00,Europe/London,Starter,Garlic Bread,1,Regular,,6.50,0.00,6.50,1.08,T253723,Counter iPad,Payment,Takeaway,,
2026-09-05,20:23:00,Europe/London,Starter,Garlic Bread,3,Regular,,19.50,0.00,19.50,3.25,T275156,Counter iPad,Payment,Eat in,,
2026-09-05,20:23:00,Europe/London,Dessert,Nutella Calzone,3,Regular,,22.50,0.00,22.50,3.75,T781114,Counter iPad,Payment,Eat in,,
2026-09-05,20:25:00,Europe/London,Dessert,Tiramisu,1,Regular,,7.00,0.00,7.00,1.17,T816945,Counter iPad,Payment,Eat in,,
2026-09-05,20:43:00,Europe/London,Side,Fries (Rosemary),1,Regular,,4.50,0.00,4.50,0.75,T914790,Counter iPad,Payment,Eat in,C6682,Sample Customer 69
2026-09-05,21:06:00,Europe/London,Main,Nduja + Hot Honey,1,Regular,,14.00,0.00,14.00,2.33,T584452,Counter iPad,Payment,Takeaway,,
2026-09-05,21:09:00,Europe/London,Side,Dough Balls,2,Regular,,10.00,0.00,10.00,1.67,T425885,Counter iPad,Payment,Eat in,C7388,Sample Customer 91
2026-09-05,21:09:00,Europe/London,Main,Funghi,1,Regular,,12.00,0.00,12.00,2.00,T201117,Counter iPad,Payment,Eat in,C5124,Sample Customer 98
2026-09-05,21:10:00,Europe/London,Side,Fries (Rosemary),2,Regular,,9.00,0.00,9.00,1.50,T975472,Counter iPad,Payment,Eat in,,
2026-09-05,21:27:00,Europe/London,Side,Fries (Rosemary),3,Regular,,13.50,0.00,13.50,2.25,T358066,Counter iPad,Payment,Eat in,,
2026-09-05,21:42:00,Europe/London,Main,Funghi,1,Regular,,12.00,0.00,12.00,2.00,T987157,Counter iPad,Payment,Eat in,,
2026-09-05,21:43:00,Europe/London,Main,Nduja + Hot Honey,2,Regular,,28.00,0.00,28.00,4.67,T441963,Counter iPad,Payment,Eat in,,
2026-09-05,21:46:00,Europe/London,Side,Fries (Rosemary),3,Regular,,13.50,0.00,13.50,2.25,T116253,Counter iPad,Payment,Eat in,,
2026-09-05,21:49:00,Europe/London,Side,Fries (Rosemary),2,Regular,,9.00,0.00,9.00,1.50,T345737,Counter iPad,Payment,Eat in,,
2026-09-05,22:17:00,Europe/London,Dessert,Cannoli,2,Regular,,14.00,0.00,14.00,2.33,T409197,Counter iPad,Payment,Takeaway,,
2026-09-05,22:35:00,Europe/London,Main,Salsiccia e Friarielli,2,Regular,,28.00,0.00,28.00,4.67,T607526,Counter iPad,Payment,Takeaway,C3351,Sample Customer 49
2026-09-05,22:37:00,Europe/London,Main,Quattro Formaggi,1,Regular,,13.50,0.00,13.50,2.25,T596487,Counter iPad,Payment,Takeaway,,
2026-09-05,22:40:00,Europe/London,Main,Nduja + Hot Honey,1,Regular,,14.00,0.00,14.00,2.33,T452168,Counter iPad,Payment,Takeaway,,
2026-09-05,22:42:00,Europe/London,Main,Prosciutto Rucola,3,Regular,,43.50,0.00,43.50,7.25,T283379,Counter iPad,Payment,Eat in,,
2026-09-05,22:44:00,Europe/London,Side,Dough Balls,1,Regular,,5.00,0.00,5.00,0.83,T468500,Counter iPad,Payment,Eat in,,
2026-09-05,22:44:00,Europe/London,Main,Prosciutto Rucola,2,Regular,,29.00,0.00,29.00,4.83,T479920,Counter iPad,Payment,Eat in,,
2026-09-05,22:46:00,Europe/London,Main,Margherita,3,Regular,,34.50,0.00,34.50,5.75,T807745,Counter iPad,Payment,Takeaway,,
2026-09-05,22:54:00,Europe/London,Main,Margherita,2,Regular,,23.00,0.00,23.00,3.83,T413289,Counter iPad,Payment,Takeaway,,
2026-09-05,22:56:00,Europe/London,Main,Diavola,2,Regular,,26.00,0.00,26.00,4.33,T289002,Counter iPad,Payment,Eat in,,
2026-09-06,12:17:00,Europe/London,Main,Prosciutto Rucola,1,Regular,,14.50,0.00,14.50,2.42,T151632,Counter iPad,Payment,Eat in,,
2026-09-06,12:30:00,Europe/London,Starter,Arancini,1,Regular,,7.50,0.00,7.50,1.25,T679437,Counter iPad,Payment,Takeaway,C6337,Sample Customer 21
2026-09-06,12:39:00,Europe/London,Main,Salsiccia e Friarielli,2,Regular,,28.00,0.00,28.00,4.67,T890154,Counter iPad,Payment,Takeaway,,
2026-09-06,12:50:00,Europe/London,Starter,Garlic Bread,3,Regular,,19.50,0.00,19.50,3.25,T392991,Counter iPad,Payment,Eat in,C5246,Sample Customer 25
2026-09-06,12:52:00,Europe/London,Dessert,Affogato,1,Regular,,5.00,0.00,5.00,0.83,T640893,Counter iPad,Payment,Eat in,,
2026-09-06,12:53:00,Europe/London,Main,Diavola,3,Regular,,39.00,0.00,39.00,6.50,T281631,Counter iPad,Payment,Eat in,C5078,Sample Customer 1
2026-09-06,12:58:00,Europe/London,Side,Rocket Salad,1,Regular,,5.00,0.00,5.00,0.83,T687861,Counter iPad,Payment,Eat in,,
2026-09-06,13:11:00,Europe/London,Side,Dough Balls,2,Regular,,10.00,0.00,10.00,1.67,T405635,Counter iPad,Payment,Eat in,,
2026-09-06,13:15:00,Europe/London,Starter,Burrata,3,Regular,,28.50,0.00,28.50,4.75,T315716,Counter iPad,Payment,Eat in,,
2026-09-06,13:41:00,Europe/London,Dessert,Affogato,1,Regular,,5.00,0.00,5.00,0.83,T179814,Counter iPad,Payment,Eat in,C9534,Sample Customer 46
2026-09-06,13:43:00,Europe/London,Main,Prosciutto Rucola,1,Regular,,14.50,0.00,14.50,2.42,T400623,Counter iPad,Payment,Eat in,,
2026-09-06,14:27:00,Europe/London,Side,Dough Balls,2,Regular,,10.00,0.00,10.00,1.67,T307709,Counter iPad,Payment,Eat in,C3559,Sample Customer 49
2026-09-06,14:27:00,Europe/London,Main,Margherita,1,Regular,,11.50,0.00,11.50,1.92,T449366,Counter iPad,Payment,Takeaway,C7576,Sample Customer 15
2026-09-06,14:30:00,Europe/London,Main,Diavola,1,Regular,,13.00,0.00,13.00,2.17,T451647,Counter iPad,Payment,Eat in,,
2026-09-06,14:43:00,Europe/London,Dessert,Tiramisu,1,Regular,,7.00,0.00,7.00,1.17,T753774,Counter iPad,Payment,Eat in,,
2026-09-06,14:53:00,Europe/London,Main,Margherita,1,Regular,,11.50,0.00,11.50,1.92,T567992,Counter iPad,Payment,Eat in,C4812,Sample Customer 75
2026-09-06,14:54:00,Europe/London,Dessert,Nutella Calzone,3,Regular,,22.50,0.00,22.50,3.75,T120941,Counter iPad,Payment,Eat in,,
2026-09-06,15:01:00,Europe/London,Main,Diavola,1,Regular,,13.00,0.00,13.00,2.17,T125104,Counter iPad,Payment,Eat in,,
2026-09-06,15:06:00,Europe/London,Starter,Arancini,1,Regular,,7.50,0.00,7.50,1.25,T598271,Counter iPad,Payment,Takeaway,C8630,Sample Customer 50
2026-09-06,15:06:00,Europe/London,Main,Prosciutto Rucola,1,Regular,,14.50,0.00,14.50,2.42,T320799,Counter iPad,Payment,Eat in,,
2026-09-06,15:08:00,Europe/London,Main,Nduja + Hot Honey,3,Regular,,42.00,0.00,42.00,7.00,T319246,Counter iPad,Payment,Eat in,,
2026-09-06,15:12:00,Europe/London,Side,Fries (Rosemary),3,Regular,,13.50,0.00,13.50,2.25,T196666,Counter iPad,Payment,Eat in,,
2026-09-06,15:19:00,Europe/London,Starter,Bruschetta,1,Regular,,6.00,0.00,6.00,1.00,T877488,Counter iPad,Payment,Eat in,,
2026-09-06,15:19:00,Europe/London,Side,Fries (Rosemary),3,Regular,,13.50,0.00,13.50,2.25,T736378,Counter iPad,Payment,Eat in,,
2026-09-06,15:23:00,Europe/London,Main,Diavola,1,Regular,,13.00,0.00,13.00,2.17,T903409,Counter iPad,Payment,Eat in,,
2026-09-06,15:25:00,Europe/London,Side,Fries (Rosemary),2,Regular,,9.00,0.00,9.00,1.50,T707744,Counter iPad,Payment,Takeaway,,
2026-09-06,15:28:00,Europe/London,Main,Salsiccia e Friarielli,2,Regular,,28.00,0.00,28.00,4.67,T929156,Counter iPad,Payment,Eat in,,
2026-09-06,15:28:00,Europe/London,Main,Quattro Formaggi,2,Regular,,27.00,0.00,27.00,4.50,T459259,Counter iPad,Payment,Eat in,C6320,Sample Customer 12
2026-09-06,15:32:00,Europe/London,Main,Prosciutto Rucola,2,Regular,Extra basil,29.00,0.00,29.00,4.83,T632114,Counter iPad,Payment,Takeaway,,
2026-09-06,15:33:00,Europe/London,Starter,Garlic Bread,3,Regular,,19.50,0.00,19.50,3.25,T616719,Counter iPad,Payment,Eat in,,
2026-09-06,15:37:00,Europe/London,Main,Margherita,1,Regular,,11.50,0.00,11.50,1.92,T414430,Counter iPad,Payment,Eat in,,
2026-09-06,15:41:00,Europe/London,Main,Margherita,2,Regular,,23.00,0.00,23.00,3.83,T672228,Counter iPad,Payment,Takeaway,,
2026-09-06,15:41:00,Europe/London,Main,Margherita,1,Regular,,11.50,0.00,11.50,1.92,T649760,Counter iPad,Payment,Takeaway,C2194,Sample Customer 38
2026-09-06,15:45:00,Europe/London,Side,Dough Balls,2,Regular,,10.00,0.00,10.00,1.67,T810324,Counter iPad,Payment,Eat in,,
2026-09-06,15:48:00,Europe/London,Dessert,Tiramisu,1,Regular,,7.00,0.00,7.00,1.17,T916738,Counter iPad,Payment,Eat in,C7183,Sample Customer 69
2026-09-06,15:50:00,Europe/London,Main,Margherita,1,Regular,,11.50,0.00,11.50,1.92,T195978,Counter iPad,Payment,Eat in,,
2026-09-06,15:59:00,Europe/London,Side,Fries (Rosemary),3,Regular,,13.50,0.00,13.50,2.25,T367108,Counter iPad,Payment,Takeaway,,
2026-09-06,16:22:00,Europe/London,Side,Rocket Salad,2,Regular,,10.00,0.00,10.00,1.67,T696598,Counter iPad,Payment,Takeaway,C9653,Sample Customer 75
2026-09-06,16:35:00,Europe/London,Dessert,Tiramisu,1,Regular,,7.00,0.00,7.00,1.17,T867376,Counter iPad,Payment,Eat in,,
2026-09-06,16:40:00,Europe/London,Side,Dough Balls,2,Regular,,10.00,0.00,10.00,1.67,T769321,Counter iPad,Payment,Eat in,C4729,Sample Customer 73
2026-09-06,16:42:00,Europe/London,Main,Funghi,1,Regular,,12.00,0.00,12.00,2.00,T864122,Counter iPad,Payment,Eat in,,
2026-09-06,16:43:00,Europe/London,Dessert,Nutella Calzone,1,Regular,,7.50,0.00,7.50,1.25,T355601,Counter iPad,Payment,Eat in,,
2026-09-06,16:52:00,Europe/London,Starter,Arancini,1,Regular,,7.50,0.00,7.50,1.25,T825729,Counter iPad,Payment,Eat in,,
2026-09-06,16:53:00,Europe/London,Main,Diavola,2,Regular,,26.00,0.00,26.00,4.33,T676960,Counter iPad,Payment,Takeaway,,
2026-09-06,16:58:00,Europe/London,Main,Margherita,2,Regular,,23.00,0.00,23.00,3.83,T370574,Counter iPad,Payment,Eat in,,
2026-09-06,17:05:00,Europe/London,Starter,Garlic Bread,2,Regular,,13.00,0.00,13.00,2.17,T331171,Counter iPad,Payment,Eat in,,
2026-09-06,17:12:00,Europe/London,Main,Margherita,1,Regular,,11.50,0.00,11.50,1.92,T259608,Counter iPad,Payment,Takeaway,,
2026-09-06,17:13:00,Europe/London,Starter,Garlic Bread,1,Regular,,6.50,0.00,6.50,1.08,T606098,Counter iPad,Payment,Takeaway,,
2026-09-06,17:25:00,Europe/London,Main,Mortadella & Pistachio,5,Regular,,75.00,0.00,75.00,12.50,T940458,Counter iPad,Payment,Takeaway,,
2026-09-06,17:28:00,Europe/London,Starter,Garlic Bread,3,Regular,,19.50,0.00,19.50,3.25,T947842,Counter iPad,Payment,Takeaway,,
2026-09-06,17:29:00,Europe/London,Starter,Arancini,3,Regular,,22.50,0.00,22.50,3.75,T479436,Counter iPad,Payment,Takeaway,,
2026-09-06,17:51:00,Europe/London,Service,Service Charge 12.5%,7,Regular,,0.00,0.00,0.00,0.00,T513316,Counter iPad,Payment,Eat in,,
2026-09-06,17:59:00,Europe/London,Dessert,Panna Cotta,2,Regular,,14.00,0.00,14.00,2.33,T361889,Counter iPad,Payment,Eat in,,
2026-09-06,18:23:00,Europe/London,Dessert,Cannoli,1,Regular,,7.00,0.00,7.00,1.17,T479157,Counter iPad,Payment,Takeaway,,
2026-09-06,18:26:00,Europe/London,Main,Quattro Formaggi,1,Regular,,13.50,0.00,13.50,2.25,T361702,Counter iPad,Payment,Takeaway,,
2026-09-06,18:33:00,Europe/London,Add-ons,Extra Nduja,6,Regular,,12.00,0.00,12.00,2.00,T215190,Counter iPad,Payment,Eat in,,
2026-09-06,18:42:00,Europe/London,Side,Friarielli,2,Regular,,12.00,0.00,12.00,2.00,T757585,Counter iPad,Payment,Eat in,,
2026-09-06,18:48:00,Europe/London,Starter,Arancini,1,Regular,,7.50,0.00,7.50,1.25,T267706,Counter iPad,Payment,Eat in,,
2026-09-06,19:08:00,Europe/London,Starter,Arancini,2,Regular,,15.00,0.00,15.00,2.50,T620660,Counter iPad,Payment,Eat in,,
2026-09-06,19:15:00,Europe/London,Side,Dough Balls,1,Regular,,5.00,0.00,5.00,0.83,T987844,Counter iPad,Payment,Eat in,,
2026-09-06,19:28:00,Europe/London,Main,Nduja + Hot Honey,2,Regular,,28.00,0.00,28.00,4.67,T584222,Counter iPad,Payment,Eat in,,
2026-09-06,19:34:00,Europe/London,Side,Fries (Rosemary),1,Regular,,4.50,0.00,4.50,0.75,T191961,Counter iPad,Payment,Takeaway,,
2026-09-06,19:35:00,Europe/London,Dessert,Tiramisu,1,Regular,,7.00,0.00,7.00,1.17,T991151,Counter iPad,Payment,Takeaway,,
2026-09-06,19:43:00,Europe/London,Main,Margherita,2,Regular,,23.00,0.00,23.00,3.83,T545201,Counter iPad,Payment,Eat in,,
2026-09-06,19:51:00,Europe/London,Side,Fries (Rosemary),1,Regular,,4.50,0.00,4.50,0.75,T500281,Counter iPad,Payment,Eat in,,
2026-09-06,19:51:00,Europe/London,Dessert,Tiramisu,3,Regular,,21.00,0.00,21.00,3.50,T391356,Counter iPad,Payment,Eat in,,
2026-09-06,19:56:00,Europe/London,Main,Margherita,2,Regular,,23.00,0.00,23.00,3.83,T197508,Counter iPad,Payment,Eat in,,
2026-09-06,19:57:00,Europe/London,Main,Funghi,3,Regular,,36.00,0.00,36.00,6.00,T397137,Counter iPad,Payment,Takeaway,,
2026-09-06,19:58:00,Europe/London,Starter,Garlic Bread,2,Regular,,13.00,0.00,13.00,2.17,T784697,Counter iPad,Payment,Eat in,,
2026-09-06,20:15:00,Europe/London,Main,Salsiccia e Friarielli,2,Regular,,28.00,0.00,28.00,4.67,T239675,Counter iPad,Payment,Takeaway,,
2026-09-06,20:16:00,Europe/London,Dessert,Nutella Calzone,2,Regular,,15.00,0.00,15.00,2.50,T483380,Counter iPad,Payment,Eat in,,
2026-09-06,20:20:00,Europe/London,Side,Fries (Rosemary),2,Regular,,9.00,0.00,9.00,1.50,T599736,Counter iPad,Payment,Takeaway,,
2026-09-06,20:43:00,Europe/London,Wine,House Red 175ml,14,Regular,,98.00,0.00,98.00,16.33,T304469,Counter iPad,Payment,Eat in,C7463,Sample Customer 42
2026-09-06,20:45:00,Europe/London,Drinks,San Pellegrino 500ml,12,Regular,,42.00,0.00,42.00,7.00,T799438,Counter iPad,Payment,Eat in,,
2026-09-06,20:51:00,Europe/London,Coffee,Espresso,15,Regular,,37.50,0.00,37.50,6.25,T716897,Counter iPad,Payment,Takeaway,,
2026-09-06,20:52:00,Europe/London,Main,Prosciutto Rucola,2,Regular,,29.00,0.00,29.00,4.83,T289514,Counter iPad,Payment,Eat in,,
2026-09-06,20:53:00,Europe/London,Drinks,Coca-Cola 330ml,25,Regular,,75.00,0.00,75.00,12.50,T233730,Counter iPad,Payment,Eat in,,
2026-09-06,20:54:00,Europe/London,Dessert,Tiramisu,1,Regular,,7.00,0.00,7.00,1.17,T895999,Counter iPad,Payment,Takeaway,,
2026-09-06,20:57:00,Europe/London,Starter,Burrata,1,Regular,,9.50,0.00,9.50,1.58,T796425,Counter iPad,Payment,Eat in,,
2026-09-06,21:11:00,Europe/London,Main,Nduja + Hot Honey,3,Regular,,42.00,0.00,42.00,7.00,T948267,Counter iPad,Payment,Eat in,C5066,Sample Customer 96
2026-09-06,21:29:00,Europe/London,Main,Diavola,3,Regular,,39.00,0.00,39.00,6.50,T990926,Counter iPad,Payment,Takeaway,,
2026-09-06,21:34:00,Europe/London,Main,Margherita,2,Regular,,23.00,0.00,23.00,3.83,T892980,Counter iPad,Payment,Eat in,,
2026-09-06,21:34:00,Europe/London,Main,Diavola,3,Regular,Extra basil,39.00,0.00,39.00,6.50,T532283,Counter iPad,Payment,Takeaway,,
2026-09-06,21:43:00,Europe/London,Dessert,Cannoli,1,Regular,,7.00,0.00,7.00,1.17,T379472,Counter iPad,Payment,Eat in,,
2026-09-06,21:44:00,Europe/London,Main,Prosciutto Rucola,1,Regular,,14.50,0.00,14.50,2.42,T109271,Counter iPad,Payment,Takeaway,,
2026-09-06,21:58:00,Europe/London,Starter,Arancini,1,Regular,,7.50,0.00,7.50,1.25,T944794,Counter iPad,Payment,Takeaway,,
2026-09-06,22:05:00,Europe/London,Starter,Burrata,1,Regular,,9.50,0.00,9.50,1.58,T965138,Counter iPad,Payment,Takeaway,C5708,Sample Customer 62
2026-09-06,22:14:00,Europe/London,Main,Margherita,3,Regular,,34.50,0.00,34.50,5.75,T510518,Counter iPad,Payment,Eat in,,
2026-09-06,22:17:00,Europe/London,Drinks,Peroni 330ml,38,Regular,,190.00,0.00,190.00,31.67,T143708,Counter iPad,Payment,Eat in,,
2026-09-06,22:33:00,Europe/London,Dessert,Tiramisu,1,Regular,,7.00,0.00,7.00,1.17,T447425,Counter iPad,Payment,Takeaway,,
2026-09-06,22:36:00,Europe/London,Side,Rocket Salad,1,Regular,,5.00,0.00,5.00,0.83,T765450,Counter iPad,Payment,Eat in,,
2026-09-06,22:44:00,Europe/London,Starter,Bruschetta,2,Regular,,12.00,0.00,12.00,2.00,T807667,Counter iPad,Payment,Eat in,,
2026-09-07,12:07:00,Europe/London,Side,Dough Balls,3,Regular,,15.00,0.00,15.00,2.50,T974800,Counter iPad,Payment,Takeaway,,
2026-09-07,12:11:00,Europe/London,Main,Nduja + Hot Honey,3,Regular,,42.00,0.00,42.00,7.00,T567688,Counter iPad,Payment,Eat in,,
2026-09-07,12:14:00,Europe/London,Main,Diavola,3,Regular,,39.00,0.00,39.00,6.50,T426505,Counter iPad,Payment,Eat in,,
2026-09-07,12:32:00,Europe/London,Main,Mortadella & Pistachio,4,Regular,,60.00,0.00,60.00,10.00,T299639,Counter iPad,Payment,Takeaway,,
2026-09-07,12:58:00,Europe/London,Dessert,Tiramisu,1,Regular,,7.00,0.00,7.00,1.17,T229130,Counter iPad,Payment,Eat in,,
2026-09-07,13:16:00,Europe/London,Starter,Arancini,2,Regular,,15.00,0.00,15.00,2.50,T754942,Counter iPad,Payment,Eat in,,
2026-09-07,13:21:00,Europe/London,Main,Margherita,1,Regular,,11.50,0.00,11.50,1.92,T105192,Counter iPad,Payment,Takeaway,,
2026-09-07,13:46:00,Europe/London,Starter,Garlic Bread,2,Regular,,13.00,0.00,13.00,2.17,T266572,Counter iPad,Payment,Eat in,,
2026-09-07,13:56:00,Europe/London,Main,Margherita,1,Regular,,11.50,0.00,11.50,1.92,T350315,Counter iPad,Payment,Eat in,,
2026-09-07,14:00:00,Europe/London,Drinks,San Pellegrino 500ml,10,Regular,,35.00,0.00,35.00,5.83,T428257,Counter iPad,Payment,Takeaway,,
2026-09-07,14:35:00,Europe/London,Drinks,Peroni 330ml,37,Regular,,185.00,0.00,185.00,30.83,T907357,Counter iPad,Payment,Eat in,,
2026-09-07,15:02:00,Europe/London,Side,Fries (Rosemary),3,Regular,,13.50,0.00,13.50,2.25,T617229,Counter iPad,Payment,Eat in,,
2026-09-07,15:05:00,Europe/London,Dessert,Nutella Calzone,2,Regular,,15.00,0.00,15.00,2.50,T594684,Counter iPad,Payment,Eat in,C4364,Sample Customer 62
2026-09-07,15:05:00,Europe/London,Drinks,Coca-Cola 330ml,18,Regular,,54.00,0.00,54.00,9.00,T240522,Counter iPad,Payment,Eat in,,
2026-09-07,15:50:00,Europe/London,Main,Diavola,1,Regular,,13.00,0.00,13.00,2.17,T842142,Counter iPad,Payment,Eat in,,
2026-09-07,15:51:00,Europe/London,Main,Funghi,1,Regular,,12.00,0.00,12.00,2.00,T551164,Counter iPad,Payment,Eat in,,
2026-09-07,15:55:00,Europe/London,Side,Fries (Rosemary),1,Regular,,4.50,0.00,4.50,0.75,T692942,Counter iPad,Payment,Eat in,C4499,Sample Customer 34
2026-09-07,15:55:00,Europe/London,Side,Rocket Salad,2,Regular,,10.00,0.00,10.00,1.67,T935401,Counter iPad,Payment,Eat in,,
2026-09-07,15:56:00,Europe/London,Service,Service Charge 12.5%,3,Regular,,0.00,0.00,0.00,0.00,T811684,Counter iPad,Payment,Eat in,,
2026-09-07,16:05:00,Europe/London,Main,Diavola,1,Regular,,13.00,0.00,13.00,2.17,T166482,Counter iPad,Payment,Takeaway,,
2026-09-07,16:18:00,Europe/London,Starter,Arancini,1,Regular,,7.50,0.00,7.50,1.25,T392968,Counter iPad,Payment,Takeaway,,
2026-09-07,16:18:00,Europe/London,Main,Funghi,2,Regular,Extra basil,24.00,0.00,24.00,4.00,T114212,Counter iPad,Payment,Takeaway,,
2026-09-07,16:45:00,Europe/London,Side,Friarielli,1,Regular,,6.00,0.00,6.00,1.00,T554866,Counter iPad,Payment,Eat in,,
2026-09-07,16:47:00,Europe/London,Dessert,Nutella Calzone,1,Regular,,7.50,0.00,7.50,1.25,T723449,Counter iPad,Payment,Eat in,,
2026-09-07,16:51:00,Europe/London,Main,Margherita,3,Regular,,34.50,0.00,34.50,5.75,T172796,Counter iPad,Payment,Takeaway,C8454,Sample Customer 13
2026-09-07,16:57:00,Europe/London,Coffee,Espresso,17,Regular,,42.50,0.00,42.50,7.08,T293392,Counter iPad,Payment,Takeaway,,
2026-09-07,16:59:00,Europe/London,Starter,Burrata,2,Regular,,19.00,0.00,19.00,3.17,T396320,Counter iPad,Payment,Eat in,C7029,Sample Customer 42
2026-09-07,16:59:00,Europe/London,Side,Dough Balls,2,Regular,,10.00,0.00,10.00,1.67,T556059,Counter iPad,Payment,Takeaway,,
2026-09-07,17:17:00,Europe/London,Side,Fries (Rosemary),2,Regular,,9.00,0.00,9.00,1.50,T644689,Counter iPad,Payment,Takeaway,,
2026-09-07,17:20:00,Europe/London,Dessert,Nutella Calzone,1,Regular,,7.50,0.00,7.50,1.25,T439815,Counter iPad,Payment,Eat in,,
2026-09-07,17:21:00,Europe/London,Main,Diavola,1,Regular,,13.00,0.00,13.00,2.17,T626133,Counter iPad,Payment,Eat in,,
2026-09-07,17:31:00,Europe/London,Main,Salsiccia e Friarielli,3,Regular,,42.00,0.00,42.00,7.00,T867758,Counter iPad,Payment,Takeaway,,
2026-09-07,17:43:00,Europe/London,Main,Prosciutto Rucola,2,Regular,,29.00,0.00,29.00,4.83,T502813,Counter iPad,Payment,Eat in,,
2026-09-07,17:44:00,Europe/London,Dessert,Panna Cotta,1,Regular,,7.00,0.00,7.00,1.17,T499478,Counter iPad,Payment,Takeaway,,
2026-09-07,17:46:00,Europe/London,Main,Margherita,2,Regular,,23.00,0.00,23.00,3.83,T795357,Counter iPad,Payment,Takeaway,,
2026-09-07,17:47:00,Europe/London,Side,Rocket Salad,1,Regular,,5.00,0.00,5.00,0.83,T480269,Counter iPad,Payment,Takeaway,C5017,Sample Customer 45
2026-09-07,18:07:00,Europe/London,Main,Prosciutto Rucola,3,Regular,Extra basil,43.50,0.00,43.50,7.25,T969894,Counter iPad,Payment,Takeaway,,
2026-09-07,18:20:00,Europe/London,Dessert,Tiramisu,1,Regular,,7.00,0.00,7.00,1.17,T344016,Counter iPad,Payment,Eat in,C8333,Sample Customer 83
2026-09-07,18:29:00,Europe/London,Starter,Bruschetta,2,Regular,,12.00,0.00,12.00,2.00,T322311,Counter iPad,Payment,Eat in,,
2026-09-07,18:41:00,Europe/London,Main,Margherita,1,Regular,Extra basil,11.50,0.00,11.50,1.92,T830339,Counter iPad,Payment,Eat in,,
2026-09-07,18:58:00,Europe/London,Main,Salsiccia e Friarielli,1,Regular,,14.00,0.00,14.00,2.33,T293528,Counter iPad,Payment,Eat in,,
2026-09-07,19:04:00,Europe/London,Dessert,Cannoli,1,Regular,,7.00,0.00,7.00,1.17,T155514,Counter iPad,Payment,Eat in,,
2026-09-07,19:30:00,Europe/London,Main,Margherita,2,Regular,,23.00,0.00,23.00,3.83,T359413,Counter iPad,Payment,Eat in,,
2026-09-07,19:30:00,Europe/London,Main,Nduja + Hot Honey,3,Regular,,42.00,0.00,42.00,7.00,T931639,Counter iPad,Payment,Eat in,,
2026-09-07,19:37:00,Europe/London,Dessert,Affogato,1,Regular,,5.00,0.00,5.00,0.83,T882573,Counter iPad,Payment,Eat in,,
2026-09-07,19:45:00,Europe/London,Starter,Arancini,1,Regular,,7.50,0.00,7.50,1.25,T568674,Counter iPad,Payment,Eat in,C4837,Sample Customer 18
2026-09-07,19:45:00,Europe/London,Dessert,Tiramisu,1,Regular,,7.00,0.00,7.00,1.17,T968384,Counter iPad,Payment,Eat in,C7109,Sample Customer 73
2026-09-07,19:49:00,Europe/London,Side,Fries (Rosemary),1,Regular,,4.50,0.00,4.50,0.75,T721931,Counter iPad,Payment,Takeaway,,
2026-09-07,19:50:00,Europe/London,Side,Fries (Rosemary),1,Regular,,4.50,0.00,4.50,0.75,T185710,Counter iPad,Payment,Eat in,,
2026-09-07,19:55:00,Europe/London,Main,Diavola,3,Regular,,39.00,0.00,39.00,6.50,T371074,Counter iPad,Payment,Eat in,,
2026-09-07,20:21:00,Europe/London,Main,Quattro Formaggi,2,Regular,,27.00,0.00,27.00,4.50,T861947,Counter iPad,Payment,Eat in,,
2026-09-07,20:38:00,Europe/London,Dessert,Tiramisu,2,Regular,,14.00,0.00,14.00,2.33,T665590,Counter iPad,Payment,Eat in,,
2026-09-07,20:51:00,Europe/London,Main,Diavola,1,Regular,,13.00,0.00,13.00,2.17,T153739,Counter iPad,Payment,Eat in,,
2026-09-07,20:53:00,Europe/London,Dessert,Tiramisu,1,Regular,,7.00,0.00,7.00,1.17,T985966,Counter iPad,Payment,Takeaway,,
2026-09-07,21:25:00,Europe/London,Main,Margherita,3,Regular,,34.50,0.00,34.50,5.75,T583809,Counter iPad,Payment,Eat in,,
2026-09-07,21:26:00,Europe/London,Add-ons,Extra Nduja,4,Regular,,8.00,0.00,8.00,1.33,T559900,Counter iPad,Payment,Eat in,,
2026-09-07,21:36:00,Europe/London,Side,Fries (Rosemary),3,Regular,,13.50,0.00,13.50,2.25,T476324,Counter iPad,Payment,Eat in,,
2026-09-07,21:38:00,Europe/London,Side,Dough Balls,1,Regular,,5.00,0.00,5.00,0.83,T829813,Counter iPad,Payment,Eat in,,
2026-09-07,21:57:00,Europe/London,Starter,Garlic Bread,1,Regular,,6.50,0.00,6.50,1.08,T587958,Counter iPad,Payment,Takeaway,C3394,Sample Customer 79
2026-09-07,22:07:00,Europe/London,Starter,Garlic Bread,3,Regular,,19.50,0.00,19.50,3.25,T507409,Counter iPad,Payment,Takeaway,C4265,Sample Customer 62
2026-09-07,22:13:00,Europe/London,Starter,Burrata,1,Regular,,9.50,0.00,9.50,1.58,T408763,Counter iPad,Payment,Eat in,C6513,Sample Customer 55
2026-09-07,22:15:00,Europe/London,Starter,Arancini,2,Regular,,15.00,0.00,15.00,2.50,T884310,Counter iPad,Payment,Takeaway,,
2026-09-07,22:21:00,Europe/London,Starter,Garlic Bread,1,Regular,,6.50,0.00,6.50,1.08,T190963,Counter iPad,Payment,Takeaway,,
2026-09-07,22:25:00,Europe/London,Wine,House Red 175ml,13,Regular,,91.00,0.00,91.00,15.17,T747930,Counter iPad,Payment,Eat in,,
2026-09-07,22:59:00,Europe/London,Starter,Garlic Bread,3,Regular,,19.50,0.00,19.50,3.25,T467428,Counter iPad,Payment,Eat in,,
2026-09-08,12:00:00,Europe/London,Starter,Garlic Bread,3,Regular,,19.50,0.00,19.50,3.25,T938186,Counter iPad,Payment,Takeaway,,
2026-09-08,12:02:00,Europe/London,Side,Fries (Rosemary),2,Regular,,9.00,0.00,9.00,1.50,T684455,Counter iPad,Payment,Eat in,C8508,Sample Customer 63
2026-09-08,12:06:00,Europe/London,Starter,Arancini,1,Regular,,7.50,0.00,7.50,1.25,T104710,Counter iPad,Payment,Eat in,,
2026-09-08,12:21:00,Europe/London,Side,Fries (Rosemary),1,Regular,,4.50,0.00,4.50,0.75,T310752,Counter iPad,Payment,Eat in,,
2026-09-08,12:27:00,Europe/London,Main,Margherita,1,Regular,,11.50,0.00,11.50,1.92,T512370,Counter iPad,Payment,Takeaway,,
2026-09-08,12:35:00,Europe/London,Drinks,Coca-Cola 330ml,24,Regular,,72.00,0.00,72.00,12.00,T477576,Counter iPad,Payment,Takeaway,,
2026-09-08,12:41:00,Europe/London,Main,Nduja + Hot Honey,2,Regular,,28.00,0.00,28.00,4.67,T629911,Counter iPad,Payment,Eat in,,
2026-09-08,12:50:00,Europe/London,Side,Dough Balls,1,Regular,,5.00,0.00,5.00,0.83,T434025,Counter iPad,Payment,Eat in,,
2026-09-08,12:58:00,Europe/London,Coffee,Espresso,11,Regular,,27.50,0.00,27.50,4.58,T352413,Counter iPad,Payment,Eat in,,
2026-09-08,13:02:00,Europe/London,Main,Margherita,1,Regular,,11.50,0.00,11.50,1.92,T325338,Counter iPad,Payment,Takeaway,,
2026-09-08,13:05:00,Europe/London,Main,Margherita,3,Regular,,34.50,0.00,34.50,5.75,T796138,Counter iPad,Payment,Takeaway,,
2026-09-08,13:20:00,Europe/London,Main,Margherita,1,Regular,,11.50,0.00,11.50,1.92,T590538,Counter iPad,Payment,Eat in,,
2026-09-08,13:26:00,Europe/London,Side,Dough Balls,2,Regular,,10.00,0.00,10.00,1.67,T828421,Counter iPad,Payment,Takeaway,,
2026-09-08,13:51:00,Europe/London,Starter,Bruschetta,1,Regular,,6.00,0.00,6.00,1.00,T937176,Counter iPad,Payment,Takeaway,,
2026-09-08,13:51:00,Europe/London,Main,Margherita,3,Regular,,34.50,0.00,34.50,5.75,T896031,Counter iPad,Payment,Eat in,,
2026-09-08,13:52:00,Europe/London,Main,Diavola,2,Regular,,26.00,0.00,26.00,4.33,T795682,Counter iPad,Payment,Eat in,,
2026-09-08,14:03:00,Europe/London,Starter,Garlic Bread,2,Regular,,13.00,0.00,13.00,2.17,T875864,Counter iPad,Payment,Eat in,,
2026-09-08,14:05:00,Europe/London,Service,Service Charge 12.5%,3,Regular,,0.00,0.00,0.00,0.00,T640822,Counter iPad,Payment,Eat in,,
2026-09-08,14:13:00,Europe/London,Main,Diavola,2,Regular,,26.00,0.00,26.00,4.33,T426250,Counter iPad,Payment,Takeaway,,
2026-09-08,14:18:00,Europe/London,Starter,Arancini,1,Regular,,7.50,0.00,7.50,1.25,T706371,Counter iPad,Payment,Eat in,,
2026-09-08,14:23:00,Europe/London,Main,Prosciutto Rucola,2,Regular,,29.00,0.00,29.00,4.83,T861336,Counter iPad,Payment,Eat in,,
2026-09-08,14:27:00,Europe/London,Starter,Garlic Bread,3,Regular,,19.50,0.00,19.50,3.25,T304268,Counter iPad,Payment,Eat in,C1458,Sample Customer 33
2026-09-08,14:28:00,Europe/London,Side,Fries (Rosemary),3,Regular,,13.50,0.00,13.50,2.25,T990969,Counter iPad,Payment,Eat in,,
2026-09-08,15:11:00,Europe/London,Side,Fries (Rosemary),2,Regular,,9.00,0.00,9.00,1.50,T140508,Counter iPad,Payment,Eat in,,
2026-09-08,15:15:00,Europe/London,Dessert,Tiramisu,1,Regular,,7.00,0.00,7.00,1.17,T332601,Counter iPad,Payment,Eat in,,
2026-09-08,15:16:00,Europe/London,Wine,House Red 175ml,19,Regular,,133.00,0.00,133.00,22.17,T619570,Counter iPad,Payment,Eat in,,
2026-09-08,15:48:00,Europe/London,Starter,Garlic Bread,1,Regular,,6.50,0.00,6.50,1.08,T714923,Counter iPad,Payment,Eat in,,
2026-09-08,15:52:00,Europe/London,Dessert,Tiramisu,2,Regular,,14.00,0.00,14.00,2.33,T551804,Counter iPad,Payment,Eat in,,
2026-09-08,16:03:00,Europe/London,Dessert,Tiramisu,1,Regular,,7.00,0.00,7.00,1.17,T115932,Counter iPad,Payment,Takeaway,,
2026-09-08,16:12:00,Europe/London,Starter,Arancini,2,Regular,,15.00,0.00,15.00,2.50,T560741,Counter iPad,Payment,Eat in,,
2026-09-08,16:13:00,Europe/London,Main,Diavola,1,Regular,,13.00,0.00,13.00,2.17,T770871,Counter iPad,Payment,Takeaway,,
2026-09-08,16:15:00,Europe/London,Starter,Arancini,2,Regular,,15.00,0.00,15.00,2.50,T631968,Counter iPad,Payment,Takeaway,C4790,Sample Customer 84
2026-09-08,16:22:00,Europe/London,Main,Salsiccia e Friarielli,2,Regular,,28.00,0.00,28.00,4.67,T766485,Counter iPad,Payment,Eat in,C8903,Sample Customer 37
2026-09-08,16:23:00,Europe/London,Main,Margherita,1,Regular,,11.50,0.00,11.50,1.92,T307317,Counter iPad,Payment,Eat in,C7614,Sample Customer 72
2026-09-08,16:26:00,Europe/London,Main,Quattro Formaggi,2,Regular,,27.00,0.00,27.00,4.50,T753567,Counter iPad,Payment,Eat in,C9195,Sample Customer 44
2026-09-08,16:39:00,Europe/London,Starter,Burrata,3,Regular,,28.50,0.00,28.50,4.75,T881875,Counter iPad,Payment,Eat in,,
2026-09-08,17:02:00,Europe/London,Starter,Arancini,1,Regular,,7.50,0.00,7.50,1.25,T407943,Counter iPad,Payment,Eat in,,
2026-09-08,17:03:00,Europe/London,Side,Rocket Salad,3,Regular,,15.00,0.00,15.00,2.50,T838433,Counter iPad,Payment,Eat in,,
2026-09-08,17:16:00,Europe/London,Main,Prosciutto Rucola,2,Regular,,29.00,0.00,29.00,4.83,T669925,Counter iPad,Payment,Eat in,,
2026-09-08,17:44:00,Europe/London,Dessert,Affogato,1,Regular,,5.00,0.00,5.00,0.83,T190151,Counter iPad,Payment,Eat in,C7559,Sample Customer 14
2026-09-08,17:45:00,Europe/London,Dessert,Tiramisu,2,Regular,,14.00,0.00,14.00,2.33,T232287,Counter iPad,Payment,Takeaway,C7922,Sample Customer 86
2026-09-08,17:46:00,Europe/London,Main,Diavola,2,Regular,,26.00,0.00,26.00,4.33,T159854,Counter iPad,Payment,Eat in,,
2026-09-08,17:48:00,Europe/London,Side,Friarielli,1,Regular,,6.00,0.00,6.00,1.00,T546284,Counter iPad,Payment,Takeaway,,
2026-09-08,18:12:00,Europe/London,Main,Nduja + Hot Honey,2,Regular,Extra basil,28.00,0.00,28.00,4.67,T332274,Counter iPad,Payment,Eat in,,
2026-09-08,18:28:00,Europe/London,Side,Dough Balls,2,Regular,,10.00,0.00,10.00,1.67,T456829,Counter iPad,Payment,Takeaway,C9242,Sample Customer 95
2026-09-08,18:50:00,Europe/London,Main,Margherita,1,Regular,,11.50,0.00,11.50,1.92,T526880,Counter iPad,Payment,Eat in,C2442,Sample Customer 32
2026-09-08,18:57:00,Europe/London,Add-ons,Extra Nduja,7,Regular,,14.00,0.00,14.00,2.33,T509981,Counter iPad,Payment,Takeaway,,
2026-09-08,19:47:00,Europe/London,Main,Nduja + Hot Honey,1,Regular,,14.00,0.00,14.00,2.33,T532075,Counter iPad,Payment,Takeaway,C2411,Sample Customer 53
2026-09-08,19:59:00,Europe/London,Drinks,Peroni 330ml,34,Regular,,170.00,0.00,170.00,28.33,T648414,Counter iPad,Payment,Takeaway,C4328,Sample Customer 49
2026-09-08,20:02:00,Europe/London,Dessert,Panna Cotta,1,Regular,,7.00,0.00,7.00,1.17,T137537,Counter iPad,Payment,Eat in,,
2026-09-08,20:02:00,Europe/London,Drinks,San Pellegrino 500ml,13,Regular,,45.50,0.00,45.50,7.58,T945119,Counter iPad,Payment,Eat in,,
2026-09-08,20:03:00,Europe/London,Dessert,Cannoli,1,Regular,,7.00,0.00,7.00,1.17,T621507,Counter iPad,Payment,Takeaway,,
2026-09-08,20:04:00,Europe/London,Dessert,Nutella Calzone,2,Regular,,15.00,0.00,15.00,2.50,T789854,Counter iPad,Payment,Eat in,,
2026-09-08,20:26:00,Europe/London,Starter,Garlic Bread,1,Regular,,6.50,0.00,6.50,1.08,T967318,Counter iPad,Payment,Takeaway,,
2026-09-08,20:29:00,Europe/London,Dessert,Nutella Calzone,1,Regular,,7.50,0.00,7.50,1.25,T688513,Counter iPad,Payment,Eat in,C1085,Sample Customer 41
2026-09-08,20:32:00,Europe/London,Main,Margherita,1,Regular,,11.50,0.00,11.50,1.92,T351287,Counter iPad,Payment,Eat in,,
2026-09-08,20:45:00,Europe/London,Main,Margherita,1,Regular,,11.50,0.00,11.50,1.92,T958935,Counter iPad,Payment,Eat in,,
2026-09-08,20:46:00,Europe/London,Starter,Bruschetta,1,Regular,,6.00,0.00,6.00,1.00,T336964,Counter iPad,Payment,Eat in,,
2026-09-08,20:57:00,Europe/London,Side,Fries (Rosemary),1,Regular,,4.50,0.00,4.50,0.75,T129135,Counter iPad,Payment,Eat in,C5225,Sample Customer 66
2026-09-08,20:59:00,Europe/London,Main,Mortadella & Pistachio,4,Regular,,60.00,0.00,60.00,10.00,T468379,Counter iPad,Payment,Eat in,C6689,Sample Customer 6
2026-09-08,21:13:00,Europe/London,Main,Margherita,1,Regular,,11.50,0.00,11.50,1.92,T822425,Counter iPad,Payment,Takeaway,C4756,Sample Customer 12
2026-09-08,21:13:00,Europe/London,Main,Diavola,3,Regular,,39.00,0.00,39.00,6.50,T213136,Counter iPad,Payment,Takeaway,C8492,Sample Customer 31
2026-09-08,21:14:00,Europe/London,Side,Fries (Rosemary),1,Regular,,4.50,0.00,4.50,0.75,T771752,Counter iPad,Payment,Eat in,,
2026-09-08,21:26:00,Europe/London,Main,Nduja + Hot Honey,1,Regular,,14.00,0.00,14.00,2.33,T349353,Counter iPad,Payment,Eat in,,
2026-09-08,21:53:00,Europe/London,Side,Dough Balls,2,Regular,,10.00,0.00,10.00,1.67,T331526,Counter iPad,Payment,Eat in,,
2026-09-08,21:59:00,Europe/London,Main,Funghi,1,Regular,,12.00,0.00,12.00,2.00,T567855,Counter iPad,Payment,Eat in,,
2026-09-08,22:01:00,Europe/London,Main,Prosciutto Rucola,2,Regular,,29.00,0.00,29.00,4.83,T128574,Counter iPad,Payment,Eat in,,
2026-09-08,22:12:00,Europe/London,Dessert,Nutella Calzone,1,Regular,,7.50,0.00,7.50,1.25,T758986,Counter iPad,Payment,Takeaway,,
2026-09-08,22:23:00,Europe/London,Main,Funghi,2,Regular,,24.00,0.00,24.00,4.00,T458907,Counter iPad,Payment,Eat in,,
2026-09-08,22:25:00,Europe/London,Side,Fries (Rosemary),1,Regular,,4.50,0.00,4.50,0.75,T225741,Counter iPad,Payment,Takeaway,,
2026-09-08,22:46:00,Europe/London,Main,Salsiccia e Friarielli,3,Regular,,42.00,0.00,42.00,7.00,T360818,Counter iPad,Payment,Eat in,,
2026-09-09,12:10:00,Europe/London,Drinks,San Pellegrino 500ml,11,Regular,,38.50,0.00,38.50,6.42,T302961,Counter iPad,Payment,Eat in,C1115,Sample Customer 90
2026-09-09,12:13:00,Europe/London,Starter,Arancini,2,Regular,,15.00,0.00,15.00,2.50,T367296,Counter iPad,Payment,Eat in,,
2026-09-09,12:15:00,Europe/London,Main,Prosciutto Rucola,1,Regular,,14.50,0.00,14.50,2.42,T963999,Counter iPad,Payment,Eat in,C4956,Sample Customer 12
2026-09-09,12:21:00,Europe/London,Main,Funghi,2,Regular,,24.00,0.00,24.00,4.00,T541173,Counter iPad,Payment,Takeaway,,
2026-09-09,12:38:00,Europe/London,Dessert,Panna Cotta,2,Regular,,14.00,0.00,14.00,2.33,T253887,Counter iPad,Payment,Eat in,,
2026-09-09,12:54:00,Europe/London,Main,Margherita,3,Regular,,34.50,0.00,34.50,5.75,T483371,Counter iPad,Payment,Eat in,,
2026-09-09,13:06:00,Europe/London,Main,Diavola,3,Regular,,39.00,0.00,39.00,6.50,T790964,Counter iPad,Payment,Eat in,,
2026-09-09,13:12:00,Europe/London,Dessert,Nutella Calzone,1,Regular,,7.50,0.00,7.50,1.25,T690954,Counter iPad,Payment,Eat in,,
2026-09-09,13:23:00,Europe/London,Side,Fries (Rosemary),2,Regular,,9.00,0.00,9.00,1.50,T604693,Counter iPad,Payment,Eat in,,
2026-09-09,13:32:00,Europe/London,Wine,House Red 175ml,16,Regular,,112.00,0.00,112.00,18.67,T769210,Counter iPad,Payment,Takeaway,,
2026-09-09,13:37:00,Europe/London,Main,Nduja + Hot Honey,3,Regular,,42.00,0.00,42.00,7.00,T496902,Counter iPad,Payment,Takeaway,,
2026-09-09,13:50:00,Europe/London,Main,Margherita,2,Regular,,23.00,0.00,23.00,3.83,T925731,Counter iPad,Payment,Eat in,,
2026-09-09,14:11:00,Europe/London,Starter,Garlic Bread,1,Regular,,6.50,0.00,6.50,1.08,T248435,Counter iPad,Payment,Eat in,,
2026-09-09,14:18:00,Europe/London,Main,Salsiccia e Friarielli,1,Regular,,14.00,0.00,14.00,2.33,T804882,Counter iPad,Payment,Eat in,,
2026-09-09,14:27:00,Europe/London,Starter,Burrata,1,Regular,,9.50,0.00,9.50,1.58,T101362,Counter iPad,Payment,Takeaway,,
2026-09-09,14:49:00,Europe/London,Side,Dough Balls,2,Regular,,10.00,0.00,10.00,1.67,T768484,Counter iPad,Payment,Eat in,,
2026-09-09,14:51:00,Europe/London,Main,Margherita,1,Regular,,11.50,0.00,11.50,1.92,T461044,Counter iPad,Payment,Eat in,,
2026-09-09,14:58:00,Europe/London,Side,Fries (Rosemary),1,Regular,,4.50,0.00,4.50,0.75,T810559,Counter iPad,Payment,Eat in,,
2026-09-09,14:59:00,Europe/London,Main,Diavola,1,Regular,,13.00,0.00,13.00,2.17,T760013,Counter iPad,Payment,Eat in,,
2026-09-09,15:02:00,Europe/London,Side,Dough Balls,1,Regular,,5.00,0.00,5.00,0.83,T836876,Counter iPad,Payment,Takeaway,,
2026-09-09,15:10:00,Europe/London,Main,Quattro Formaggi,1,Regular,,13.50,0.00,13.50,2.25,T420968,Counter iPad,Payment,Takeaway,,
2026-09-09,15:17:00,Europe/London,Starter,Garlic Bread,3,Regular,,19.50,0.00,19.50,3.25,T144248,Counter iPad,Payment,Eat in,C9318,Sample Customer 58
2026-09-09,15:27:00,Europe/London,Side,Dough Balls,1,Regular,,5.00,0.00,5.00,0.83,T805818,Counter iPad,Payment,Takeaway,,
2026-09-09,15:43:00,Europe/London,Side,Fries (Rosemary),2,Regular,,9.00,0.00,9.00,1.50,T884569,Counter iPad,Payment,Eat in,,
2026-09-09,15:45:00,Europe/London,Starter,Burrata,1,Regular,,9.50,0.00,9.50,1.58,T968042,Counter iPad,Payment,Eat in,,
2026-09-09,15:51:00,Europe/London,Side,Fries (Rosemary),2,Regular,,9.00,0.00,9.00,1.50,T137761,Counter iPad,Payment,Eat in,,
2026-09-09,15:51:00,Europe/London,Drinks,Peroni 330ml,36,Regular,,180.00,0.00,180.00,30.00,T150932,Counter iPad,Payment,Eat in,,
2026-09-09,15:52:00,Europe/London,Starter,Arancini,1,Regular,,7.50,0.00,7.50,1.25,T111932,Counter iPad,Payment,Eat in,,
2026-09-09,16:04:00,Europe/London,Dessert,Nutella Calzone,1,Regular,,7.50,0.00,7.50,1.25,T906722,Counter iPad,Payment,Eat in,,
2026-09-09,16:16:00,Europe/London,Main,Quattro Formaggi,1,Regular,,13.50,0.00,13.50,2.25,T714352,Counter iPad,Payment,Takeaway,,
2026-09-09,16:24:00,Europe/London,Dessert,Nutella Calzone,1,Regular,,7.50,0.00,7.50,1.25,T530890,Counter iPad,Payment,Eat in,,
2026-09-09,16:25:00,Europe/London,Dessert,Nutella Calzone,2,Regular,,15.00,0.00,15.00,2.50,T702060,Counter iPad,Payment,Eat in,,
2026-09-09,16:26:00,Europe/London,Main,Nduja + Hot Honey,2,Regular,Extra basil,28.00,0.00,28.00,4.67,T750858,Counter iPad,Payment,Eat in,,
2026-09-09,16:38:00,Europe/London,Dessert,Affogato,1,Regular,,5.00,0.00,5.00,0.83,T767494,Counter iPad,Payment,Takeaway,C1768,Sample Customer 43
2026-09-09,16:51:00,Europe/London,Main,Diavola,1,Regular,,13.00,0.00,13.00,2.17,T801005,Counter iPad,Payment,Takeaway,,
2026-09-09,16:53:00,Europe/London,Main,Margherita,3,Regular,,34.50,0.00,34.50,5.75,T827374,Counter iPad,Payment,Eat in,,
2026-09-09,17:08:00,Europe/London,Add-ons,Extra Nduja,7,Regular,,14.00,0.00,14.00,2.33,T107242,Counter iPad,Payment,Eat in,,
2026-09-09,17:11:00,Europe/London,Main,Mortadella & Pistachio,4,Regular,,60.00,0.00,60.00,10.00,T414702,Counter iPad,Payment,Eat in,,
2026-09-09,17:27:00,Europe/London,Main,Salsiccia e Friarielli,2,Regular,,28.00,0.00,28.00,4.67,T946707,Counter iPad,Payment,Eat in,,
2026-09-09,17:45:00,Europe/London,Main,Margherita,1,Regular,,11.50,0.00,11.50,1.92,T170137,Counter iPad,Payment,Eat in,,
2026-09-09,17:58:00,Europe/London,Main,Margherita,2,Regular,Extra basil,23.00,0.00,23.00,3.83,T172391,Counter iPad,Payment,Takeaway,,
2026-09-09,17:58:00,Europe/London,Main,Funghi,1,Regular,,12.00,0.00,12.00,2.00,T240623,Counter iPad,Payment,Eat in,,
2026-09-09,18:28:00,Europe/London,Service,Service Charge 12.5%,1,Regular,,0.00,0.00,0.00,0.00,T276106,Counter iPad,Payment,Takeaway,,
2026-09-09,18:29:00,Europe/London,Starter,Bruschetta,2,Regular,,12.00,0.00,12.00,2.00,T408640,Counter iPad,Payment,Takeaway,,
2026-09-09,18:29:00,Europe/London,Drinks,Coca-Cola 330ml,26,Regular,,78.00,0.00,78.00,13.00,T295913,Counter iPad,Payment,Eat in,C4013,Sample Customer 89
2026-09-09,18:54:00,Europe/London,Main,Nduja + Hot Honey,1,Regular,Extra basil,14.00,0.00,14.00,2.33,T977155,Counter iPad,Payment,Eat in,,
2026-09-09,19:03:00,Europe/London,Side,Fries (Rosemary),3,Regular,,13.50,0.00,13.50,2.25,T205965,Counter iPad,Payment,Eat in,,
2026-09-09,19:06:00,Europe/London,Main,Nduja + Hot Honey,1,Regular,,14.00,0.00,14.00,2.33,T524033,Counter iPad,Payment,Takeaway,,
2026-09-09,19:13:00,Europe/London,Side,Friarielli,1,Regular,,6.00,0.00,6.00,1.00,T697188,Counter iPad,Payment,Eat in,,
2026-09-09,19:26:00,Europe/London,Main,Prosciutto Rucola,3,Regular,,43.50,0.00,43.50,7.25,T585835,Counter iPad,Payment,Takeaway,C1247,Sample Customer 94
2026-09-09,19:32:00,Europe/London,Side,Rocket Salad,3,Regular,,15.00,0.00,15.00,2.50,T485126,Counter iPad,Payment,Eat in,,
2026-09-09,19:38:00,Europe/London,Starter,Arancini,3,Regular,,22.50,0.00,22.50,3.75,T372575,Counter iPad,Payment,Takeaway,,
2026-09-09,19:48:00,Europe/London,Main,Prosciutto Rucola,1,Regular,,14.50,0.00,14.50,2.42,T143590,Counter iPad,Payment,Eat in,,
2026-09-09,19:49:00,Europe/London,Main,Diavola,2,Regular,,26.00,0.00,26.00,4.33,T455349,Counter iPad,Payment,Takeaway,C6073,Sample Customer 51
2026-09-09,19:50:00,Europe/London,Starter,Garlic Bread,3,Regular,,19.50,0.00,19.50,3.25,T914208,Counter iPad,Payment,Eat in,,
2026-09-09,19:54:00,Europe/London,Dessert,Tiramisu,1,Regular,,7.00,0.00,7.00,1.17,T399849,Counter iPad,Payment,Eat in,,
2026-09-09,20:03:00,Europe/London,Starter,Garlic Bread,3,Regular,,19.50,0.00,19.50,3.25,T441817,Counter iPad,Payment,Takeaway,,
2026-09-09,20:19:00,Europe/London,Main,Margherita,2,Regular,,23.00,0.00,23.00,3.83,T884360,Counter iPad,Payment,Takeaway,,
2026-09-09,20:20:00,Europe/London,Coffee,Espresso,15,Regular,,37.50,0.00,37.50,6.25,T401906,Counter iPad,Payment,Eat in,C9189,Sample Customer 9
2026-09-09,20:32:00,Europe/London,Starter,Garlic Bread,1,Regular,,6.50,0.00,6.50,1.08,T119613,Counter iPad,Payment,Eat in,,
2026-09-09,20:35:00,Europe/London,Main,Salsiccia e Friarielli,2,Regular,,28.00,0.00,28.00,4.67,T730729,Counter iPad,Payment,Takeaway,,
2026-09-09,20:45:00,Europe/London,Main,Diavola,2,Regular,Extra basil,26.00,0.00,26.00,4.33,T646616,Counter iPad,Payment,Eat in,,
2026-09-09,20:49:00,Europe/London,Starter,Burrata,2,Regular,,19.00,0.00,19.00,3.17,T203074,Counter iPad,Payment,Eat in,C8683,Sample Customer 91
2026-09-09,21:10:00,Europe/London,Main,Margherita,1,Regular,,11.50,0.00,11.50,1.92,T942367,Counter iPad,Payment,Eat in,,
2026-09-09,21:20:00,Europe/London,Main,Diavola,2,Regular,,26.00,0.00,26.00,4.33,T193466,Counter iPad,Payment,Eat in,,
2026-09-09,21:20:00,Europe/London,Dessert,Tiramisu,1,Regular,,7.00,0.00,7.00,1.17,T295154,Counter iPad,Payment,Takeaway,C9305,Sample Customer 4
2026-09-09,21:44:00,Europe/London,Dessert,Tiramisu,3,Regular,,21.00,0.00,21.00,3.50,T761730,Counter iPad,Payment,Takeaway,,
2026-09-09,21:45:00,Europe/London,Starter,Arancini,1,Regular,,7.50,0.00,7.50,1.25,T750062,Counter iPad,Payment,Eat in,C4565,Sample Customer 5
2026-09-09,21:50:00,Europe/London,Main,Prosciutto Rucola,1,Regular,,14.50,0.00,14.50,2.42,T939768,Counter iPad,Payment,Eat in,C3622,Sample Customer 40
2026-09-09,21:52:00,Europe/London,Starter,Arancini,1,Regular,,7.50,0.00,7.50,1.25,T711522,Counter iPad,Payment,Eat in,C2230,Sample Customer 48
2026-09-09,22:03:00,Europe/London,Dessert,Cannoli,1,Regular,,7.00,0.00,7.00,1.17,T457540,Counter iPad,Payment,Eat in,,
2026-09-09,22:06:00,Europe/London,Side,Fries (Rosemary),3,Regular,,13.50,0.00,13.50,2.25,T593591,Counter iPad,Payment,Eat in,,
2026-09-09,22:37:00,Europe/London,Main,Margherita,1,Regular,,11.50,0.00,11.50,1.92,T272726,Counter iPad,Payment,Eat in,,
2026-09-09,22:40:00,Europe/London,Side,Dough Balls,3,Regular,,15.00,0.00,15.00,2.50,T574774,Counter iPad,Payment,Takeaway,,
2026-09-09,22:50:00,Europe/London,Dessert,Tiramisu,2,Regular,,14.00,0.00,14.00,2.33,T688310,Counter iPad,Payment,Eat in,,
2026-09-10,12:00:00,Europe/London,Starter,Burrata,1,Regular,,9.50,0.00,9.50,1.58,T464698,Counter iPad,Payment,Eat in,,
2026-09-10,12:10:00,Europe/London,Side,Dough Balls,3,Regular,,15.00,0.00,15.00,2.50,T475207,Counter iPad,Payment,Eat in,,
2026-09-10,12:18:00,Europe/London,Main,Diavola,1,Regular,,13.00,0.00,13.00,2.17,T905228,Counter iPad,Payment,Takeaway,,
2026-09-10,12:19:00,Europe/London,Starter,Arancini,1,Regular,,7.50,0.00,7.50,1.25,T881543,Counter iPad,Payment,Takeaway,,
2026-09-10,12:19:00,Europe/London,Main,Diavola,1,Regular,,13.00,0.00,13.00,2.17,T789571,Counter iPad,Payment,Eat in,,
2026-09-10,12:32:00,Europe/London,Drinks,Peroni 330ml,37,Regular,,185.00,0.00,185.00,30.83,T186141,Counter iPad,Payment,Takeaway,,
2026-09-10,12:38:00,Europe/London,Coffee,Espresso,13,Regular,,32.50,0.00,32.50,5.42,T365948,Counter iPad,Payment,Eat in,,
2026-09-10,12:52:00,Europe/London,Main,Nduja + Hot Honey,3,Regular,,42.00,0.00,42.00,7.00,T597603,Counter iPad,Payment,Eat in,,
2026-09-10,12:58:00,Europe/London,Wine,House Red 175ml,13,Regular,,91.00,0.00,91.00,15.17,T565223,Counter iPad,Payment,Eat in,,
2026-09-10,13:09:00,Europe/London,Main,Diavola,3,Regular,,39.00,0.00,39.00,6.50,T512993,Counter iPad,Payment,Takeaway,,
2026-09-10,13:13:00,Europe/London,Main,Margherita,1,Regular,,11.50,0.00,11.50,1.92,T816126,Counter iPad,Payment,Takeaway,,
2026-09-10,13:21:00,Europe/London,Main,Prosciutto Rucola,1,Regular,,14.50,0.00,14.50,2.42,T780347,Counter iPad,Payment,Eat in,,
2026-09-10,13:28:00,Europe/London,Starter,Garlic Bread,3,Regular,,19.50,0.00,19.50,3.25,T441430,Counter iPad,Payment,Takeaway,C9282,Sample Customer 78
2026-09-10,13:34:00,Europe/London,Dessert,Panna Cotta,2,Regular,,14.00,0.00,14.00,2.33,T913227,Counter iPad,Payment,Eat in,C4154,Sample Customer 91
2026-09-10,14:01:00,Europe/London,Side,Fries (Rosemary),2,Regular,,9.00,0.00,9.00,1.50,T384276,Counter iPad,Payment,Takeaway,,
2026-09-10,14:02:00,Europe/London,Main,Diavola,2,Regular,,26.00,0.00,26.00,4.33,T999893,Counter iPad,Payment,Takeaway,,
2026-09-10,14:08:00,Europe/London,Side,Rocket Salad,1,Regular,,5.00,0.00,5.00,0.83,T315337,Counter iPad,Payment,Eat in,,
2026-09-10,14:10:00,Europe/London,Dessert,Nutella Calzone,2,Regular,,15.00,0.00,15.00,2.50,T242610,Counter iPad,Payment,Eat in,,
2026-09-10,14:13:00,Europe/London,Dessert,Nutella Calzone,1,Regular,,7.50,0.00,7.50,1.25,T353533,Counter iPad,Payment,Eat in,,
2026-09-10,14:16:00,Europe/London,Side,Fries (Rosemary),2,Regular,,9.00,0.00,9.00,1.50,T614858,Counter iPad,Payment,Eat in,,
2026-09-10,14:18:00,Europe/London,Starter,Burrata,2,Regular,,19.00,0.00,19.00,3.17,T954842,Counter iPad,Payment,Eat in,,
2026-09-10,14:20:00,Europe/London,Main,Salsiccia e Friarielli,1,Regular,,14.00,0.00,14.00,2.33,T331934,Counter iPad,Payment,Takeaway,,
2026-09-10,14:24:00,Europe/London,Main,Diavola,1,Regular,,13.00,0.00,13.00,2.17,T902120,Counter iPad,Payment,Eat in,,
2026-09-10,14:28:00,Europe/London,Side,Fries (Rosemary),3,Regular,,13.50,0.00,13.50,2.25,T256648,Counter iPad,Payment,Eat in,,
2026-09-10,14:31:00,Europe/London,Starter,Burrata,1,Regular,,9.50,0.00,9.50,1.58,T721338,Counter iPad,Payment,Eat in,,
2026-09-10,14:39:00,Europe/London,Starter,Arancini,2,Regular,,15.00,0.00,15.00,2.50,T427360,Counter iPad,Payment,Eat in,,
2026-09-10,14:40:00,Europe/London,Starter,Arancini,2,Regular,,15.00,0.00,15.00,2.50,T659936,Counter iPad,Payment,Eat in,,
2026-09-10,14:42:00,Europe/London,Add-ons,Extra Nduja,5,Regular,,10.00,0.00,10.00,1.67,T599305,Counter iPad,Payment,Eat in,,
2026-09-10,14:46:00,Europe/London,Main,Salsiccia e Friarielli,2,Regular,,28.00,0.00,28.00,4.67,T705532,Counter iPad,Payment,Eat in,C3641,Sample Customer 61
2026-09-10,15:00:00,Europe/London,Side,Dough Balls,2,Regular,,10.00,0.00,10.00,1.67,T640416,Counter iPad,Payment,Takeaway,,
2026-09-10,15:28:00,Europe/London,Main,Quattro Formaggi,1,Regular,,13.50,0.00,13.50,2.25,T238092,Counter iPad,Payment,Eat in,,
2026-09-10,15:44:00,Europe/London,Starter,Garlic Bread,2,Regular,,13.00,0.00,13.00,2.17,T648625,Counter iPad,Payment,Eat in,,
2026-09-10,15:53:00,Europe/London,Starter,Garlic Bread,3,Regular,,19.50,0.00,19.50,3.25,T569267,Counter iPad,Payment,Eat in,,
2026-09-10,15:56:00,Europe/London,Main,Funghi,2,Regular,,24.00,0.00,24.00,4.00,T358891,Counter iPad,Payment,Eat in,C4228,Sample Customer 90
2026-09-10,16:00:00,Europe/London,Main,Margherita,3,Regular,,34.50,0.00,34.50,5.75,T415065,Counter iPad,Payment,Eat in,,
2026-09-10,16:02:00,Europe/London,Main,Nduja + Hot Honey,3,Regular,,42.00,0.00,42.00,7.00,T735066,Counter iPad,Payment,Eat in,,
2026-09-10,16:11:00,Europe/London,Main,Margherita,3,Regular,Extra basil,34.50,0.00,34.50,5.75,T835237,Counter iPad,Payment,Eat in,,
2026-09-10,16:16:00,Europe/London,Main,Quattro Formaggi,2,Regular,,27.00,0.00,27.00,4.50,T835257,Counter iPad,Payment,Eat in,,
2026-09-10,16:26:00,Europe/London,Starter,Arancini,3,Regular,,22.50,0.00,22.50,3.75,T397062,Counter iPad,Payment,Takeaway,,
2026-09-10,16:28:00,Europe/London,Starter,Garlic Bread,3,Regular,,19.50,0.00,19.50,3.25,T632840,Counter iPad,Payment,Takeaway,,
2026-09-10,16:48:00,Europe/London,Side,Friarielli,2,Regular,,12.00,0.00,12.00,2.00,T243156,Counter iPad,Payment,Eat in,,
2026-09-10,17:05:00,Europe/London,Drinks,San Pellegrino 500ml,9,Regular,,31.50,0.00,31.50,5.25,T629893,Counter iPad,Payment,Eat in,,
2026-09-10,17:09:00,Europe/London,Side,Fries (Rosemary),2,Regular,,9.00,0.00,9.00,1.50,T448105,Counter iPad,Payment,Eat in,C1929,Sample Customer 24
2026-09-10,17:10:00,Europe/London,Main,Diavola,1,Regular,,13.00,0.00,13.00,2.17,T958295,Counter iPad,Payment,Takeaway,,
2026-09-10,17:17:00,Europe/London,Dessert,Cannoli,2,Regular,,14.00,0.00,14.00,2.33,T733105,Counter iPad,Payment,Takeaway,,
2026-09-10,17:20:00,Europe/London,Side,Fries (Rosemary),1,Regular,,4.50,0.00,4.50,0.75,T963041,Counter iPad,Payment,Eat in,,
2026-09-10,17:24:00,Europe/London,Dessert,Tiramisu,1,Regular,,7.00,0.00,7.00,1.17,T726703,Counter iPad,Payment,Eat in,,
2026-09-10,17:25:00,Europe/London,Main,Margherita,1,Regular,,11.50,0.00,11.50,1.92,T985561,Counter iPad,Payment,Eat in,,
2026-09-10,17:39:00,Europe/London,Main,Diavola,3,Regular,,39.00,0.00,39.00,6.50,T153533,Counter iPad,Payment,Eat in,,
2026-09-10,17:52:00,Europe/London,Dessert,Tiramisu,2,Regular,,14.00,0.00,14.00,2.33,T420173,Counter iPad,Payment,Eat in,,
2026-09-10,17:54:00,Europe/London,Service,Service Charge 12.5%,7,Regular,,0.00,0.00,0.00,0.00,T218583,Counter iPad,Payment,Eat in,,
2026-09-10,18:49:00,Europe/London,Main,Diavola,1,Regular,,13.00,0.00,13.00,2.17,T839419,Counter iPad,Payment,Eat in,,
2026-09-10,18:53:00,Europe/London,Side,Fries (Rosemary),1,Regular,,4.50,0.00,4.50,0.75,T122791,Counter iPad,Payment,Takeaway,,
2026-09-10,19:07:00,Europe/London,Side,Fries (Rosemary),2,Regular,,9.00,0.00,9.00,1.50,T260819,Counter iPad,Payment,Takeaway,,
2026-09-10,19:15:00,Europe/London,Main,Prosciutto Rucola,2,Regular,,29.00,0.00,29.00,4.83,T819450,Counter iPad,Payment,Eat in,C3819,Sample Customer 40
2026-09-10,19:15:00,Europe/London,Dessert,Affogato,2,Regular,,10.00,0.00,10.00,1.67,T728104,Counter iPad,Payment,Eat in,C2938,Sample Customer 28
2026-09-10,19:20:00,Europe/London,Starter,Garlic Bread,2,Regular,,13.00,0.00,13.00,2.17,T176070,Counter iPad,Payment,Takeaway,C4942,Sample Customer 55
2026-09-10,19:22:00,Europe/London,Starter,Bruschetta,2,Regular,,12.00,0.00,12.00,2.00,T921657,Counter iPad,Payment,Eat in,C5381,Sample Customer 91
2026-09-10,19:22:00,Europe/London,Main,Funghi,2,Regular,,24.00,0.00,24.00,4.00,T622534,Counter iPad,Payment,Eat in,,
2026-09-10,19:22:00,Europe/London,Dessert,Nutella Calzone,1,Regular,,7.50,0.00,7.50,1.25,T828060,Counter iPad,Payment,Eat in,,
2026-09-10,19:25:00,Europe/London,Side,Rocket Salad,3,Regular,,15.00,0.00,15.00,2.50,T696353,Counter iPad,Payment,Eat in,,
2026-09-10,19:26:00,Europe/London,Main,Margherita,3,Regular,Extra basil,34.50,0.00,34.50,5.75,T530761,Counter iPad,Payment,Takeaway,C5906,Sample Customer 59
2026-09-10,19:35:00,Europe/London,Starter,Arancini,1,Regular,,7.50,0.00,7.50,1.25,T606993,Counter iPad,Payment,Eat in,C7687,Sample Customer 13
2026-09-10,19:55:00,Europe/London,Dessert,Tiramisu,3,Regular,,21.00,0.00,21.00,3.50,T284277,Counter iPad,Payment,Eat in,,
2026-09-10,19:59:00,Europe/London,Drinks,Coca-Cola 330ml,19,Regular,,57.00,0.00,57.00,9.50,T757657,Counter iPad,Payment,Eat in,,
2026-09-10,20:15:00,Europe/London,Main,Margherita,1,Regular,,11.50,0.00,11.50,1.92,T616550,Counter iPad,Payment,Takeaway,,
2026-09-10,20:15:00,Europe/London,Main,Prosciutto Rucola,3,Regular,,43.50,0.00,43.50,7.25,T139441,Counter iPad,Payment,Takeaway,C3964,Sample Customer 26
2026-09-10,20:27:00,Europe/London,Main,Prosciutto Rucola,1,Regular,,14.50,0.00,14.50,2.42,T274025,Counter iPad,Payment,Takeaway,,
2026-09-10,20:34:00,Europe/London,Main,Mortadella & Pistachio,5,Regular,,75.00,0.00,75.00,12.50,T226270,Counter iPad,Payment,Eat in,,
2026-09-10,20:38:00,Europe/London,Main,Nduja + Hot Honey,1,Regular,,14.00,0.00,14.00,2.33,T126094,Counter iPad,Payment,Eat in,,
2026-09-10,21:38:00,Europe/London,Dessert,Tiramisu,2,Regular,,14.00,0.00,14.00,2.33,T216654,Counter iPad,Payment,Eat in,,
2026-09-10,21:55:00,Europe/London,Side,Fries (Rosemary),1,Regular,,4.50,0.00,4.50,0.75,T491218,Counter iPad,Payment,Takeaway,C3289,Sample Customer 58
2026-09-10,22:09:00,Europe/London,Dessert,Nutella Calzone,1,Regular,,7.50,0.00,7.50,1.25,T650167,Counter iPad,Payment,Takeaway,,
2026-09-10,22:19:00,Europe/London,Side,Dough Balls,2,Regular,,10.00,0.00,10.00,1.67,T243854,Counter iPad,Payment,Eat in,C8969,Sample Customer 86
2026-09-10,22:22:00,Europe/London,Side,Dough Balls,1,Regular,,5.00,0.00,5.00,0.83,T831958,Counter iPad,Payment,Eat in,C3185,Sample Customer 91
2026-09-10,22:45:00,Europe/London,Main,Salsiccia e Friarielli,3,Regular,,42.00,0.00,42.00,7.00,T558008,Counter iPad,Payment,Eat in,,
2026-09-10,22:50:00,Europe/London,Main,Margherita,3,Regular,,34.50,0.00,34.50,5.75,T513993,Counter iPad,Payment,Takeaway,C6613,Sample Customer 49
2026-09-10,22:53:00,Europe/London,Main,Margherita,2,Regular,,23.00,0.00,23.00,3.83,T930261,Counter iPad,Payment,Eat in,,
2026-09-11,12:04:00,Europe/London,Dessert,Affogato,1,Regular,,5.00,0.00,5.00,0.83,T284034,Counter iPad,Payment,Eat in,C5328,Sample Customer 27
2026-09-11,12:06:00,Europe/London,Main,Prosciutto Rucola,1,Regular,,14.50,0.00,14.50,2.42,T646218,Counter iPad,Payment,Takeaway,C4133,Sample Customer 66
2026-09-11,12:25:00,Europe/London,Main,Prosciutto Rucola,2,Regular,,29.00,0.00,29.00,4.83,T536813,Counter iPad,Payment,Takeaway,,
2026-09-11,12:27:00,Europe/London,Main,Quattro Formaggi,1,Regular,,13.50,0.00,13.50,2.25,T966478,Counter iPad,Payment,Takeaway,,
2026-09-11,12:31:00,Europe/London,Side,Friarielli,2,Regular,,12.00,0.00,12.00,2.00,T361863,Counter iPad,Payment,Eat in,C6239,Sample Customer 88
2026-09-11,12:34:00,Europe/London,Main,Prosciutto Rucola,2,Regular,,29.00,0.00,29.00,4.83,T301225,Counter iPad,Payment,Eat in,C2636,Sample Customer 49
2026-09-11,12:37:00,Europe/London,Dessert,Tiramisu,1,Regular,,7.00,0.00,7.00,1.17,T988846,Counter iPad,Payment,Eat in,,
2026-09-11,12:39:00,Europe/London,Dessert,Affogato,1,Regular,,5.00,0.00,5.00,0.83,T240635,Counter iPad,Payment,Takeaway,,
2026-09-11,12:55:00,Europe/London,Starter,Arancini,2,Regular,,15.00,0.00,15.00,2.50,T903904,Counter iPad,Payment,Eat in,,
2026-09-11,13:06:00,Europe/London,Starter,Arancini,1,Regular,,7.50,0.00,7.50,1.25,T502375,Counter iPad,Payment,Eat in,,
2026-09-11,13:16:00,Europe/London,Side,Fries (Rosemary),2,Regular,,9.00,0.00,9.00,1.50,T891518,Counter iPad,Payment,Eat in,,
2026-09-11,13:17:00,Europe/London,Main,Funghi,1,Regular,Extra basil,12.00,0.00,12.00,2.00,T466235,Counter iPad,Payment,Eat in,,
2026-09-11,13:17:00,Europe/London,Dessert,Panna Cotta,3,Regular,,21.00,0.00,21.00,3.50,T585982,Counter iPad,Payment,Eat in,,
2026-09-11,13:25:00,Europe/London,Starter,Garlic Bread,2,Regular,,13.00,0.00,13.00,2.17,T610929,Counter iPad,Payment,Eat in,,
2026-09-11,13:25:00,Europe/London,Starter,Arancini,1,Regular,,7.50,0.00,7.50,1.25,T705862,Counter iPad,Payment,Eat in,,
2026-09-11,13:31:00,Europe/London,Drinks,San Pellegrino 500ml,10,Regular,,35.00,0.00,35.00,5.83,T917977,Counter iPad,Payment,Takeaway,,
2026-09-11,13:32:00,Europe/London,Drinks,Peroni 330ml,42,Regular,,210.00,0.00,210.00,35.00,T595947,Counter iPad,Payment,Eat in,,
2026-09-11,13:34:00,Europe/London,Dessert,Tiramisu,2,Regular,,14.00,0.00,14.00,2.33,T376603,Counter iPad,Payment,Takeaway,,
2026-09-11,13:36:00,Europe/London,Dessert,Tiramisu,3,Regular,,21.00,0.00,21.00,3.50,T682780,Counter iPad,Payment,Takeaway,,
2026-09-11,13:36:00,Europe/London,Dessert,Nutella Calzone,1,Regular,,7.50,0.00,7.50,1.25,T693464,Counter iPad,Payment,Takeaway,C2316,Sample Customer 14
2026-09-11,13:37:00,Europe/London,Side,Rocket Salad,1,Regular,,5.00,0.00,5.00,0.83,T287426,Counter iPad,Payment,Eat in,,
2026-09-11,13:56:00,Europe/London,Side,Fries (Rosemary),3,Regular,,13.50,0.00,13.50,2.25,T738116,Counter iPad,Payment,Takeaway,C9117,Sample Customer 98
2026-09-11,14:00:00,Europe/London,Starter,Arancini,2,Regular,,15.00,0.00,15.00,2.50,T154206,Counter iPad,Payment,Takeaway,,
2026-09-11,14:03:00,Europe/London,Side,Fries (Rosemary),2,Regular,,9.00,0.00,9.00,1.50,T972754,Counter iPad,Payment,Takeaway,,
2026-09-11,14:06:00,Europe/London,Main,Margherita,2,Regular,,23.00,0.00,23.00,3.83,T357817,Counter iPad,Payment,Eat in,C5109,Sample Customer 95
2026-09-11,14:07:00,Europe/London,Starter,Burrata,3,Regular,,28.50,0.00,28.50,4.75,T767451,Counter iPad,Payment,Eat in,,
2026-09-11,14:09:00,Europe/London,Starter,Arancini,2,Regular,,15.00,0.00,15.00,2.50,T464846,Counter iPad,Payment,Eat in,,
2026-09-11,14:19:00,Europe/London,Side,Rocket Salad,1,Regular,,5.00,0.00,5.00,0.83,T854820,Counter iPad,Payment,Eat in,,
2026-09-11,14:39:00,Europe/London,Side,Fries (Rosemary),2,Regular,,9.00,0.00,9.00,1.50,T802440,Counter iPad,Payment,Takeaway,,
2026-09-11,14:39:00,Europe/London,Main,Nduja + Hot Honey,3,Regular,,42.00,0.00,42.00,7.00,T869307,Counter iPad,Payment,Eat in,,
2026-09-11,14:43:00,Europe/London,Side,Dough Balls,3,Regular,,15.00,0.00,15.00,2.50,T798909,Counter iPad,Payment,Eat in,,
2026-09-11,14:45:00,Europe/London,Starter,Garlic Bread,3,Regular,,19.50,0.00,19.50,3.25,T552483,Counter iPad,Payment,Takeaway,,
2026-09-11,14:50:00,Europe/London,Main,Funghi,1,Regular,,12.00,0.00,12.00,2.00,T762035,Counter iPad,Payment,Eat in,,
2026-09-11,15:04:00,Europe/London,Dessert,Nutella Calzone,3,Regular,,22.50,0.00,22.50,3.75,T720309,Counter iPad,Payment,Takeaway,,
2026-09-11,15:21:00,Europe/London,Side,Dough Balls,1,Regular,,5.00,0.00,5.00,0.83,T759975,Counter iPad,Payment,Eat in,,
2026-09-11,15:22:00,Europe/London,Starter,Garlic Bread,2,Regular,,13.00,0.00,13.00,2.17,T433998,Counter iPad,Payment,Eat in,,
2026-09-11,15:27:00,Europe/London,Main,Funghi,3,Regular,,36.00,0.00,36.00,6.00,T642845,Counter iPad,Payment,Eat in,,
2026-09-11,15:29:00,Europe/London,Main,Diavola,3,Regular,,39.00,0.00,39.00,6.50,T678741,Counter iPad,Payment,Eat in,C2502,Sample Customer 34
2026-09-11,15:36:00,Europe/London,Main,Diavola,2,Regular,,26.00,0.00,26.00,4.33,T460507,Counter iPad,Payment,Eat in,C5166,Sample Customer 78
2026-09-11,15:42:00,Europe/London,Main,Prosciutto Rucola,1,Regular,,14.50,0.00,14.50,2.42,T517723,Counter iPad,Payment,Eat in,,
2026-09-11,15:45:00,Europe/London,Side,Fries (Rosemary),1,Regular,,4.50,0.00,4.50,0.75,T284158,Counter iPad,Payment,Eat in,,
2026-09-11,15:56:00,Europe/London,Starter,Garlic Bread,1,Regular,,6.50,0.00,6.50,1.08,T209869,Counter iPad,Payment,Eat in,,
2026-09-11,15:59:00,Europe/London,Main,Nduja + Hot Honey,3,Regular,,42.00,0.00,42.00,7.00,T965924,Counter iPad,Payment,Takeaway,,
2026-09-11,16:12:00,Europe/London,Side,Dough Balls,1,Regular,,5.00,0.00,5.00,0.83,T215967,Counter iPad,Payment,Takeaway,,
2026-09-11,16:15:00,Europe/London,Side,Fries (Rosemary),2,Regular,,9.00,0.00,9.00,1.50,T349716,Counter iPad,Payment,Eat in,,
2026-09-11,16:22:00,Europe/London,Starter,Bruschetta,1,Regular,,6.00,0.00,6.00,1.00,T356866,Counter iPad,Payment,Takeaway,,
2026-09-11,16:23:00,Europe/London,Main,Prosciutto Rucola,1,Regular,,14.50,0.00,14.50,2.42,T451240,Counter iPad,Payment,Eat in,,
2026-09-11,16:25:00,Europe/London,Main,Quattro Formaggi,3,Regular,,40.50,0.00,40.50,6.75,T994298,Counter iPad,Payment,Eat in,,
2026-09-11,16:40:00,Europe/London,Main,Margherita,1,Regular,,11.50,0.00,11.50,1.92,T899489,Counter iPad,Payment,Eat in,,
2026-09-11,16:40:00,Europe/London,Main,Salsiccia e Friarielli,3,Regular,,42.00,0.00,42.00,7.00,T862239,Counter iPad,Payment,Takeaway,,
2026-09-11,16:40:00,Europe/London,Main,Nduja + Hot Honey,2,Regular,,28.00,0.00,28.00,4.67,T898220,Counter iPad,Payment,Takeaway,,
2026-09-11,16:42:00,Europe/London,Main,Nduja + Hot Honey,1,Regular,,14.00,0.00,14.00,2.33,T114597,Counter iPad,Payment,Eat in,,
2026-09-11,16:42:00,Europe/London,Service,Service Charge 12.5%,2,Regular,,0.00,0.00,0.00,0.00,T253061,Counter iPad,Payment,Takeaway,,
2026-09-11,16:48:00,Europe/London,Main,Margherita,3,Regular,,34.50,0.00,34.50,5.75,T637379,Counter iPad,Payment,Eat in,,
2026-09-11,16:50:00,Europe/London,Starter,Garlic Bread,1,Regular,,6.50,0.00,6.50,1.08,T228293,Counter iPad,Payment,Eat in,,
2026-09-11,16:58:00,Europe/London,Dessert,Tiramisu,2,Regular,,14.00,0.00,14.00,2.33,T960857,Counter iPad,Payment,Eat in,,
2026-09-11,17:06:00,Europe/London,Drinks,Coca-Cola 330ml,26,Regular,,78.00,0.00,78.00,13.00,T739955,Counter iPad,Payment,Eat in,,
2026-09-11,17:09:00,Europe/London,Starter,Garlic Bread,3,Regular,,19.50,0.00,19.50,3.25,T365402,Counter iPad,Payment,Eat in,,
2026-09-11,17:14:00,Europe/London,Main,Diavola,1,Regular,,13.00,0.00,13.00,2.17,T989709,Counter iPad,Payment,Eat in,,
2026-09-11,17:14:00,Europe/London,Dessert,Tiramisu,2,Regular,,14.00,0.00,14.00,2.33,T626253,Counter iPad,Payment,Eat in,,
2026-09-11,17:17:00,Europe/London,Dessert,Cannoli,1,Regular,,7.00,0.00,7.00,1.17,T996316,Counter iPad,Payment,Eat in,,
2026-09-11,17:18:00,Europe/London,Dessert,Cannoli,1,Regular,,7.00,0.00,7.00,1.17,T178161,Counter iPad,Payment,Takeaway,C9218,Sample Customer 16
2026-09-11,17:23:00,Europe/London,Main,Salsiccia e Friarielli,1,Regular,,14.00,0.00,14.00,2.33,T209371,Counter iPad,Payment,Eat in,,
2026-09-11,17:30:00,Europe/London,Main,Margherita,3,Regular,,34.50,0.00,34.50,5.75,T243647,Counter iPad,Payment,Eat in,,
2026-09-11,17:31:00,Europe/London,Side,Dough Balls,3,Regular,,15.00,0.00,15.00,2.50,T316460,Counter iPad,Payment,Eat in,,
2026-09-11,17:33:00,Europe/London,Starter,Garlic Bread,3,Regular,,19.50,0.00,19.50,3.25,T754234,Counter iPad,Payment,Eat in,C9392,Sample Customer 9
2026-09-11,17:35:00,Europe/London,Starter,Garlic Bread,3,Regular,,19.50,0.00,19.50,3.25,T580951,Counter iPad,Payment,Eat in,,
2026-09-11,17:43:00,Europe/London,Main,Diavola,2,Regular,,26.00,0.00,26.00,4.33,T296632,Counter iPad,Payment,Takeaway,,
2026-09-11,17:44:00,Europe/London,Main,Margherita,1,Regular,,11.50,0.00,11.50,1.92,T118867,Counter iPad,Payment,Eat in,,
2026-09-11,18:05:00,Europe/London,Starter,Arancini,1,Regular,,7.50,0.00,7.50,1.25,T700691,Counter iPad,Payment,Takeaway,,
2026-09-11,18:13:00,Europe/London,Starter,Arancini,3,Regular,,22.50,0.00,22.50,3.75,T106162,Counter iPad,Payment,Eat in,,
2026-09-11,18:13:00,Europe/London,Side,Fries (Rosemary),2,Regular,,9.00,0.00,9.00,1.50,T390295,Counter iPad,Payment,Takeaway,C3960,Sample Customer 18
2026-09-11,18:16:00,Europe/London,Main,Prosciutto Rucola,2,Regular,,29.00,0.00,29.00,4.83,T793348,Counter iPad,Payment,Eat in,,
2026-09-11,18:17:00,Europe/London,Main,Margherita,1,Regular,,11.50,0.00,11.50,1.92,T448820,Counter iPad,Payment,Eat in,,
2026-09-11,18:30:00,Europe/London,Main,Diavola,3,Regular,,39.00,0.00,39.00,6.50,T337473,Counter iPad,Payment,Eat in,,
2026-09-11,18:33:00,Europe/London,Main,Margherita,2,Regular,,23.00,0.00,23.00,3.83,T947958,Counter iPad,Payment,Takeaway,,
2026-09-11,18:34:00,Europe/London,Dessert,Tiramisu,1,Regular,,7.00,0.00,7.00,1.17,T370504,Counter iPad,Payment,Eat in,,
2026-09-11,18:36:00,Europe/London,Dessert,Nutella Calzone,2,Regular,,15.00,0.00,15.00,2.50,T543742,Counter iPad,Payment,Takeaway,,
2026-09-11,18:43:00,Europe/London,Starter,Bruschetta,2,Regular,,12.00,0.00,12.00,2.00,T294919,Counter iPad,Payment,Eat in,,
2026-09-11,18:45:00,Europe/London,Main,Diavola,3,Regular,,39.00,0.00,39.00,6.50,T311671,Counter iPad,Payment,Takeaway,,
2026-09-11,18:53:00,Europe/London,Side,Dough Balls,3,Regular,,15.00,0.00,15.00,2.50,T316347,Counter iPad,Payment,Eat in,,
2026-09-11,18:59:00,Europe/London,Starter,Burrata,1,Regular,,9.50,0.00,9.50,1.58,T513767,Counter iPad,Payment,Takeaway,,
2026-09-11,19:02:00,Europe/London,Main,Salsiccia e Friarielli,1,Regular,,14.00,0.00,14.00,2.33,T904829,Counter iPad,Payment,Takeaway,,
2026-09-11,19:03:00,Europe/London,Wine,House Red 175ml,17,Regular,,119.00,0.00,119.00,19.83,T181287,Counter iPad,Payment,Eat in,,
2026-09-11,19:06:00,Europe/London,Main,Diavola,1,Regular,,13.00,0.00,13.00,2.17,T952920,Counter iPad,Payment,Takeaway,,
2026-09-11,19:22:00,Europe/London,Side,Rocket Salad,1,Regular,,5.00,0.00,5.00,0.83,T912057,Counter iPad,Payment,Takeaway,,
2026-09-11,19:26:00,Europe/London,Main,Mortadella & Pistachio,7,Regular,,105.00,0.00,105.00,17.50,T766515,Counter iPad,Payment,Takeaway,,
2026-09-11,20:18:00,Europe/London,Side,Fries (Rosemary),1,Regular,,4.50,0.00,4.50,0.75,T294847,Counter iPad,Payment,Eat in,,
2026-09-11,20:21:00,Europe/London,Coffee,Espresso,12,Regular,,30.00,0.00,30.00,5.00,T195286,Counter iPad,Payment,Eat in,,
2026-09-11,20:26:00,Europe/London,Main,Margherita,2,Regular,,23.00,0.00,23.00,3.83,T780314,Counter iPad,Payment,Eat in,C7233,Sample Customer 64
2026-09-11,20:30:00,Europe/London,Main,Diavola,2,Regular,,26.00,0.00,26.00,4.33,T953693,Counter iPad,Payment,Takeaway,C3433,Sample Customer 79
2026-09-11,20:31:00,Europe/London,Main,Salsiccia e Friarielli,3,Regular,,42.00,0.00,42.00,7.00,T977466,Counter iPad,Payment,Eat in,,
2026-09-11,20:42:00,Europe/London,Side,Rocket Salad,2,Regular,,10.00,0.00,10.00,1.67,T457005,Counter iPad,Payment,Eat in,,
2026-09-11,20:42:00,Europe/London,Main,Margherita,2,Regular,,23.00,0.00,23.00,3.83,T494985,Counter iPad,Payment,Eat in,,
2026-09-11,20:50:00,Europe/London,Starter,Burrata,2,Regular,,19.00,0.00,19.00,3.17,T209636,Counter iPad,Payment,Takeaway,,
2026-09-11,21:12:00,Europe/London,Main,Margherita,2,Regular,,23.00,0.00,23.00,3.83,T998361,Counter iPad,Payment,Eat in,,
2026-09-11,21:19:00,Europe/London,Side,Fries (Rosemary),2,Regular,,9.00,0.00,9.00,1.50,T312117,Counter iPad,Payment,Eat in,,
2026-09-11,21:21:00,Europe/London,Main,Margherita,2,Regular,,23.00,0.00,23.00,3.83,T565669,Counter iPad,Payment,Eat in,C5846,Sample Customer 47
2026-09-11,21:22:00,Europe/London,Main,Diavola,1,Regular,,13.00,0.00,13.00,2.17,T513570,Counter iPad,Payment,Eat in,,
2026-09-11,21:26:00,Europe/London,Dessert,Nutella Calzone,2,Regular,,15.00,0.00,15.00,2.50,T655386,Counter iPad,Payment,Eat in,,
2026-09-11,21:32:00,Europe/London,Main,Margherita,2,Regular,,23.00,0.00,23.00,3.83,T148939,Counter iPad,Payment,Eat in,,
2026-09-11,21:56:00,Europe/London,Main,Margherita,2,Regular,,23.00,0.00,23.00,3.83,T513511,Counter iPad,Payment,Eat in,,
2026-09-11,22:01:00,Europe/London,Side,Fries (Rosemary),2,Regular,,9.00,0.00,9.00,1.50,T563585,Counter iPad,Payment,Takeaway,C6585,Sample Customer 66
2026-09-11,22:01:00,Europe/London,Main,Nduja + Hot Honey,2,Regular,,28.00,0.00,28.00,4.67,T551362,Counter iPad,Payment,Eat in,,
2026-09-11,22:26:00,Europe/London,Add-ons,Extra Nduja,4,Regular,,8.00,0.00,8.00,1.33,T336493,Counter iPad,Payment,Eat in,,
2026-09-11,22:47:00,Europe/London,Main,Prosciutto Rucola,1,Regular,,14.50,0.00,14.50,2.42,T264190,Counter iPad,Payment,Takeaway,,
2026-09-11,22:59:00,Europe/London,Side,Fries (Rosemary),1,Regular,,4.50,0.00,4.50,0.75,T321415,Counter iPad,Payment,Takeaway,,
2026-09-12,12:01:00,Europe/London,Side,Fries (Rosemary),2,Regular,,9.00,0.00,9.00,1.50,T201157,Counter iPad,Payment,Takeaway,,
2026-09-12,12:07:00,Europe/London,Main,Salsiccia e Friarielli,2,Regular,,28.00,0.00,28.00,4.67,T445280,Counter iPad,Payment,Takeaway,,
2026-09-12,12:09:00,Europe/London,Main,Margherita,3,Regular,,34.50,0.00,34.50,5.75,T392452,Counter iPad,Payment,Takeaway,,
2026-09-12,12:13:00,Europe/London,Side,Rocket Salad,3,Regular,,15.00,0.00,15.00,2.50,T150011,Counter iPad,Payment,Eat in,,
2026-09-12,12:14:00,Europe/London,Main,Salsiccia e Friarielli,1,Regular,,14.00,0.00,14.00,2.33,T319165,Counter iPad,Payment,Eat in,,
2026-09-12,12:18:00,Europe/London,Side,Fries (Rosemary),3,Regular,,13.50,0.00,13.50,2.25,T212919,Counter iPad,Payment,Takeaway,,
2026-09-12,12:19:00,Europe/London,Dessert,Nutella Calzone,3,Regular,,22.50,0.00,22.50,3.75,T896914,Counter iPad,Payment,Eat in,,
2026-09-12,12:26:00,Europe/London,Drinks,Peroni 330ml,40,Regular,,200.00,0.00,200.00,33.33,T825665,Counter iPad,Payment,Takeaway,,
2026-09-12,12:33:00,Europe/London,Side,Fries (Rosemary),2,Regular,,9.00,0.00,9.00,1.50,T943581,Counter iPad,Payment,Takeaway,,
2026-09-12,12:34:00,Europe/London,Main,Margherita,1,Regular,,11.50,0.00,11.50,1.92,T966801,Counter iPad,Payment,Takeaway,,
2026-09-12,12:44:00,Europe/London,Main,Prosciutto Rucola,2,Regular,,29.00,0.00,29.00,4.83,T293817,Counter iPad,Payment,Takeaway,,
2026-09-12,12:50:00,Europe/London,Main,Diavola,3,Regular,,39.00,0.00,39.00,6.50,T983571,Counter iPad,Payment,Takeaway,,
2026-09-12,12:51:00,Europe/London,Starter,Garlic Bread,2,Regular,,13.00,0.00,13.00,2.17,T821635,Counter iPad,Payment,Eat in,C7968,Sample Customer 10
2026-09-12,12:53:00,Europe/London,Side,Fries (Rosemary),3,Regular,,13.50,0.00,13.50,2.25,T728514,Counter iPad,Payment,Takeaway,,
2026-09-12,12:58:00,Europe/London,Starter,Arancini,1,Regular,,7.50,0.00,7.50,1.25,T606185,Counter iPad,Payment,Eat in,,
2026-09-12,13:07:00,Europe/London,Main,Diavola,3,Regular,,39.00,0.00,39.00,6.50,T443026,Counter iPad,Payment,Eat in,,
2026-09-12,13:07:00,Europe/London,Main,Prosciutto Rucola,3,Regular,Extra basil,43.50,0.00,43.50,7.25,T940709,Counter iPad,Payment,Eat in,,
2026-09-12,13:10:00,Europe/London,Starter,Garlic Bread,3,Regular,,19.50,0.00,19.50,3.25,T374617,Counter iPad,Payment,Eat in,,
2026-09-12,13:10:00,Europe/London,Side,Dough Balls,2,Regular,,10.00,0.00,10.00,1.67,T440232,Counter iPad,Payment,Eat in,,
2026-09-12,13:10:00,Europe/London,Main,Nduja + Hot Honey,3,Regular,,42.00,0.00,42.00,7.00,T979049,Counter iPad,Payment,Eat in,,
2026-09-12,13:14:00,Europe/London,Side,Fries (Rosemary),1,Regular,,4.50,0.00,4.50,0.75,T749151,Counter iPad,Payment,Eat in,C3750,Sample Customer 14
2026-09-12,13:31:00,Europe/London,Main,Diavola,1,Regular,,13.00,0.00,13.00,2.17,T877105,Counter iPad,Payment,Eat in,C4251,Sample Customer 60
2026-09-12,13:31:00,Europe/London,Dessert,Nutella Calzone,1,Regular,,7.50,0.00,7.50,1.25,T924419,Counter iPad,Payment,Eat in,,
2026-09-12,13:42:00,Europe/London,Main,Prosciutto Rucola,3,Regular,,43.50,0.00,43.50,7.25,T619684,Counter iPad,Payment,Takeaway,,
2026-09-12,13:53:00,Europe/London,Side,Rocket Salad,2,Regular,,10.00,0.00,10.00,1.67,T608051,Counter iPad,Payment,Eat in,,
2026-09-12,13:57:00,Europe/London,Drinks,San Pellegrino 500ml,9,Regular,,31.50,0.00,31.50,5.25,T346314,Counter iPad,Payment,Takeaway,,
2026-09-12,13:59:00,Europe/London,Dessert,Panna Cotta,1,Regular,,7.00,0.00,7.00,1.17,T684308,Counter iPad,Payment,Takeaway,C8216,Sample Customer 14
2026-09-12,14:02:00,Europe/London,Wine,House Red 175ml,15,Regular,,105.00,0.00,105.00,17.50,T412677,Counter iPad,Payment,Takeaway,,
2026-09-12,14:17:00,Europe/London,Starter,Garlic Bread,2,Regular,,13.00,0.00,13.00,2.17,T892489,Counter iPad,Payment,Eat in,,
2026-09-12,14:19:00,Europe/London,Main,Funghi,3,Regular,,36.00,0.00,36.00,6.00,T328028,Counter iPad,Payment,Takeaway,,
2026-09-12,14:37:00,Europe/London,Service,Service Charge 12.5%,2,Regular,,0.00,0.00,0.00,0.00,T699667,Counter iPad,Payment,Takeaway,,
2026-09-12,14:40:00,Europe/London,Starter,Arancini,3,Regular,,22.50,0.00,22.50,3.75,T923997,Counter iPad,Payment,Eat in,,
2026-09-12,14:49:00,Europe/London,Dessert,Nutella Calzone,3,Regular,,22.50,0.00,22.50,3.75,T814659,Counter iPad,Payment,Takeaway,,
2026-09-12,14:54:00,Europe/London,Main,Diavola,3,Regular,,39.00,0.00,39.00,6.50,T435239,Counter iPad,Payment,Eat in,,
2026-09-12,14:55:00,Europe/London,Dessert,Panna Cotta,2,Regular,,14.00,0.00,14.00,2.33,T708499,Counter iPad,Payment,Takeaway,,
2026-09-12,15:01:00,Europe/London,Main,Nduja + Hot Honey,2,Regular,,28.00,0.00,28.00,4.67,T779669,Counter iPad,Payment,Eat in,,
2026-09-12,15:04:00,Europe/London,Starter,Garlic Bread,1,Regular,,6.50,0.00,6.50,1.08,T377296,Counter iPad,Payment,Eat in,,
2026-09-12,15:04:00,Europe/London,Dessert,Cannoli,2,Regular,,14.00,0.00,14.00,2.33,T814708,Counter iPad,Payment,Takeaway,,
2026-09-12,15:05:00,Europe/London,Side,Dough Balls,1,Regular,,5.00,0.00,5.00,0.83,T245387,Counter iPad,Payment,Takeaway,,
2026-09-12,15:29:00,Europe/London,Main,Mortadella & Pistachio,7,Regular,,105.00,0.00,105.00,17.50,T712213,Counter iPad,Payment,Takeaway,,
2026-09-12,15:32:00,Europe/London,Starter,Garlic Bread,1,Regular,,6.50,0.00,6.50,1.08,T597822,Counter iPad,Payment,Eat in,,
2026-09-12,15:34:00,Europe/London,Main,Diavola,2,Regular,,26.00,0.00,26.00,4.33,T847899,Counter iPad,Payment,Eat in,,
2026-09-12,15:35:00,Europe/London,Dessert,Tiramisu,1,Regular,,7.00,0.00,7.00,1.17,T842809,Counter iPad,Payment,Takeaway,,
2026-09-12,15:46:00,Europe/London,Starter,Arancini,2,Regular,,15.00,0.00,15.00,2.50,T955270,Counter iPad,Payment,Eat in,C1673,Sample Customer 72
2026-09-12,15:47:00,Europe/London,Main,Nduja + Hot Honey,2,Regular,,28.00,0.00,28.00,4.67,T838998,Counter iPad,Payment,Takeaway,,
2026-09-12,15:53:00,Europe/London,Starter,Arancini,3,Regular,,22.50,0.00,22.50,3.75,T595929,Counter iPad,Payment,Eat in,,
2026-09-12,16:02:00,Europe/London,Starter,Garlic Bread,2,Regular,,13.00,0.00,13.00,2.17,T116091,Counter iPad,Payment,Eat in,,
2026-09-12,16:09:00,Europe/London,Main,Salsiccia e Friarielli,1,Regular,,14.00,0.00,14.00,2.33,T364732,Counter iPad,Payment,Takeaway,,
2026-09-12,16:10:00,Europe/London,Side,Dough Balls,2,Regular,,10.00,0.00,10.00,1.67,T684614,Counter iPad,Payment,Eat in,,
2026-09-12,16:16:00,Europe/London,Dessert,Tiramisu,2,Regular,,14.00,0.00,14.00,2.33,T117077,Counter iPad,Payment,Eat in,,
2026-09-12,16:22:00,Europe/London,Main,Prosciutto Rucola,1,Regular,,14.50,0.00,14.50,2.42,T278831,Counter iPad,Payment,Takeaway,,
2026-09-12,16:31:00,Europe/London,Main,Salsiccia e Friarielli,1,Regular,,14.00,0.00,14.00,2.33,T291249,Counter iPad,Payment,Eat in,,
2026-09-12,16:32:00,Europe/London,Main,Diavola,1,Regular,,13.00,0.00,13.00,2.17,T787794,Counter iPad,Payment,Eat in,,
2026-09-12,16:34:00,Europe/London,Side,Rocket Salad,1,Regular,,5.00,0.00,5.00,0.83,T124192,Counter iPad,Payment,Eat in,,
2026-09-12,16:40:00,Europe/London,Starter,Garlic Bread,1,Regular,,6.50,0.00,6.50,1.08,T419821,Counter iPad,Payment,Takeaway,,
2026-09-12,16:47:00,Europe/London,Main,Margherita,3,Regular,,34.50,0.00,34.50,5.75,T645797,Counter iPad,Payment,Eat in,C6111,Sample Customer 7
2026-09-12,16:59:00,Europe/London,Main,Nduja + Hot Honey,1,Regular,,14.00,0.00,14.00,2.33,T488696,Counter iPad,Payment,Eat in,,
2026-09-12,17:00:00,Europe/London,Side,Dough Balls,1,Regular,,5.00,0.00,5.00,0.83,T476748,Counter iPad,Payment,Eat in,,
2026-09-12,17:06:00,Europe/London,Dessert,Tiramisu,3,Regular,,21.00,0.00,21.00,3.50,T250552,Counter iPad,Payment,Eat in,,
2026-09-12,17:07:00,Europe/London,Starter,Arancini,1,Regular,,7.50,0.00,7.50,1.25,T508773,Counter iPad,Payment,Takeaway,C8466,Sample Customer 71
2026-09-12,17:09:00,Europe/London,Starter,Bruschetta,1,Regular,,6.00,0.00,6.00,1.00,T417895,Counter iPad,Payment,Eat in,,
2026-09-12,17:09:00,Europe/London,Main,Nduja + Hot Honey,1,Regular,,14.00,0.00,14.00,2.33,T942434,Counter iPad,Payment,Eat in,,
2026-09-12,17:10:00,Europe/London,Main,Margherita,3,Regular,,34.50,0.00,34.50,5.75,T973985,Counter iPad,Payment,Takeaway,,
2026-09-12,17:15:00,Europe/London,Main,Salsiccia e Friarielli,1,Regular,,14.00,0.00,14.00,2.33,T926791,Counter iPad,Payment,Takeaway,,
2026-09-12,17:16:00,Europe/London,Main,Margherita,3,Regular,,34.50,0.00,34.50,5.75,T355198,Counter iPad,Payment,Eat in,,
2026-09-12,17:17:00,Europe/London,Add-ons,Extra Nduja,7,Regular,,14.00,0.00,14.00,2.33,T125026,Counter iPad,Payment,Eat in,,
2026-09-12,17:21:00,Europe/London,Side,Fries (Rosemary),1,Regular,,4.50,0.00,4.50,0.75,T395444,Counter iPad,Payment,Takeaway,,
2026-09-12,17:24:00,Europe/London,Main,Margherita,1,Regular,,11.50,0.00,11.50,1.92,T931805,Counter iPad,Payment,Eat in,,
2026-09-12,17:43:00,Europe/London,Main,Quattro Formaggi,2,Regular,,27.00,0.00,27.00,4.50,T316923,Counter iPad,Payment,Eat in,,
2026-09-12,17:44:00,Europe/London,Main,Margherita,3,Regular,,34.50,0.00,34.50,5.75,T296236,Counter iPad,Payment,Eat in,,
2026-09-12,17:44:00,Europe/London,Main,Quattro Formaggi,2,Regular,,27.00,0.00,27.00,4.50,T958697,Counter iPad,Payment,Eat in,C9402,Sample Customer 68
2026-09-12,17:49:00,Europe/London,Side,Fries (Rosemary),2,Regular,,9.00,0.00,9.00,1.50,T845733,Counter iPad,Payment,Eat in,,
2026-09-12,17:50:00,Europe/London,Main,Funghi,2,Regular,,24.00,0.00,24.00,4.00,T517312,Counter iPad,Payment,Eat in,,
2026-09-12,17:57:00,Europe/London,Main,Margherita,2,Regular,,23.00,0.00,23.00,3.83,T246679,Counter iPad,Payment,Eat in,,
2026-09-12,17:57:00,Europe/London,Dessert,Affogato,1,Regular,,5.00,0.00,5.00,0.83,T350654,Counter iPad,Payment,Takeaway,C1096,Sample Customer 24
2026-09-12,18:28:00,Europe/London,Dessert,Nutella Calzone,1,Regular,,7.50,0.00,7.50,1.25,T342469,Counter iPad,Payment,Eat in,,
2026-09-12,18:33:00,Europe/London,Starter,Arancini,3,Regular,,22.50,0.00,22.50,3.75,T264080,Counter iPad,Payment,Eat in,,
2026-09-12,18:48:00,Europe/London,Main,Margherita,2,Regular,,23.00,0.00,23.00,3.83,T180176,Counter iPad,Payment,Eat in,,
2026-09-12,18:49:00,Europe/London,Dessert,Affogato,1,Regular,,5.00,0.00,5.00,0.83,T631694,Counter iPad,Payment,Takeaway,,
2026-09-12,18:58:00,Europe/London,Side,Fries (Rosemary),2,Regular,,9.00,0.00,9.00,1.50,T900043,Counter iPad,Payment,Eat in,C3183,Sample Customer 86
2026-09-12,19:05:00,Europe/London,Side,Dough Balls,1,Regular,,5.00,0.00,5.00,0.83,T883591,Counter iPad,Payment,Takeaway,C6434,Sample Customer 95
2026-09-12,19:08:00,Europe/London,Starter,Burrata,3,Regular,,28.50,0.00,28.50,4.75,T657364,Counter iPad,Payment,Takeaway,,
2026-09-12,19:08:00,Europe/London,Main,Prosciutto Rucola,2,Regular,,29.00,0.00,29.00,4.83,T248162,Counter iPad,Payment,Eat in,,
2026-09-12,19:12:00,Europe/London,Main,Funghi,1,Regular,Extra basil,12.00,0.00,12.00,2.00,T308684,Counter iPad,Payment,Takeaway,,
2026-09-12,19:13:00,Europe/London,Side,Friarielli,2,Regular,,12.00,0.00,12.00,2.00,T707360,Counter iPad,Payment,Eat in,,
2026-09-12,19:27:00,Europe/London,Starter,Bruschetta,2,Regular,,12.00,0.00,12.00,2.00,T753644,Counter iPad,Payment,Takeaway,,
2026-09-12,19:28:00,Europe/London,Dessert,Tiramisu,3,Regular,,21.00,0.00,21.00,3.50,T933193,Counter iPad,Payment,Eat in,,
2026-09-12,19:33:00,Europe/London,Side,Fries (Rosemary),2,Regular,,9.00,0.00,9.00,1.50,T174807,Counter iPad,Payment,Eat in,,
2026-09-12,19:50:00,Europe/London,Main,Diavola,2,Regular,,26.00,0.00,26.00,4.33,T885282,Counter iPad,Payment,Eat in,,
2026-09-12,20:26:00,Europe/London,Starter,Garlic Bread,2,Regular,,13.00,0.00,13.00,2.17,T380871,Counter iPad,Payment,Takeaway,C3117,Sample Customer 6
2026-09-12,20:26:00,Europe/London,Side,Fries (Rosemary),1,Regular,,4.50,0.00,4.50,0.75,T981923,Counter iPad,Payment,Takeaway,,
2026-09-12,20:32:00,Europe/London,Starter,Burrata,2,Regular,,19.00,0.00,19.00,3.17,T279416,Counter iPad,Payment,Eat in,,
2026-09-12,20:36:00,Europe/London,Starter,Garlic Bread,1,Regular,,6.50,0.00,6.50,1.08,T618638,Counter iPad,Payment,Takeaway,,
2026-09-12,20:43:00,Europe/London,Starter,Garlic Bread,1,Regular,,6.50,0.00,6.50,1.08,T286541,Counter iPad,Payment,Eat in,,
2026-09-12,20:51:00,Europe/London,Main,Margherita,2,Regular,,23.00,0.00,23.00,3.83,T402383,Counter iPad,Payment,Takeaway,,
2026-09-12,21:02:00,Europe/London,Coffee,Espresso,11,Regular,,27.50,0.00,27.50,4.58,T726621,Counter iPad,Payment,Eat in,,
2026-09-12,21:11:00,Europe/London,Drinks,Coca-Cola 330ml,26,Regular,,78.00,0.00,78.00,13.00,T480159,Counter iPad,Payment,Takeaway,,
2026-09-12,21:20:00,Europe/London,Main,Margherita,2,Regular,,23.00,0.00,23.00,3.83,T559587,Counter iPad,Payment,Eat in,,
2026-09-12,21:28:00,Europe/London,Main,Margherita,2,Regular,,23.00,0.00,23.00,3.83,T625604,Counter iPad,Payment,Eat in,,
2026-09-12,21:30:00,Europe/London,Main,Marinara,1,Regular,,9.00,0.00,9.00,1.50,T848580,Counter iPad,Payment,Eat in,C1785,Sample Customer 78
2026-09-12,21:37:00,Europe/London,Main,Nduja + Hot Honey,3,Regular,,42.00,0.00,42.00,7.00,T248710,Counter iPad,Payment,Eat in,,
2026-09-12,21:38:00,Europe/London,Side,Fries (Rosemary),1,Regular,,4.50,0.00,4.50,0.75,T999754,Counter iPad,Payment,Eat in,,
2026-09-12,21:53:00,Europe/London,Side,Fries (Rosemary),2,Regular,,9.00,0.00,9.00,1.50,T484933,Counter iPad,Payment,Eat in,,
2026-09-12,21:55:00,Europe/London,Main,Salsiccia e Friarielli,3,Regular,,42.00,0.00,42.00,7.00,T152943,Counter iPad,Payment,Eat in,C5069,Sample Customer 27
2026-09-12,21:57:00,Europe/London,Starter,Bruschetta,1,Regular,,6.00,0.00,6.00,1.00,T440473,Counter iPad,Payment,Eat in,C9694,Sample Customer 45
2026-09-12,21:58:00,Europe/London,Dessert,Tiramisu,3,Regular,,21.00,0.00,21.00,3.50,T454729,Counter iPad,Payment,Eat in,,
2026-09-12,21:59:00,Europe/London,Side,Dough Balls,3,Regular,,15.00,0.00,15.00,2.50,T866133,Counter iPad,Payment,Takeaway,,
2026-09-12,22:01:00,Europe/London,Starter,Burrata,1,Regular,,9.50,0.00,9.50,1.58,T490017,Counter iPad,Payment,Eat in,,
2026-09-12,22:02:00,Europe/London,Starter,Burrata,1,Regular,,9.50,0.00,9.50,1.58,T465413,Counter iPad,Payment,Takeaway,,
2026-09-12,22:05:00,Europe/London,Starter,Garlic Bread,2,Regular,,13.00,0.00,13.00,2.17,T940568,Counter iPad,Payment,Eat in,,
2026-09-12,22:24:00,Europe/London,Starter,Arancini,1,Regular,,7.50,0.00,7.50,1.25,T190486,Counter iPad,Payment,Takeaway,,
2026-09-12,22:26:00,Europe/London,Main,Diavola,2,Regular,,26.00,0.00,26.00,4.33,T893027,Counter iPad,Payment,Takeaway,,
2026-09-12,22:31:00,Europe/London,Side,Dough Balls,3,Regular,,15.00,0.00,15.00,2.50,T555334,Counter iPad,Payment,Eat in,,
2026-09-12,22:51:00,Europe/London,Main,Diavola,3,Regular,,39.00,0.00,39.00,6.50,T154753,Counter iPad,Payment,Takeaway,,
2026-09-12,22:52:00,Europe/London,Starter,Garlic Bread,2,Regular,,13.00,0.00,13.00,2.17,T371171,Counter iPad,Payment,Eat in,,
2026-09-13,12:06:00,Europe/London,Side,Dough Balls,1,Regular,,5.00,0.00,5.00,0.83,T694405,Counter iPad,Payment,Takeaway,,
2026-09-13,12:08:00,Europe/London,Side,Rocket Salad,1,Regular,,5.00,0.00,5.00,0.83,T730216,Counter iPad,Payment,Eat in,,
2026-09-13,12:16:00,Europe/London,Starter,Garlic Bread,1,Regular,,6.50,0.00,6.50,1.08,T481829,Counter iPad,Payment,Eat in,,
2026-09-13,12:34:00,Europe/London,Dessert,Tiramisu,1,Regular,,7.00,0.00,7.00,1.17,T663150,Counter iPad,Payment,Takeaway,,
2026-09-13,12:39:00,Europe/London,Starter,Arancini,2,Regular,,15.00,0.00,15.00,2.50,T613279,Counter iPad,Payment,Eat in,,
2026-09-13,12:41:00,Europe/London,Dessert,Nutella Calzone,2,Regular,,15.00,0.00,15.00,2.50,T592980,Counter iPad,Payment,Eat in,,
2026-09-13,12:43:00,Europe/London,Dessert,Tiramisu,1,Regular,,7.00,0.00,7.00,1.17,T196871,Counter iPad,Payment,Takeaway,,
2026-09-13,12:49:00,Europe/London,Side,Fries (Rosemary),1,Regular,,4.50,0.00,4.50,0.75,T480900,Counter iPad,Payment,Eat in,C7565,Sample Customer 31
2026-09-13,12:54:00,Europe/London,Main,Margherita,1,Regular,,11.50,0.00,11.50,1.92,T701712,Counter iPad,Payment,Takeaway,C4859,Sample Customer 74
2026-09-13,12:55:00,Europe/London,Main,Prosciutto Rucola,1,Regular,,14.50,0.00,14.50,2.42,T470808,Counter iPad,Payment,Eat in,C6014,Sample Customer 76
2026-09-13,12:56:00,Europe/London,Starter,Garlic Bread,1,Regular,,6.50,0.00,6.50,1.08,T424584,Counter iPad,Payment,Eat in,,
2026-09-13,13:07:00,Europe/London,Main,Prosciutto Rucola,1,Regular,,14.50,0.00,14.50,2.42,T947010,Counter iPad,Payment,Eat in,,
2026-09-13,13:16:00,Europe/London,Service,Service Charge 12.5%,2,Regular,,0.00,0.00,0.00,0.00,T839548,Counter iPad,Payment,Takeaway,,
2026-09-13,13:20:00,Europe/London,Main,Nduja + Hot Honey,2,Regular,,28.00,0.00,28.00,4.67,T445519,Counter iPad,Payment,Eat in,,
2026-09-13,13:37:00,Europe/London,Main,Diavola,1,Regular,,13.00,0.00,13.00,2.17,T678035,Counter iPad,Refund,Takeaway,,
2026-09-13,13:41:00,Europe/London,Main,Diavola,3,Regular,,39.00,0.00,39.00,6.50,T695977,Counter iPad,Payment,Eat in,,
2026-09-13,13:51:00,Europe/London,Starter,Arancini,2,Regular,,15.00,0.00,15.00,2.50,T563436,Counter iPad,Payment,Takeaway,,
2026-09-13,14:02:00,Europe/London,Side,Fries (Rosemary),2,Regular,,9.00,0.00,9.00,1.50,T386274,Counter iPad,Payment,Eat in,,
2026-09-13,14:13:00,Europe/London,Main,Margherita,2,Regular,,23.00,0.00,23.00,3.83,T455183,Counter iPad,Payment,Takeaway,,
2026-09-13,14:25:00,Europe/London,Starter,Garlic Bread,3,Regular,,19.50,0.00,19.50,3.25,T464434,Counter iPad,Payment,Eat in,,
2026-09-13,14:27:00,Europe/London,Main,Diavola,2,Regular,,26.00,0.00,26.00,4.33,T196820,Counter iPad,Payment,Eat in,,
2026-09-13,14:28:00,Europe/London,Main,Prosciutto Rucola,2,Regular,,29.00,0.00,29.00,4.83,T559213,Counter iPad,Payment,Eat in,,
2026-09-13,14:31:00,Europe/London,Main,Nduja + Hot Honey,1,Regular,,14.00,0.00,14.00,2.33,T960305,Counter iPad,Payment,Eat in,,
2026-09-13,14:34:00,Europe/London,Side,Fries (Rosemary),1,Regular,,4.50,0.00,4.50,0.75,T720559,Counter iPad,Payment,Eat in,C4719,Sample Customer 19
2026-09-13,14:34:00,Europe/London,Main,Margherita,2,Regular,,23.00,0.00,23.00,3.83,T871394,Counter iPad,Payment,Takeaway,,
2026-09-13,14:46:00,Europe/London,Main,Margherita,1,Regular,,11.50,0.00,11.50,1.92,T764702,Counter iPad,Payment,Takeaway,,
2026-09-13,14:48:00,Europe/London,Dessert,Panna Cotta,2,Regular,,14.00,0.00,14.00,2.33,T448068,Counter iPad,Payment,Eat in,,
2026-09-13,14:52:00,Europe/London,Main,Salsiccia e Friarielli,3,Regular,,42.00,0.00,42.00,7.00,T526048,Counter iPad,Payment,Eat in,,
2026-09-13,14:59:00,Europe/London,Side,Friarielli,1,Regular,,6.00,0.00,6.00,1.00,T412059,Counter iPad,Payment,Takeaway,,
2026-09-13,15:11:00,Europe/London,Dessert,Affogato,1,Regular,,5.00,0.00,5.00,0.83,T784799,Counter iPad,Payment,Eat in,C2302,Sample Customer 95
2026-09-13,15:13:00,Europe/London,Main,Diavola,2,Regular,Extra basil,26.00,0.00,26.00,4.33,T318545,Counter iPad,Payment,Eat in,,
2026-09-13,15:14:00,Europe/London,Starter,Garlic Bread,3,Regular,,19.50,0.00,19.50,3.25,T459351,Counter iPad,Payment,Eat in,,
2026-09-13,15:20:00,Europe/London,Drinks,San Pellegrino 500ml,16,Regular,,56.00,0.00,56.00,9.33,T229384,Counter iPad,Payment,Eat in,,
2026-09-13,15:32:00,Europe/London,Main,Margherita,1,Regular,,11.50,0.00,11.50,1.92,T231010,Counter iPad,Payment,Eat in,,
2026-09-13,15:44:00,Europe/London,Side,Fries (Rosemary),3,Regular,,13.50,0.00,13.50,2.25,T565790,Counter iPad,Payment,Eat in,,
2026-09-13,15:44:00,Europe/London,Add-ons,Extra Nduja,6,Regular,,12.00,0.00,12.00,2.00,T524787,Counter iPad,Payment,Eat in,,
2026-09-13,16:02:00,Europe/London,Starter,Garlic Bread,2,Regular,,13.00,0.00,13.00,2.17,T581771,Counter iPad,Payment,Eat in,,
2026-09-13,16:07:00,Europe/London,Coffee,Espresso,13,Regular,,32.50,0.00,32.50,5.42,T959880,Counter iPad,Payment,Eat in,,
2026-09-13,16:14:00,Europe/London,Main,Nduja + Hot Honey,1,Regular,,14.00,0.00,14.00,2.33,T101049,Counter iPad,Payment,Eat in,,
2026-09-13,16:27:00,Europe/London,Dessert,Nutella Calzone,2,Regular,,15.00,0.00,15.00,2.50,T938800,Counter iPad,Payment,Takeaway,,
2026-09-13,16:32:00,Europe/London,Wine,House Red 175ml,17,Regular,,119.00,0.00,119.00,19.83,T555960,Counter iPad,Payment,Eat in,,
2026-09-13,16:47:00,Europe/London,Main,Diavola,3,Regular,,39.00,0.00,39.00,6.50,T469383,Counter iPad,Payment,Takeaway,,
2026-09-13,16:50:00,Europe/London,Main,Margherita,2,Regular,,23.00,0.00,23.00,3.83,T985831,Counter iPad,Payment,Takeaway,,
2026-09-13,17:02:00,Europe/London,Side,Friarielli,1,Regular,,6.00,0.00,6.00,1.00,T917695,Counter iPad,Payment,Eat in,,
2026-09-13,17:08:00,Europe/London,Side,Dough Balls,2,Regular,,10.00,0.00,10.00,1.67,T677906,Counter iPad,Payment,Eat in,,
2026-09-13,17:24:00,Europe/London,Side,Dough Balls,2,Regular,,10.00,0.00,10.00,1.67,T293507,Counter iPad,Payment,Takeaway,,
2026-09-13,17:25:00,Europe/London,Main,Margherita,3,Regular,,34.50,0.00,34.50,5.75,T511639,Counter iPad,Payment,Eat in,,
2026-09-13,17:29:00,Europe/London,Starter,Burrata,1,Regular,,9.50,0.00,9.50,1.58,T773920,Counter iPad,Payment,Takeaway,,
2026-09-13,17:43:00,Europe/London,Main,Quattro Formaggi,3,Regular,,40.50,0.00,40.50,6.75,T907260,Counter iPad,Payment,Takeaway,,
2026-09-13,18:06:00,Europe/London,Starter,Arancini,1,Regular,,7.50,0.00,7.50,1.25,T170381,Counter iPad,Payment,Eat in,,
2026-09-13,18:10:00,Europe/London,Side,Fries (Rosemary),3,Regular,,13.50,0.00,13.50,2.25,T966138,Counter iPad,Payment,Eat in,,
2026-09-13,18:19:00,Europe/London,Main,Diavola,3,Regular,,39.00,0.00,39.00,6.50,T769654,Counter iPad,Payment,Takeaway,,
2026-09-13,18:19:00,Europe/London,Dessert,Cannoli,2,Regular,,14.00,0.00,14.00,2.33,T738062,Counter iPad,Payment,Eat in,,
2026-09-13,18:34:00,Europe/London,Dessert,Affogato,1,Regular,,5.00,0.00,5.00,0.83,T518319,Counter iPad,Payment,Eat in,,
2026-09-13,18:38:00,Europe/London,Side,Fries (Rosemary),3,Regular,,13.50,0.00,13.50,2.25,T980513,Counter iPad,Payment,Takeaway,,
2026-09-13,18:53:00,Europe/London,Side,Dough Balls,1,Regular,,5.00,0.00,5.00,0.83,T252187,Counter iPad,Payment,Eat in,C7027,Sample Customer 24
2026-09-13,18:53:00,Europe/London,Main,Margherita,3,Regular,,34.50,0.00,34.50,5.75,T946999,Counter iPad,Payment,Takeaway,,
2026-09-13,18:55:00,Europe/London,Starter,Garlic Bread,1,Regular,,6.50,0.00,6.50,1.08,T630519,Counter iPad,Payment,Takeaway,,
2026-09-13,18:55:00,Europe/London,Main,Prosciutto Rucola,1,Regular,,14.50,0.00,14.50,2.42,T346623,Counter iPad,Payment,Takeaway,,
2026-09-13,19:09:00,Europe/London,Drinks,Coca-Cola 330ml,25,Regular,,75.00,0.00,75.00,12.50,T999983,Counter iPad,Payment,Eat in,,
2026-09-13,19:21:00,Europe/London,Dessert,Tiramisu,1,Regular,,7.00,0.00,7.00,1.17,T294056,Counter iPad,Payment,Eat in,C7743,Sample Customer 76
2026-09-13,19:36:00,Europe/London,Main,Salsiccia e Friarielli,1,Regular,,14.00,0.00,14.00,2.33,T357017,Counter iPad,Payment,Takeaway,,
2026-09-13,19:40:00,Europe/London,Main,Nduja + Hot Honey,2,Regular,,28.00,0.00,28.00,4.67,T647003,Counter iPad,Payment,Eat in,,
2026-09-13,19:42:00,Europe/London,Starter,Burrata,2,Regular,,19.00,0.00,19.00,3.17,T680634,Counter iPad,Payment,Takeaway,,
2026-09-13,19:42:00,Europe/London,Dessert,Tiramisu,2,Regular,,14.00,0.00,14.00,2.33,T918189,Counter iPad,Payment,Eat in,,
2026-09-13,19:44:00,Europe/London,Starter,Burrata,2,Regular,,19.00,0.00,19.00,3.17,T911005,Counter iPad,Payment,Eat in,,
2026-09-13,19:44:00,Europe/London,Dessert,Nutella Calzone,2,Regular,,15.00,0.00,15.00,2.50,T145158,Counter iPad,Payment,Eat in,,
2026-09-13,19:49:00,Europe/London,Main,Funghi,3,Regular,,36.00,0.00,36.00,6.00,T885758,Counter iPad,Payment,Eat in,C2638,Sample Customer 44
2026-09-13,20:04:00,Europe/London,Main,Diavola,1,Regular,,13.00,0.00,13.00,2.17,T607537,Counter iPad,Payment,Eat in,,
2026-09-13,20:12:00,Europe/London,Main,Prosciutto Rucola,1,Regular,,14.50,0.00,14.50,2.42,T426273,Counter iPad,Payment,Takeaway,,
2026-09-13,20:44:00,Europe/London,Main,Nduja + Hot Honey,1,Regular,,14.00,0.00,14.00,2.33,T142389,Counter iPad,Payment,Takeaway,,
2026-09-13,20:47:00,Europe/London,Main,Salsiccia e Friarielli,1,Regular,,14.00,0.00,14.00,2.33,T562102,Counter iPad,Payment,Takeaway,C8161,Sample Customer 75
2026-09-13,20:48:00,Europe/London,Side,Fries (Rosemary),2,Regular,,9.00,0.00,9.00,1.50,T393205,Counter iPad,Payment,Eat in,,
2026-09-13,20:51:00,Europe/London,Dessert,Tiramisu,1,Regular,,7.00,0.00,7.00,1.17,T388269,Counter iPad,Payment,Takeaway,,
2026-09-13,20:55:00,Europe/London,Main,Prosciutto Rucola,2,Regular,,29.00,0.00,29.00,4.83,T716800,Counter iPad,Payment,Eat in,,
2026-09-13,21:18:00,Europe/London,Side,Rocket Salad,2,Regular,,10.00,0.00,10.00,1.67,T626297,Counter iPad,Payment,Takeaway,,
2026-09-13,21:21:00,Europe/London,Side,Rocket Salad,1,Regular,,5.00,0.00,5.00,0.83,T853941,Counter iPad,Payment,Eat in,C1082,Sample Customer 25
2026-09-13,21:41:00,Europe/London,Main,Mortadella & Pistachio,5,Regular,,75.00,0.00,75.00,12.50,T549921,Counter iPad,Payment,Eat in,,
2026-09-13,21:49:00,Europe/London,Starter,Arancini,1,Regular,,7.50,0.00,7.50,1.25,T958752,Counter iPad,Payment,Eat in,,
2026-09-13,21:54:00,Europe/London,Dessert,Tiramisu,2,Regular,,14.00,0.00,14.00,2.33,T958845,Counter iPad,Payment,Eat in,,
2026-09-13,21:56:00,Europe/London,Drinks,Peroni 330ml,42,Regular,,210.00,0.00,210.00,35.00,T463968,Counter iPad,Payment,Eat in,C5659,Sample Customer 24
2026-09-13,21:57:00,Europe/London,Main,Margherita,3,Regular,,34.50,0.00,34.50,5.75,T388439,Counter iPad,Payment,Takeaway,,
2026-09-13,22:00:00,Europe/London,Starter,Bruschetta,3,Regular,,18.00,0.00,18.00,3.00,T319938,Counter iPad,Payment,Eat in,,
2026-09-13,22:10:00,Europe/London,Side,Dough Balls,3,Regular,,15.00,0.00,15.00,2.50,T207140,Counter iPad,Payment,Takeaway,,
2026-09-13,22:20:00,Europe/London,Main,Funghi,1,Regular,,12.00,0.00,12.00,2.00,T479286,Counter iPad,Payment,Takeaway,,
2026-09-13,22:23:00,Europe/London,Starter,Arancini,1,Regular,,7.50,0.00,7.50,1.25,T568492,Counter iPad,Payment,Takeaway,,
2026-09-13,22:24:00,Europe/London,Main,Margherita,1,Regular,,11.50,0.00,11.50,1.92,T401450,Counter iPad,Payment,Eat in,,
2026-09-13,22:25:00,Europe/London,Main,Nduja + Hot Honey,1,Regular,,14.00,0.00,14.00,2.33,T817609,Counter iPad,Payment,Eat in,,
2026-09-13,22:26:00,Europe/London,Starter,Arancini,3,Regular,,22.50,0.00,22.50,3.75,T423183,Counter iPad,Payment,Takeaway,,
2026-09-13,22:27:00,Europe/London,Starter,Garlic Bread,2,Regular,,13.00,0.00,13.00,2.17,T788400,Counter iPad,Payment,Eat in,C9944,Sample Customer 51
2026-09-13,22:47:00,Europe/London,Starter,Garlic Bread,1,Regular,,6.50,0.00,6.50,1.08,T368009,Counter iPad,Payment,Eat in,C3674,Sample Customer 8
2026-09-13,22:59:00,Europe/London,Main,Salsiccia e Friarielli,1,Regular,,14.00,0.00,14.00,2.33,T659418,Counter iPad,Payment,Eat in,,
2026-09-14,12:02:00,Europe/London,Main,Margherita,2,Regular,,23.00,0.00,23.00,3.83,T663990,Counter iPad,Payment,Eat in,,
2026-09-14,12:13:00,Europe/London,Side,Dough Balls,3,Regular,,15.00,0.00,15.00,2.50,T618394,Counter iPad,Payment,Eat in,,
2026-09-14,12:19:00,Europe/London,Main,Funghi,1,Regular,,12.00,0.00,12.00,2.00,T755736,Counter iPad,Payment,Eat in,,
2026-09-14,12:20:00,Europe/London,Drinks,San Pellegrino 500ml,11,Regular,,38.50,0.00,38.50,6.42,T171142,Counter iPad,Payment,Eat in,,
2026-09-14,12:35:00,Europe/London,Drinks,Peroni 330ml,40,Regular,,200.00,0.00,200.00,33.33,T799652,Counter iPad,Payment,Eat in,,
2026-09-14,12:38:00,Europe/London,Dessert,Tiramisu,1,Regular,,7.00,0.00,7.00,1.17,T987345,Counter iPad,Payment,Eat in,,
2026-09-14,12:40:00,Europe/London,Starter,Arancini,3,Regular,,22.50,0.00,22.50,3.75,T236599,Counter iPad,Payment,Eat in,,
2026-09-14,12:40:00,Europe/London,Side,Rocket Salad,2,Regular,,10.00,0.00,10.00,1.67,T438581,Counter iPad,Payment,Eat in,,
2026-09-14,12:41:00,Europe/London,Side,Rocket Salad,1,Regular,,5.00,0.00,5.00,0.83,T609947,Counter iPad,Payment,Eat in,,
2026-09-14,13:09:00,Europe/London,Starter,Garlic Bread,1,Regular,,6.50,0.00,6.50,1.08,T518917,Counter iPad,Payment,Takeaway,,
2026-09-14,13:23:00,Europe/London,Coffee,Espresso,11,Regular,,27.50,0.00,27.50,4.58,T332075,Counter iPad,Payment,Eat in,,
2026-09-14,13:30:00,Europe/London,Main,Mortadella & Pistachio,4,Regular,,60.00,0.00,60.00,10.00,T253825,Counter iPad,Payment,Eat in,C4011,Sample Customer 79
2026-09-14,13:53:00,Europe/London,Main,Margherita,2,Regular,Extra basil,23.00,0.00,23.00,3.83,T440936,Counter iPad,Payment,Eat in,,
2026-09-14,14:01:00,Europe/London,Main,Margherita,3,Regular,,34.50,0.00,34.50,5.75,T950160,Counter iPad,Payment,Takeaway,,
2026-09-14,14:02:00,Europe/London,Main,Prosciutto Rucola,1,Regular,,14.50,0.00,14.50,2.42,T657661,Counter iPad,Payment,Eat in,,
2026-09-14,14:15:00,Europe/London,Starter,Burrata,2,Regular,,19.00,0.00,19.00,3.17,T858288,Counter iPad,Payment,Eat in,,
2026-09-14,14:15:00,Europe/London,Main,Nduja + Hot Honey,1,Regular,,14.00,0.00,14.00,2.33,T828424,Counter iPad,Payment,Takeaway,,
2026-09-14,14:28:00,Europe/London,Dessert,Nutella Calzone,1,Regular,,7.50,0.00,7.50,1.25,T565541,Counter iPad,Payment,Eat in,C8832,Sample Customer 65
2026-09-14,14:58:00,Europe/London,Side,Friarielli,1,Regular,,6.00,0.00,6.00,1.00,T109883,Counter iPad,Payment,Eat in,,
2026-09-14,15:10:00,Europe/London,Side,Dough Balls,1,Regular,,5.00,0.00,5.00,0.83,T245018,Counter iPad,Payment,Eat in,C7576,Sample Customer 12
2026-09-14,15:15:00,Europe/London,Starter,Garlic Bread,2,Regular,,13.00,0.00,13.00,2.17,T629253,Counter iPad,Payment,Eat in,,
2026-09-14,15:18:00,Europe/London,Main,Margherita,1,Regular,,11.50,0.00,11.50,1.92,T980180,Counter iPad,Payment,Takeaway,,
2026-09-14,15:30:00,Europe/London,Main,Salsiccia e Friarielli,1,Regular,,14.00,0.00,14.00,2.33,T957569,Counter iPad,Payment,Eat in,,
2026-09-14,15:32:00,Europe/London,Side,Fries (Rosemary),1,Regular,,4.50,0.00,4.50,0.75,T801644,Counter iPad,Payment,Eat in,,
2026-09-14,16:06:00,Europe/London,Dessert,Nutella Calzone,3,Regular,,22.50,0.00,22.50,3.75,T613204,Counter iPad,Payment,Eat in,,
2026-09-14,16:19:00,Europe/London,Starter,Garlic Bread,1,Regular,,6.50,0.00,6.50,1.08,T760256,Counter iPad,Payment,Eat in,,
2026-09-14,16:19:00,Europe/London,Starter,Burrata,1,Regular,,9.50,0.00,9.50,1.58,T891396,Counter iPad,Payment,Takeaway,,
2026-09-14,16:28:00,Europe/London,Dessert,Tiramisu,3,Regular,,21.00,0.00,21.00,3.50,T946765,Counter iPad,Payment,Takeaway,C3858,Sample Customer 92
2026-09-14,16:38:00,Europe/London,Side,Dough Balls,2,Regular,,10.00,0.00,10.00,1.67,T709344,Counter iPad,Payment,Takeaway,,
2026-09-14,16:38:00,Europe/London,Main,Nduja + Hot Honey,3,Regular,,42.00,0.00,42.00,7.00,T669155,Counter iPad,Payment,Eat in,,
2026-09-14,16:40:00,Europe/London,Service,Service Charge 12.5%,4,Regular,,0.00,0.00,0.00,0.00,T520178,Counter iPad,Payment,Eat in,,
2026-09-14,16:49:00,Europe/London,Main,Nduja + Hot Honey,1,Regular,,14.00,0.00,14.00,2.33,T106617,Counter iPad,Payment,Eat in,C6292,Sample Customer 13
2026-09-14,16:52:00,Europe/London,Main,Funghi,2,Regular,,24.00,0.00,24.00,4.00,T671600,Counter iPad,Payment,Eat in,,
2026-09-14,17:06:00,Europe/London,Side,Fries (Rosemary),3,Regular,,13.50,0.00,13.50,2.25,T656582,Counter iPad,Payment,Eat in,,
2026-09-14,17:06:00,Europe/London,Main,Diavola,3,Regular,,39.00,0.00,39.00,6.50,T333127,Counter iPad,Payment,Takeaway,,
2026-09-14,17:19:00,Europe/London,Main,Diavola,3,Regular,,39.00,0.00,39.00,6.50,T445019,Counter iPad,Payment,Takeaway,,
2026-09-14,17:21:00,Europe/London,Main,Margherita,1,Regular,,11.50,0.00,11.50,1.92,T656471,Counter iPad,Payment,Takeaway,,
2026-09-14,17:22:00,Europe/London,Main,Prosciutto Rucola,1,Regular,,14.50,0.00,14.50,2.42,T635294,Counter iPad,Payment,Takeaway,,
2026-09-14,17:24:00,Europe/London,Starter,Garlic Bread,2,Regular,,13.00,0.00,13.00,2.17,T187965,Counter iPad,Payment,Eat in,,
2026-09-14,17:57:00,Europe/London,Main,Salsiccia e Friarielli,3,Regular,,42.00,0.00,42.00,7.00,T551839,Counter iPad,Payment,Eat in,C1217,Sample Customer 34
2026-09-14,17:57:00,Europe/London,Dessert,Cannoli,1,Regular,,7.00,0.00,7.00,1.17,T671760,Counter iPad,Payment,Eat in,,
2026-09-14,18:10:00,Europe/London,Main,Diavola,3,Regular,,39.00,0.00,39.00,6.50,T499079,Counter iPad,Payment,Takeaway,,
2026-09-14,18:11:00,Europe/London,Main,Quattro Formaggi,2,Regular,Extra basil,27.00,0.00,27.00,4.50,T172293,Counter iPad,Payment,Eat in,,
2026-09-14,18:16:00,Europe/London,Dessert,Tiramisu,2,Regular,,14.00,0.00,14.00,2.33,T348666,Counter iPad,Payment,Eat in,C2734,Sample Customer 58
2026-09-14,18:49:00,Europe/London,Side,Fries (Rosemary),1,Regular,,4.50,0.00,4.50,0.75,T575771,Counter iPad,Payment,Takeaway,C1766,Sample Customer 6
2026-09-14,19:17:00,Europe/London,Main,Margherita,1,Regular,,11.50,0.00,11.50,1.92,T627822,Counter iPad,Payment,Eat in,,
2026-09-14,19:51:00,Europe/London,Main,Nduja + Hot Honey,1,Regular,,14.00,0.00,14.00,2.33,T954938,Counter iPad,Payment,Takeaway,,
2026-09-14,20:00:00,Europe/London,Main,Diavola,1,Regular,,13.00,0.00,13.00,2.17,T800913,Counter iPad,Payment,Eat in,,
2026-09-14,20:05:00,Europe/London,Starter,Arancini,3,Regular,,22.50,0.00,22.50,3.75,T156900,Counter iPad,Payment,Takeaway,,
2026-09-14,20:09:00,Europe/London,Side,Fries (Rosemary),3,Regular,,13.50,0.00,13.50,2.25,T813203,Counter iPad,Payment,Eat in,C5084,Sample Customer 55
2026-09-14,20:17:00,Europe/London,Main,Margherita,1,Regular,,11.50,0.00,11.50,1.92,T737198,Counter iPad,Payment,Eat in,,
2026-09-14,20:22:00,Europe/London,Wine,House Red 175ml,19,Regular,,133.00,0.00,133.00,22.17,T813956,Counter iPad,Payment,Eat in,,
2026-09-14,20:54:00,Europe/London,Starter,Garlic Bread,1,Regular,,6.50,0.00,6.50,1.08,T886998,Counter iPad,Payment,Eat in,,
2026-09-14,21:06:00,Europe/London,Starter,Bruschetta,2,Regular,,12.00,0.00,12.00,2.00,T706587,Counter iPad,Payment,Eat in,,
2026-09-14,21:17:00,Europe/London,Side,Fries (Rosemary),1,Regular,,4.50,0.00,4.50,0.75,T811394,Counter iPad,Payment,Takeaway,,
2026-09-14,21:24:00,Europe/London,Starter,Garlic Bread,3,Regular,,19.50,0.00,19.50,3.25,T901438,Counter iPad,Payment,Eat in,,
2026-09-14,21:32:00,Europe/London,Drinks,Coca-Cola 330ml,20,Regular,,60.00,0.00,60.00,10.00,T862022,Counter iPad,Payment,Eat in,,
2026-09-14,21:51:00,Europe/London,Side,Fries (Rosemary),2,Regular,,9.00,0.00,9.00,1.50,T436204,Counter iPad,Payment,Eat in,,
2026-09-14,21:56:00,Europe/London,Main,Margherita,1,Regular,,11.50,0.00,11.50,1.92,T941074,Counter iPad,Payment,Eat in,,
2026-09-14,21:58:00,Europe/London,Dessert,Affogato,1,Regular,,5.00,0.00,5.00,0.83,T350218,Counter iPad,Payment,Eat in,,
2026-09-14,22:01:00,Europe/London,Add-ons,Extra Nduja,2,Regular,,4.00,0.00,4.00,0.67,T675043,Counter iPad,Payment,Eat in,,
2026-09-14,22:17:00,Europe/London,Main,Margherita,1,Regular,,11.50,0.00,11.50,1.92,T859726,Counter iPad,Payment,Eat in,C2841,Sample Customer 52
2026-09-14,22:32:00,Europe/London,Main,Prosciutto Rucola,3,Regular,,43.50,0.00,43.50,7.25,T234938,Counter iPad,Payment,Takeaway,,
2026-09-14,22:54:00,Europe/London,Dessert,Panna Cotta,1,Regular,,7.00,0.00,7.00,1.17,T777793,Counter iPad,Payment,Eat in,,
2026-09-15,12:23:00,Europe/London,Dessert,Affogato,1,Regular,,5.00,0.00,5.00,0.83,T811273,Counter iPad,Payment,Eat in,,
2026-09-15,12:32:00,Europe/London,Side,Dough Balls,2,Regular,,10.00,0.00,10.00,1.67,T845304,Counter iPad,Payment,Eat in,C6548,Sample Customer 9
2026-09-15,12:38:00,Europe/London,Main,Funghi,1,Regular,,12.00,0.00,12.00,2.00,T232554,Counter iPad,Payment,Eat in,C9630,Sample Customer 63
2026-09-15,12:39:00,Europe/London,Side,Fries (Rosemary),2,Regular,,9.00,0.00,9.00,1.50,T205386,Counter iPad,Payment,Eat in,,
2026-09-15,12:40:00,Europe/London,Service,Service Charge 12.5%,4,Regular,,0.00,0.00,0.00,0.00,T432365,Counter iPad,Payment,Takeaway,,
2026-09-15,12:52:00,Europe/London,Main,Prosciutto Rucola,2,Regular,,29.00,0.00,29.00,4.83,T369271,Counter iPad,Payment,Eat in,,
2026-09-15,12:57:00,Europe/London,Main,Diavola,1,Regular,,13.00,0.00,13.00,2.17,T626807,Counter iPad,Payment,Takeaway,,
2026-09-15,13:08:00,Europe/London,Main,Nduja + Hot Honey,1,Regular,,14.00,0.00,14.00,2.33,T358841,Counter iPad,Payment,Eat in,,
2026-09-15,13:12:00,Europe/London,Starter,Arancini,3,Regular,,22.50,0.00,22.50,3.75,T238010,Counter iPad,Payment,Eat in,,
2026-09-15,13:23:00,Europe/London,Dessert,Nutella Calzone,1,Regular,,7.50,0.00,7.50,1.25,T394957,Counter iPad,Payment,Eat in,,
2026-09-15,13:41:00,Europe/London,Main,Margherita,3,Regular,,34.50,0.00,34.50,5.75,T601090,Counter iPad,Payment,Takeaway,,
2026-09-15,13:50:00,Europe/London,Dessert,Panna Cotta,1,Regular,,7.00,0.00,7.00,1.17,T710039,Counter iPad,Payment,Takeaway,,
2026-09-15,13:55:00,Europe/London,Main,Diavola,1,Regular,Extra basil,13.00,0.00,13.00,2.17,T696745,Counter iPad,Payment,Eat in,,
2026-09-15,14:01:00,Europe/London,Starter,Arancini,2,Regular,,15.00,0.00,15.00,2.50,T998703,Counter iPad,Payment,Eat in,,
2026-09-15,14:15:00,Europe/London,Starter,Burrata,3,Regular,,28.50,0.00,28.50,4.75,T444011,Counter iPad,Payment,Eat in,,
2026-09-15,14:18:00,Europe/London,Starter,Garlic Bread,3,Regular,,19.50,0.00,19.50,3.25,T859332,Counter iPad,Payment,Takeaway,,
2026-09-15,14:28:00,Europe/London,Side,Fries (Rosemary),2,Regular,,9.00,0.00,9.00,1.50,T229939,Counter iPad,Payment,Takeaway,,
2026-09-15,14:35:00,Europe/London,Main,Diavola,3,Regular,,39.00,0.00,39.00,6.50,T323744,Counter iPad,Payment,Eat in,,
2026-09-15,14:36:00,Europe/London,Drinks,Peroni 330ml,42,Regular,,210.00,0.00,210.00,35.00,T629788,Counter iPad,Payment,Eat in,C7369,Sample Customer 3
2026-09-15,14:43:00,Europe/London,Starter,Arancini,2,Regular,,15.00,0.00,15.00,2.50,T926677,Counter iPad,Payment,Takeaway,,
2026-09-15,14:57:00,Europe/London,Side,Dough Balls,1,Regular,,5.00,0.00,5.00,0.83,T859957,Counter iPad,Payment,Eat in,C7206,Sample Customer 38
2026-09-15,15:09:00,Europe/London,Main,Salsiccia e Friarielli,2,Regular,,28.00,0.00,28.00,4.67,T773829,Counter iPad,Payment,Eat in,,
2026-09-15,15:32:00,Europe/London,Main,Diavola,1,Regular,,13.00,0.00,13.00,2.17,T759007,Counter iPad,Payment,Eat in,,
2026-09-15,15:42:00,Europe/London,Main,Margherita,2,Regular,,23.00,0.00,23.00,3.83,T157383,Counter iPad,Payment,Eat in,,
2026-09-15,15:50:00,Europe/London,Main,Margherita,3,Regular,,34.50,0.00,34.50,5.75,T837921,Counter iPad,Payment,Takeaway,C4223,Sample Customer 99
2026-09-15,16:17:00,Europe/London,Main,Funghi,1,Regular,,12.00,0.00,12.00,2.00,T130640,Counter iPad,Payment,Eat in,,
2026-09-15,16:26:00,Europe/London,Wine,House Red 175ml,12,Regular,,84.00,0.00,84.00,14.00,T210850,Counter iPad,Payment,Eat in,C5091,Sample Customer 72
2026-09-15,16:32:00,Europe/London,Drinks,San Pellegrino 500ml,13,Regular,,45.50,0.00,45.50,7.58,T469325,Counter iPad,Payment,Takeaway,C4906,Sample Customer 90
2026-09-15,16:47:00,Europe/London,Main,Margherita,2,Regular,,23.00,0.00,23.00,3.83,T924332,Counter iPad,Payment,Eat in,,
2026-09-15,16:48:00,Europe/London,Main,Margherita,3,Regular,,34.50,0.00,34.50,5.75,T303641,Counter iPad,Payment,Eat in,,
2026-09-15,17:06:00,Europe/London,Side,Friarielli,1,Regular,,6.00,0.00,6.00,1.00,T887799,Counter iPad,Payment,Eat in,,
2026-09-15,17:11:00,Europe/London,Side,Rocket Salad,3,Regular,,15.00,0.00,15.00,2.50,T160238,Counter iPad,Payment,Eat in,,
2026-09-15,17:24:00,Europe/London,Dessert,Tiramisu,2,Regular,,14.00,0.00,14.00,2.33,T935051,Counter iPad,Payment,Eat in,,
2026-09-15,17:43:00,Europe/London,Main,Funghi,1,Regular,,12.00,0.00,12.00,2.00,T709860,Counter iPad,Payment,Eat in,C4083,Sample Customer 94
2026-09-15,17:43:00,Europe/London,Main,Quattro Formaggi,1,Regular,,13.50,0.00,13.50,2.25,T929097,Counter iPad,Payment,Takeaway,,
2026-09-15,17:47:00,Europe/London,Dessert,Nutella Calzone,1,Regular,,7.50,0.00,7.50,1.25,T532129,Counter iPad,Payment,Eat in,,
2026-09-15,18:08:00,Europe/London,Main,Diavola,1,Regular,,13.00,0.00,13.00,2.17,T731360,Counter iPad,Payment,Takeaway,,
2026-09-15,18:15:00,Europe/London,Side,Fries (Rosemary),1,Regular,,4.50,0.00,4.50,0.75,T141333,Counter iPad,Payment,Eat in,,
2026-09-15,18:28:00,Europe/London,Main,Salsiccia e Friarielli,3,Regular,Extra basil,42.00,0.00,42.00,7.00,T855154,Counter iPad,Payment,Eat in,,
2026-09-15,18:36:00,Europe/London,Side,Fries (Rosemary),1,Regular,,4.50,0.00,4.50,0.75,T402311,Counter iPad,Payment,Eat in,,
2026-09-15,18:39:00,Europe/London,Dessert,Nutella Calzone,2,Regular,,15.00,0.00,15.00,2.50,T240034,Counter iPad,Payment,Eat in,,
2026-09-15,18:40:00,Europe/London,Add-ons,Extra Nduja,2,Regular,,4.00,0.00,4.00,0.67,T872089,Counter iPad,Payment,Eat in,C2274,Sample Customer 99
2026-09-15,18:41:00,Europe/London,Coffee,Espresso,10,Regular,,25.00,0.00,25.00,4.17,T932533,Counter iPad,Payment,Eat in,,
2026-09-15,18:45:00,Europe/London,Main,Nduja + Hot Honey,1,Regular,,14.00,0.00,14.00,2.33,T463648,Counter iPad,Payment,Eat in,,
2026-09-15,18:56:00,Europe/London,Main,Nduja + Hot Honey,1,Regular,,14.00,0.00,14.00,2.33,T288597,Counter iPad,Payment,Eat in,C4397,Sample Customer 10
2026-09-15,19:12:00,Europe/London,Side,Dough Balls,1,Regular,,5.00,0.00,5.00,0.83,T328878,Counter iPad,Payment,Takeaway,,
2026-09-15,19:22:00,Europe/London,Starter,Bruschetta,1,Regular,,6.00,0.00,6.00,1.00,T923011,Counter iPad,Payment,Eat in,,
2026-09-15,19:25:00,Europe/London,Drinks,Coca-Cola 330ml,25,Regular,,75.00,0.00,75.00,12.50,T114263,Counter iPad,Payment,Eat in,,
2026-09-15,19:37:00,Europe/London,Dessert,Tiramisu,1,Regular,,7.00,0.00,7.00,1.17,T218579,Counter iPad,Payment,Eat in,,
2026-09-15,19:49:00,Europe/London,Main,Prosciutto Rucola,2,Regular,,29.00,0.00,29.00,4.83,T493214,Counter iPad,Payment,Takeaway,,
2026-09-15,19:59:00,Europe/London,Dessert,Tiramisu,2,Regular,,14.00,0.00,14.00,2.33,T270215,Counter iPad,Payment,Eat in,,
2026-09-15,20:10:00,Europe/London,Starter,Bruschetta,1,Regular,,6.00,0.00,6.00,1.00,T739121,Counter iPad,Payment,Takeaway,,
2026-09-15,20:18:00,Europe/London,Side,Fries (Rosemary),1,Regular,,4.50,0.00,4.50,0.75,T980538,Counter iPad,Payment,Eat in,,
2026-09-15,20:31:00,Europe/London,Main,Quattro Formaggi,1,Regular,,13.50,0.00,13.50,2.25,T442678,Counter iPad,Payment,Takeaway,,
2026-09-15,20:34:00,Europe/London,Main,Prosciutto Rucola,2,Regular,,29.00,0.00,29.00,4.83,T493399,Counter iPad,Payment,Takeaway,,
2026-09-15,20:40:00,Europe/London,Starter,Garlic Bread,3,Regular,,19.50,0.00,19.50,3.25,T550095,Counter iPad,Payment,Takeaway,C9282,Sample Customer 18
2026-09-15,20:41:00,Europe/London,Dessert,Cannoli,1,Regular,,7.00,0.00,7.00,1.17,T864046,Counter iPad,Payment,Takeaway,C2217,Sample Customer 64
2026-09-15,20:57:00,Europe/London,Side,Fries (Rosemary),3,Regular,,13.50,0.00,13.50,2.25,T381449,Counter iPad,Payment,Eat in,,
2026-09-15,20:57:00,Europe/London,Main,Diavola,3,Regular,,39.00,0.00,39.00,6.50,T933840,Counter iPad,Payment,Eat in,,
2026-09-15,21:29:00,Europe/London,Main,Margherita,1,Regular,,11.50,0.00,11.50,1.92,T300001,Counter iPad,Payment,Eat in,,
2026-09-15,21:53:00,Europe/London,Starter,Garlic Bread,3,Regular,,19.50,0.00,19.50,3.25,T952393,Counter iPad,Payment,Eat in,,
2026-09-15,21:54:00,Europe/London,Side,Dough Balls,2,Regular,,10.00,0.00,10.00,1.67,T974027,Counter iPad,Payment,Takeaway,C7970,Sample Customer 19
2026-09-15,22:10:00,Europe/London,Side,Fries (Rosemary),1,Regular,,4.50,0.00,4.50,0.75,T226228,Counter iPad,Payment,Eat in,,
2026-09-15,22:28:00,Europe/London,Main,Nduja + Hot Honey,3,Regular,,42.00,0.00,42.00,7.00,T222380,Counter iPad,Payment,Eat in,,
2026-09-15,22:44:00,Europe/London,Starter,Garlic Bread,1,Regular,,6.50,0.00,6.50,1.08,T774118,Counter iPad,Payment,Eat in,,
2026-09-15,22:44:00,Europe/London,Dessert,Tiramisu,1,Regular,,7.00,0.00,7.00,1.17,T340694,Counter iPad,Payment,Eat in,,
2026-09-15,22:48:00,Europe/London,Main,Mortadella & Pistachio,4,Regular,,60.00,0.00,60.00,10.00,T457411,Counter iPad,Payment,Eat in,,
2026-09-16,12:09:00,Europe/London,Dessert,Nutella Calzone,3,Regular,,22.50,0.00,22.50,3.75,T239117,Counter iPad,Payment,Eat in,,
2026-09-16,12:28:00,Europe/London,Main,Diavola,2,Regular,,26.00,0.00,26.00,4.33,T190532,Counter iPad,Payment,Eat in,C7800,Sample Customer 19
2026-09-16,12:40:00,Europe/London,Starter,Garlic Bread,3,Regular,,19.50,0.00,19.50,3.25,T657259,Counter iPad,Payment,Takeaway,C5006,Sample Customer 63
2026-09-16,12:46:00,Europe/London,Side,Dough Balls,3,Regular,,15.00,0.00,15.00,2.50,T809305,Counter iPad,Payment,Eat in,,
2026-09-16,12:59:00,Europe/London,Side,Rocket Salad,2,Regular,,10.00,0.00,10.00,1.67,T432285,Counter iPad,Payment,Takeaway,,
2026-09-16,13:04:00,Europe/London,Dessert,Tiramisu,3,Regular,,21.00,0.00,21.00,3.50,T882488,Counter iPad,Payment,Eat in,,
2026-09-16,13:07:00,Europe/London,Main,Nduja + Hot Honey,2,Regular,,28.00,0.00,28.00,4.67,T571491,Counter iPad,Payment,Eat in,,
2026-09-16,13:10:00,Europe/London,Starter,Burrata,2,Regular,,19.00,0.00,19.00,3.17,T789857,Counter iPad,Payment,Eat in,,
2026-09-16,13:22:00,Europe/London,Main,Margherita,3,Regular,,34.50,0.00,34.50,5.75,T315630,Counter iPad,Payment,Eat in,,
2026-09-16,13:26:00,Europe/London,Side,Friarielli,1,Regular,,6.00,0.00,6.00,1.00,T456033,Counter iPad,Payment,Takeaway,,
2026-09-16,13:42:00,Europe/London,Starter,Bruschetta,2,Regular,,12.00,0.00,12.00,2.00,T675144,Counter iPad,Payment,Takeaway,,
2026-09-16,13:47:00,Europe/London,Starter,Garlic Bread,2,Regular,,13.00,0.00,13.00,2.17,T627403,Counter iPad,Payment,Takeaway,C2506,Sample Customer 85
2026-09-16,14:03:00,Europe/London,Main,Salsiccia e Friarielli,3,Regular,,42.00,0.00,42.00,7.00,T802911,Counter iPad,Payment,Eat in,,
2026-09-16,14:05:00,Europe/London,Dessert,Tiramisu,3,Regular,,21.00,0.00,21.00,3.50,T741584,Counter iPad,Payment,Takeaway,,
2026-09-16,14:11:00,Europe/London,Add-ons,Extra Nduja,5,Regular,,10.00,0.00,10.00,1.67,T361759,Counter iPad,Payment,Eat in,,
2026-09-16,14:23:00,Europe/London,Main,Margherita,2,Regular,,23.00,0.00,23.00,3.83,T915236,Counter iPad,Payment,Eat in,,
2026-09-16,14:29:00,Europe/London,Main,Funghi,3,Regular,,36.00,0.00,36.00,6.00,T317286,Counter iPad,Payment,Takeaway,C4438,Sample Customer 32
2026-09-16,14:40:00,Europe/London,Starter,Garlic Bread,1,Regular,,6.50,0.00,6.50,1.08,T478229,Counter iPad,Payment,Eat in,C7170,Sample Customer 58
2026-09-16,14:50:00,Europe/London,Starter,Burrata,1,Regular,,9.50,0.00,9.50,1.58,T416780,Counter iPad,Payment,Takeaway,,
2026-09-16,14:55:00,Europe/London,Side,Fries (Rosemary),1,Regular,,4.50,0.00,4.50,0.75,T350128,Counter iPad,Payment,Eat in,,
2026-09-16,15:06:00,Europe/London,Starter,Burrata,1,Regular,,9.50,0.00,9.50,1.58,T768971,Counter iPad,Payment,Eat in,,
2026-09-16,15:11:00,Europe/London,Starter,Arancini,2,Regular,,15.00,0.00,15.00,2.50,T523064,Counter iPad,Payment,Eat in,,
2026-09-16,15:25:00,Europe/London,Coffee,Espresso,14,Regular,,35.00,0.00,35.00,5.83,T599724,Counter iPad,Payment,Eat in,,
2026-09-16,15:38:00,Europe/London,Main,Diavola,2,Regular,,26.00,0.00,26.00,4.33,T283379,Counter iPad,Payment,Eat in,,
2026-09-16,15:41:00,Europe/London,Side,Fries (Rosemary),3,Regular,,13.50,0.00,13.50,2.25,T505433,Counter iPad,Payment,Eat in,,
2026-09-16,15:47:00,Europe/London,Starter,Garlic Bread,2,Regular,,13.00,0.00,13.00,2.17,T781503,Counter iPad,Payment,Eat in,,
2026-09-16,15:51:00,Europe/London,Main,Mortadella & Pistachio,4,Regular,,60.00,0.00,60.00,10.00,T357685,Counter iPad,Payment,Eat in,,
2026-09-16,16:01:00,Europe/London,Side,Fries (Rosemary),3,Regular,,13.50,0.00,13.50,2.25,T354022,Counter iPad,Payment,Eat in,,
2026-09-16,16:18:00,Europe/London,Side,Fries (Rosemary),2,Regular,,9.00,0.00,9.00,1.50,T326640,Counter iPad,Payment,Eat in,,
2026-09-16,16:39:00,Europe/London,Starter,Arancini,2,Regular,,15.00,0.00,15.00,2.50,T630586,Counter iPad,Payment,Eat in,,
2026-09-16,16:52:00,Europe/London,Main,Margherita,3,Regular,Extra basil,34.50,0.00,34.50,5.75,T644198,Counter iPad,Payment,Eat in,,
2026-09-16,17:22:00,Europe/London,Main,Margherita,2,Regular,,23.00,0.00,23.00,3.83,T420599,Counter iPad,Payment,Eat in,,
2026-09-16,17:24:00,Europe/London,Dessert,Nutella Calzone,2,Regular,,15.00,0.00,15.00,2.50,T237052,Counter iPad,Payment,Takeaway,,
2026-09-16,17:30:00,Europe/London,Main,Margherita,2,Regular,,23.00,0.00,23.00,3.83,T961836,Counter iPad,Payment,Eat in,,
2026-09-16,17:32:00,Europe/London,Dessert,Cannoli,1,Regular,,7.00,0.00,7.00,1.17,T595705,Counter iPad,Payment,Eat in,,
2026-09-16,17:39:00,Europe/London,Starter,Arancini,1,Regular,,7.50,0.00,7.50,1.25,T892911,Counter iPad,Payment,Eat in,C3601,Sample Customer 42
2026-09-16,17:44:00,Europe/London,Main,Prosciutto Rucola,2,Regular,,29.00,0.00,29.00,4.83,T117573,Counter iPad,Payment,Eat in,,
2026-09-16,17:46:00,Europe/London,Main,Prosciutto Rucola,2,Regular,,29.00,0.00,29.00,4.83,T785929,Counter iPad,Payment,Eat in,C4830,Sample Customer 56
2026-09-16,17:53:00,Europe/London,Wine,House Red 175ml,14,Regular,,98.00,0.00,98.00,16.33,T652556,Counter iPad,Payment,Eat in,,
2026-09-16,17:57:00,Europe/London,Main,Diavola,1,Regular,,13.00,0.00,13.00,2.17,T851727,Counter iPad,Payment,Eat in,C4883,Sample Customer 69
2026-09-16,18:04:00,Europe/London,Main,Nduja + Hot Honey,3,Regular,,42.00,0.00,42.00,7.00,T407171,Counter iPad,Payment,Eat in,,
2026-09-16,18:08:00,Europe/London,Main,Margherita,1,Regular,,11.50,0.00,11.50,1.92,T245036,Counter iPad,Payment,Eat in,,
2026-09-16,18:13:00,Europe/London,Main,Margherita,1,Regular,,11.50,0.00,11.50,1.92,T471003,Counter iPad,Payment,Eat in,,
2026-09-16,18:20:00,Europe/London,Main,Nduja + Hot Honey,2,Regular,,28.00,0.00,28.00,4.67,T565923,Counter iPad,Payment,Eat in,C4073,Sample Customer 82
2026-09-16,18:22:00,Europe/London,Main,Diavola,1,Regular,,13.00,0.00,13.00,2.17,T748240,Counter iPad,Payment,Eat in,,
2026-09-16,18:57:00,Europe/London,Main,Margherita,1,Regular,,11.50,0.00,11.50,1.92,T130812,Counter iPad,Payment,Takeaway,,
2026-09-16,19:05:00,Europe/London,Dessert,Panna Cotta,2,Regular,,14.00,0.00,14.00,2.33,T436831,Counter iPad,Payment,Takeaway,,
2026-09-16,19:09:00,Europe/London,Starter,Arancini,3,Regular,,22.50,0.00,22.50,3.75,T366507,Counter iPad,Payment,Takeaway,,
2026-09-16,19:16:00,Europe/London,Starter,Garlic Bread,3,Regular,,19.50,0.00,19.50,3.25,T948527,Counter iPad,Payment,Eat in,C5350,Sample Customer 31
2026-09-16,19:27:00,Europe/London,Drinks,Coca-Cola 330ml,24,Regular,,72.00,0.00,72.00,12.00,T840498,Counter iPad,Payment,Eat in,,
2026-09-16,19:45:00,Europe/London,Main,Diavola,3,Regular,,39.00,0.00,39.00,6.50,T723036,Counter iPad,Payment,Takeaway,C4536,Sample Customer 35
2026-09-16,19:55:00,Europe/London,Main,Prosciutto Rucola,2,Regular,,29.00,0.00,29.00,4.83,T475333,Counter iPad,Payment,Takeaway,,
2026-09-16,19:57:00,Europe/London,Side,Fries (Rosemary),3,Regular,,13.50,0.00,13.50,2.25,T674650,Counter iPad,Payment,Eat in,,
2026-09-16,20:05:00,Europe/London,Main,Quattro Formaggi,1,Regular,Extra basil,13.50,0.00,13.50,2.25,T961983,Counter iPad,Payment,Takeaway,,
2026-09-16,20:20:00,Europe/London,Side,Dough Balls,1,Regular,,5.00,0.00,5.00,0.83,T641883,Counter iPad,Payment,Eat in,,
2026-09-16,20:21:00,Europe/London,Main,Diavola,2,Regular,,26.00,0.00,26.00,4.33,T528086,Counter iPad,Payment,Takeaway,,
2026-09-16,20:24:00,Europe/London,Side,Fries (Rosemary),1,Regular,,4.50,0.00,4.50,0.75,T714133,Counter iPad,Payment,Eat in,,
2026-09-16,20:44:00,Europe/London,Main,Salsiccia e Friarielli,2,Regular,Extra basil,28.00,0.00,28.00,4.67,T947374,Counter iPad,Payment,Eat in,,
2026-09-16,21:07:00,Europe/London,Drinks,Peroni 330ml,36,Regular,,180.00,0.00,180.00,30.00,T687783,Counter iPad,Payment,Takeaway,,
2026-09-16,21:16:00,Europe/London,Drinks,San Pellegrino 500ml,14,Regular,,49.00,0.00,49.00,8.17,T246945,Counter iPad,Payment,Eat in,,
2026-09-16,21:21:00,Europe/London,Side,Rocket Salad,1,Regular,,5.00,0.00,5.00,0.83,T913653,Counter iPad,Payment,Eat in,C7546,Sample Customer 33
2026-09-16,21:40:00,Europe/London,Dessert,Affogato,1,Regular,,5.00,0.00,5.00,0.83,T543403,Counter iPad,Payment,Eat in,,
2026-09-16,21:43:00,Europe/London,Side,Dough Balls,1,Regular,,5.00,0.00,5.00,0.83,T465011,Counter iPad,Payment,Takeaway,,
2026-09-16,22:05:00,Europe/London,Service,Service Charge 12.5%,1,Regular,,0.00,0.00,0.00,0.00,T957552,Counter iPad,Payment,Eat in,,
2026-09-16,22:34:00,Europe/London,Main,Margherita,1,Regular,,11.50,0.00,11.50,1.92,T376605,Counter iPad,Payment,Takeaway,,
2026-09-16,22:40:00,Europe/London,Dessert,Tiramisu,1,Regular,,7.00,0.00,7.00,1.17,T201429,Counter iPad,Payment,Eat in,,
2026-09-16,22:42:00,Europe/London,Main,Quattro Formaggi,1,Regular,,13.50,0.00,13.50,2.25,T219032,Counter iPad,Payment,Takeaway,,
2026-09-16,22:55:00,Europe/London,Side,Dough Balls,2,Regular,,10.00,0.00,10.00,1.67,T261863,Counter iPad,Payment,Eat in,,
2026-09-17,12:09:00,Europe/London,Drinks,San Pellegrino 500ml,12,Regular,,42.00,0.00,42.00,7.00,T762513,Counter iPad,Payment,Takeaway,,
2026-09-17,12:26:00,Europe/London,Side,Rocket Salad,3,Regular,,15.00,0.00,15.00,2.50,T743791,Counter iPad,Payment,Takeaway,,
2026-09-17,12:26:00,Europe/London,Drinks,Peroni 330ml,40,Regular,,200.00,0.00,200.00,33.33,T928275,Counter iPad,Payment,Eat in,,
2026-09-17,12:27:00,Europe/London,Main,Prosciutto Rucola,3,Regular,,43.50,0.00,43.50,7.25,T737891,Counter iPad,Payment,Takeaway,,
2026-09-17,12:27:00,Europe/London,Main,Funghi,2,Regular,,24.00,0.00,24.00,4.00,T539499,Counter iPad,Payment,Takeaway,,
2026-09-17,12:30:00,Europe/London,Starter,Garlic Bread,3,Regular,,19.50,0.00,19.50,3.25,T163607,Counter iPad,Payment,Eat in,,
2026-09-17,12:33:00,Europe/London,Side,Fries (Rosemary),2,Regular,,9.00,0.00,9.00,1.50,T506729,Counter iPad,Payment,Eat in,,
2026-09-17,13:16:00,Europe/London,Starter,Arancini,3,Regular,,22.50,0.00,22.50,3.75,T661723,Counter iPad,Payment,Takeaway,,
2026-09-17,13:30:00,Europe/London,Starter,Garlic Bread,2,Regular,,13.00,0.00,13.00,2.17,T816907,Counter iPad,Payment,Eat in,,
2026-09-17,13:33:00,Europe/London,Side,Fries (Rosemary),2,Regular,,9.00,0.00,9.00,1.50,T336104,Counter iPad,Payment,Takeaway,,
2026-09-17,13:36:00,Europe/London,Main,Margherita,3,Regular,,34.50,0.00,34.50,5.75,T859669,Counter iPad,Payment,Takeaway,,
2026-09-17,13:40:00,Europe/London,Service,Service Charge 12.5%,8,Regular,,0.00,0.00,0.00,0.00,T891717,Counter iPad,Payment,Takeaway,,
2026-09-17,13:44:00,Europe/London,Starter,Garlic Bread,2,Regular,,13.00,0.00,13.00,2.17,T328268,Counter iPad,Payment,Takeaway,,
2026-09-17,14:08:00,Europe/London,Dessert,Cannoli,1,Regular,,7.00,0.00,7.00,1.17,T896674,Counter iPad,Payment,Eat in,,
2026-09-17,14:19:00,Europe/London,Side,Dough Balls,2,Regular,,10.00,0.00,10.00,1.67,T460090,Counter iPad,Payment,Takeaway,,
2026-09-17,14:26:00,Europe/London,Main,Diavola,3,Regular,,39.00,0.00,39.00,6.50,T603015,Counter iPad,Payment,Eat in,,
2026-09-17,14:31:00,Europe/London,Main,Prosciutto Rucola,1,Regular,,14.50,0.00,14.50,2.42,T207054,Counter iPad,Payment,Eat in,,
2026-09-17,14:32:00,Europe/London,Main,Nduja + Hot Honey,1,Regular,,14.00,0.00,14.00,2.33,T553448,Counter iPad,Payment,Eat in,,
2026-09-17,14:35:00,Europe/London,Side,Fries (Rosemary),1,Regular,,4.50,0.00,4.50,0.75,T170043,Counter iPad,Payment,Takeaway,,
2026-09-17,15:03:00,Europe/London,Dessert,Cannoli,1,Regular,,7.00,0.00,7.00,1.17,T433949,Counter iPad,Payment,Takeaway,,
2026-09-17,15:04:00,Europe/London,Main,Diavola,3,Regular,,39.00,0.00,39.00,6.50,T468867,Counter iPad,Payment,Takeaway,,
2026-09-17,15:14:00,Europe/London,Side,Dough Balls,3,Regular,,15.00,0.00,15.00,2.50,T811651,Counter iPad,Payment,Takeaway,C8329,Sample Customer 89
2026-09-17,15:20:00,Europe/London,Main,Salsiccia e Friarielli,2,Regular,,28.00,0.00,28.00,4.67,T603553,Counter iPad,Payment,Takeaway,,
2026-09-17,15:21:00,Europe/London,Main,Prosciutto Rucola,3,Regular,,43.50,0.00,43.50,7.25,T453280,Counter iPad,Payment,Eat in,,
2026-09-17,15:21:00,Europe/London,Dessert,Nutella Calzone,3,Regular,,22.50,0.00,22.50,3.75,T823592,Counter iPad,Payment,Eat in,,
2026-09-17,15:33:00,Europe/London,Starter,Bruschetta,2,Regular,,12.00,0.00,12.00,2.00,T182433,Counter iPad,Payment,Takeaway,,
2026-09-17,15:51:00,Europe/London,Main,Margherita,1,Regular,,11.50,0.00,11.50,1.92,T339829,Counter iPad,Payment,Eat in,C7427,Sample Customer 73
2026-09-17,16:01:00,Europe/London,Main,Salsiccia e Friarielli,1,Regular,,14.00,0.00,14.00,2.33,T917103,Counter iPad,Payment,Takeaway,,
2026-09-17,16:55:00,Europe/London,Side,Fries (Rosemary),1,Regular,,4.50,0.00,4.50,0.75,T751584,Counter iPad,Payment,Takeaway,,
2026-09-17,17:16:00,Europe/London,Starter,Arancini,1,Regular,,7.50,0.00,7.50,1.25,T493991,Counter iPad,Payment,Eat in,,
2026-09-17,17:24:00,Europe/London,Main,Nduja + Hot Honey,1,Regular,,14.00,0.00,14.00,2.33,T772461,Counter iPad,Payment,Eat in,,
2026-09-17,17:37:00,Europe/London,Dessert,Affogato,1,Regular,,5.00,0.00,5.00,0.83,T596344,Counter iPad,Payment,Eat in,,
2026-09-17,17:46:00,Europe/London,Main,Diavola,2,Regular,,26.00,0.00,26.00,4.33,T545819,Counter iPad,Payment,Eat in,,
2026-09-17,17:57:00,Europe/London,Side,Friarielli,2,Regular,,12.00,0.00,12.00,2.00,T134513,Counter iPad,Payment,Takeaway,,
2026-09-17,18:01:00,Europe/London,Main,Margherita,1,Regular,,11.50,0.00,11.50,1.92,T109567,Counter iPad,Payment,Eat in,,
2026-09-17,18:21:00,Europe/London,Side,Fries (Rosemary),3,Regular,,13.50,0.00,13.50,2.25,T800703,Counter iPad,Payment,Eat in,,
2026-09-17,18:29:00,Europe/London,Starter,Burrata,2,Regular,,19.00,0.00,19.00,3.17,T135579,Counter iPad,Payment,Eat in,,
2026-09-17,18:42:00,Europe/London,Main,Nduja + Hot Honey,2,Regular,,28.00,0.00,28.00,4.67,T263589,Counter iPad,Payment,Eat in,,
2026-09-17,18:44:00,Europe/London,Starter,Burrata,2,Regular,,19.00,0.00,19.00,3.17,T333258,Counter iPad,Payment,Takeaway,,
2026-09-17,18:56:00,Europe/London,Main,Margherita,1,Regular,,11.50,0.00,11.50,1.92,T209070,Counter iPad,Payment,Eat in,,
2026-09-17,19:05:00,Europe/London,Main,Diavola,2,Regular,,26.00,0.00,26.00,4.33,T249473,Counter iPad,Payment,Eat in,,
2026-09-17,19:11:00,Europe/London,Dessert,Tiramisu,3,Regular,,21.00,0.00,21.00,3.50,T586156,Counter iPad,Payment,Eat in,,
2026-09-17,19:16:00,Europe/London,Main,Nduja + Hot Honey,3,Regular,,42.00,0.00,42.00,7.00,T514250,Counter iPad,Payment,Eat in,,
2026-09-17,19:17:00,Europe/London,Side,Fries (Rosemary),3,Regular,,13.50,0.00,13.50,2.25,T923071,Counter iPad,Payment,Takeaway,C3085,Sample Customer 53
2026-09-17,19:24:00,Europe/London,Dessert,Tiramisu,2,Regular,,14.00,0.00,14.00,2.33,T819016,Counter iPad,Payment,Eat in,,
2026-09-17,19:28:00,Europe/London,Main,Salsiccia e Friarielli,1,Regular,,14.00,0.00,14.00,2.33,T501703,Counter iPad,Payment,Eat in,,
2026-09-17,19:29:00,Europe/London,Main,Margherita,3,Regular,,34.50,0.00,34.50,5.75,T699845,Counter iPad,Payment,Takeaway,,
2026-09-17,19:33:00,Europe/London,Main,Diavola,3,Regular,,39.00,0.00,39.00,6.50,T307571,Counter iPad,Payment,Eat in,,
2026-09-17,19:34:00,Europe/London,Main,Quattro Formaggi,3,Regular,,40.50,0.00,40.50,6.75,T889949,Counter iPad,Payment,Eat in,,
2026-09-17,19:38:00,Europe/London,Main,Margherita,3,Regular,,34.50,0.00,34.50,5.75,T248662,Counter iPad,Payment,Eat in,,
2026-09-17,19:49:00,Europe/London,Main,Margherita,2,Regular,,23.00,0.00,23.00,3.83,T770530,Counter iPad,Payment,Eat in,,
2026-09-17,19:49:00,Europe/London,Drinks,Coca-Cola 330ml,23,Regular,,69.00,0.00,69.00,11.50,T112443,Counter iPad,Payment,Eat in,,
2026-09-17,20:02:00,Europe/London,Dessert,Nutella Calzone,2,Regular,,15.00,0.00,15.00,2.50,T773086,Counter iPad,Payment,Takeaway,,
2026-09-17,20:03:00,Europe/London,Starter,Arancini,2,Regular,,15.00,0.00,15.00,2.50,T767228,Counter iPad,Payment,Eat in,C8422,Sample Customer 72
2026-09-17,20:12:00,Europe/London,Starter,Garlic Bread,2,Regular,,13.00,0.00,13.00,2.17,T426814,Counter iPad,Payment,Eat in,,
2026-09-17,20:16:00,Europe/London,Dessert,Affogato,1,Regular,,5.00,0.00,5.00,0.83,T429367,Counter iPad,Payment,Takeaway,,
2026-09-17,20:18:00,Europe/London,Starter,Garlic Bread,2,Regular,,13.00,0.00,13.00,2.17,T587234,Counter iPad,Payment,Eat in,,
2026-09-17,20:37:00,Europe/London,Side,Fries (Rosemary),1,Regular,,4.50,0.00,4.50,0.75,T223152,Counter iPad,Payment,Eat in,C7512,Sample Customer 74
2026-09-17,20:46:00,Europe/London,Dessert,Panna Cotta,1,Regular,,7.00,0.00,7.00,1.17,T250029,Counter iPad,Payment,Eat in,,
2026-09-17,20:46:00,Europe/London,Add-ons,Extra Nduja,3,Regular,,6.00,0.00,6.00,1.00,T185070,Counter iPad,Payment,Eat in,C4085,Sample Customer 23
2026-09-17,21:15:00,Europe/London,Wine,House Red 175ml,11,Regular,,77.00,0.00,77.00,12.83,T824194,Counter iPad,Payment,Eat in,,
2026-09-17,21:34:00,Europe/London,Main,Margherita,2,Regular,,23.00,0.00,23.00,3.83,T174428,Counter iPad,Payment,Eat in,,
2026-09-17,21:36:00,Europe/London,Side,Dough Balls,3,Regular,,15.00,0.00,15.00,2.50,T541599,Counter iPad,Payment,Eat in,,
2026-09-17,21:39:00,Europe/London,Side,Fries (Rosemary),1,Regular,,4.50,0.00,4.50,0.75,T991281,Counter iPad,Payment,Eat in,,
2026-09-17,21:57:00,Europe/London,Dessert,Tiramisu,3,Regular,,21.00,0.00,21.00,3.50,T683826,Counter iPad,Payment,Eat in,C6383,Sample Customer 48
2026-09-17,22:12:00,Europe/London,Starter,Garlic Bread,1,Regular,,6.50,0.00,6.50,1.08,T181235,Counter iPad,Payment,Takeaway,,
2026-09-17,22:19:00,Europe/London,Dessert,Panna Cotta,1,Regular,,7.00,0.00,7.00,1.17,T844280,Counter iPad,Payment,Eat in,,
2026-09-17,22:20:00,Europe/London,Starter,Arancini,3,Regular,,22.50,0.00,22.50,3.75,T495146,Counter iPad,Payment,Eat in,,
2026-09-17,22:32:00,Europe/London,Main,Salsiccia e Friarielli,2,Regular,,28.00,0.00,28.00,4.67,T875935,Counter iPad,Payment,Eat in,,
2026-09-17,22:37:00,Europe/London,Main,Funghi,1,Regular,Extra basil,12.00,0.00,12.00,2.00,T382736,Counter iPad,Payment,Eat in,,
2026-09-17,22:41:00,Europe/London,Coffee,Espresso,16,Regular,,40.00,0.00,40.00,6.67,T824632,Counter iPad,Payment,Takeaway,,
2026-09-17,22:43:00,Europe/London,Main,Margherita,1,Regular,,11.50,0.00,11.50,1.92,T848408,Counter iPad,Payment,Eat in,,
2026-09-17,22:47:00,Europe/London,Starter,Garlic Bread,1,Regular,,6.50,0.00,6.50,1.08,T826544,Counter iPad,Payment,Eat in,,
2026-09-17,22:47:00,Europe/London,Main,Mortadella & Pistachio,5,Regular,,75.00,0.00,75.00,12.50,T706517,Counter iPad,Payment,Eat in,,
2026-09-18,12:01:00,Europe/London,Side,Fries (Rosemary),1,Regular,,4.50,0.00,4.50,0.75,T149746,Counter iPad,Payment,Eat in,,
2026-09-18,12:08:00,Europe/London,Starter,Arancini,1,Regular,,7.50,0.00,7.50,1.25,T612118,Counter iPad,Payment,Eat in,,
2026-09-18,12:09:00,Europe/London,Starter,Burrata,3,Regular,,28.50,0.00,28.50,4.75,T369707,Counter iPad,Payment,Takeaway,,
2026-09-18,12:09:00,Europe/London,Main,Margherita,3,Regular,,34.50,0.00,34.50,5.75,T590644,Counter iPad,Payment,Eat in,,
2026-09-18,12:14:00,Europe/London,Starter,Arancini,3,Regular,,22.50,0.00,22.50,3.75,T256620,Counter iPad,Payment,Eat in,C8081,Sample Customer 54
2026-09-18,12:17:00,Europe/London,Main,Nduja + Hot Honey,3,Regular,,42.00,0.00,42.00,7.00,T989017,Counter iPad,Payment,Takeaway,,
2026-09-18,12:18:00,Europe/London,Starter,Arancini,3,Regular,,22.50,0.00,22.50,3.75,T959648,Counter iPad,Payment,Takeaway,,
2026-09-18,12:25:00,Europe/London,Main,Margherita,1,Regular,,11.50,0.00,11.50,1.92,T352130,Counter iPad,Payment,Eat in,C1724,Sample Customer 72
2026-09-18,12:39:00,Europe/London,Main,Diavola,1,Regular,,13.00,0.00,13.00,2.17,T438913,Counter iPad,Payment,Eat in,C8222,Sample Customer 64
2026-09-18,12:42:00,Europe/London,Main,Margherita,3,Regular,,34.50,0.00,34.50,5.75,T671967,Counter iPad,Payment,Takeaway,,
2026-09-18,12:43:00,Europe/London,Main,Diavola,3,Regular,,39.00,0.00,39.00,6.50,T252375,Counter iPad,Payment,Takeaway,,
2026-09-18,13:11:00,Europe/London,Main,Margherita,2,Regular,,23.00,0.00,23.00,3.83,T250211,Counter iPad,Payment,Takeaway,C3667,Sample Customer 79
2026-09-18,13:18:00,Europe/London,Add-ons,Extra Nduja,2,Regular,,4.00,0.00,4.00,0.67,T260321,Counter iPad,Payment,Eat in,,
2026-09-18,13:22:00,Europe/London,Side,Rocket Salad,1,Regular,,5.00,0.00,5.00,0.83,T953558,Counter iPad,Payment,Eat in,C7934,Sample Customer 45
2026-09-18,13:35:00,Europe/London,Starter,Bruschetta,2,Regular,,12.00,0.00,12.00,2.00,T224175,Counter iPad,Payment,Eat in,,
2026-09-18,13:39:00,Europe/London,Main,Margherita,3,Regular,,34.50,0.00,34.50,5.75,T190547,Counter iPad,Payment,Takeaway,,
2026-09-18,13:43:00,Europe/London,Main,Mortadella & Pistachio,7,Regular,,105.00,0.00,105.00,17.50,T617184,Counter iPad,Payment,Eat in,C9911,Sample Customer 57
2026-09-18,13:45:00,Europe/London,Starter,Garlic Bread,3,Regular,,19.50,0.00,19.50,3.25,T482927,Counter iPad,Payment,Eat in,,
2026-09-18,13:47:00,Europe/London,Side,Dough Balls,1,Regular,,5.00,0.00,5.00,0.83,T638112,Counter iPad,Payment,Takeaway,,
2026-09-18,14:05:00,Europe/London,Side,Rocket Salad,3,Regular,,15.00,0.00,15.00,2.50,T119504,Counter iPad,Payment,Eat in,,
2026-09-18,14:11:00,Europe/London,Main,Nduja + Hot Honey,3,Regular,,42.00,0.00,42.00,7.00,T366303,Counter iPad,Payment,Takeaway,,
2026-09-18,14:11:00,Europe/London,Service,Service Charge 12.5%,5,Regular,,0.00,0.00,0.00,0.00,T330234,Counter iPad,Payment,Eat in,,
2026-09-18,14:12:00,Europe/London,Dessert,Tiramisu,2,Regular,,14.00,0.00,14.00,2.33,T892381,Counter iPad,Payment,Eat in,,
2026-09-18,14:30:00,Europe/London,Starter,Bruschetta,1,Regular,,6.00,0.00,6.00,1.00,T617028,Counter iPad,Payment,Takeaway,,
2026-09-18,14:41:00,Europe/London,Main,Prosciutto Rucola,2,Regular,,29.00,0.00,29.00,4.83,T292275,Counter iPad,Payment,Takeaway,,
2026-09-18,14:57:00,Europe/London,Main,Prosciutto Rucola,1,Regular,,14.50,0.00,14.50,2.42,T455349,Counter iPad,Payment,Eat in,,
2026-09-18,15:04:00,Europe/London,Starter,Garlic Bread,2,Regular,,13.00,0.00,13.00,2.17,T709717,Counter iPad,Payment,Eat in,,
2026-09-18,15:09:00,Europe/London,Main,Salsiccia e Friarielli,3,Regular,Extra basil,42.00,0.00,42.00,7.00,T561877,Counter iPad,Payment,Eat in,,
2026-09-18,15:13:00,Europe/London,Main,Prosciutto Rucola,1,Regular,,14.50,0.00,14.50,2.42,T121368,Counter iPad,Payment,Takeaway,C4796,Sample Customer 38
2026-09-18,15:15:00,Europe/London,Dessert,Tiramisu,1,Regular,,7.00,0.00,7.00,1.17,T567393,Counter iPad,Payment,Takeaway,,
2026-09-18,15:27:00,Europe/London,Main,Nduja + Hot Honey,2,Regular,,28.00,0.00,28.00,4.67,T889063,Counter iPad,Payment,Eat in,,
2026-09-18,15:35:00,Europe/London,Side,Dough Balls,1,Regular,,5.00,0.00,5.00,0.83,T886270,Counter iPad,Payment,Eat in,,
2026-09-18,15:35:00,Europe/London,Dessert,Cannoli,1,Regular,,7.00,0.00,7.00,1.17,T589659,Counter iPad,Payment,Takeaway,,
2026-09-18,15:36:00,Europe/London,Side,Friarielli,1,Regular,,6.00,0.00,6.00,1.00,T551408,Counter iPad,Payment,Takeaway,,
2026-09-18,15:54:00,Europe/London,Main,Margherita,3,Regular,,34.50,0.00,34.50,5.75,T989531,Counter iPad,Payment,Eat in,C2471,Sample Customer 48
2026-09-18,15:58:00,Europe/London,Starter,Burrata,3,Regular,,28.50,0.00,28.50,4.75,T994321,Counter iPad,Payment,Eat in,,
2026-09-18,16:05:00,Europe/London,Main,Funghi,3,Regular,,36.00,0.00,36.00,6.00,T350821,Counter iPad,Payment,Eat in,,
2026-09-18,16:11:00,Europe/London,Side,Fries (Rosemary),2,Regular,,9.00,0.00,9.00,1.50,T662953,Counter iPad,Payment,Eat in,,
2026-09-18,16:16:00,Europe/London,Starter,Garlic Bread,1,Regular,,6.50,0.00,6.50,1.08,T490303,Counter iPad,Payment,Eat in,,
2026-09-18,16:23:00,Europe/London,Starter,Garlic Bread,1,Regular,,6.50,0.00,6.50,1.08,T239046,Counter iPad,Payment,Takeaway,,
2026-09-18,16:24:00,Europe/London,Main,Diavola,1,Regular,,13.00,0.00,13.00,2.17,T739334,Counter iPad,Payment,Takeaway,C5269,Sample Customer 3
2026-09-18,16:30:00,Europe/London,Dessert,Panna Cotta,1,Regular,,7.00,0.00,7.00,1.17,T481049,Counter iPad,Payment,Takeaway,,
2026-09-18,16:41:00,Europe/London,Side,Dough Balls,1,Regular,,5.00,0.00,5.00,0.83,T199577,Counter iPad,Payment,Eat in,,
2026-09-18,16:54:00,Europe/London,Main,Quattro Formaggi,2,Regular,Extra basil,27.00,0.00,27.00,4.50,T904275,Counter iPad,Payment,Eat in,,
2026-09-18,16:58:00,Europe/London,Side,Fries (Rosemary),3,Regular,,13.50,0.00,13.50,2.25,T662503,Counter iPad,Payment,Eat in,,
2026-09-18,17:00:00,Europe/London,Side,Fries (Rosemary),3,Regular,,13.50,0.00,13.50,2.25,T925311,Counter iPad,Payment,Takeaway,,
2026-09-18,17:00:00,Europe/London,Drinks,San Pellegrino 500ml,12,Regular,,42.00,0.00,42.00,7.00,T600142,Counter iPad,Payment,Takeaway,,
2026-09-18,17:04:00,Europe/London,Dessert,Cannoli,1,Regular,,7.00,0.00,7.00,1.17,T441237,Counter iPad,Payment,Eat in,,
2026-09-18,17:07:00,Europe/London,Main,Prosciutto Rucola,2,Regular,,29.00,0.00,29.00,4.83,T898226,Counter iPad,Payment,Eat in,,
2026-09-18,17:12:00,Europe/London,Dessert,Nutella Calzone,2,Regular,,15.00,0.00,15.00,2.50,T388985,Counter iPad,Payment,Takeaway,,
2026-09-18,17:24:00,Europe/London,Starter,Garlic Bread,3,Regular,,19.50,0.00,19.50,3.25,T431431,Counter iPad,Payment,Eat in,C6428,Sample Customer 1
2026-09-18,17:25:00,Europe/London,Side,Fries (Rosemary),3,Regular,,13.50,0.00,13.50,2.25,T651678,Counter iPad,Payment,Takeaway,,
2026-09-18,17:32:00,Europe/London,Main,Prosciutto Rucola,1,Regular,,14.50,0.00,14.50,2.42,T225134,Counter iPad,Payment,Eat in,,
2026-09-18,17:35:00,Europe/London,Main,Diavola,2,Regular,,26.00,0.00,26.00,4.33,T657810,Counter iPad,Payment,Eat in,,
2026-09-18,17:37:00,Europe/London,Main,Diavola,2,Regular,,26.00,0.00,26.00,4.33,T699185,Counter iPad,Payment,Takeaway,,
2026-09-18,17:48:00,Europe/London,Starter,Arancini,3,Regular,,22.50,0.00,22.50,3.75,T185338,Counter iPad,Payment,Eat in,C4769,Sample Customer 23
2026-09-18,17:51:00,Europe/London,Wine,House Red 175ml,14,Regular,,98.00,0.00,98.00,16.33,T875830,Counter iPad,Payment,Eat in,C3904,Sample Customer 18
2026-09-18,17:53:00,Europe/London,Dessert,Tiramisu,1,Regular,,7.00,0.00,7.00,1.17,T447190,Counter iPad,Payment,Eat in,,
2026-09-18,18:07:00,Europe/London,Starter,Garlic Bread,2,Regular,,13.00,0.00,13.00,2.17,T305249,Counter iPad,Payment,Takeaway,,
2026-09-18,18:19:00,Europe/London,Dessert,Panna Cotta,2,Regular,,14.00,0.00,14.00,2.33,T849452,Counter iPad,Payment,Takeaway,,
2026-09-18,18:29:00,Europe/London,Side,Fries (Rosemary),1,Regular,,4.50,0.00,4.50,0.75,T475088,Counter iPad,Payment,Eat in,,
2026-09-18,18:33:00,Europe/London,Side,Fries (Rosemary),3,Regular,,13.50,0.00,13.50,2.25,T965784,Counter iPad,Payment,Takeaway,,
2026-09-18,18:37:00,Europe/London,Side,Fries (Rosemary),1,Regular,,4.50,0.00,4.50,0.75,T343203,Counter iPad,Payment,Eat in,,
2026-09-18,18:39:00,Europe/London,Main,Diavola,3,Regular,,39.00,0.00,39.00,6.50,T412709,Counter iPad,Payment,Eat in,,
2026-09-18,18:41:00,Europe/London,Dessert,Nutella Calzone,3,Regular,,22.50,0.00,22.50,3.75,T613792,Counter iPad,Payment,Eat in,,
2026-09-18,18:43:00,Europe/London,Side,Dough Balls,1,Regular,,5.00,0.00,5.00,0.83,T177042,Counter iPad,Payment,Eat in,C3200,Sample Customer 65
2026-09-18,18:58:00,Europe/London,Main,Margherita,3,Regular,,34.50,0.00,34.50,5.75,T102372,Counter iPad,Payment,Eat in,,
2026-09-18,19:04:00,Europe/London,Starter,Garlic Bread,2,Regular,,13.00,0.00,13.00,2.17,T959725,Counter iPad,Payment,Takeaway,C8363,Sample Customer 35
2026-09-18,19:05:00,Europe/London,Drinks,Peroni 330ml,34,Regular,,170.00,0.00,170.00,28.33,T327310,Counter iPad,Payment,Eat in,,
2026-09-18,19:11:00,Europe/London,Main,Funghi,1,Regular,,12.00,0.00,12.00,2.00,T252254,Counter iPad,Payment,Takeaway,C7618,Sample Customer 17
2026-09-18,19:11:00,Europe/London,Dessert,Tiramisu,1,Regular,,7.00,0.00,7.00,1.17,T881028,Counter iPad,Payment,Eat in,,
2026-09-18,19:13:00,Europe/London,Main,Margherita,1,Regular,,11.50,0.00,11.50,1.92,T228087,Counter iPad,Payment,Takeaway,,
2026-09-18,19:14:00,Europe/London,Side,Dough Balls,3,Regular,,15.00,0.00,15.00,2.50,T680933,Counter iPad,Payment,Eat in,,
2026-09-18,19:22:00,Europe/London,Main,Diavola,3,Regular,Extra basil,39.00,0.00,39.00,6.50,T633625,Counter iPad,Payment,Takeaway,,
2026-09-18,19:25:00,Europe/London,Starter,Garlic Bread,2,Regular,,13.00,0.00,13.00,2.17,T126040,Counter iPad,Payment,Eat in,,
2026-09-18,19:25:00,Europe/London,Side,Dough Balls,3,Regular,,15.00,0.00,15.00,2.50,T373763,Counter iPad,Payment,Eat in,,
2026-09-18,19:27:00,Europe/London,Dessert,Tiramisu,2,Regular,,14.00,0.00,14.00,2.33,T665064,Counter iPad,Payment,Takeaway,,
2026-09-18,19:37:00,Europe/London,Main,Funghi,1,Regular,,12.00,0.00,12.00,2.00,T982068,Counter iPad,Payment,Takeaway,,
2026-09-18,19:44:00,Europe/London,Side,Fries (Rosemary),1,Regular,,4.50,0.00,4.50,0.75,T580145,Counter iPad,Payment,Eat in,,
2026-09-18,19:53:00,Europe/London,Main,Nduja + Hot Honey,2,Regular,,28.00,0.00,28.00,4.67,T590879,Counter iPad,Payment,Eat in,,
2026-09-18,19:58:00,Europe/London,Dessert,Affogato,2,Regular,,10.00,0.00,10.00,1.67,T760345,Counter iPad,Payment,Eat in,,
2026-09-18,20:09:00,Europe/London,Side,Rocket Salad,1,Regular,,5.00,0.00,5.00,0.83,T789291,Counter iPad,Payment,Takeaway,,
2026-09-18,20:10:00,Europe/London,Main,Salsiccia e Friarielli,2,Regular,,28.00,0.00,28.00,4.67,T546041,Counter iPad,Payment,Eat in,,
2026-09-18,20:17:00,Europe/London,Main,Salsiccia e Friarielli,3,Regular,,42.00,0.00,42.00,7.00,T974601,Counter iPad,Payment,Eat in,,
2026-09-18,20:18:00,Europe/London,Drinks,Coca-Cola 330ml,23,Regular,,69.00,0.00,69.00,11.50,T274057,Counter iPad,Payment,Eat in,,
2026-09-18,20:19:00,Europe/London,Main,Quattro Formaggi,2,Regular,,27.00,0.00,27.00,4.50,T843694,Counter iPad,Payment,Eat in,,
2026-09-18,20:27:00,Europe/London,Dessert,Tiramisu,1,Regular,,7.00,0.00,7.00,1.17,T297050,Counter iPad,Payment,Eat in,,
2026-09-18,20:35:00,Europe/London,Main,Margherita,1,Regular,,11.50,0.00,11.50,1.92,T749953,Counter iPad,Payment,Takeaway,,
2026-09-18,20:35:00,Europe/London,Main,Diavola,1,Regular,,13.00,0.00,13.00,2.17,T522077,Counter iPad,Payment,Takeaway,,
2026-09-18,20:37:00,Europe/London,Dessert,Nutella Calzone,3,Regular,,22.50,0.00,22.50,3.75,T692010,Counter iPad,Payment,Eat in,,
2026-09-18,20:47:00,Europe/London,Main,Margherita,2,Regular,,23.00,0.00,23.00,3.83,T318663,Counter iPad,Payment,Eat in,,
2026-09-18,21:04:00,Europe/London,Starter,Garlic Bread,1,Regular,,6.50,0.00,6.50,1.08,T478231,Counter iPad,Payment,Eat in,,
2026-09-18,21:16:00,Europe/London,Main,Prosciutto Rucola,2,Regular,,29.00,0.00,29.00,4.83,T121228,Counter iPad,Payment,Eat in,,
2026-09-18,21:23:00,Europe/London,Side,Dough Balls,1,Regular,,5.00,0.00,5.00,0.83,T681830,Counter iPad,Payment,Takeaway,C7821,Sample Customer 47
2026-09-18,21:49:00,Europe/London,Coffee,Espresso,12,Regular,,30.00,0.00,30.00,5.00,T639987,Counter iPad,Payment,Eat in,C9065,Sample Customer 96
2026-09-18,21:53:00,Europe/London,Side,Fries (Rosemary),2,Regular,,9.00,0.00,9.00,1.50,T354439,Counter iPad,Payment,Eat in,,
2026-09-18,21:59:00,Europe/London,Starter,Arancini,2,Regular,,15.00,0.00,15.00,2.50,T795938,Counter iPad,Payment,Eat in,,
2026-09-18,22:02:00,Europe/London,Main,Margherita,3,Regular,,34.50,0.00,34.50,5.75,T354407,Counter iPad,Payment,Eat in,,
2026-09-18,22:09:00,Europe/London,Main,Diavola,2,Regular,,26.00,0.00,26.00,4.33,T587893,Counter iPad,Payment,Takeaway,,
2026-09-18,22:28:00,Europe/London,Starter,Garlic Bread,1,Regular,,6.50,0.00,6.50,1.08,T525112,Counter iPad,Payment,Eat in,,
2026-09-18,22:29:00,Europe/London,Dessert,Tiramisu,3,Regular,,21.00,0.00,21.00,3.50,T101583,Counter iPad,Payment,Eat in,,
2026-09-18,22:44:00,Europe/London,Side,Friarielli,1,Regular,,6.00,0.00,6.00,1.00,T116101,Counter iPad,Payment,Eat in,,
2026-09-18,22:46:00,Europe/London,Main,Nduja + Hot Honey,1,Regular,,14.00,0.00,14.00,2.33,T197244,Counter iPad,Payment,Eat in,,
2026-09-18,22:54:00,Europe/London,Main,Prosciutto Rucola,1,Regular,,14.50,0.00,14.50,2.42,T357297,Counter iPad,Payment,Eat in,C1601,Sample Customer 23
2026-09-19,12:01:00,Europe/London,Main,Diavola,1,Regular,,13.00,0.00,13.00,2.17,T443735,Counter iPad,Payment,Takeaway,,
2026-09-19,12:01:00,Europe/London,Main,Salsiccia e Friarielli,2,Regular,,28.00,0.00,28.00,4.67,T258454,Counter iPad,Payment,Takeaway,,
2026-09-19,12:03:00,Europe/London,Starter,Arancini,3,Regular,,22.50,0.00,22.50,3.75,T102742,Counter iPad,Payment,Takeaway,,
2026-09-19,12:04:00,Europe/London,Main,Diavola,2,Regular,,26.00,0.00,26.00,4.33,T302530,Counter iPad,Payment,Eat in,,
2026-09-19,12:11:00,Europe/London,Main,Margherita,3,Regular,,34.50,0.00,34.50,5.75,T748775,Counter iPad,Payment,Eat in,,
2026-09-19,12:23:00,Europe/London,Side,Dough Balls,1,Regular,,5.00,0.00,5.00,0.83,T143765,Counter iPad,Payment,Eat in,,
2026-09-19,12:26:00,Europe/London,Main,Funghi,1,Regular,,12.00,0.00,12.00,2.00,T290095,Counter iPad,Payment,Eat in,,
2026-09-19,12:38:00,Europe/London,Main,Diavola,3,Regular,Extra basil,39.00,0.00,39.00,6.50,T764094,Counter iPad,Payment,Eat in,,
2026-09-19,12:43:00,Europe/London,Main,Diavola,2,Regular,,26.00,0.00,26.00,4.33,T840159,Counter iPad,Payment,Eat in,,
2026-09-19,12:50:00,Europe/London,Main,Diavola,1,Regular,,13.00,0.00,13.00,2.17,T560931,Counter iPad,Payment,Takeaway,,
2026-09-19,12:53:00,Europe/London,Main,Margherita,3,Regular,,34.50,0.00,34.50,5.75,T161765,Counter iPad,Payment,Takeaway,C1501,Sample Customer 86
2026-09-19,12:57:00,Europe/London,Side,Friarielli,1,Regular,,6.00,0.00,6.00,1.00,T431864,Counter iPad,Payment,Eat in,,
2026-09-19,12:58:00,Europe/London,Dessert,Tiramisu,3,Regular,,21.00,0.00,21.00,3.50,T765668,Counter iPad,Payment,Takeaway,,
2026-09-19,13:01:00,Europe/London,Dessert,Tiramisu,2,Regular,,14.00,0.00,14.00,2.33,T917141,Counter iPad,Payment,Eat in,C9587,Sample Customer 54
2026-09-19,13:02:00,Europe/London,Main,Margherita,2,Regular,,23.00,0.00,23.00,3.83,T219191,Counter iPad,Payment,Takeaway,C4504,Sample Customer 67
2026-09-19,13:02:00,Europe/London,Main,Margherita,2,Regular,,23.00,0.00,23.00,3.83,T965538,Counter iPad,Payment,Eat in,,
2026-09-19,13:04:00,Europe/London,Starter,Arancini,3,Regular,,22.50,0.00,22.50,3.75,T769211,Counter iPad,Payment,Eat in,C5419,Sample Customer 52
2026-09-19,13:07:00,Europe/London,Dessert,Nutella Calzone,3,Regular,,22.50,0.00,22.50,3.75,T903300,Counter iPad,Payment,Eat in,,
2026-09-19,13:08:00,Europe/London,Side,Dough Balls,1,Regular,,5.00,0.00,5.00,0.83,T491500,Counter iPad,Payment,Takeaway,,
2026-09-19,13:09:00,Europe/London,Main,Diavola,1,Regular,,13.00,0.00,13.00,2.17,T677654,Counter iPad,Payment,Takeaway,,
2026-09-19,13:10:00,Europe/London,Starter,Garlic Bread,3,Regular,,19.50,0.00,19.50,3.25,T774449,Counter iPad,Payment,Eat in,,
2026-09-19,13:10:00,Europe/London,Side,Fries (Rosemary),3,Regular,,13.50,0.00,13.50,2.25,T480336,Counter iPad,Payment,Eat in,,
2026-09-19,13:11:00,Europe/London,Main,Margherita,1,Regular,,11.50,0.00,11.50,1.92,T740262,Counter iPad,Payment,Eat in,,
2026-09-19,13:14:00,Europe/London,Main,Quattro Formaggi,1,Regular,,13.50,0.00,13.50,2.25,T916667,Counter iPad,Payment,Eat in,,
2026-09-19,13:24:00,Europe/London,Add-ons,Extra Nduja,4,Regular,,8.00,0.00,8.00,1.33,T751726,Counter iPad,Payment,Eat in,,
2026-09-19,13:25:00,Europe/London,Main,Salsiccia e Friarielli,3,Regular,,42.00,0.00,42.00,7.00,T416189,Counter iPad,Payment,Takeaway,C1316,Sample Customer 49
2026-09-19,13:29:00,Europe/London,Starter,Burrata,1,Regular,,9.50,0.00,9.50,1.58,T553539,Counter iPad,Payment,Eat in,,
2026-09-19,13:32:00,Europe/London,Drinks,San Pellegrino 500ml,15,Regular,,52.50,0.00,52.50,8.75,T262978,Counter iPad,Payment,Eat in,,
2026-09-19,13:39:00,Europe/London,Side,Dough Balls,3,Regular,,15.00,0.00,15.00,2.50,T311392,Counter iPad,Payment,Takeaway,C2879,Sample Customer 94
2026-09-19,13:40:00,Europe/London,Side,Dough Balls,3,Regular,,15.00,0.00,15.00,2.50,T856651,Counter iPad,Payment,Takeaway,,
2026-09-19,13:56:00,Europe/London,Main,Funghi,2,Regular,,24.00,0.00,24.00,4.00,T992234,Counter iPad,Payment,Takeaway,,
2026-09-19,14:06:00,Europe/London,Main,Diavola,3,Regular,,39.00,0.00,39.00,6.50,T289712,Counter iPad,Payment,Eat in,C6864,Sample Customer 87
2026-09-19,14:08:00,Europe/London,Starter,Arancini,3,Regular,,22.50,0.00,22.50,3.75,T114797,Counter iPad,Payment,Eat in,,
2026-09-19,14:15:00,Europe/London,Starter,Garlic Bread,2,Regular,,13.00,0.00,13.00,2.17,T378636,Counter iPad,Payment,Eat in,,
2026-09-19,14:31:00,Europe/London,Main,Margherita,2,Regular,,23.00,0.00,23.00,3.83,T735885,Counter iPad,Payment,Takeaway,,
2026-09-19,14:32:00,Europe/London,Dessert,Affogato,2,Regular,,10.00,0.00,10.00,1.67,T130523,Counter iPad,Payment,Takeaway,C4659,Sample Customer 50
2026-09-19,14:37:00,Europe/London,Dessert,Tiramisu,3,Regular,,21.00,0.00,21.00,3.50,T136971,Counter iPad,Payment,Eat in,,
2026-09-19,14:38:00,Europe/London,Main,Diavola,1,Regular,,13.00,0.00,13.00,2.17,T232453,Counter iPad,Payment,Eat in,,
2026-09-19,14:44:00,Europe/London,Starter,Bruschetta,1,Regular,,6.00,0.00,6.00,1.00,T615241,Counter iPad,Payment,Eat in,,
2026-09-19,14:55:00,Europe/London,Dessert,Panna Cotta,1,Regular,,7.00,0.00,7.00,1.17,T914925,Counter iPad,Payment,Eat in,C1787,Sample Customer 91
2026-09-19,15:02:00,Europe/London,Main,Diavola,1,Regular,,13.00,0.00,13.00,2.17,T884387,Counter iPad,Payment,Eat in,C7320,Sample Customer 55
2026-09-19,15:08:00,Europe/London,Main,Funghi,3,Regular,,36.00,0.00,36.00,6.00,T117395,Counter iPad,Payment,Eat in,,
2026-09-19,15:14:00,Europe/London,Main,Prosciutto Rucola,1,Regular,,14.50,0.00,14.50,2.42,T594183,Counter iPad,Payment,Takeaway,,
2026-09-19,15:22:00,Europe/London,Dessert,Tiramisu,2,Regular,,14.00,0.00,14.00,2.33,T780990,Counter iPad,Payment,Takeaway,,
2026-09-19,15:29:00,Europe/London,Side,Dough Balls,3,Regular,,15.00,0.00,15.00,2.50,T414499,Counter iPad,Payment,Eat in,,
2026-09-19,15:30:00,Europe/London,Dessert,Nutella Calzone,3,Regular,,22.50,0.00,22.50,3.75,T934446,Counter iPad,Payment,Eat in,C7788,Sample Customer 65
2026-09-19,15:30:00,Europe/London,Dessert,Nutella Calzone,1,Regular,,7.50,0.00,7.50,1.25,T182262,Counter iPad,Payment,Eat in,,
2026-09-19,15:41:00,Europe/London,Main,Prosciutto Rucola,1,Regular,,14.50,0.00,14.50,2.42,T998190,Counter iPad,Payment,Eat in,,
2026-09-19,16:06:00,Europe/London,Starter,Garlic Bread,2,Regular,,13.00,0.00,13.00,2.17,T154124,Counter iPad,Payment,Takeaway,,
2026-09-19,16:11:00,Europe/London,Dessert,Nutella Calzone,1,Regular,,7.50,0.00,7.50,1.25,T610590,Counter iPad,Payment,Takeaway,,
2026-09-19,16:12:00,Europe/London,Dessert,Tiramisu,1,Regular,,7.00,0.00,7.00,1.17,T917716,Counter iPad,Payment,Eat in,,
2026-09-19,16:13:00,Europe/London,Coffee,Espresso,18,Regular,,45.00,0.00,45.00,7.50,T641353,Counter iPad,Payment,Eat in,,
2026-09-19,16:14:00,Europe/London,Main,Diavola,1,Regular,,13.00,0.00,13.00,2.17,T329925,Counter iPad,Payment,Eat in,C8153,Sample Customer 34
2026-09-19,16:16:00,Europe/London,Starter,Garlic Bread,2,Regular,,13.00,0.00,13.00,2.17,T874931,Counter iPad,Payment,Takeaway,,
2026-09-19,16:23:00,Europe/London,Side,Rocket Salad,1,Regular,,5.00,0.00,5.00,0.83,T648743,Counter iPad,Payment,Takeaway,,
2026-09-19,16:26:00,Europe/London,Main,Prosciutto Rucola,2,Regular,,29.00,0.00,29.00,4.83,T480854,Counter iPad,Payment,Eat in,,
2026-09-19,16:30:00,Europe/London,Dessert,Panna Cotta,2,Regular,,14.00,0.00,14.00,2.33,T162267,Counter iPad,Payment,Eat in,C6007,Sample Customer 14
2026-09-19,16:30:00,Europe/London,Dessert,Cannoli,2,Regular,,14.00,0.00,14.00,2.33,T664387,Counter iPad,Payment,Eat in,,
2026-09-19,16:32:00,Europe/London,Side,Fries (Rosemary),2,Regular,,9.00,0.00,9.00,1.50,T284115,Counter iPad,Payment,Eat in,,
2026-09-19,16:52:00,Europe/London,Side,Fries (Rosemary),3,Regular,,13.50,0.00,13.50,2.25,T636457,Counter iPad,Payment,Eat in,,
2026-09-19,16:54:00,Europe/London,Main,Margherita,2,Regular,,23.00,0.00,23.00,3.83,T465411,Counter iPad,Payment,Eat in,C6315,Sample Customer 49
2026-09-19,16:58:00,Europe/London,Main,Salsiccia e Friarielli,1,Regular,,14.00,0.00,14.00,2.33,T714598,Counter iPad,Payment,Eat in,,
2026-09-19,17:00:00,Europe/London,Main,Margherita,1,Regular,,11.50,0.00,11.50,1.92,T907841,Counter iPad,Payment,Eat in,,
2026-09-19,17:09:00,Europe/London,Drinks,Coca-Cola 330ml,19,Regular,,57.00,0.00,57.00,9.50,T992572,Counter iPad,Payment,Eat in,C9474,Sample Customer 19
2026-09-19,17:16:00,Europe/London,Main,Nduja + Hot Honey,2,Regular,,28.00,0.00,28.00,4.67,T504240,Counter iPad,Payment,Eat in,,
2026-09-19,17:30:00,Europe/London,Main,Mortadella & Pistachio,7,Regular,,105.00,0.00,105.00,17.50,T491596,Counter iPad,Payment,Eat in,,
2026-09-19,17:40:00,Europe/London,Main,Diavola,1,Regular,,13.00,0.00,13.00,2.17,T872984,Counter iPad,Payment,Takeaway,,
2026-09-19,17:50:00,Europe/London,Starter,Garlic Bread,3,Regular,,19.50,0.00,19.50,3.25,T548525,Counter iPad,Payment,Eat in,,
2026-09-19,17:51:00,Europe/London,Side,Dough Balls,1,Regular,,5.00,0.00,5.00,0.83,T900711,Counter iPad,Payment,Takeaway,,
2026-09-19,17:52:00,Europe/London,Side,Fries (Rosemary),3,Regular,,13.50,0.00,13.50,2.25,T633599,Counter iPad,Payment,Eat in,,
2026-09-19,18:12:00,Europe/London,Main,Nduja + Hot Honey,3,Regular,,42.00,0.00,42.00,7.00,T534826,Counter iPad,Payment,Eat in,,
2026-09-19,18:20:00,Europe/London,Main,Diavola,1,Regular,,13.00,0.00,13.00,2.17,T509887,Counter iPad,Payment,Eat in,,
2026-09-19,18:23:00,Europe/London,Side,Fries (Rosemary),3,Regular,,13.50,0.00,13.50,2.25,T625240,Counter iPad,Payment,Eat in,,
2026-09-19,18:28:00,Europe/London,Starter,Garlic Bread,1,Regular,,6.50,0.00,6.50,1.08,T744784,Counter iPad,Payment,Eat in,C5689,Sample Customer 63
2026-09-19,18:34:00,Europe/London,Main,Margherita,2,Regular,,23.00,0.00,23.00,3.83,T121942,Counter iPad,Payment,Eat in,,
2026-09-19,19:00:00,Europe/London,Side,Fries (Rosemary),3,Regular,,13.50,0.00,13.50,2.25,T809337,Counter iPad,Payment,Eat in,,
2026-09-19,19:05:00,Europe/London,Wine,House Red 175ml,12,Regular,,84.00,0.00,84.00,14.00,T115122,Counter iPad,Payment,Takeaway,,
2026-09-19,19:08:00,Europe/London,Side,Friarielli,1,Regular,,6.00,0.00,6.00,1.00,T650938,Counter iPad,Payment,Eat in,C1042,Sample Customer 23
2026-09-19,19:29:00,Europe/London,Main,Prosciutto Rucola,2,Regular,,29.00,0.00,29.00,4.83,T114277,Counter iPad,Payment,Eat in,,
2026-09-19,19:40:00,Europe/London,Main,Nduja + Hot Honey,3,Regular,,42.00,0.00,42.00,7.00,T554379,Counter iPad,Payment,Eat in,,
2026-09-19,19:44:00,Europe/London,Starter,Bruschetta,1,Regular,,6.00,0.00,6.00,1.00,T689896,Counter iPad,Payment,Eat in,,
2026-09-19,20:01:00,Europe/London,Main,Salsiccia e Friarielli,2,Regular,,28.00,0.00,28.00,4.67,T536450,Counter iPad,Payment,Eat in,,
2026-09-19,20:03:00,Europe/London,Dessert,Tiramisu,1,Regular,,7.00,0.00,7.00,1.17,T138298,Counter iPad,Payment,Takeaway,,
2026-09-19,20:07:00,Europe/London,Main,Margherita,2,Regular,,23.00,0.00,23.00,3.83,T580282,Counter iPad,Payment,Eat in,,
2026-09-19,20:07:00,Europe/London,Main,Nduja + Hot Honey,2,Regular,,28.00,0.00,28.00,4.67,T711552,Counter iPad,Payment,Takeaway,C8327,Sample Customer 98
2026-09-19,20:08:00,Europe/London,Starter,Garlic Bread,1,Regular,,6.50,0.00,6.50,1.08,T279057,Counter iPad,Payment,Eat in,,
2026-09-19,20:11:00,Europe/London,Service,Service Charge 12.5%,2,Regular,,0.00,0.00,0.00,0.00,T500106,Counter iPad,Payment,Eat in,,
2026-09-19,20:12:00,Europe/London,Main,Salsiccia e Friarielli,1,Regular,,14.00,0.00,14.00,2.33,T733726,Counter iPad,Payment,Takeaway,,
2026-09-19,20:15:00,Europe/London,Main,Margherita,1,Regular,,11.50,0.00,11.50,1.92,T527298,Counter iPad,Payment,Takeaway,,
2026-09-19,20:22:00,Europe/London,Starter,Arancini,2,Regular,,15.00,0.00,15.00,2.50,T660058,Counter iPad,Payment,Eat in,,
2026-09-19,20:35:00,Europe/London,Starter,Garlic Bread,3,Regular,,19.50,0.00,19.50,3.25,T313317,Counter iPad,Payment,Takeaway,,
2026-09-19,21:08:00,Europe/London,Starter,Arancini,2,Regular,,15.00,0.00,15.00,2.50,T314102,Counter iPad,Payment,Eat in,,
2026-09-19,21:09:00,Europe/London,Side,Fries (Rosemary),3,Regular,,13.50,0.00,13.50,2.25,T297356,Counter iPad,Payment,Eat in,,
2026-09-19,21:11:00,Europe/London,Main,Prosciutto Rucola,1,Regular,,14.50,0.00,14.50,2.42,T915713,Counter iPad,Payment,Takeaway,,
2026-09-19,21:16:00,Europe/London,Side,Rocket Salad,3,Regular,,15.00,0.00,15.00,2.50,T952968,Counter iPad,Payment,Takeaway,,
2026-09-19,21:20:00,Europe/London,Main,Prosciutto Rucola,3,Regular,,43.50,0.00,43.50,7.25,T641094,Counter iPad,Payment,Takeaway,C2474,Sample Customer 66
2026-09-19,21:36:00,Europe/London,Main,Margherita,2,Regular,,23.00,0.00,23.00,3.83,T780082,Counter iPad,Payment,Eat in,,
2026-09-19,21:37:00,Europe/London,Drinks,Peroni 330ml,40,Regular,,200.00,0.00,200.00,33.33,T586366,Counter iPad,Payment,Eat in,,
2026-09-19,21:41:00,Europe/London,Main,Quattro Formaggi,3,Regular,,40.50,0.00,40.50,6.75,T845224,Counter iPad,Payment,Takeaway,,
2026-09-19,21:55:00,Europe/London,Starter,Bruschetta,2,Regular,,12.00,0.00,12.00,2.00,T870272,Counter iPad,Payment,Eat in,,
2026-09-19,21:57:00,Europe/London,Side,Fries (Rosemary),2,Regular,,9.00,0.00,9.00,1.50,T715936,Counter iPad,Payment,Eat in,,
2026-09-19,22:02:00,Europe/London,Main,Prosciutto Rucola,1,Regular,,14.50,0.00,14.50,2.42,T644929,Counter iPad,Payment,Takeaway,,
2026-09-19,22:10:00,Europe/London,Main,Nduja + Hot Honey,2,Regular,,28.00,0.00,28.00,4.67,T351511,Counter iPad,Payment,Takeaway,,
2026-09-19,22:13:00,Europe/London,Main,Margherita,3,Regular,,34.50,0.00,34.50,5.75,T328652,Counter iPad,Payment,Eat in,,
2026-09-19,22:15:00,Europe/London,Starter,Garlic Bread,3,Regular,,19.50,0.00,19.50,3.25,T415449,Counter iPad,Payment,Eat in,,
2026-09-19,22:19:00,Europe/London,Side,Rocket Salad,2,Regular,,10.00,0.00,10.00,1.67,T783294,Counter iPad,Payment,Takeaway,,
2026-09-19,22:25:00,Europe/London,Side,Dough Balls,1,Regular,,5.00,0.00,5.00,0.83,T670739,Counter iPad,Payment,Eat in,,
2026-09-19,22:26:00,Europe/London,Starter,Burrata,3,Regular,,28.50,0.00,28.50,4.75,T987088,Counter iPad,Payment,Eat in,,
2026-09-19,22:34:00,Europe/London,Main,Diavola,2,Regular,,26.00,0.00,26.00,4.33,T112579,Counter iPad,Payment,Eat in,C6445,Sample Customer 37
2026-09-19,22:41:00,Europe/London,Main,Margherita,1,Regular,,11.50,0.00,11.50,1.92,T596305,Counter iPad,Payment,Takeaway,,
2026-09-19,22:44:00,Europe/London,Starter,Burrata,3,Regular,,28.50,0.00,28.50,4.75,T712118,Counter iPad,Payment,Eat in,,
2026-09-20,12:01:00,Europe/London,Service,Service Charge 12.5%,1,Regular,,0.00,0.00,0.00,0.00,T221301,Counter iPad,Payment,Eat in,C4059,Sample Customer 15
2026-09-20,12:12:00,Europe/London,Side,Fries (Rosemary),3,Regular,,13.50,0.00,13.50,2.25,T283704,Counter iPad,Payment,Eat in,C5358,Sample Customer 83
2026-09-20,12:22:00,Europe/London,Main,Funghi,1,Regular,,12.00,0.00,12.00,2.00,T682569,Counter iPad,Payment,Eat in,,
2026-09-20,12:24:00,Europe/London,Main,Margherita,2,Regular,,23.00,0.00,23.00,3.83,T969020,Counter iPad,Payment,Eat in,,
2026-09-20,12:34:00,Europe/London,Add-ons,Extra Nduja,3,Regular,,6.00,0.00,6.00,1.00,T400851,Counter iPad,Payment,Eat in,,
2026-09-20,12:35:00,Europe/London,Side,Rocket Salad,2,Regular,,10.00,0.00,10.00,1.67,T598874,Counter iPad,Payment,Eat in,C6939,Sample Customer 20
2026-09-20,12:41:00,Europe/London,Starter,Arancini,2,Regular,,15.00,0.00,15.00,2.50,T960755,Counter iPad,Payment,Takeaway,,
2026-09-20,12:58:00,Europe/London,Main,Diavola,3,Regular,,39.00,0.00,39.00,6.50,T924675,Counter iPad,Payment,Takeaway,,
2026-09-20,13:00:00,Europe/London,Starter,Arancini,1,Regular,,7.50,0.00,7.50,1.25,T742399,Counter iPad,Payment,Takeaway,,
2026-09-20,13:02:00,Europe/London,Main,Nduja + Hot Honey,2,Regular,,28.00,0.00,28.00,4.67,T867518,Counter iPad,Payment,Eat in,,
2026-09-20,13:06:00,Europe/London,Main,Salsiccia e Friarielli,3,Regular,,42.00,0.00,42.00,7.00,T548670,Counter iPad,Payment,Eat in,,
2026-09-20,13:09:00,Europe/London,Main,Margherita,1,Regular,,11.50,0.00,11.50,1.92,T684370,Counter iPad,Payment,Eat in,C9088,Sample Customer 83
2026-09-20,13:10:00,Europe/London,Main,Margherita,1,Regular,,11.50,0.00,11.50,1.92,T920447,Counter iPad,Payment,Takeaway,C6111,Sample Customer 85
2026-09-20,13:16:00,Europe/London,Main,Prosciutto Rucola,2,Regular,,29.00,0.00,29.00,4.83,T895610,Counter iPad,Payment,Takeaway,,
2026-09-20,13:18:00,Europe/London,Main,Margherita,1,Regular,,11.50,0.00,11.50,1.92,T115537,Counter iPad,Payment,Eat in,,
2026-09-20,13:23:00,Europe/London,Main,Prosciutto Rucola,1,Regular,,14.50,0.00,14.50,2.42,T404344,Counter iPad,Payment,Takeaway,,
2026-09-20,13:25:00,Europe/London,Main,Mortadella & Pistachio,5,Regular,,75.00,0.00,75.00,12.50,T911595,Counter iPad,Payment,Eat in,,
2026-09-20,13:34:00,Europe/London,Dessert,Cannoli,1,Regular,,7.00,0.00,7.00,1.17,T320855,Counter iPad,Payment,Takeaway,,
2026-09-20,13:50:00,Europe/London,Dessert,Tiramisu,1,Regular,,7.00,0.00,7.00,1.17,T861061,Counter iPad,Payment,Eat in,,
2026-09-20,13:53:00,Europe/London,Main,Margherita,2,Regular,,23.00,0.00,23.00,3.83,T160017,Counter iPad,Payment,Eat in,C5160,Sample Customer 84
2026-09-20,13:57:00,Europe/London,Starter,Burrata,2,Regular,,19.00,0.00,19.00,3.17,T539961,Counter iPad,Payment,Eat in,,
2026-09-20,13:57:00,Europe/London,Dessert,Tiramisu,1,Regular,,7.00,0.00,7.00,1.17,T563264,Counter iPad,Payment,Eat in,,
2026-09-20,13:59:00,Europe/London,Side,Rocket Salad,2,Regular,,10.00,0.00,10.00,1.67,T129309,Counter iPad,Payment,Takeaway,,
2026-09-20,14:14:00,Europe/London,Drinks,San Pellegrino 500ml,12,Regular,,42.00,0.00,42.00,7.00,T588864,Counter iPad,Payment,Takeaway,,
2026-09-20,14:21:00,Europe/London,Starter,Garlic Bread,1,Regular,,6.50,0.00,6.50,1.08,T682876,Counter iPad,Payment,Eat in,,
2026-09-20,14:23:00,Europe/London,Main,Prosciutto Rucola,1,Regular,,14.50,0.00,14.50,2.42,T105039,Counter iPad,Payment,Eat in,,
2026-09-20,14:24:00,Europe/London,Drinks,Peroni 330ml,34,Regular,,170.00,0.00,170.00,28.33,T823347,Counter iPad,Payment,Eat in,,
2026-09-20,14:26:00,Europe/London,Starter,Arancini,1,Regular,,7.50,0.00,7.50,1.25,T309210,Counter iPad,Payment,Takeaway,,
2026-09-20,14:28:00,Europe/London,Main,Margherita,2,Regular,,23.00,0.00,23.00,3.83,T863691,Counter iPad,Payment,Eat in,,
2026-09-20,14:40:00,Europe/London,Side,Friarielli,1,Regular,,6.00,0.00,6.00,1.00,T874070,Counter iPad,Payment,Takeaway,,
2026-09-20,14:41:00,Europe/London,Main,Quattro Formaggi,1,Regular,,13.50,0.00,13.50,2.25,T557184,Counter iPad,Payment,Eat in,,
2026-09-20,14:57:00,Europe/London,Starter,Arancini,3,Regular,,22.50,0.00,22.50,3.75,T100418,Counter iPad,Payment,Eat in,,
2026-09-20,14:58:00,Europe/London,Dessert,Nutella Calzone,2,Regular,,15.00,0.00,15.00,2.50,T620583,Counter iPad,Payment,Eat in,,
2026-09-20,15:05:00,Europe/London,Starter,Garlic Bread,2,Regular,,13.00,0.00,13.00,2.17,T384185,Counter iPad,Payment,Eat in,,
2026-09-20,15:09:00,Europe/London,Main,Funghi,2,Regular,,24.00,0.00,24.00,4.00,T681795,Counter iPad,Payment,Takeaway,,
2026-09-20,15:15:00,Europe/London,Main,Nduja + Hot Honey,1,Regular,,14.00,0.00,14.00,2.33,T622581,Counter iPad,Payment,Eat in,,
2026-09-20,15:32:00,Europe/London,Dessert,Nutella Calzone,2,Regular,,15.00,0.00,15.00,2.50,T989455,Counter iPad,Payment,Takeaway,,
2026-09-20,15:36:00,Europe/London,Dessert,Nutella Calzone,1,Regular,,7.50,0.00,7.50,1.25,T621506,Counter iPad,Payment,Takeaway,,
2026-09-20,15:41:00,Europe/London,Main,Margherita,2,Regular,,23.00,0.00,23.00,3.83,T372126,Counter iPad,Payment,Takeaway,C3326,Sample Customer 84
2026-09-20,16:04:00,Europe/London,Main,Margherita,1,Regular,,11.50,0.00,11.50,1.92,T167047,Counter iPad,Payment,Takeaway,,
2026-09-20,16:07:00,Europe/London,Side,Dough Balls,3,Regular,,15.00,0.00,15.00,2.50,T350924,Counter iPad,Payment,Eat in,C9407,Sample Customer 95
2026-09-20,16:21:00,Europe/London,Starter,Garlic Bread,3,Regular,,19.50,0.00,19.50,3.25,T888645,Counter iPad,Payment,Eat in,,
2026-09-20,16:21:00,Europe/London,Dessert,Tiramisu,3,Regular,,21.00,0.00,21.00,3.50,T465838,Counter iPad,Payment,Eat in,,
2026-09-20,16:25:00,Europe/London,Side,Fries (Rosemary),3,Regular,,13.50,0.00,13.50,2.25,T983066,Counter iPad,Payment,Eat in,,
2026-09-20,16:29:00,Europe/London,Main,Prosciutto Rucola,2,Regular,,29.00,0.00,29.00,4.83,T322830,Counter iPad,Payment,Takeaway,,
2026-09-20,16:29:00,Europe/London,Dessert,Nutella Calzone,1,Regular,,7.50,0.00,7.50,1.25,T106389,Counter iPad,Payment,Eat in,,
2026-09-20,16:43:00,Europe/London,Main,Salsiccia e Friarielli,1,Regular,,14.00,0.00,14.00,2.33,T621025,Counter iPad,Payment,Eat in,,
2026-09-20,16:48:00,Europe/London,Main,Margherita,3,Regular,,34.50,0.00,34.50,5.75,T509905,Counter iPad,Payment,Eat in,,
2026-09-20,16:51:00,Europe/London,Starter,Garlic Bread,2,Regular,,13.00,0.00,13.00,2.17,T697287,Counter iPad,Payment,Eat in,,
2026-09-20,17:08:00,Europe/London,Starter,Garlic Bread,2,Regular,,13.00,0.00,13.00,2.17,T820112,Counter iPad,Payment,Takeaway,,
2026-09-20,17:12:00,Europe/London,Side,Dough Balls,1,Regular,,5.00,0.00,5.00,0.83,T827636,Counter iPad,Payment,Eat in,,
2026-09-20,17:16:00,Europe/London,Dessert,Affogato,2,Regular,,10.00,0.00,10.00,1.67,T243166,Counter iPad,Payment,Eat in,,
2026-09-20,17:33:00,Europe/London,Main,Prosciutto Rucola,2,Regular,,29.00,0.00,29.00,4.83,T486335,Counter iPad,Payment,Takeaway,,
2026-09-20,17:36:00,Europe/London,Side,Fries (Rosemary),3,Regular,,13.50,0.00,13.50,2.25,T761985,Counter iPad,Payment,Takeaway,,
2026-09-20,17:41:00,Europe/London,Main,Nduja + Hot Honey,2,Regular,,28.00,0.00,28.00,4.67,T548830,Counter iPad,Payment,Eat in,C3036,Sample Customer 6
2026-09-20,17:46:00,Europe/London,Dessert,Cannoli,1,Regular,,7.00,0.00,7.00,1.17,T180984,Counter iPad,Payment,Takeaway,C3871,Sample Customer 46
2026-09-20,18:00:00,Europe/London,Side,Fries (Rosemary),3,Regular,,13.50,0.00,13.50,2.25,T925895,Counter iPad,Payment,Eat in,C6025,Sample Customer 91
2026-09-20,18:09:00,Europe/London,Main,Nduja + Hot Honey,1,Regular,,14.00,0.00,14.00,2.33,T653235,Counter iPad,Payment,Takeaway,,
2026-09-20,18:10:00,Europe/London,Main,Diavola,3,Regular,,39.00,0.00,39.00,6.50,T824225,Counter iPad,Payment,Takeaway,,
2026-09-20,18:11:00,Europe/London,Starter,Arancini,1,Regular,,7.50,0.00,7.50,1.25,T349213,Counter iPad,Payment,Eat in,,
2026-09-20,18:11:00,Europe/London,Side,Fries (Rosemary),3,Regular,,13.50,0.00,13.50,2.25,T163092,Counter iPad,Payment,Takeaway,,
2026-09-20,18:24:00,Europe/London,Starter,Garlic Bread,1,Regular,,6.50,0.00,6.50,1.08,T533988,Counter iPad,Payment,Takeaway,,
2026-09-20,18:28:00,Europe/London,Main,Salsiccia e Friarielli,1,Regular,,14.00,0.00,14.00,2.33,T364112,Counter iPad,Payment,Takeaway,,
2026-09-20,18:46:00,Europe/London,Main,Diavola,2,Regular,,26.00,0.00,26.00,4.33,T794884,Counter iPad,Payment,Eat in,,
2026-09-20,19:02:00,Europe/London,Side,Dough Balls,3,Regular,,15.00,0.00,15.00,2.50,T956209,Counter iPad,Payment,Takeaway,,
2026-09-20,19:11:00,Europe/London,Main,Margherita,3,Regular,,34.50,0.00,34.50,5.75,T204950,Counter iPad,Payment,Eat in,,
2026-09-20,19:20:00,Europe/London,Dessert,Tiramisu,3,Regular,,21.00,0.00,21.00,3.50,T698877,Counter iPad,Payment,Eat in,,
2026-09-20,19:23:00,Europe/London,Starter,Bruschetta,2,Regular,,12.00,0.00,12.00,2.00,T546498,Counter iPad,Payment,Eat in,,
2026-09-20,19:27:00,Europe/London,Starter,Garlic Bread,2,Regular,,13.00,0.00,13.00,2.17,T246377,Counter iPad,Payment,Takeaway,,
2026-09-20,19:35:00,Europe/London,Starter,Garlic Bread,1,Regular,,6.50,0.00,6.50,1.08,T330713,Counter iPad,Payment,Eat in,,
2026-09-20,19:36:00,Europe/London,Main,Nduja + Hot Honey,2,Regular,,28.00,0.00,28.00,4.67,T635888,Counter iPad,Payment,Eat in,C1879,Sample Customer 21
2026-09-20,20:00:00,Europe/London,Main,Diavola,1,Regular,,13.00,0.00,13.00,2.17,T985487,Counter iPad,Payment,Eat in,,
2026-09-20,20:16:00,Europe/London,Main,Diavola,2,Regular,,26.00,0.00,26.00,4.33,T939974,Counter iPad,Payment,Takeaway,,
2026-09-20,20:20:00,Europe/London,Side,Dough Balls,2,Regular,,10.00,0.00,10.00,1.67,T942028,Counter iPad,Payment,Takeaway,C2850,Sample Customer 5
2026-09-20,20:20:00,Europe/London,Drinks,Coca-Cola 330ml,18,Regular,,54.00,0.00,54.00,9.00,T282810,Counter iPad,Payment,Takeaway,,
2026-09-20,20:22:00,Europe/London,Side,Friarielli,1,Regular,,6.00,0.00,6.00,1.00,T980356,Counter iPad,Payment,Eat in,,
2026-09-20,20:42:00,Europe/London,Coffee,Espresso,17,Regular,,42.50,0.00,42.50,7.08,T959403,Counter iPad,Payment,Takeaway,C3463,Sample Customer 27
2026-09-20,21:10:00,Europe/London,Main,Diavola,2,Regular,,26.00,0.00,26.00,4.33,T431712,Counter iPad,Payment,Eat in,,
2026-09-20,21:28:00,Europe/London,Starter,Arancini,2,Regular,,15.00,0.00,15.00,2.50,T731118,Counter iPad,Payment,Takeaway,,
2026-09-20,21:47:00,Europe/London,Main,Salsiccia e Friarielli,1,Regular,,14.00,0.00,14.00,2.33,T202326,Counter iPad,Payment,Takeaway,,
2026-09-20,21:54:00,Europe/London,Starter,Burrata,1,Regular,,9.50,0.00,9.50,1.58,T529228,Counter iPad,Payment,Takeaway,,
2026-09-20,22:08:00,Europe/London,Wine,House Red 175ml,11,Regular,,77.00,0.00,77.00,12.83,T379083,Counter iPad,Payment,Takeaway,C3109,Sample Customer 45
2026-09-20,22:10:00,Europe/London,Starter,Burrata,2,Regular,,19.00,0.00,19.00,3.17,T362207,Counter iPad,Payment,Eat in,,
2026-09-20,22:13:00,Europe/London,Dessert,Panna Cotta,2,Regular,,14.00,0.00,14.00,2.33,T647158,Counter iPad,Payment,Takeaway,,
2026-09-20,22:21:00,Europe/London,Main,Margherita,1,Regular,,11.50,0.00,11.50,1.92,T391136,Counter iPad,Payment,Takeaway,,
2026-09-20,22:42:00,Europe/London,Main,Quattro Formaggi,2,Regular,,27.00,0.00,27.00,4.50,T641226,Counter iPad,Payment,Takeaway,,
2026-09-20,22:44:00,Europe/London,Main,Funghi,1,Regular,,12.00,0.00,12.00,2.00,T865302,Counter iPad,Payment,Eat in,,
2026-09-20,22:50:00,Europe/London,Main,Diavola,1,Regular,,13.00,0.00,13.00,2.17,T744462,Counter iPad,Payment,Eat in,,
2026-09-21,12:03:00,Europe/London,Main,Margherita,1,Regular,,11.50,0.00,11.50,1.92,T204444,Counter iPad,Payment,Takeaway,,
2026-09-21,12:30:00,Europe/London,Main,Margherita,2,Regular,,23.00,0.00,23.00,3.83,T559637,Counter iPad,Payment,Eat in,,
2026-09-21,12:47:00,Europe/London,Drinks,San Pellegrino 500ml,13,Regular,,45.50,0.00,45.50,7.58,T381946,Counter iPad,Payment,Eat in,,
2026-09-21,13:17:00,Europe/London,Dessert,Tiramisu,1,Regular,,7.00,0.00,7.00,1.17,T114022,Counter iPad,Payment,Eat in,,
2026-09-21,13:19:00,Europe/London,Starter,Arancini,1,Regular,,7.50,0.00,7.50,1.25,T756370,Counter iPad,Payment,Eat in,,
2026-09-21,13:35:00,Europe/London,Main,Quattro Formaggi,2,Regular,,27.00,0.00,27.00,4.50,T282555,Counter iPad,Payment,Eat in,,
2026-09-21,13:37:00,Europe/London,Main,Diavola,3,Regular,,39.00,0.00,39.00,6.50,T914828,Counter iPad,Payment,Eat in,,
2026-09-21,14:18:00,Europe/London,Main,Margherita,1,Regular,,11.50,0.00,11.50,1.92,T897753,Counter iPad,Payment,Eat in,,
2026-09-21,14:33:00,Europe/London,Side,Fries (Rosemary),3,Regular,,13.50,0.00,13.50,2.25,T896389,Counter iPad,Payment,Takeaway,C2747,Sample Customer 4
2026-09-21,14:36:00,Europe/London,Side,Fries (Rosemary),3,Regular,,13.50,0.00,13.50,2.25,T308191,Counter iPad,Payment,Eat in,,
2026-09-21,14:37:00,Europe/London,Side,Dough Balls,3,Regular,,15.00,0.00,15.00,2.50,T362419,Counter iPad,Payment,Takeaway,,
2026-09-21,14:38:00,Europe/London,Main,Nduja + Hot Honey,3,Regular,,42.00,0.00,42.00,7.00,T849506,Counter iPad,Payment,Takeaway,,
2026-09-21,14:52:00,Europe/London,Main,Nduja + Hot Honey,1,Regular,,14.00,0.00,14.00,2.33,T899651,Counter iPad,Payment,Eat in,,
2026-09-21,14:57:00,Europe/London,Starter,Burrata,3,Regular,,28.50,0.00,28.50,4.75,T786282,Counter iPad,Payment,Eat in,,
2026-09-21,14:57:00,Europe/London,Side,Rocket Salad,2,Regular,,10.00,0.00,10.00,1.67,T286048,Counter iPad,Payment,Takeaway,,
2026-09-21,14:58:00,Europe/London,Dessert,Nutella Calzone,2,Regular,,15.00,0.00,15.00,2.50,T351811,Counter iPad,Payment,Takeaway,,
2026-09-21,15:07:00,Europe/London,Dessert,Tiramisu,1,Regular,,7.00,0.00,7.00,1.17,T819612,Counter iPad,Payment,Eat in,,
2026-09-21,15:19:00,Europe/London,Dessert,Affogato,1,Regular,,5.00,0.00,5.00,0.83,T174656,Counter iPad,Payment,Takeaway,,
2026-09-21,15:27:00,Europe/London,Main,Margherita,2,Regular,,23.00,0.00,23.00,3.83,T561652,Counter iPad,Payment,Eat in,,
2026-09-21,15:28:00,Europe/London,Main,Funghi,2,Regular,,24.00,0.00,24.00,4.00,T211807,Counter iPad,Payment,Eat in,C6476,Sample Customer 83
2026-09-21,15:48:00,Europe/London,Main,Margherita,1,Regular,,11.50,0.00,11.50,1.92,T502842,Counter iPad,Payment,Eat in,,
2026-09-21,15:54:00,Europe/London,Side,Friarielli,1,Regular,,6.00,0.00,6.00,1.00,T334839,Counter iPad,Payment,Takeaway,,
2026-09-21,16:11:00,Europe/London,Side,Dough Balls,2,Regular,,10.00,0.00,10.00,1.67,T257543,Counter iPad,Payment,Takeaway,C5751,Sample Customer 88
2026-09-21,16:23:00,Europe/London,Main,Nduja + Hot Honey,1,Regular,,14.00,0.00,14.00,2.33,T804829,Counter iPad,Payment,Eat in,C9724,Sample Customer 31
2026-09-21,16:38:00,Europe/London,Dessert,Nutella Calzone,2,Regular,,15.00,0.00,15.00,2.50,T994102,Counter iPad,Payment,Eat in,,
2026-09-21,16:40:00,Europe/London,Side,Fries (Rosemary),1,Regular,,4.50,0.00,4.50,0.75,T204286,Counter iPad,Payment,Takeaway,,
2026-09-21,17:08:00,Europe/London,Main,Prosciutto Rucola,1,Regular,,14.50,0.00,14.50,2.42,T444391,Counter iPad,Payment,Takeaway,,
2026-09-21,17:10:00,Europe/London,Main,Margherita,2,Regular,,23.00,0.00,23.00,3.83,T648457,Counter iPad,Payment,Takeaway,,
2026-09-21,17:19:00,Europe/London,Main,Mortadella & Pistachio,4,Regular,,60.00,0.00,60.00,10.00,T490105,Counter iPad,Payment,Takeaway,,
2026-09-21,17:33:00,Europe/London,Service,Service Charge 12.5%,4,Regular,,0.00,0.00,0.00,0.00,T351339,Counter iPad,Payment,Eat in,,
2026-09-21,17:38:00,Europe/London,Main,Prosciutto Rucola,1,Regular,,14.50,0.00,14.50,2.42,T744685,Counter iPad,Payment,Takeaway,,
2026-09-21,18:40:00,Europe/London,Main,Nduja + Hot Honey,1,Regular,,14.00,0.00,14.00,2.33,T862177,Counter iPad,Payment,Eat in,C7084,Sample Customer 58
2026-09-21,19:05:00,Europe/London,Starter,Garlic Bread,3,Regular,,19.50,0.00,19.50,3.25,T678290,Counter iPad,Payment,Eat in,,
2026-09-21,19:05:00,Europe/London,Main,Margherita,1,Regular,,11.50,0.00,11.50,1.92,T524351,Counter iPad,Payment,Eat in,,
2026-09-21,19:08:00,Europe/London,Dessert,Panna Cotta,1,Regular,,7.00,0.00,7.00,1.17,T795233,Counter iPad,Payment,Eat in,C5795,Sample Customer 15
2026-09-21,19:15:00,Europe/London,Starter,Garlic Bread,3,Regular,,19.50,0.00,19.50,3.25,T921147,Counter iPad,Payment,Eat in,,
2026-09-21,19:17:00,Europe/London,Main,Diavola,2,Regular,,26.00,0.00,26.00,4.33,T187000,Counter iPad,Payment,Eat in,,
2026-09-21,19:27:00,Europe/London,Starter,Garlic Bread,2,Regular,,13.00,0.00,13.00,2.17,T427172,Counter iPad,Payment,Eat in,,
2026-09-21,19:30:00,Europe/London,Main,Margherita,1,Regular,,11.50,0.00,11.50,1.92,T350693,Counter iPad,Payment,Eat in,,
2026-09-21,19:35:00,Europe/London,Drinks,Coca-Cola 330ml,22,Regular,,66.00,0.00,66.00,11.00,T344544,Counter iPad,Payment,Takeaway,,
2026-09-21,19:37:00,Europe/London,Starter,Garlic Bread,1,Regular,,6.50,0.00,6.50,1.08,T613618,Counter iPad,Payment,Eat in,C2198,Sample Customer 51
2026-09-21,19:37:00,Europe/London,Main,Salsiccia e Friarielli,1,Regular,,14.00,0.00,14.00,2.33,T441144,Counter iPad,Payment,Eat in,C5502,Sample Customer 82
2026-09-21,19:41:00,Europe/London,Main,Diavola,3,Regular,,39.00,0.00,39.00,6.50,T486246,Counter iPad,Payment,Eat in,C1584,Sample Customer 64
2026-09-21,19:47:00,Europe/London,Main,Margherita,1,Regular,,11.50,0.00,11.50,1.92,T326352,Counter iPad,Payment,Takeaway,,
2026-09-21,20:00:00,Europe/London,Starter,Arancini,2,Regular,,15.00,0.00,15.00,2.50,T493382,Counter iPad,Payment,Eat in,,
2026-09-21,20:09:00,Europe/London,Main,Funghi,1,Regular,,12.00,0.00,12.00,2.00,T817275,Counter iPad,Payment,Takeaway,,
2026-09-21,20:17:00,Europe/London,Dessert,Cannoli,1,Regular,,7.00,0.00,7.00,1.17,T785620,Counter iPad,Payment,Takeaway,,
2026-09-21,20:26:00,Europe/London,Dessert,Tiramisu,3,Regular,,21.00,0.00,21.00,3.50,T827814,Counter iPad,Payment,Takeaway,C3709,Sample Customer 68
2026-09-21,20:31:00,Europe/London,Side,Fries (Rosemary),1,Regular,,4.50,0.00,4.50,0.75,T963125,Counter iPad,Payment,Eat in,C8055,Sample Customer 8
2026-09-21,20:31:00,Europe/London,Main,Salsiccia e Friarielli,3,Regular,,42.00,0.00,42.00,7.00,T456955,Counter iPad,Payment,Eat in,C7041,Sample Customer 15
2026-09-21,20:32:00,Europe/London,Side,Rocket Salad,1,Regular,,5.00,0.00,5.00,0.83,T314893,Counter iPad,Payment,Takeaway,C3978,Sample Customer 34
2026-09-21,20:43:00,Europe/London,Starter,Garlic Bread,1,Regular,,6.50,0.00,6.50,1.08,T214179,Counter iPad,Payment,Takeaway,,
2026-09-21,20:46:00,Europe/London,Main,Margherita,1,Regular,,11.50,0.00,11.50,1.92,T284893,Counter iPad,Payment,Eat in,,
2026-09-21,20:46:00,Europe/London,Add-ons,Extra Nduja,2,Regular,,4.00,0.00,4.00,0.67,T232205,Counter iPad,Payment,Takeaway,C4257,Sample Customer 49
2026-09-21,20:53:00,Europe/London,Dessert,Tiramisu,1,Regular,,7.00,0.00,7.00,1.17,T759468,Counter iPad,Payment,Takeaway,,
2026-09-21,21:03:00,Europe/London,Wine,House Red 175ml,16,Regular,,112.00,0.00,112.00,18.67,T747095,Counter iPad,Payment,Takeaway,,
2026-09-21,21:18:00,Europe/London,Drinks,Peroni 330ml,35,Regular,,175.00,0.00,175.00,29.17,T591461,Counter iPad,Payment,Takeaway,,
2026-09-21,21:20:00,Europe/London,Side,Fries (Rosemary),3,Regular,,13.50,0.00,13.50,2.25,T250918,Counter iPad,Payment,Takeaway,C4903,Sample Customer 46
2026-09-21,21:26:00,Europe/London,Main,Diavola,1,Regular,,13.00,0.00,13.00,2.17,T408374,Counter iPad,Payment,Takeaway,,
2026-09-21,21:28:00,Europe/London,Side,Dough Balls,1,Regular,,5.00,0.00,5.00,0.83,T219093,Counter iPad,Payment,Eat in,,
2026-09-21,21:45:00,Europe/London,Main,Prosciutto Rucola,3,Regular,,43.50,0.00,43.50,7.25,T487327,Counter iPad,Payment,Eat in,,
2026-09-21,21:45:00,Europe/London,Coffee,Espresso,18,Regular,,45.00,0.00,45.00,7.50,T707528,Counter iPad,Payment,Eat in,,
2026-09-21,21:55:00,Europe/London,Main,Diavola,1,Regular,,13.00,0.00,13.00,2.17,T556515,Counter iPad,Payment,Eat in,,
2026-09-21,22:23:00,Europe/London,Starter,Bruschetta,2,Regular,,12.00,0.00,12.00,2.00,T767026,Counter iPad,Payment,Takeaway,C1467,Sample Customer 3
2026-09-21,22:41:00,Europe/London,Starter,Arancini,3,Regular,,22.50,0.00,22.50,3.75,T535415,Counter iPad,Payment,Takeaway,,
